formasi_id,ins_nm,jp_nama,formasi_nm,jabatan_nm,lokasi_nm,jumlah_formasi,disable,gaji_min,gaji_max,jumlah_ms,jumlah_submit_t2,jumlah_ms_t2,is_periode_daftar
8a01869291548667019154deb18670e9,Badan Intelijen Negara,CPNS,UMUM,PENGELOLA ADMINISTRASI INTELIJEN,BADAN INTELIJEN NEGARA | DEPUTI BIDANG INTELIJEN TEKNOLOGI ,6,0,3500000,7500000,1301,0,0,0
8a018692915486670191559820e3409b,Badan Intelijen Negara,CPNS,PUTRA/PUTRI KALIMANTAN,PENGELOLA ADMINISTRASI INTELIJEN,BADAN INTELIJEN NEGARA | DEPUTI BIDANG INTELIJEN TEKNOLOGI | DIREKTORAT PERENCANAAN PENGENDALIAN KEGIATAN DAN OPERASI,1,0,3500000,7500000,115,0,0,0
ac01a22d-38f1-41f9-bd02-308b1341e548,Badan Intelijen Negara,CPNS,UMUM,PENGELOLA ADMINISTRASI INTELIJEN,BADAN INTELIJEN NEGARA | SEKRETARIAT UTAMA | BIRO LOGISTIK | BAGIAN PENGADAAN LOGISTIK | SUBBAGIAN PEMELIHARAAN LOGISTIK,1,0,3500000,7500000,153,0,0,0
b50e6c1f-1ddc-43a6-9fb8-9528472621c5,Badan Intelijen Negara,CPNS,UMUM,PENGELOLA ADMINISTRASI INTELIJEN,BADAN INTELIJEN NEGARA | SEKRETARIAT UTAMA | BIRO PERENCANAAN DAN KEUANGAN | BAGIAN PELAKSANA ANGGARAN UMUM | SUBBAGIAN BELANJA BARANG DAN MODAL,1,0,3500000,7500000,3,0,0,0
e010d066-5a2f-490d-a878-8f1c0cb871e1,Badan Intelijen Negara,CPNS,UMUM,PENGELOLA ADMINISTRASI INTELIJEN,BADAN INTELIJEN NEGARA | DEPUTI BIDANG INTELIJEN TEKNOLOGI | DIREKTORAT PERENCANAAN PENGENDALIAN KEGIATAN DAN OPERASI,3,0,3500000,7500000,663,0,0,0
8a03849a9149c64e01914a5c130632da,Badan Nasional Pencarian dan Pertolongan,CPNS,UMUM,PRANATA PENCARIAN DAN PERTOLONGAN PEMULA,Pranata Pencarian dan Pertolongan Wilayah Pulau Sumatera,360,0,5181220,6718084,2216,0,0,0
8a03849a9149c64e01914a7055523ba4,Badan Nasional Pencarian dan Pertolongan,CPNS,UMUM,PRANATA PENCARIAN DAN PERTOLONGAN PEMULA,Pranata Pencarian dan Pertolongan Wilayah Pulau Jawa,252,0,5181220,6718084,933,0,0,0
8a03849a9149c64e01914a7221bb3c3e,Badan Nasional Pencarian dan Pertolongan,CPNS,UMUM,PRANATA PENCARIAN DAN PERTOLONGAN PEMULA,Pranata Pencarian dan Pertolongan Wilayah Pulau Bali dan Nusa Tenggara,110,0,5181220,6718084,538,0,0,0
8a03849a9149c64e01914a737dbf3cae,Badan Nasional Pencarian dan Pertolongan,CPNS,UMUM,PRANATA PENCARIAN DAN PERTOLONGAN PEMULA,Pranata Pencarian dan Pertolongan Wilayah Pulau Kalimantan,180,0,5181220,6718084,529,0,0,0
8a03849a9149c64e01914a7543323d86,Badan Nasional Pencarian dan Pertolongan,CPNS,UMUM,PRANATA PENCARIAN DAN PERTOLONGAN PEMULA,Pranata Pencarian dan Pertolongan Wilayah Pulau Sulawesi,180,0,5181220,6718084,871,0,0,0
8a03849a9149c64e01914a763d073dfa,Badan Nasional Pencarian dan Pertolongan,CPNS,UMUM,PRANATA PENCARIAN DAN PERTOLONGAN PEMULA,Pranata Pencarian dan Pertolongan Wilayah Pulau Maluku dan Papua,200,0,5181220,6718084,638,0,0,0
8a0186929154866701915506126a39d2,Kejaksaan Agung,CPNS,PUTRA/PUTRI PAPUA DAN PAPUA BARAT,PENJAGA TAHANAN,Kejaksaan Agung,27,0,7194100,8924100,165,0,0,0
8a03849f914ed85101914f4b33be4673,Kejaksaan Agung,CPNS,UMUM,PENJAGA TAHANAN,Kejaksaan Agung,921,1,7194100,8924100,20506,0,0,0
4028e4b8915946a201915947bcaf0000,Kementerian Hukum dan Hak Asasi Manusia,CPNS,UMUM,PEMERIKSA KEIMIGRASIAN PEMULA,KANTOR WILAYAH KEMENKUMHAM ACEH,43,0,2184000,6018250,3477,0,0,0
8a0184a3914601560191461a245a008a,Kementerian Hukum dan Hak Asasi Manusia,CPNS,UMUM,PEMERIKSA KEIMIGRASIAN PEMULA,KANTOR WILAYAH KEMENKUMHAM ACEH,42,0,2184000,6018250,3695,0,0,0
8a0184a3914601560191461bc15d009e,Kementerian Hukum dan Hak Asasi Manusia,CPNS,UMUM,PEMERIKSA KEIMIGRASIAN PEMULA,KANTOR WILAYAH KEMENKUMHAM BALI,52,0,2184000,6018250,1238,0,0,0
8a0184a3914601560191461d93bf00bc,Kementerian Hukum dan Hak Asasi Manusia,CPNS,UMUM,PEMERIKSA KEIMIGRASIAN PEMULA,KANTOR WILAYAH KEMENKUMHAM BANGKA BELITUNG,24,0,2184000,6018250,1264,0,0,0
8a0184a3914601560191462223e600fe,Kementerian Hukum dan Hak Asasi Manusia,CPNS,UMUM,PEMERIKSA KEIMIGRASIAN PEMULA,KANTOR WILAYAH KEMENKUMHAM BANTEN,42,0,2184000,6018250,1790,0,0,0
8a0184a3914601560191462320640116,Kementerian Hukum dan Hak Asasi Manusia,CPNS,UMUM,PEMERIKSA KEIMIGRASIAN PEMULA,KANTOR WILAYAH KEMENKUMHAM BENGKULU,7,0,2184000,6018250,699,0,0,0
8a0184a39146015601914624efd7013b,Kementerian Hukum dan Hak Asasi Manusia,CPNS,UMUM,PEMERIKSA KEIMIGRASIAN PEMULA,KANTOR WILAYAH KEMENKUMHAM D.I. YOGYAKARTA,12,0,2184000,6018250,1326,0,0,0
8a0184a39146015601914628146d019e,Kementerian Hukum dan Hak Asasi Manusia,CPNS,UMUM,PEMERIKSA KEIMIGRASIAN PEMULA,KANTOR WILAYAH KEMENKUMHAM DKI JAKARTA,120,0,2184000,6018250,2771,0,0,0
8a0184a391460156019146294d6401ba,Kementerian Hukum dan Hak Asasi Manusia,CPNS,UMUM,PEMERIKSA KEIMIGRASIAN PEMULA,KANTOR WILAYAH KEMENKUMHAM GORONTALO,9,0,2184000,6018250,664,0,0,0
8a0184a3914601560191496e04104f99,Kementerian Hukum dan Hak Asasi Manusia,CPNS,UMUM,PEMERIKSA KEIMIGRASIAN PEMULA,KANTOR WILAYAH KEMENKUMHAM JAMBI,21,0,2184000,6018250,2162,0,0,0
8a0184a39146015601914978580b5256,Kementerian Hukum dan Hak Asasi Manusia,CPNS,UMUM,PEMERIKSA KEIMIGRASIAN PEMULA,KANTOR WILAYAH KEMENKUMHAM JAWA BARAT,124,0,2184000,6018250,5705,0,0,0
8a0184a391460156019149840e36561e,Kementerian Hukum dan Hak Asasi Manusia,CPNS,UMUM,PEMERIKSA KEIMIGRASIAN PEMULA,KANTOR WILAYAH KEMENKUMHAM JAWA TENGAH,68,0,2184000,6018250,4986,0,0,0
8a0184a3914601560191499221bd59d0,Kementerian Hukum dan Hak Asasi Manusia,CPNS,UMUM,PEMERIKSA KEIMIGRASIAN PEMULA,KANTOR WILAYAH KEMENKUMHAM JAWA TIMUR,116,0,2184000,6018250,6254,0,0,0
8a0184a3914601560191499661075b82,Kementerian Hukum dan Hak Asasi Manusia,CPNS,UMUM,PEMERIKSA KEIMIGRASIAN PEMULA,KANTOR WILAYAH KEMENKUMHAM KALIMANTAN BARAT,87,0,2184000,6018250,2431,0,0,0
8a0184a39146015601914997df365c20,Kementerian Hukum dan Hak Asasi Manusia,CPNS,UMUM,PEMERIKSA KEIMIGRASIAN PEMULA,KANTOR WILAYAH KEMENKUMHAM KALIMANTAN SELATAN,32,0,2184000,6018250,1237,0,0,0
8a0184a3914601560191499a31c35da5,Kementerian Hukum dan Hak Asasi Manusia,CPNS,UMUM,PEMERIKSA KEIMIGRASIAN PEMULA,KANTOR WILAYAH KEMENKUMHAM KALIMANTAN TENGAH,23,0,2184000,6018250,523,0,0,0
8a0184a3914601560191499be2c65e7d,Kementerian Hukum dan Hak Asasi Manusia,CPNS,UMUM,PEMERIKSA KEIMIGRASIAN PEMULA,KANTOR WILAYAH KEMENKUMHAM KALIMANTAN TIMUR,75,0,2184000,6018250,1294,0,0,0
8a0184a3914601560191499d71e15ee0,Kementerian Hukum dan Hak Asasi Manusia,CPNS,UMUM,PEMERIKSA KEIMIGRASIAN PEMULA,KANTOR WILAYAH KEMENKUMHAM KEPULAUAN RIAU,92,0,2184000,6018250,2007,0,0,0
8a0184a3914601560191499ed0605f48,Kementerian Hukum dan Hak Asasi Manusia,CPNS,UMUM,PEMERIKSA KEIMIGRASIAN PEMULA,KANTOR WILAYAH KEMENKUMHAM LAMPUNG,26,0,2184000,6018250,2870,0,0,0
8a0186cc9159ace5019159bf16370810,Kementerian Hukum dan Hak Asasi Manusia,CPNS,UMUM,PEMERIKSA KEIMIGRASIAN PEMULA,KANTOR WILAYAH KEMENKUMHAM JAMBI,22,0,2184000,6018250,1777,0,0,0
8a0186cc9159ace5019159c1257908ef,Kementerian Hukum dan Hak Asasi Manusia,CPNS,UMUM,PEMERIKSA KEIMIGRASIAN PEMULA,KANTOR WILAYAH KEMENKUMHAM JAWA BARAT,125,0,2184000,6018250,6642,0,0,0
8a0186cc9159ace5019159c2697209b4,Kementerian Hukum dan Hak Asasi Manusia,CPNS,UMUM,PEMERIKSA KEIMIGRASIAN PEMULA,KANTOR WILAYAH KEMENKUMHAM JAWA TENGAH,69,0,2184000,6018250,5016,0,0,0
8a0186cc9159ace5019159c3f8290a7d,Kementerian Hukum dan Hak Asasi Manusia,CPNS,UMUM,PEMERIKSA KEIMIGRASIAN PEMULA,KANTOR WILAYAH KEMENKUMHAM JAWA TIMUR,116,0,2184000,6018250,5805,0,0,0
8a0186cc9159ace5019159c4f1010b6b,Kementerian Hukum dan Hak Asasi Manusia,CPNS,UMUM,PEMERIKSA KEIMIGRASIAN PEMULA,KANTOR WILAYAH KEMENKUMHAM KALIMANTAN BARAT,88,0,2184000,6018250,2878,0,0,0
8a0186cc9159ace5019159c645950c06,Kementerian Hukum dan Hak Asasi Manusia,CPNS,UMUM,PEMERIKSA KEIMIGRASIAN PEMULA,KANTOR WILAYAH KEMENKUMHAM KALIMANTAN SELATAN,32,0,2184000,6018250,1255,0,0,0
8a0186cc9159ace5019159c77af40caa,Kementerian Hukum dan Hak Asasi Manusia,CPNS,UMUM,PEMERIKSA KEIMIGRASIAN PEMULA,KANTOR WILAYAH KEMENKUMHAM KALIMANTAN TENGAH,23,0,2184000,6018250,467,0,0,0
8a0186cc9159ace5019159c8b01f0d22,Kementerian Hukum dan Hak Asasi Manusia,CPNS,UMUM,PEMERIKSA KEIMIGRASIAN PEMULA,KANTOR WILAYAH KEMENKUMHAM KALIMANTAN TIMUR,76,0,2184000,6018250,1214,0,0,0
8a0186cc9159ace5019159ca22330dd2,Kementerian Hukum dan Hak Asasi Manusia,CPNS,UMUM,PEMERIKSA KEIMIGRASIAN PEMULA,KANTOR WILAYAH KEMENKUMHAM KEPULAUAN RIAU,93,0,2184000,6018250,1956,0,0,0
8a0186cc9159ace5019159cc04190e5b,Kementerian Hukum dan Hak Asasi Manusia,CPNS,UMUM,PEMERIKSA KEIMIGRASIAN PEMULA,KANTOR WILAYAH KEMENKUMHAM LAMPUNG,26,0,2184000,6018250,1956,0,0,0
8a0186cc9159ace5019159cd67ad0ef5,Kementerian Hukum dan Hak Asasi Manusia,CPNS,UMUM,PEMERIKSA KEIMIGRASIAN PEMULA,KANTOR WILAYAH KEMENKUMHAM MALUKU,22,0,2184000,6018250,593,0,0,0
8a0186cc9159ace5019159cf0ca70f93,Kementerian Hukum dan Hak Asasi Manusia,CPNS,UMUM,PEMERIKSA KEIMIGRASIAN PEMULA,KANTOR WILAYAH KEMENKUMHAM MALUKU UTARA,24,0,2184000,6018250,415,0,0,0
8a0186cc9159ace5019159d03a6b1046,Kementerian Hukum dan Hak Asasi Manusia,CPNS,UMUM,PEMERIKSA KEIMIGRASIAN PEMULA,KANTOR WILAYAH KEMENKUMHAM NUSA TENGGARA BARAT,46,0,2184000,6018250,1587,0,0,0
8a0186cc9159ace5019159d246a6113a,Kementerian Hukum dan Hak Asasi Manusia,CPNS,UMUM,PEMERIKSA KEIMIGRASIAN PEMULA,KANTOR WILAYAH KEMENKUMHAM NUSA TENGGARA TIMUR,46,0,2184000,6018250,1129,0,0,0
8a0186cc9159ace5019159d329b211b2,Kementerian Hukum dan Hak Asasi Manusia,CPNS,UMUM,PEMERIKSA KEIMIGRASIAN PEMULA,KANTOR WILAYAH KEMENKUMHAM PAPUA,36,0,2184000,6018250,856,0,0,0
8a0186cc9159ace5019159d70e631484,Kementerian Hukum dan Hak Asasi Manusia,CPNS,UMUM,PEMERIKSA KEIMIGRASIAN PEMULA,KANTOR WILAYAH KEMENKUMHAM PAPUA BARAT,15,0,2184000,6018250,213,0,0,0
8a0186cc9159ace5019159d8dc2b1643,Kementerian Hukum dan Hak Asasi Manusia,CPNS,UMUM,PEMERIKSA KEIMIGRASIAN PEMULA,KANTOR WILAYAH KEMENKUMHAM RIAU,62,0,2184000,6018250,2972,0,0,0
8a0186cc9159ace5019159da3b811742,Kementerian Hukum dan Hak Asasi Manusia,CPNS,UMUM,PEMERIKSA KEIMIGRASIAN PEMULA,KANTOR WILAYAH KEMENKUMHAM SULAWESI BARAT,20,0,2184000,6018250,454,0,0,0
8a0186cc9159ace5019159db71f2181d,Kementerian Hukum dan Hak Asasi Manusia,CPNS,UMUM,PEMERIKSA KEIMIGRASIAN PEMULA,KANTOR WILAYAH KEMENKUMHAM SULAWESI SELATAN,36,0,2184000,6018250,2594,0,0,0
8a0186cc9159ace5019159dd0da118f0,Kementerian Hukum dan Hak Asasi Manusia,CPNS,UMUM,PEMERIKSA KEIMIGRASIAN PEMULA,KANTOR WILAYAH KEMENKUMHAM SULAWESI TENGAH,32,0,2184000,6018250,968,0,0,0
8a0186cc9159ace5019159ddd5901979,Kementerian Hukum dan Hak Asasi Manusia,CPNS,UMUM,PEMERIKSA KEIMIGRASIAN PEMULA,KANTOR WILAYAH KEMENKUMHAM SULAWESI TENGGARA,34,0,2184000,6018250,1291,0,0,0
8a0186cc9159ace5019159deff9a1ab8,Kementerian Hukum dan Hak Asasi Manusia,CPNS,UMUM,PEMERIKSA KEIMIGRASIAN PEMULA,KANTOR WILAYAH KEMENKUMHAM SULAWESI UTARA,46,0,2184000,6018250,925,0,0,0
8a0186cc9159ace5019159e0adfe1bca,Kementerian Hukum dan Hak Asasi Manusia,CPNS,UMUM,PEMERIKSA KEIMIGRASIAN PEMULA,KANTOR WILAYAH KEMENKUMHAM SUMATERA BARAT,19,0,2184000,6018250,2491,0,0,0
8a0186cc9159ace5019159e302791d2e,Kementerian Hukum dan Hak Asasi Manusia,CPNS,UMUM,PEMERIKSA KEIMIGRASIAN PEMULA,KANTOR WILAYAH KEMENKUMHAM SUMATERA SELATAN,45,0,2184000,6018250,2815,0,0,0
8a0186cc9159ace5019159eadcaf20de,Kementerian Hukum dan Hak Asasi Manusia,CPNS,UMUM,PEMERIKSA KEIMIGRASIAN PEMULA,KANTOR WILAYAH KEMENKUMHAM SUMATERA UTARA,62,0,2184000,6018250,4947,0,0,0
8a03849a9149c64e019149c8521c0826,Kementerian Hukum dan Hak Asasi Manusia,CPNS,UMUM,PEMERIKSA KEIMIGRASIAN PEMULA,KANTOR WILAYAH KEMENKUMHAM MALUKU UTARA,24,0,2184000,6018250,896,0,0,0
8a03849a9149c64e019149c9917b0953,Kementerian Hukum dan Hak Asasi Manusia,CPNS,UMUM,PEMERIKSA KEIMIGRASIAN PEMULA,KANTOR WILAYAH KEMENKUMHAM MALUKU,21,0,2184000,6018250,1051,0,0,0
8a03849a9149c64e019149cbd8f60bcc,Kementerian Hukum dan Hak Asasi Manusia,CPNS,UMUM,PEMERIKSA KEIMIGRASIAN PEMULA,KANTOR WILAYAH KEMENKUMHAM NUSA TENGGARA BARAT,45,0,2184000,6018250,1491,0,0,0
8a03849a9149c64e019149cdaaa20d77,Kementerian Hukum dan Hak Asasi Manusia,CPNS,UMUM,PEMERIKSA KEIMIGRASIAN PEMULA,KANTOR WILAYAH KEMENKUMHAM NUSA TENGGARA TIMUR,45,0,2184000,6018250,1381,0,0,0
8a03849a9149c64e019149cf6be70df8,Kementerian Hukum dan Hak Asasi Manusia,CPNS,UMUM,PEMERIKSA KEIMIGRASIAN PEMULA,KANTOR WILAYAH KEMENKUMHAM PAPUA BARAT,14,0,2184000,6018250,327,0,0,0
8a03849a9149c64e019149d0add50e73,Kementerian Hukum dan Hak Asasi Manusia,CPNS,UMUM,PEMERIKSA KEIMIGRASIAN PEMULA,KANTOR WILAYAH KEMENKUMHAM PAPUA,36,0,2184000,6018250,1309,0,0,0
8a03849a9149c64e019149d230d00f20,Kementerian Hukum dan Hak Asasi Manusia,CPNS,UMUM,PEMERIKSA KEIMIGRASIAN PEMULA,KANTOR WILAYAH KEMENKUMHAM RIAU,62,0,2184000,6018250,3672,0,0,0
8a03849a9149c64e019149d312a60f53,Kementerian Hukum dan Hak Asasi Manusia,CPNS,UMUM,PEMERIKSA KEIMIGRASIAN PEMULA,KANTOR WILAYAH KEMENKUMHAM SULAWESI BARAT,19,0,2184000,6018250,618,0,0,0
8a03849a9149c64e019149d4e87f0fdb,Kementerian Hukum dan Hak Asasi Manusia,CPNS,UMUM,PEMERIKSA KEIMIGRASIAN PEMULA,KANTOR WILAYAH KEMENKUMHAM SULAWESI SELATAN,36,0,2184000,6018250,3405,0,0,0
8a03849a9149c64e019149d60a981030,Kementerian Hukum dan Hak Asasi Manusia,CPNS,UMUM,PEMERIKSA KEIMIGRASIAN PEMULA,KANTOR WILAYAH KEMENKUMHAM SULAWESI TENGAH,31,0,2184000,6018250,1334,0,0,0
8a03849a9149c64e019149d712f0107e,Kementerian Hukum dan Hak Asasi Manusia,CPNS,UMUM,PEMERIKSA KEIMIGRASIAN PEMULA,KANTOR WILAYAH KEMENKUMHAM SULAWESI TENGGARA,33,0,2184000,6018250,1737,0,0,0
8a03849a9149c64e019149d8eaa910f9,Kementerian Hukum dan Hak Asasi Manusia,CPNS,UMUM,PEMERIKSA KEIMIGRASIAN PEMULA,KANTOR WILAYAH KEMENKUMHAM SULAWESI UTARA,45,0,2184000,6018250,1371,0,0,0
8a03849a9149c64e019149db17811196,Kementerian Hukum dan Hak Asasi Manusia,CPNS,UMUM,PEMERIKSA KEIMIGRASIAN PEMULA,KANTOR WILAYAH KEMENKUMHAM SUMATERA BARAT,19,0,2184000,6018250,2982,0,0,0
8a03849a9149c64e019149dfe11112c4,Kementerian Hukum dan Hak Asasi Manusia,CPNS,UMUM,PEMERIKSA KEIMIGRASIAN PEMULA,KANTOR WILAYAH KEMENKUMHAM SUMATERA SELATAN,45,0,2184000,6018250,3671,0,0,0
8a03849a9149c64e019149e6fdd8157d,Kementerian Hukum dan Hak Asasi Manusia,CPNS,UMUM,PEMERIKSA KEIMIGRASIAN PEMULA,KANTOR WILAYAH KEMENKUMHAM SUMATERA UTARA,62,0,2184000,6018250,6908,0,0,0
8a0384be915951ce0191599f41893620,Kementerian Hukum dan Hak Asasi Manusia,CPNS,UMUM,PEMERIKSA KEIMIGRASIAN PEMULA,KANTOR WILAYAH KEMENKUMHAM BALI,53,0,2184000,6018250,819,0,0,0
8a0384be915951ce019159a29a8737af,Kementerian Hukum dan Hak Asasi Manusia,CPNS,UMUM,PEMERIKSA KEIMIGRASIAN PEMULA,KANTOR WILAYAH KEMENKUMHAM BANGKA BELITUNG,24,0,2184000,6018250,930,0,0,0
8a0384be915951ce019159a39575381c,Kementerian Hukum dan Hak Asasi Manusia,CPNS,UMUM,PEMERIKSA KEIMIGRASIAN PEMULA,KANTOR WILAYAH KEMENKUMHAM BANTEN,43,0,2184000,6018250,1626,0,0,0
8a0384be915951ce019159a48bee38fe,Kementerian Hukum dan Hak Asasi Manusia,CPNS,UMUM,PEMERIKSA KEIMIGRASIAN PEMULA,KANTOR WILAYAH KEMENKUMHAM BENGKULU,7,0,2184000,6018250,448,0,0,0
8a0384be915951ce019159a5666939b4,Kementerian Hukum dan Hak Asasi Manusia,CPNS,UMUM,PEMERIKSA KEIMIGRASIAN PEMULA,KANTOR WILAYAH KEMENKUMHAM D.I. YOGYAKARTA,12,0,2184000,6018250,1296,0,0,0
8a0384be915951ce019159a63e953a1e,Kementerian Hukum dan Hak Asasi Manusia,CPNS,UMUM,PEMERIKSA KEIMIGRASIAN PEMULA,KANTOR WILAYAH KEMENKUMHAM DKI JAKARTA,120,0,2184000,6018250,2879,0,0,0
8a0384be915951ce019159ac76c53f80,Kementerian Hukum dan Hak Asasi Manusia,CPNS,UMUM,PEMERIKSA KEIMIGRASIAN PEMULA,KANTOR WILAYAH KEMENKUMHAM GORONTALO,10,0,2184000,6018250,574,0,0,0
8a0184a3914601560191461974d1006f,Kementerian Hukum dan Hak Asasi Manusia,CPNS,UMUM,PENJAGA TAHANAN,KANTOR WILAYAH KEMENKUMHAM ACEH,57,0,2184000,6018250,3815,0,0,0
8a0184a3914601560191461aed810091,Kementerian Hukum dan Hak Asasi Manusia,CPNS,UMUM,PENJAGA TAHANAN,KANTOR WILAYAH KEMENKUMHAM BALI,35,0,2184000,6018250,432,0,0,0
8a0184a3914601560191461d0e7600b4,Kementerian Hukum dan Hak Asasi Manusia,CPNS,UMUM,PENJAGA TAHANAN,KANTOR WILAYAH KEMENKUMHAM BANGKA BELITUNG,15,0,2184000,6018250,752,0,0,0
8a0184a3914601560191462155b300e0,Kementerian Hukum dan Hak Asasi Manusia,CPNS,UMUM,PENJAGA TAHANAN,KANTOR WILAYAH KEMENKUMHAM BANTEN,30,0,2184000,6018250,1036,0,0,0
8a0184a39146015601914622d403010e,Kementerian Hukum dan Hak Asasi Manusia,CPNS,UMUM,PENJAGA TAHANAN,KANTOR WILAYAH KEMENKUMHAM BENGKULU,17,0,2184000,6018250,1157,0,0,0
8a0184a39146015601914624b02b0131,Kementerian Hukum dan Hak Asasi Manusia,CPNS,UMUM,PENJAGA TAHANAN,KANTOR WILAYAH KEMENKUMHAM D.I. YOGYAKARTA,19,0,2184000,6018250,733,0,0,0
8a0184a3914601560191462784000160,Kementerian Hukum dan Hak Asasi Manusia,CPNS,UMUM,PENJAGA TAHANAN,KANTOR WILAYAH KEMENKUMHAM DKI JAKARTA,39,0,2184000,6018250,616,0,0,0
8a0184a39146015601914629031101b4,Kementerian Hukum dan Hak Asasi Manusia,CPNS,UMUM,PENJAGA TAHANAN,KANTOR WILAYAH KEMENKUMHAM GORONTALO,10,0,2184000,6018250,596,0,0,0
8a0184a3914601560191496ca70c4f08,Kementerian Hukum dan Hak Asasi Manusia,CPNS,UMUM,PENJAGA TAHANAN,KANTOR WILAYAH KEMENKUMHAM JAMBI,25,0,2184000,6018250,1669,0,0,0
8a0184a39146015601914970d3915066,Kementerian Hukum dan Hak Asasi Manusia,CPNS,UMUM,PENJAGA TAHANAN,KANTOR WILAYAH KEMENKUMHAM JAWA BARAT,86,0,2184000,6018250,2526,0,0,0
8a0184a39146015601914983736355a5,Kementerian Hukum dan Hak Asasi Manusia,CPNS,UMUM,PENJAGA TAHANAN,KANTOR WILAYAH KEMENKUMHAM JAWA TENGAH,120,0,2184000,6018250,3806,0,0,0
8a0184a391460156019149917fc5597e,Kementerian Hukum dan Hak Asasi Manusia,CPNS,UMUM,PENJAGA TAHANAN,KANTOR WILAYAH KEMENKUMHAM JAWA TIMUR,108,0,2184000,6018250,3130,0,0,0
8a0184a39146015601914995c9bb5b2c,Kementerian Hukum dan Hak Asasi Manusia,CPNS,UMUM,PENJAGA TAHANAN,KANTOR WILAYAH KEMENKUMHAM KALIMANTAN BARAT,27,0,2184000,6018250,663,0,0,0
8a0184a3914601560191499759475bbf,Kementerian Hukum dan Hak Asasi Manusia,CPNS,UMUM,PENJAGA TAHANAN,KANTOR WILAYAH KEMENKUMHAM KALIMANTAN SELATAN,26,0,2184000,6018250,749,0,0,0
8a0184a39146015601914999c23b5d49,Kementerian Hukum dan Hak Asasi Manusia,CPNS,UMUM,PENJAGA TAHANAN,KANTOR WILAYAH KEMENKUMHAM KALIMANTAN TENGAH,24,0,2184000,6018250,473,0,0,0
8a0184a3914601560191499b80605e61,Kementerian Hukum dan Hak Asasi Manusia,CPNS,UMUM,PENJAGA TAHANAN,KANTOR WILAYAH KEMENKUMHAM KALIMANTAN TIMUR,34,0,2184000,6018250,597,0,0,0
8a0184a3914601560191499cf9c25ebf,Kementerian Hukum dan Hak Asasi Manusia,CPNS,UMUM,PENJAGA TAHANAN,KANTOR WILAYAH KEMENKUMHAM KEPULAUAN RIAU,28,0,2184000,6018250,420,0,0,0
8a0184a391460156019149c4246d7865,Kementerian Hukum dan Hak Asasi Manusia,CPNS,UMUM,PENJAGA TAHANAN,KANTOR WILAYAH KEMENKUMHAM LAMPUNG,36,0,2184000,6018250,2295,0,0,0
8a0186cc9159ace5019159adbe4c006a,Kementerian Hukum dan Hak Asasi Manusia,CPNS,UMUM,PENJAGA TAHANAN,KANTOR WILAYAH KEMENKUMHAM GORONTALO,25,0,2184000,6018250,2531,0,0,0
8a0186cc9159ace5019159bf84690844,Kementerian Hukum dan Hak Asasi Manusia,CPNS,UMUM,PENJAGA TAHANAN,KANTOR WILAYAH KEMENKUMHAM JAMBI,57,0,2184000,6018250,6157,0,0,0
8a0186cc9159ace5019159c195610946,Kementerian Hukum dan Hak Asasi Manusia,CPNS,UMUM,PENJAGA TAHANAN,KANTOR WILAYAH KEMENKUMHAM JAWA BARAT,201,0,2184000,6018250,12721,0,0,0
8a0186cc9159ace5019159c2ca3c0a04,Kementerian Hukum dan Hak Asasi Manusia,CPNS,UMUM,PENJAGA TAHANAN,KANTOR WILAYAH KEMENKUMHAM JAWA TENGAH,280,0,2184000,6018250,13379,0,0,0
8a0186cc9159ace5019159c444f90ac4,Kementerian Hukum dan Hak Asasi Manusia,CPNS,UMUM,PENJAGA TAHANAN,KANTOR WILAYAH KEMENKUMHAM JAWA TIMUR,252,0,2184000,6018250,13573,0,0,0
8a0186cc9159ace5019159c54aba0b84,Kementerian Hukum dan Hak Asasi Manusia,CPNS,UMUM,PENJAGA TAHANAN,KANTOR WILAYAH KEMENKUMHAM KALIMANTAN BARAT,64,0,2184000,6018250,2989,0,0,0
8a0186cc9159ace5019159c699870c1f,Kementerian Hukum dan Hak Asasi Manusia,CPNS,UMUM,PENJAGA TAHANAN,KANTOR WILAYAH KEMENKUMHAM KALIMANTAN SELATAN,60,0,2184000,6018250,3112,0,0,0
8a0186cc9159ace5019159c7ec7d0ce4,Kementerian Hukum dan Hak Asasi Manusia,CPNS,UMUM,PENJAGA TAHANAN,KANTOR WILAYAH KEMENKUMHAM KALIMANTAN TENGAH,56,0,2184000,6018250,1953,0,0,0
8a0186cc9159ace5019159c9193b0d43,Kementerian Hukum dan Hak Asasi Manusia,CPNS,UMUM,PENJAGA TAHANAN,KANTOR WILAYAH KEMENKUMHAM KALIMANTAN TIMUR,81,0,2184000,6018250,2614,0,0,0
8a0186cc9159ace5019159ca72410df3,Kementerian Hukum dan Hak Asasi Manusia,CPNS,UMUM,PENJAGA TAHANAN,KANTOR WILAYAH KEMENKUMHAM KEPULAUAN RIAU,67,0,2184000,6018250,1515,0,0,0
8a0186cc9159ace5019159cc609c0e6a,Kementerian Hukum dan Hak Asasi Manusia,CPNS,UMUM,PENJAGA TAHANAN,KANTOR WILAYAH KEMENKUMHAM LAMPUNG,85,0,2184000,6018250,7475,0,0,0
8a0186cc9159ace5019159cdfd0e0f2a,Kementerian Hukum dan Hak Asasi Manusia,CPNS,UMUM,PENJAGA TAHANAN,KANTOR WILAYAH KEMENKUMHAM MALUKU,53,0,2184000,6018250,3417,0,0,0
8a0186cc9159ace5019159cf56ab0fa4,Kementerian Hukum dan Hak Asasi Manusia,CPNS,UMUM,PENJAGA TAHANAN,KANTOR WILAYAH KEMENKUMHAM MALUKU UTARA,41,0,2184000,6018250,2453,0,0,0
8a0186cc9159ace5019159d094971056,Kementerian Hukum dan Hak Asasi Manusia,CPNS,UMUM,PENJAGA TAHANAN,KANTOR WILAYAH KEMENKUMHAM NUSA TENGGARA BARAT,44,0,2184000,6018250,3013,0,0,0
8a0186cc9159ace5019159d29dde1168,Kementerian Hukum dan Hak Asasi Manusia,CPNS,UMUM,PENJAGA TAHANAN,KANTOR WILAYAH KEMENKUMHAM NUSA TENGGARA TIMUR,77,0,2184000,6018250,7165,0,0,0
8a0186cc9159ace5019159d39368121e,Kementerian Hukum dan Hak Asasi Manusia,CPNS,UMUM,PENJAGA TAHANAN,KANTOR WILAYAH KEMENKUMHAM PAPUA,50,0,2184000,6018250,2154,0,0,0
8a0186cc9159ace5019159d796251529,Kementerian Hukum dan Hak Asasi Manusia,CPNS,UMUM,PENJAGA TAHANAN,KANTOR WILAYAH KEMENKUMHAM PAPUA BARAT,39,0,2184000,6018250,1046,0,0,0
8a0186cc9159ace5019159d958981686,Kementerian Hukum dan Hak Asasi Manusia,CPNS,UMUM,PENJAGA TAHANAN,KANTOR WILAYAH KEMENKUMHAM RIAU,105,0,2184000,6018250,7234,0,0,0
8a0186cc9159ace5019159da97da1780,Kementerian Hukum dan Hak Asasi Manusia,CPNS,UMUM,PENJAGA TAHANAN,KANTOR WILAYAH KEMENKUMHAM SULAWESI BARAT,36,0,2184000,6018250,2176,0,0,0
8a0186cc9159ace5019159dc07c9186a,Kementerian Hukum dan Hak Asasi Manusia,CPNS,UMUM,PENJAGA TAHANAN,KANTOR WILAYAH KEMENKUMHAM SULAWESI SELATAN,113,0,2184000,6018250,10857,0,0,0
8a0186cc9159ace5019159dd5a42192f,Kementerian Hukum dan Hak Asasi Manusia,CPNS,UMUM,PENJAGA TAHANAN,KANTOR WILAYAH KEMENKUMHAM SULAWESI TENGAH,49,0,2184000,6018250,3207,0,0,0
8a0186cc9159ace5019159de2b3119a6,Kementerian Hukum dan Hak Asasi Manusia,CPNS,UMUM,PENJAGA TAHANAN,KANTOR WILAYAH KEMENKUMHAM SULAWESI TENGGARA,47,0,2184000,6018250,3417,0,0,0
8a0186cc9159ace5019159df53d41af3,Kementerian Hukum dan Hak Asasi Manusia,CPNS,UMUM,PENJAGA TAHANAN,KANTOR WILAYAH KEMENKUMHAM SULAWESI UTARA,78,0,2184000,6018250,2982,0,0,0
8a0186cc9159ace5019159e10ebf1c13,Kementerian Hukum dan Hak Asasi Manusia,CPNS,UMUM,PENJAGA TAHANAN,KANTOR WILAYAH KEMENKUMHAM SUMATERA BARAT,131,0,2184000,6018250,12863,0,0,0
8a0186cc9159ace5019159e3e7ad1d9e,Kementerian Hukum dan Hak Asasi Manusia,CPNS,UMUM,PENJAGA TAHANAN,KANTOR WILAYAH KEMENKUMHAM SUMATERA SELATAN,95,0,2184000,6018250,10838,0,0,0
8a0186cc9159ace5019159ec2acd21ae,Kementerian Hukum dan Hak Asasi Manusia,CPNS,UMUM,PENJAGA TAHANAN,KANTOR WILAYAH KEMENKUMHAM SUMATERA UTARA,248,0,2184000,6018250,20190,0,0,0
8a03849a9149c64e019149c7cea6080b,Kementerian Hukum dan Hak Asasi Manusia,CPNS,UMUM,PENJAGA TAHANAN,KANTOR WILAYAH KEMENKUMHAM MALUKU UTARA,18,0,2184000,6018250,799,0,0,0
8a03849a9149c64e019149c92b77089f,Kementerian Hukum dan Hak Asasi Manusia,CPNS,UMUM,PENJAGA TAHANAN,KANTOR WILAYAH KEMENKUMHAM MALUKU,22,0,2184000,6018250,1298,0,0,0
8a03849a9149c64e019149cb800b0b7a,Kementerian Hukum dan Hak Asasi Manusia,CPNS,UMUM,PENJAGA TAHANAN,KANTOR WILAYAH KEMENKUMHAM NUSA TENGGARA BARAT,19,0,2184000,6018250,767,0,0,0
8a03849a9149c64e019149cd10a10cf0,Kementerian Hukum dan Hak Asasi Manusia,CPNS,UMUM,PENJAGA TAHANAN,KANTOR WILAYAH KEMENKUMHAM NUSA TENGGARA TIMUR,33,0,2184000,6018250,1837,0,0,0
8a03849a9149c64e019149cf05290dde,Kementerian Hukum dan Hak Asasi Manusia,CPNS,UMUM,PENJAGA TAHANAN,KANTOR WILAYAH KEMENKUMHAM PAPUA BARAT,16,0,2184000,6018250,381,0,0,0
8a03849a9149c64e019149d0272b0e2d,Kementerian Hukum dan Hak Asasi Manusia,CPNS,UMUM,PENJAGA TAHANAN,KANTOR WILAYAH KEMENKUMHAM PAPUA,21,0,2184000,6018250,751,0,0,0
8a03849a9149c64e019149d1a9bd0ee9,Kementerian Hukum dan Hak Asasi Manusia,CPNS,UMUM,PENJAGA TAHANAN,KANTOR WILAYAH KEMENKUMHAM RIAU,45,0,2184000,6018250,1647,0,0,0
8a03849a9149c64e019149d2d9330f3f,Kementerian Hukum dan Hak Asasi Manusia,CPNS,UMUM,PENJAGA TAHANAN,KANTOR WILAYAH KEMENKUMHAM SULAWESI BARAT,16,0,2184000,6018250,673,0,0,0
8a03849a9149c64e019149d45c240f8e,Kementerian Hukum dan Hak Asasi Manusia,CPNS,UMUM,PENJAGA TAHANAN,KANTOR WILAYAH KEMENKUMHAM SULAWESI SELATAN,48,0,2184000,6018250,3401,0,0,0
8a03849a9149c64e019149d5cb61100f,Kementerian Hukum dan Hak Asasi Manusia,CPNS,UMUM,PENJAGA TAHANAN,KANTOR WILAYAH KEMENKUMHAM SULAWESI TENGAH,21,0,2184000,6018250,809,0,0,0
8a03849a9149c64e019149d6c8c1105e,Kementerian Hukum dan Hak Asasi Manusia,CPNS,UMUM,PENJAGA TAHANAN,KANTOR WILAYAH KEMENKUMHAM SULAWESI TENGGARA,20,0,2184000,6018250,903,0,0,0
8a03849a9149c64e019149d9b42b111c,Kementerian Hukum dan Hak Asasi Manusia,CPNS,UMUM,PENJAGA TAHANAN,KANTOR WILAYAH KEMENKUMHAM SULAWESI UTARA,33,0,2184000,6018250,1017,0,0,0
8a03849a9149c64e019149dacff0116c,Kementerian Hukum dan Hak Asasi Manusia,CPNS,UMUM,PENJAGA TAHANAN,KANTOR WILAYAH KEMENKUMHAM SUMATERA BARAT,56,0,2184000,6018250,3796,0,0,0
8a03849a9149c64e019149dfaa4012a7,Kementerian Hukum dan Hak Asasi Manusia,CPNS,UMUM,PENJAGA TAHANAN,KANTOR WILAYAH KEMENKUMHAM SUMATERA SELATAN,41,0,2184000,6018250,3470,0,0,0
8a03849a9149c64e019149e3363c13c4,Kementerian Hukum dan Hak Asasi Manusia,CPNS,UMUM,PENJAGA TAHANAN,KANTOR WILAYAH KEMENKUMHAM SUMATERA UTARA,106,0,2184000,6018250,7340,0,0,0
8a0384be915951ce01915981da0427c5,Kementerian Hukum dan Hak Asasi Manusia,CPNS,UMUM,PENJAGA TAHANAN,KANTOR WILAYAH KEMENKUMHAM ACEH,134,0,2184000,6018250,12702,0,0,0
8a0384be915951ce019159a136ba3740,Kementerian Hukum dan Hak Asasi Manusia,CPNS,UMUM,PENJAGA TAHANAN,KANTOR WILAYAH KEMENKUMHAM BALI,81,0,2184000,6018250,1932,0,0,0
8a0384be915951ce019159a302cc37e6,Kementerian Hukum dan Hak Asasi Manusia,CPNS,UMUM,PENJAGA TAHANAN,KANTOR WILAYAH KEMENKUMHAM BANGKA BELITUNG,34,0,2184000,6018250,2792,0,0,0
8a0384be915951ce019159a3d750383c,Kementerian Hukum dan Hak Asasi Manusia,CPNS,UMUM,PENJAGA TAHANAN,KANTOR WILAYAH KEMENKUMHAM BANTEN,69,0,2184000,6018250,3487,0,0,0
8a0384be915951ce019159a4c9d03923,Kementerian Hukum dan Hak Asasi Manusia,CPNS,UMUM,PENJAGA TAHANAN,KANTOR WILAYAH KEMENKUMHAM BENGKULU,40,0,2184000,6018250,3049,0,0,0
8a0384be915951ce019159a595cf39c7,Kementerian Hukum dan Hak Asasi Manusia,CPNS,UMUM,PENJAGA TAHANAN,KANTOR WILAYAH KEMENKUMHAM D.I. YOGYAKARTA,44,0,2184000,6018250,2758,0,0,0
8a0384be915951ce019159a6891e3a73,Kementerian Hukum dan Hak Asasi Manusia,CPNS,UMUM,PENJAGA TAHANAN,KANTOR WILAYAH KEMENKUMHAM DKI JAKARTA,91,0,2184000,6018250,2302,0,0,0
03ce9a71-9370-49ad-8034-61065e3ada4f,Kementerian Kesehatan,CPNS,UMUM,OPERATOR LAYANAN KESEHATAN,Kementerian Kesehatan | Direktorat Jenderal Pelayanan Kesehatan | Rumah Sakit Umum Pusat Nasional Dr. Cipto Mangunkusumo Jakarta | Direktorat Medik dan Keperawatan | Instalasi Forensik dan Pemulasaraan Jenazah,1,1,3830000,6741000,210,0,0,0
196f1645-dcf8-4731-a0d4-6d76d88ebabe,Kementerian Kesehatan,CPNS,UMUM,OPERATOR LAYANAN KESEHATAN,"Kementerian Kesehatan | Direktorat Jenderal Pelayanan Kesehatan | Rumah Sakit Jantung dan Pembuluh Darah Harapan Kita Jakarta | Direktorat Layanan Operasional | Instalasi Sterilisasi Sentral, Binatu, dan Pemulasaraan Jenazah",1,1,2433200,5719600,447,0,0,0
2af17d41-f5d4-4a0b-a1cf-df26bf06724d,Kementerian Kesehatan,CPNS,UMUM,OPERATOR LAYANAN KESEHATAN,Kementerian Kesehatan | Direktorat Jenderal Pelayanan Kesehatan | Rumah Sakit Umum Pusat Dr. Kariadi Semarang | Direktorat Layanan Operasional | Instalasi Sterilisasi Sentral dan Binatu,9,1,2364000,7751597,5303,0,0,0
2dc97cc1-d979-4aac-b130-49152c829784,Kementerian Kesehatan,CPNS,UMUM,OPERATOR LAYANAN KESEHATAN,Kementerian Kesehatan | Direktorat Jenderal Pelayanan Kesehatan | Rumah Sakit Jantung dan Pembuluh Darah Harapan Kita Jakarta | Direktorat Medik dan Keperawatan | Instalasi Gizi,4,1,2433200,5719600,1478,0,0,0
40bb81fc-762a-4085-a382-55ade7ac9046,Kementerian Kesehatan,CPNS,UMUM,OPERATOR LAYANAN KESEHATAN,Kementerian Kesehatan | Direktorat Jenderal Pelayanan Kesehatan | Rumah Sakit Jantung dan Pembuluh Darah Harapan Kita Jakarta | Direktorat Medik dan Keperawatan | Instalasi Rawat Jalan,1,1,2500000,6000000,602,0,0,0
9306b02c-7969-495b-b439-947dc310159f,Kementerian Kesehatan,CPNS,UMUM,OPERATOR LAYANAN KESEHATAN,Kementerian Kesehatan | Direktorat Jenderal Pelayanan Kesehatan | Rumah Sakit Jantung dan Pembuluh Darah Harapan Kita Jakarta | Direktorat Medik dan Keperawatan | Instalasi Perawatan Intensif dan Kegawatdaruratan,1,1,2433200,5719600,217,0,0,0
b110356d-4688-4025-ae62-bb331f065224,Kementerian Kesehatan,CPNS,UMUM,OPERATOR LAYANAN KESEHATAN,"Kementerian Kesehatan | Direktorat Jenderal Pelayanan Kesehatan | Sekretariat Direktorat Jenderal Pelayanan Kesehatan | Rumah Sakit Jayapura | DIREKTORAT PERENCANAAN, KEUANGAN, DAN LAYANAN OPERASIONAL | INSTALASI STERILISASI SENTRAL, BINATU, DAN PEMULASARAAN JENAZAH",10,1,3203600,6714000,757,0,0,0
bbd903a8-c6e4-48fa-969a-a8414f72ba93,Kementerian Kesehatan,CPNS,UMUM,OPERATOR LAYANAN KESEHATAN,Kementerian Kesehatan | Direktorat Jenderal Pelayanan Kesehatan | Rumah Sakit Umum Pusat Dr. Rivai Abdullah Palembang | Direktorat Medik dan Keperawatan,5,1,3500000,4000000,2147,0,0,0
c0919303-c194-4baf-8c98-2c9f78e3c5b4,Kementerian Kesehatan,CPNS,UMUM,OPERATOR LAYANAN KESEHATAN,"Kementerian Kesehatan | Direktorat Jenderal Pelayanan Kesehatan | Rumah Sakit Jantung dan Pembuluh Darah Harapan Kita Jakarta | Direktorat Medik dan Keperawatan | Instalasi Diagnostik Invasif, Intervensi Non Bedah, dan Non Invasif",2,1,2433200,5719600,309,0,0,0
da151ad6-5294-4dd0-9395-347fd5dbb6cc,Kementerian Kesehatan,CPNS,UMUM,OPERATOR LAYANAN KESEHATAN,Kementerian Kesehatan | Direktorat Jenderal Pelayanan Kesehatan | Rumah Sakit Jantung dan Pembuluh Darah Harapan Kita Jakarta | Direktorat Medik dan Keperawatan | Instalasi Rawat Inap,7,1,2433200,5719600,3338,0,0,0
8a0384979144c5430191458e673d2772,Kementerian Keuangan,CPNS,UMUM,OPERATOR LAYANAN KESEHATAN,Direktorat Jenderal Bea dan Cukai (DJBC),10,0,4901200,7545800,102,0,0,0
8a0384979144c5430191458f395627b0,Kementerian Keuangan,CPNS,UMUM,PAWANG ANJING PELACAK,Direktorat Jenderal Bea dan Cukai (DJBC),35,0,4901200,7545800,1078,0,0,0
8a0384c7915b4c4c01915deea6cd12d6,Kementerian Keuangan,CPNS,PUTRA/PUTRI KALIMANTAN,PAWANG ANJING PELACAK,Direktorat Jenderal Bea dan Cukai (DJBC),10,0,4901200,7545800,91,0,0,0
8a0384979144c543019145901ed12809,Kementerian Keuangan,CPNS,UMUM,PETUGAS OPERASI DAN PEMELIHARAAN,Direktorat Jenderal Bea dan Cukai (DJBC),107,0,4901200,7545800,9476,0,0,0
022b5e9a-9e9d-479d-8afa-2a75289a57ef,Kementerian Lingkungan Hidup dan Kehutanan,CPNS,UMUM,PELATIH DAN PERAWAT SATWA LIAR,KEMENTERIAN LINGKUNGAN HIDUP DAN KEHUTANAN | Direktorat Jenderal Konservasi Sumber Daya Alam dan Ekosistem | Balai Besar Konservasi Sumber Daya Alam Sumatera Utara | Bidang Konservasi Sumber Daya Alam Wilayah II | Seksi Konservasi Wilayah III,1,0,4500000,6000000,91,0,0,0
0957f0a2-18b0-4e98-b753-9eee0a1faaa0,Kementerian Lingkungan Hidup dan Kehutanan,CPNS,UMUM,PELATIH DAN PERAWAT SATWA LIAR,KEMENTERIAN LINGKUNGAN HIDUP DAN KEHUTANAN | Direktorat Jenderal Konservasi Sumber Daya Alam dan Ekosistem | Balai Konservasi Sumber Daya Alam Bengkulu | Seksi Konservasi Wilayah I,1,0,4500000,6000000,67,0,0,0
0e68b40f-49dd-483b-b794-9b02f769f496,Kementerian Lingkungan Hidup dan Kehutanan,CPNS,UMUM,PELATIH DAN PERAWAT SATWA LIAR,KEMENTERIAN LINGKUNGAN HIDUP DAN KEHUTANAN | Direktorat Jenderal Konservasi Sumber Daya Alam dan Ekosistem | Balai Besar Konservasi Sumber Daya Alam Sumatera Utara | Bidang Konservasi Sumber Daya Alam Wilayah I | Seksi Konservasi Wilayah I,1,0,4500000,6000000,223,0,0,0
1a945b05-c3db-4870-9269-b5b3bd553e8b,Kementerian Lingkungan Hidup dan Kehutanan,CPNS,UMUM,PELATIH DAN PERAWAT SATWA LIAR,KEMENTERIAN LINGKUNGAN HIDUP DAN KEHUTANAN | Direktorat Jenderal Konservasi Sumber Daya Alam dan Ekosistem | Balai Taman Nasional Gunung Halimun-Salak | Seksi Pengelolaan Taman Nasional Wilayah II,2,0,4500000,6000000,679,0,0,0
28fe2935-476d-4731-82f3-a9a4d0781f87,Kementerian Lingkungan Hidup dan Kehutanan,CPNS,UMUM,PELATIH DAN PERAWAT SATWA LIAR,KEMENTERIAN LINGKUNGAN HIDUP DAN KEHUTANAN | Direktorat Jenderal Konservasi Sumber Daya Alam dan Ekosistem | Balai Taman Nasional Kepulauan Seribu | Seksi Pengelolaan Taman Nasional Wilayah II,1,0,4500000,6000000,115,0,0,0
2b74219e-4234-427e-87b1-49c2d030232d,Kementerian Lingkungan Hidup dan Kehutanan,CPNS,UMUM,PELATIH DAN PERAWAT SATWA LIAR,KEMENTERIAN LINGKUNGAN HIDUP DAN KEHUTANAN | Direktorat Jenderal Konservasi Sumber Daya Alam dan Ekosistem | Balai Besar Taman Nasional Gunung Leuser | Bidang Pengelolaan Taman Nasional Wilayah I | Seksi Pengelolaan Taman Nasional Wilayah II,2,0,4500000,6000000,39,0,0,0
2d6cfc41-c721-49d2-b287-ce99bba6643e,Kementerian Lingkungan Hidup dan Kehutanan,CPNS,UMUM,PELATIH DAN PERAWAT SATWA LIAR,KEMENTERIAN LINGKUNGAN HIDUP DAN KEHUTANAN | Direktorat Jenderal Konservasi Sumber Daya Alam dan Ekosistem | Balai Besar Konservasi Sumber Daya Alam Riau | Bidang Konservasi Sumber Daya Alam Wilayah II | Seksi Konservasi Wilayah III,1,0,4500000,6000000,59,0,0,0
33c3f60f-8b80-4a8b-afa8-cf04272d0742,Kementerian Lingkungan Hidup dan Kehutanan,CPNS,UMUM,PELATIH DAN PERAWAT SATWA LIAR,KEMENTERIAN LINGKUNGAN HIDUP DAN KEHUTANAN | Direktorat Jenderal Konservasi Sumber Daya Alam dan Ekosistem | Balai Besar Taman Nasional Gunung Leuser | Bidang Pengelolaan Taman Nasional Wilayah III | Seksi Pengelolaan Taman Nasional Wilayah VI,2,0,4500000,6000000,30,0,0,0
33fd6e39-99fb-45bd-bea4-a1e0d8581ef5,Kementerian Lingkungan Hidup dan Kehutanan,CPNS,UMUM,PELATIH DAN PERAWAT SATWA LIAR,KEMENTERIAN LINGKUNGAN HIDUP DAN KEHUTANAN | Direktorat Jenderal Konservasi Sumber Daya Alam dan Ekosistem | Balai Besar Konservasi Sumber Daya Alam Riau | Bidang Konservasi Sumber Daya Alam Wilayah I | Seksi Konservasi Wilayah II,1,0,4500000,6000000,56,0,0,0
3a0f374a-ef99-4362-8576-ad918d2552f2,Kementerian Lingkungan Hidup dan Kehutanan,CPNS,UMUM,PELATIH DAN PERAWAT SATWA LIAR,KEMENTERIAN LINGKUNGAN HIDUP DAN KEHUTANAN | Direktorat Jenderal Konservasi Sumber Daya Alam dan Ekosistem | Balai Konservasi Sumber Daya Alam Sumatera Barat | Seksi Konservasi Wilayah II,1,0,4500000,6000000,145,0,0,0
3a96e1df-57ed-4b89-a04b-8a40daf4b3f6,Kementerian Lingkungan Hidup dan Kehutanan,CPNS,UMUM,PELATIH DAN PERAWAT SATWA LIAR,KEMENTERIAN LINGKUNGAN HIDUP DAN KEHUTANAN | Direktorat Jenderal Konservasi Sumber Daya Alam dan Ekosistem | Balai Besar Taman Nasional Gunung Leuser | Bidang Pengelolaan Taman Nasional Wilayah II | Seksi Pengelolaan Taman Nasional Wilayah IV,2,0,4500000,6000000,39,0,0,0
3af57d22-43bf-4e4b-89db-25354b60faac,Kementerian Lingkungan Hidup dan Kehutanan,CPNS,UMUM,PELATIH DAN PERAWAT SATWA LIAR,KEMENTERIAN LINGKUNGAN HIDUP DAN KEHUTANAN | Direktorat Jenderal Konservasi Sumber Daya Alam dan Ekosistem | Balai Besar Taman Nasional Gunung Leuser | Bidang Pengelolaan Taman Nasional Wilayah II | Seksi Pengelolaan Taman Nasional Wilayah III,2,0,4500000,6000000,52,0,0,0
3e33659a-c593-459e-9269-d8c0a85e393d,Kementerian Lingkungan Hidup dan Kehutanan,CPNS,UMUM,PELATIH DAN PERAWAT SATWA LIAR,KEMENTERIAN LINGKUNGAN HIDUP DAN KEHUTANAN | Direktorat Jenderal Konservasi Sumber Daya Alam dan Ekosistem | Balai Konservasi Sumber Daya Alam Bengkulu | Seksi Konservasi Wilayah II,1,0,4500000,6000000,54,0,0,0
3e5423cf-433c-4e97-b7c8-08be57993b7c,Kementerian Lingkungan Hidup dan Kehutanan,CPNS,UMUM,PELATIH DAN PERAWAT SATWA LIAR,KEMENTERIAN LINGKUNGAN HIDUP DAN KEHUTANAN | Direktorat Jenderal Konservasi Sumber Daya Alam dan Ekosistem | Balai Besar Konservasi Sumber Daya Alam Papua | Bidang Konservasi Sumber Daya Alam Wilayah II | Seksi Konservasi Wilayah III,1,0,4500000,6000000,38,0,0,0
401925ed-62ec-4956-a24f-9c82ca0f8348,Kementerian Lingkungan Hidup dan Kehutanan,CPNS,UMUM,PELATIH DAN PERAWAT SATWA LIAR,KEMENTERIAN LINGKUNGAN HIDUP DAN KEHUTANAN | Direktorat Jenderal Konservasi Sumber Daya Alam dan Ekosistem | Balai Taman Nasional Way Kambas | Seksi Pengelolaan Taman Nasional Wilayah III,3,0,4500000,6000000,338,0,0,0
462e1032-5a87-4094-9316-e087a40e6d54,Kementerian Lingkungan Hidup dan Kehutanan,CPNS,UMUM,PELATIH DAN PERAWAT SATWA LIAR,KEMENTERIAN LINGKUNGAN HIDUP DAN KEHUTANAN | Direktorat Jenderal Konservasi Sumber Daya Alam dan Ekosistem | Balai Taman Nasional Rawa Aopa Watumohai | Seksi Pengelolaan Taman Nasional Wilayah II,1,0,4500000,6000000,29,0,0,0
48a2c8cf-04a8-49a7-9923-596fd4b6109f,Kementerian Lingkungan Hidup dan Kehutanan,CPNS,UMUM,PELATIH DAN PERAWAT SATWA LIAR,KEMENTERIAN LINGKUNGAN HIDUP DAN KEHUTANAN | Direktorat Jenderal Konservasi Sumber Daya Alam dan Ekosistem | Balai Besar Konservasi Sumber Daya Alam Sumatera Utara | Bidang Konservasi Sumber Daya Alam Wilayah III | Seksi Konservasi Wilayah VI,1,0,4500000,6000000,47,0,0,0
525634ce-7ef3-49f3-a42c-c9cc170dd8bb,Kementerian Lingkungan Hidup dan Kehutanan,CPNS,UMUM,PELATIH DAN PERAWAT SATWA LIAR,KEMENTERIAN LINGKUNGAN HIDUP DAN KEHUTANAN | Direktorat Jenderal Konservasi Sumber Daya Alam dan Ekosistem | Balai Taman Nasional Rawa Aopa Watumohai | Seksi Pengelolaan Taman Nasional Wilayah I,1,0,4500000,6000000,34,0,0,0
5e2d3852-bfd4-4278-a0d1-b7f172f3a830,Kementerian Lingkungan Hidup dan Kehutanan,CPNS,UMUM,PELATIH DAN PERAWAT SATWA LIAR,KEMENTERIAN LINGKUNGAN HIDUP DAN KEHUTANAN | Direktorat Jenderal Konservasi Sumber Daya Alam dan Ekosistem | Balai Besar Taman Nasional Gunung Leuser | Bidang Pengelolaan Taman Nasional Wilayah III | Seksi Pengelolaan Taman Nasional Wilayah V,2,0,4500000,6000000,32,0,0,0
6bda9674-b4c6-43f1-91b4-b4e5a72f14aa,Kementerian Lingkungan Hidup dan Kehutanan,CPNS,UMUM,PELATIH DAN PERAWAT SATWA LIAR,KEMENTERIAN LINGKUNGAN HIDUP DAN KEHUTANAN | Direktorat Jenderal Konservasi Sumber Daya Alam dan Ekosistem | Balai Besar Taman Nasional Bukit Barisan Selatan | Bidang Pengelolaan Taman Nasional Wilayah II | Seksi Pengelolaan Taman Nasional Wilayah IV,3,0,4500000,6000000,122,0,0,0
71c8185f-fabb-4fc6-9bb8-1706b0cec4db,Kementerian Lingkungan Hidup dan Kehutanan,CPNS,UMUM,PELATIH DAN PERAWAT SATWA LIAR,KEMENTERIAN LINGKUNGAN HIDUP DAN KEHUTANAN | Direktorat Jenderal Konservasi Sumber Daya Alam dan Ekosistem | Balai Konservasi Sumber Daya Alam Jambi | Seksi Konservasi Wilayah III,1,0,4500000,6000000,60,0,0,0
74a971fb-8bea-4b0a-a426-ca83e19ca878,Kementerian Lingkungan Hidup dan Kehutanan,CPNS,UMUM,PELATIH DAN PERAWAT SATWA LIAR,KEMENTERIAN LINGKUNGAN HIDUP DAN KEHUTANAN | Direktorat Jenderal Konservasi Sumber Daya Alam dan Ekosistem | Balai Konservasi Sumber Daya Alam Aceh | Seksi Konservasi Wilayah II,2,0,4500000,6000000,82,0,0,0
771709f0-553b-49a6-92a6-ba0a85639404,Kementerian Lingkungan Hidup dan Kehutanan,CPNS,UMUM,PELATIH DAN PERAWAT SATWA LIAR,KEMENTERIAN LINGKUNGAN HIDUP DAN KEHUTANAN | Direktorat Jenderal Konservasi Sumber Daya Alam dan Ekosistem | Balai Besar Konservasi Sumber Daya Alam Sumatera Utara | Bidang Konservasi Sumber Daya Alam Wilayah II | Seksi Konservasi Wilayah IV,1,0,4500000,6000000,53,0,0,0
7b8609a2-c949-4691-a986-51000b52c4e3,Kementerian Lingkungan Hidup dan Kehutanan,CPNS,UMUM,PELATIH DAN PERAWAT SATWA LIAR,KEMENTERIAN LINGKUNGAN HIDUP DAN KEHUTANAN | Direktorat Jenderal Konservasi Sumber Daya Alam dan Ekosistem | Balai Besar Taman Nasional Gunung Leuser | Bidang Pengelolaan Taman Nasional Wilayah I | Seksi Pengelolaan Taman Nasional Wilayah I,2,0,4500000,6000000,28,0,0,0
8214d5c0-0175-47e8-b0fd-0adf1440e0de,Kementerian Lingkungan Hidup dan Kehutanan,CPNS,UMUM,PELATIH DAN PERAWAT SATWA LIAR,KEMENTERIAN LINGKUNGAN HIDUP DAN KEHUTANAN | Direktorat Jenderal Konservasi Sumber Daya Alam dan Ekosistem | Balai Besar Taman Nasional Bukit Barisan Selatan | Bidang Pengelolaan Taman Nasional Wilayah I | Seksi Pengelolaan Taman Nasional Wilayah II,3,0,4500000,6000000,108,0,0,0
846d7634-b3d4-4271-9e7d-e943af7fdeae,Kementerian Lingkungan Hidup dan Kehutanan,CPNS,UMUM,PELATIH DAN PERAWAT SATWA LIAR,KEMENTERIAN LINGKUNGAN HIDUP DAN KEHUTANAN | Direktorat Jenderal Konservasi Sumber Daya Alam dan Ekosistem | Balai Konservasi Sumber Daya Alam Sumatera Barat | Seksi Konservasi Wilayah III,1,0,4500000,6000000,68,0,0,0
8480619e-3724-49ca-aaab-3bedd72204f3,Kementerian Lingkungan Hidup dan Kehutanan,CPNS,UMUM,PELATIH DAN PERAWAT SATWA LIAR,KEMENTERIAN LINGKUNGAN HIDUP DAN KEHUTANAN | Direktorat Jenderal Konservasi Sumber Daya Alam dan Ekosistem | Balai Besar Konservasi Sumber Daya Alam Riau | Bidang Konservasi Sumber Daya Alam Wilayah II | Seksi Konservasi Wilayah IV,1,0,4500000,6000000,36,0,0,0
8e15ba93-7df2-4c51-9ba6-b3389a16110f,Kementerian Lingkungan Hidup dan Kehutanan,CPNS,UMUM,PELATIH DAN PERAWAT SATWA LIAR,KEMENTERIAN LINGKUNGAN HIDUP DAN KEHUTANAN | Direktorat Jenderal Konservasi Sumber Daya Alam dan Ekosistem | Balai Konservasi Sumber Daya Alam Aceh | Seksi Konservasi Wilayah I,2,0,4500000,6000000,152,0,0,0
90d6efd4-e28d-476c-b928-bdcadd222b36,Kementerian Lingkungan Hidup dan Kehutanan,CPNS,UMUM,PELATIH DAN PERAWAT SATWA LIAR,KEMENTERIAN LINGKUNGAN HIDUP DAN KEHUTANAN | Direktorat Jenderal Konservasi Sumber Daya Alam dan Ekosistem | Balai Besar Konservasi Sumber Daya Alam Papua | Bidang Konservasi Sumber Daya Alam Wilayah I | Seksi Konservasi Wilayah I,1,0,4500000,6000000,66,0,0,0
a139ade5-2f03-4236-9bab-10c9412a5424,Kementerian Lingkungan Hidup dan Kehutanan,CPNS,UMUM,PELATIH DAN PERAWAT SATWA LIAR,KEMENTERIAN LINGKUNGAN HIDUP DAN KEHUTANAN | Direktorat Jenderal Konservasi Sumber Daya Alam dan Ekosistem | Balai Konservasi Sumber Daya Alam Sumatera Selatan | Seksi Konservasi Wilayah II,1,0,4500000,6000000,110,0,0,0
a89942cb-d5ad-4e13-ab34-16f41305f58a,Kementerian Lingkungan Hidup dan Kehutanan,CPNS,UMUM,PELATIH DAN PERAWAT SATWA LIAR,KEMENTERIAN LINGKUNGAN HIDUP DAN KEHUTANAN | Direktorat Jenderal Konservasi Sumber Daya Alam dan Ekosistem | Balai Taman Nasional Rawa Aopa Watumohai | Seksi Pengelolaan Taman Nasional Wilayah III,1,0,4500000,6000000,38,0,0,0
ad24ee21-df85-4ef3-9a21-df651929a449,Kementerian Lingkungan Hidup dan Kehutanan,CPNS,UMUM,PELATIH DAN PERAWAT SATWA LIAR,KEMENTERIAN LINGKUNGAN HIDUP DAN KEHUTANAN | Direktorat Jenderal Konservasi Sumber Daya Alam dan Ekosistem | Balai Konservasi Sumber Daya Alam Sumatera Barat | Seksi Konservasi Wilayah I,1,0,4500000,6000000,113,0,0,0
b8e88404-92d8-44f6-a125-30a38d3fbe80,Kementerian Lingkungan Hidup dan Kehutanan,CPNS,UMUM,PELATIH DAN PERAWAT SATWA LIAR,KEMENTERIAN LINGKUNGAN HIDUP DAN KEHUTANAN | Direktorat Jenderal Konservasi Sumber Daya Alam dan Ekosistem | Balai Besar Taman Nasional Bukit Barisan Selatan | Bidang Pengelolaan Taman Nasional Wilayah I | Seksi Pengelolaan Taman Nasional Wilayah I,3,0,4500000,6000000,172,0,0,0
bb60e0ba-43d4-47d7-8fbb-48e5fb7b8ffc,Kementerian Lingkungan Hidup dan Kehutanan,CPNS,UMUM,PELATIH DAN PERAWAT SATWA LIAR,KEMENTERIAN LINGKUNGAN HIDUP DAN KEHUTANAN | Direktorat Jenderal Konservasi Sumber Daya Alam dan Ekosistem | Balai Taman Nasional Kepulauan Seribu | Seksi Pengelolaan Taman Nasional Wilayah III,1,0,4500000,6000000,95,0,0,0
c9b7b209-225d-4be2-ad73-29f05c57b14a,Kementerian Lingkungan Hidup dan Kehutanan,CPNS,UMUM,PELATIH DAN PERAWAT SATWA LIAR,KEMENTERIAN LINGKUNGAN HIDUP DAN KEHUTANAN | Direktorat Jenderal Konservasi Sumber Daya Alam dan Ekosistem | Balai Besar Konservasi Sumber Daya Alam Riau | Bidang Konservasi Sumber Daya Alam Wilayah I | Seksi Konservasi Wilayah I,1,0,4500000,6000000,99,0,0,0
ca302605-0013-42c1-a47d-376b4a7fcb2a,Kementerian Lingkungan Hidup dan Kehutanan,CPNS,UMUM,PELATIH DAN PERAWAT SATWA LIAR,KEMENTERIAN LINGKUNGAN HIDUP DAN KEHUTANAN | Direktorat Jenderal Konservasi Sumber Daya Alam dan Ekosistem | Balai Besar Konservasi Sumber Daya Alam Papua Barat | Bidang Konservasi Sumber Daya Alam Wilayah I | Seksi Konservasi Wilayah II,1,0,4500000,6000000,86,0,0,0
ca3d1c36-4822-4565-afdf-5ab017382e0b,Kementerian Lingkungan Hidup dan Kehutanan,CPNS,UMUM,PELATIH DAN PERAWAT SATWA LIAR,KEMENTERIAN LINGKUNGAN HIDUP DAN KEHUTANAN | Direktorat Jenderal Konservasi Sumber Daya Alam dan Ekosistem | Balai Taman Nasional Kepulauan Seribu | Seksi Pengelolaan Taman Nasional Wilayah I,1,0,4500000,6000000,160,0,0,0
cbf59c35-2e87-4ef3-9f5e-faae7cd73c03,Kementerian Lingkungan Hidup dan Kehutanan,CPNS,UMUM,PELATIH DAN PERAWAT SATWA LIAR,KEMENTERIAN LINGKUNGAN HIDUP DAN KEHUTANAN | Direktorat Jenderal Konservasi Sumber Daya Alam dan Ekosistem | Balai Besar Konservasi Sumber Daya Alam Sumatera Utara | Bidang Konservasi Sumber Daya Alam Wilayah III | Seksi Konservasi Wilayah V,1,0,4500000,6000000,31,0,0,0
d0ed55ea-4d9b-4521-ae51-0bbd4f3e0c70,Kementerian Lingkungan Hidup dan Kehutanan,CPNS,UMUM,PELATIH DAN PERAWAT SATWA LIAR,KEMENTERIAN LINGKUNGAN HIDUP DAN KEHUTANAN | Direktorat Jenderal Konservasi Sumber Daya Alam dan Ekosistem | Balai Konservasi Sumber Daya Alam Jambi | Seksi Konservasi Wilayah I,1,0,4500000,6000000,96,0,0,0
d9a7c108-5df1-4fc9-951d-5b2068474358,Kementerian Lingkungan Hidup dan Kehutanan,CPNS,UMUM,PELATIH DAN PERAWAT SATWA LIAR,KEMENTERIAN LINGKUNGAN HIDUP DAN KEHUTANAN | Direktorat Jenderal Konservasi Sumber Daya Alam dan Ekosistem | Balai Konservasi Sumber Daya Alam Jambi | Seksi Konservasi Wilayah II,1,0,4500000,6000000,96,0,0,0
ee77a290-0a5b-42c9-a9f9-dd6a09ead73c,Kementerian Lingkungan Hidup dan Kehutanan,CPNS,UMUM,PELATIH DAN PERAWAT SATWA LIAR,KEMENTERIAN LINGKUNGAN HIDUP DAN KEHUTANAN | Direktorat Jenderal Konservasi Sumber Daya Alam dan Ekosistem | Balai Taman Nasional Way Kambas | Seksi Pengelolaan Taman Nasional Wilayah II,3,0,4500000,6000000,340,0,0,0
f19ad37c-b9b3-45f4-b615-ff4390367be4,Kementerian Lingkungan Hidup dan Kehutanan,CPNS,UMUM,PELATIH DAN PERAWAT SATWA LIAR,KEMENTERIAN LINGKUNGAN HIDUP DAN KEHUTANAN | Direktorat Jenderal Konservasi Sumber Daya Alam dan Ekosistem | Balai Besar Konservasi Sumber Daya Alam Sumatera Utara | Bidang Konservasi Sumber Daya Alam Wilayah I | Seksi Konservasi Wilayah II,1,0,4500000,6000000,112,0,0,0
f835ac04-3b87-4e79-811b-0655a471ee8d,Kementerian Lingkungan Hidup dan Kehutanan,CPNS,UMUM,PELATIH DAN PERAWAT SATWA LIAR,KEMENTERIAN LINGKUNGAN HIDUP DAN KEHUTANAN | Direktorat Jenderal Konservasi Sumber Daya Alam dan Ekosistem | Balai Konservasi Sumber Daya Alam Sumatera Selatan | Seksi Konservasi Wilayah III,2,0,4500000,6000000,211,0,0,0
f9a26b9a-7a5b-45a4-b283-3ac9067d740b,Kementerian Lingkungan Hidup dan Kehutanan,CPNS,UMUM,PELATIH DAN PERAWAT SATWA LIAR,KEMENTERIAN LINGKUNGAN HIDUP DAN KEHUTANAN | Direktorat Jenderal Konservasi Sumber Daya Alam dan Ekosistem | Balai Taman Nasional Tesso Nilo | Seksi Pengelolaan Taman Nasional Wilayah I,3,0,4500000,6000000,134,0,0,0
fca02e15-f614-4451-9d2e-511b9d2fb03a,Kementerian Lingkungan Hidup dan Kehutanan,CPNS,UMUM,PELATIH DAN PERAWAT SATWA LIAR,KEMENTERIAN LINGKUNGAN HIDUP DAN KEHUTANAN | Direktorat Jenderal Konservasi Sumber Daya Alam dan Ekosistem | Balai Besar Taman Nasional Bukit Barisan Selatan | Bidang Pengelolaan Taman Nasional Wilayah II | Seksi Pengelolaan Taman Nasional Wilayah III,3,0,4500000,6000000,164,0,0,0
fe2968b1-9958-4e04-96ae-d20df58c44aa,Kementerian Lingkungan Hidup dan Kehutanan,CPNS,UMUM,PELATIH DAN PERAWAT SATWA LIAR,KEMENTERIAN LINGKUNGAN HIDUP DAN KEHUTANAN | Direktorat Jenderal Konservasi Sumber Daya Alam dan Ekosistem | Balai Konservasi Sumber Daya Alam Bengkulu | Seksi Konservasi Wilayah III,1,0,4500000,6000000,22,0,0,0
50cfdd67-dff4-438b-bac9-57fb7ffea707,Kementerian Lingkungan Hidup dan Kehutanan,CPNS,UMUM,PETUGAS PENGAMAN HUTAN DAN HASIL HUTAN,KEMENTERIAN LINGKUNGAN HIDUP DAN KEHUTANAN | Direktorat Jenderal Konservasi Sumber Daya Alam dan Ekosistem | Balai Taman Nasional Wakatobi | Seksi Pengelolaan Taman Nasional Wilayah I,1,0,4500000,6000000,936,0,0,0
8c1eea0e-28a9-4bd6-b325-7e99afef9c53,Kementerian Lingkungan Hidup dan Kehutanan,CPNS,UMUM,PETUGAS PENGAMAN HUTAN DAN HASIL HUTAN,KEMENTERIAN LINGKUNGAN HIDUP DAN KEHUTANAN | Direktorat Jenderal Konservasi Sumber Daya Alam dan Ekosistem | Balai Taman Nasional Tambora | Seksi Pengelolaan Taman Nasional Wilayah I,1,0,4500000,6000000,1026,0,0,0
8a0284b99173225701918caabf2b5903,"Kementerian Pendidikan, Kebudayaan, Riset dan Teknologi",CPNS,PUTRA/PUTRI PAPUA DAN PAPUA BARAT,POLISI KHUSUS CAGAR BUDAYA,"KEMENTERIAN PENDIDIKAN, KEBUDAYAAN, RISET, DAN TEKNOLOGI | Direktorat Jenderal Kebudayaan | Balai Pelestarian Kebudayaan Wilayah XXII | Subbagian Umum",1,1,2436420,6093690,38,0,0,0
8a0284b99173225701918cac1e62592b,"Kementerian Pendidikan, Kebudayaan, Riset dan Teknologi",CPNS,PUTRA/PUTRI PAPUA DAN PAPUA BARAT,POLISI KHUSUS CAGAR BUDAYA,"KEMENTERIAN PENDIDIKAN, KEBUDAYAAN, RISET, DAN TEKNOLOGI | Direktorat Jenderal Kebudayaan | Balai Pelestarian Kebudayaan Wilayah XXIII | Subbagian Umum",1,1,2436420,6093690,19,0,0,0
04f9959d-75bf-4e4e-aad8-9cc76420062e,"Kementerian Pendidikan, Kebudayaan, Riset dan Teknologi",CPNS,UMUM,POLISI KHUSUS CAGAR BUDAYA,"KEMENTERIAN PENDIDIKAN, KEBUDAYAAN, RISET, DAN TEKNOLOGI | Direktorat Jenderal Kebudayaan | Balai Pelestarian Kebudayaan Wilayah VI | Subbagian Umum",1,1,2436420,6093690,274,0,0,0
083c921c-c095-405c-ae1e-5cbd070f6e4b,"Kementerian Pendidikan, Kebudayaan, Riset dan Teknologi",CPNS,UMUM,POLISI KHUSUS CAGAR BUDAYA,"KEMENTERIAN PENDIDIKAN, KEBUDAYAAN, RISET, DAN TEKNOLOGI | Direktorat Jenderal Kebudayaan | Balai Pelestarian Kebudayaan Wilayah I | Subbagian Umum",3,1,2436420,6093690,1186,0,0,0
1062a4e4-97e1-40c3-b410-59abd19eb7e2,"Kementerian Pendidikan, Kebudayaan, Riset dan Teknologi",CPNS,UMUM,POLISI KHUSUS CAGAR BUDAYA,"KEMENTERIAN PENDIDIKAN, KEBUDAYAAN, RISET, DAN TEKNOLOGI | Direktorat Jenderal Kebudayaan | Balai Pelestarian Kebudayaan Wilayah XVIII | Subbagian Umum",2,1,2436420,6093690,144,0,0,0
2dc6d021-85cc-46a3-89a5-b7b193563482,"Kementerian Pendidikan, Kebudayaan, Riset dan Teknologi",CPNS,UMUM,POLISI KHUSUS CAGAR BUDAYA,"KEMENTERIAN PENDIDIKAN, KEBUDAYAAN, RISET, DAN TEKNOLOGI | Direktorat Jenderal Kebudayaan | Balai Pelestarian Kebudayaan Wilayah XXII | Subbagian Umum",2,1,2436420,6093690,62,0,0,0
358b60de-28cd-4ed7-9c0f-6ad84d5fce1d,"Kementerian Pendidikan, Kebudayaan, Riset dan Teknologi",CPNS,UMUM,POLISI KHUSUS CAGAR BUDAYA,"KEMENTERIAN PENDIDIKAN, KEBUDAYAAN, RISET, DAN TEKNOLOGI | Direktorat Jenderal Kebudayaan | Balai Pelestarian Kebudayaan Wilayah IV | Subbagian Umum",3,1,2436420,6093690,801,0,0,0
3cb13d71-dc64-4fe7-afbc-f518305737a4,"Kementerian Pendidikan, Kebudayaan, Riset dan Teknologi",CPNS,UMUM,POLISI KHUSUS CAGAR BUDAYA,"KEMENTERIAN PENDIDIKAN, KEBUDAYAAN, RISET, DAN TEKNOLOGI | Direktorat Jenderal Kebudayaan | Balai Pelestarian Kebudayaan Wilayah XXIII | Subbagian Umum",2,1,2436420,6093690,56,0,0,0
53953d88-20a8-415f-bf60-7fa26e1dd755,"Kementerian Pendidikan, Kebudayaan, Riset dan Teknologi",CPNS,UMUM,POLISI KHUSUS CAGAR BUDAYA,"KEMENTERIAN PENDIDIKAN, KEBUDAYAAN, RISET, DAN TEKNOLOGI | Direktorat Jenderal Kebudayaan | Balai Pelestarian Kebudayaan Wilayah XIV | Subbagian Umum",3,1,2436420,6093690,339,0,0,0
55a91c8b-c73b-4b67-b8b0-dee2dd5de80a,"Kementerian Pendidikan, Kebudayaan, Riset dan Teknologi",CPNS,UMUM,POLISI KHUSUS CAGAR BUDAYA,"KEMENTERIAN PENDIDIKAN, KEBUDAYAAN, RISET, DAN TEKNOLOGI | Direktorat Jenderal Kebudayaan | Balai Pelestarian Kebudayaan Wilayah VII | Subbagian Umum",1,1,2436420,6093690,227,0,0,0
8279999c-7a40-44d8-89a9-e79f0fda503a,"Kementerian Pendidikan, Kebudayaan, Riset dan Teknologi",CPNS,UMUM,POLISI KHUSUS CAGAR BUDAYA,"KEMENTERIAN PENDIDIKAN, KEBUDAYAAN, RISET, DAN TEKNOLOGI | Direktorat Jenderal Kebudayaan | Balai Pelestarian Kebudayaan Wilayah XX | Subbagian Umum",2,1,2436420,6093690,69,0,0,0
88dd6b82-9aa3-40c8-a0af-70eb81d32f59,"Kementerian Pendidikan, Kebudayaan, Riset dan Teknologi",CPNS,UMUM,POLISI KHUSUS CAGAR BUDAYA,"KEMENTERIAN PENDIDIKAN, KEBUDAYAAN, RISET, DAN TEKNOLOGI | Direktorat Jenderal Kebudayaan | Balai Pelestarian Kebudayaan Wilayah XXI | Subbagian Umum",2,1,2436420,6093690,52,0,0,0
8e3ebc64-ae5b-473a-a76a-ea6be7b05393,"Kementerian Pendidikan, Kebudayaan, Riset dan Teknologi",CPNS,UMUM,POLISI KHUSUS CAGAR BUDAYA,"KEMENTERIAN PENDIDIKAN, KEBUDAYAAN, RISET, DAN TEKNOLOGI | Direktorat Jenderal Kebudayaan | Balai Pelestarian Kebudayaan Wilayah XIII | Subbagian Umum",3,1,2436420,6093690,239,0,0,0
ac1d6a27-ea4d-498b-8a07-6d56e37c7d66,"Kementerian Pendidikan, Kebudayaan, Riset dan Teknologi",CPNS,UMUM,POLISI KHUSUS CAGAR BUDAYA,"KEMENTERIAN PENDIDIKAN, KEBUDAYAAN, RISET, DAN TEKNOLOGI | Direktorat Jenderal Kebudayaan | Balai Pelestarian Kebudayaan Wilayah XVI | Subbagian Umum",2,1,2436420,6093690,89,0,0,0
b14845ff-01e8-4b32-b6b1-ca14ade218fd,"Kementerian Pendidikan, Kebudayaan, Riset dan Teknologi",CPNS,UMUM,POLISI KHUSUS CAGAR BUDAYA,"KEMENTERIAN PENDIDIKAN, KEBUDAYAAN, RISET, DAN TEKNOLOGI | Direktorat Jenderal Kebudayaan | Balai Pelestarian Kebudayaan Wilayah V | Subbagian Umum",3,1,2436420,6093690,846,0,0,0
b75df735-ee80-4c19-9ba9-654964e9d391,"Kementerian Pendidikan, Kebudayaan, Riset dan Teknologi",CPNS,UMUM,POLISI KHUSUS CAGAR BUDAYA,"KEMENTERIAN PENDIDIKAN, KEBUDAYAAN, RISET, DAN TEKNOLOGI | Direktorat Jenderal Kebudayaan | Balai Pelestarian Kebudayaan Wilayah II | Subbagian Umum",3,1,2436420,6093690,934,0,0,0
bd5283da-3b30-4a9a-861f-d2caf6395133,"Kementerian Pendidikan, Kebudayaan, Riset dan Teknologi",CPNS,UMUM,POLISI KHUSUS CAGAR BUDAYA,"KEMENTERIAN PENDIDIKAN, KEBUDAYAAN, RISET, DAN TEKNOLOGI | Direktorat Jenderal Kebudayaan | Balai Pelestarian Kebudayaan Wilayah XVII | Subbagian Umum",3,1,2436420,6093690,304,0,0,0
c76cd870-acec-44aa-a0d9-310974ac6fc2,"Kementerian Pendidikan, Kebudayaan, Riset dan Teknologi",CPNS,UMUM,POLISI KHUSUS CAGAR BUDAYA,"KEMENTERIAN PENDIDIKAN, KEBUDAYAAN, RISET, DAN TEKNOLOGI | Direktorat Jenderal Kebudayaan | Balai Pelestarian Kebudayaan Wilayah XII | Subbagian Umum",3,1,2436420,6093690,289,0,0,0
f8c17f20-2b85-4082-882c-97b089aca955,"Kementerian Pendidikan, Kebudayaan, Riset dan Teknologi",CPNS,UMUM,POLISI KHUSUS CAGAR BUDAYA,"KEMENTERIAN PENDIDIKAN, KEBUDAYAAN, RISET, DAN TEKNOLOGI | Direktorat Jenderal Kebudayaan | Balai Pelestarian Kebudayaan Wilayah VIII | Subbagian Umum",3,1,2436420,6093690,1879,0,0,0
8a018692915486670191551a5e114e94,Kementerian Pertahanan,CPNS,PUTRA/PUTRI KALIMANTAN,KATALOGER PEMULA,Pertahanan Keamanan (Hankam) | TNI AD | MABESAD | DENMA MABESAD,2,0,2000000,5000000,42,0,0,0
8a018692915486670191551af0c94ecb,Kementerian Pertahanan,CPNS,PUTRA/PUTRI KALIMANTAN,KATALOGER PEMULA,Pertahanan Keamanan (Hankam) | TNI AD | MABESAD | SAHLI KASAD,2,0,2000000,5000000,14,0,0,0
04ad7f16-e311-4531-8b95-96b3bd82ce57,Kementerian Pertahanan,CPNS,UMUM,KATALOGER PEMULA,Pertahanan Keamanan (Hankam) | TNI AD | RSPAD GATOT SOEBROTO | INSTALASI GUDMAT,8,0,2000000,5000000,70,0,0,0
102faeca-9e6e-4d11-88e8-0d1eb7e65487,Kementerian Pertahanan,CPNS,UMUM,KATALOGER PEMULA,Pertahanan Keamanan (Hankam) | TNI AD | DITTOPAD,8,0,2000000,5000000,14,0,0,0
10554217-3253-4e97-b6b9-d0f82af141f4,Kementerian Pertahanan,CPNS,UMUM,KATALOGER PEMULA,Pertahanan Keamanan (Hankam) | TNI AD | KODAM IX/UDY | DENMADAM IX/UDY,8,0,2000000,5000000,93,0,0,0
10fb3aaf-3cab-4b97-b2d5-e247b5f21e24,Kementerian Pertahanan,CPNS,UMUM,KATALOGER PEMULA,Pertahanan Keamanan (Hankam) | TNI AD | PUSINTELAD,8,0,2000000,5000000,27,0,0,0
17a6b923-564f-475d-9de2-469f9a86f34a,Kementerian Pertahanan,CPNS,UMUM,KATALOGER PEMULA,Pertahanan Keamanan (Hankam) | TNI AD | PUSPOMAD | Denma Puspomad,8,0,2000000,5000000,24,0,0,0
1a9339bd-04a9-4d34-9d47-a87673a5d9c1,Kementerian Pertahanan,CPNS,UMUM,KATALOGER PEMULA,Pertahanan Keamanan (Hankam) | TNI AD | KOPASSUS | DENMA KOPASSUS,8,0,2000000,5000000,66,0,0,0
22b220bd-eb50-4de3-9034-96d24e62a0d4,Kementerian Pertahanan,CPNS,UMUM,KATALOGER PEMULA,Pertahanan Keamanan (Hankam) | TNI AD | ITJENAD,8,0,2000000,5000000,22,0,0,0
2f6a3683-310a-40fb-86f9-3bb0d68c6d78,Kementerian Pertahanan,CPNS,UMUM,KATALOGER PEMULA,Pertahanan Keamanan (Hankam) | TNI AD | KOSTRAD | DENMA KOSTRAD,8,0,2000000,5000000,36,0,0,0
3182b1fd-a298-42f8-ad59-4860b486d6c0,Kementerian Pertahanan,CPNS,UMUM,KATALOGER PEMULA,Pertahanan Keamanan (Hankam) | TNI AD | DISPSIAD,8,0,2000000,5000000,36,0,0,0
3297afeb-25d0-4961-b5e3-bd24f6fbb220,Kementerian Pertahanan,CPNS,UMUM,KATALOGER PEMULA,Pertahanan Keamanan (Hankam) | TNI AD | PUSPENERBAD | DENMA PUSPENERBAD,8,0,2000000,5000000,43,0,0,0
3422a25e-5655-4060-a951-f99037385668,Kementerian Pertahanan,CPNS,UMUM,KATALOGER PEMULA,Pertahanan Keamanan (Hankam) | TNI AD | PUSSENARMED,8,0,2000000,5000000,36,0,0,0
40332222-775a-43db-a9e6-eeef308553d6,Kementerian Pertahanan,CPNS,UMUM,KATALOGER PEMULA,Pertahanan Keamanan (Hankam) | TNI AD | KODAM XII/TPR | DENMADAM XII/TPR,8,0,2000000,5000000,95,0,0,0
41d08426-b22d-4fc0-8827-b70a2d540106,Kementerian Pertahanan,CPNS,UMUM,KATALOGER PEMULA,Pertahanan Keamanan (Hankam) | TNI AD | DITKUAD,8,0,2000000,8000000,35,0,0,0
44141f37-1a70-42af-b2ba-6e4f924bdd0b,Kementerian Pertahanan,CPNS,UMUM,KATALOGER PEMULA,Pertahanan Keamanan (Hankam) | TNI AD | KODAM IM | DENMADAM IM,8,0,2000000,5000000,114,0,0,0
4d46d8c9-5644-415a-8f05-10d976e06303,Kementerian Pertahanan,CPNS,UMUM,KATALOGER PEMULA,Pertahanan Keamanan (Hankam) | TNI AD | PUSSENARHANUD TNI AD | DENMA,8,0,2000000,5000000,33,0,0,0
5038418d-3c1b-4dfa-9adb-5f10e0d7412f,Kementerian Pertahanan,CPNS,UMUM,KATALOGER PEMULA,Pertahanan Keamanan (Hankam) | TNI AD | KODAM JAYA | DENMADAM JAYA,10,0,2000000,5000000,147,0,0,0
566af93f-dedb-4818-b820-1cfbd744a1bb,Kementerian Pertahanan,CPNS,UMUM,KATALOGER PEMULA,Pertahanan Keamanan (Hankam) | TNI AD | DISJASAD,8,0,2000000,5000000,32,0,0,0
5a17e104-628f-496a-9a73-459e4e90a625,Kementerian Pertahanan,CPNS,UMUM,KATALOGER PEMULA,Pertahanan Keamanan (Hankam) | TNI AD | DISPENAD,8,0,2000000,5000000,20,0,0,0
5c283704-6dc6-4936-bdbd-43195b64e4d0,Kementerian Pertahanan,CPNS,UMUM,KATALOGER PEMULA,Pertahanan Keamanan (Hankam) | TNI AD | KODAM XIV/HSN | DENMADAM XIV/HSN,8,0,2000000,5000000,175,0,0,0
5cd9daae-07e6-4a0c-9570-56a8bd58526e,Kementerian Pertahanan,CPNS,UMUM,KATALOGER PEMULA,Pertahanan Keamanan (Hankam) | TNI AD | PUSPALAD,8,0,2000000,5000000,17,0,0,0
5d83189b-430b-4829-9365-b929a2bb0b2b,Kementerian Pertahanan,CPNS,UMUM,KATALOGER PEMULA,Pertahanan Keamanan (Hankam) | TNI AD | KODAM XVIII/KSR | DENMADAM XVIII/KSR,10,0,2000000,5000000,43,0,0,0
6779d452-ebff-4179-9e7a-dc68da1a7f7f,Kementerian Pertahanan,CPNS,UMUM,KATALOGER PEMULA,Pertahanan Keamanan (Hankam) | TNI AL | MABESAL | DISBEKAL,4,0,2000000,3000000,27,0,0,0
6e3ce7df-a090-4d6f-895b-0647971ffcaf,Kementerian Pertahanan,CPNS,UMUM,KATALOGER PEMULA,Pertahanan Keamanan (Hankam) | TNI AD | DITKUMAD,8,0,2000000,5000000,22,0,0,0
6ee19bc1-2920-4a54-b1b7-3b1b2a1a418b,Kementerian Pertahanan,CPNS,UMUM,KATALOGER PEMULA,Pertahanan Keamanan (Hankam) | TNI AD | PUSZIAD,8,0,2000000,5000000,22,0,0,0
7585f14b-bcc4-40ab-8105-f20ee385aa2a,Kementerian Pertahanan,CPNS,UMUM,KATALOGER PEMULA,Pertahanan Keamanan (Hankam) | TNI AD | KODAM III/SLW | DENMADAM III/SLW,10,0,2000000,5000000,189,0,0,0
807a546c-b3b1-4abc-a59e-e117e3fe6afd,Kementerian Pertahanan,CPNS,UMUM,KATALOGER PEMULA,Pertahanan Keamanan (Hankam) | TNI AD | PUSSANSIAD,8,0,2000000,5000000,17,0,0,0
80d42349-ca07-4e85-afe8-87550e396a38,Kementerian Pertahanan,CPNS,UMUM,KATALOGER PEMULA,Pertahanan Keamanan (Hankam) | TNI AD | PUSKESAD | BAGURDAL,8,0,2000000,5000000,18,0,0,0
82d7d9ab-fde9-4561-aeaa-0b5ffbd81ac8,Kementerian Pertahanan,CPNS,UMUM,KATALOGER PEMULA,Pertahanan Keamanan (Hankam) | TNI AD | PUSHUBAD,8,0,2000000,5000000,23,0,0,0
8c42242e-b114-44e8-9164-c8de5594c108,Kementerian Pertahanan,CPNS,UMUM,KATALOGER PEMULA,Pertahanan Keamanan (Hankam) | TNI AD | PUSSENKAV TNI AD | DENMA,8,0,2000000,5000000,22,0,0,0
8f0e24ee-1260-408b-ab0e-63632f73f557,Kementerian Pertahanan,CPNS,UMUM,KATALOGER PEMULA,Pertahanan Keamanan (Hankam) | TNI AD | KODAM V/BRW | DENMADAM V/BRW,10,0,2000000,5000000,417,0,0,0
96d41f7c-ad7b-4273-8a66-b9f8d7cc27cf,Kementerian Pertahanan,CPNS,UMUM,KATALOGER PEMULA,Pertahanan Keamanan (Hankam) | TNI AD | KODAM VI/MLW | DENMADAM,8,0,2000000,5000000,103,0,0,0
97eca8d3-ba6f-4bd6-a38e-b077e086066f,Kementerian Pertahanan,CPNS,UMUM,KATALOGER PEMULA,Pertahanan Keamanan (Hankam) | TNI AD | DISADAAD,8,0,2000000,5000000,43,0,0,0
9a95826c-2fed-4073-aaf2-3255838a616f,Kementerian Pertahanan,CPNS,UMUM,KATALOGER PEMULA,Pertahanan Keamanan (Hankam) | TNI AD | AKMIL | DENMA,8,0,2000000,5000000,199,0,0,0
a5c1be26-bf9c-405b-b140-fe030cfa5852,Kementerian Pertahanan,CPNS,UMUM,KATALOGER PEMULA,Pertahanan Keamanan (Hankam) | TNI AD | KODAM XVI/PTM | DENMADAM XVI/PTM,8,0,2000000,5000000,48,0,0,0
a86b3cd4-796b-42bd-afd7-9407a5e7616e,Kementerian Pertahanan,CPNS,UMUM,KATALOGER PEMULA,Pertahanan Keamanan (Hankam) | TNI AD | MABESAD | SAHLI KASAD,6,0,2000000,5000000,13,0,0,0
a8b2cc31-a20a-4bbc-936f-264ae0520c45,Kementerian Pertahanan,CPNS,UMUM,KATALOGER PEMULA,Pertahanan Keamanan (Hankam) | TNI AD | KODAM II/SWJ | DENMADAM II/Swj,8,0,2000000,5000000,260,0,0,0
ab1c8ad8-cb11-496b-b766-aa531df5ed0a,Kementerian Pertahanan,CPNS,UMUM,KATALOGER PEMULA,Pertahanan Keamanan (Hankam) | TNI AD | DITAJENAD,12,0,2000000,5000000,395,0,0,0
b0edb8c0-686d-4c03-bf39-272d32c90aa0,Kementerian Pertahanan,CPNS,UMUM,KATALOGER PEMULA,Pertahanan Keamanan (Hankam) | TNI AD | DISLAIKAD,8,0,2000000,5000000,24,0,0,0
b4eeccca-831e-4635-ae71-c93c626210b0,Kementerian Pertahanan,CPNS,UMUM,KATALOGER PEMULA,Pertahanan Keamanan (Hankam) | TNI AD | KODIKLATAD | DENMA,8,0,2000000,5000000,24,0,0,0
bb87b267-5c22-4b32-aa70-7e085948ab3f,Kementerian Pertahanan,CPNS,UMUM,KATALOGER PEMULA,Pertahanan Keamanan (Hankam) | TNI AD | KODAM I/BB | DENMADAM I/BB,8,0,2000000,5000000,259,0,0,0
bbec596f-9de4-4f60-8fb6-3b3545f953a2,Kementerian Pertahanan,CPNS,UMUM,KATALOGER PEMULA,Pertahanan Keamanan (Hankam) | TNI AD | SECAPAAD | DENMA,8,0,2000000,5000000,33,0,0,0
bc6326be-861c-4e6b-a124-beb8da8fe01e,Kementerian Pertahanan,CPNS,UMUM,KATALOGER PEMULA,Pertahanan Keamanan (Hankam) | TNI AD | MABESAD | DENMA MABESAD,9,0,2000000,5000000,111,0,0,0
bcffaaff-6a2e-4cad-b48c-f05fb7b658ab,Kementerian Pertahanan,CPNS,UMUM,KATALOGER PEMULA,Pertahanan Keamanan (Hankam) | TNI AD | PUSTERAD,8,0,2000000,5000000,19,0,0,0
c609d780-8574-4bbb-baf8-a53413755d7d,Kementerian Pertahanan,CPNS,UMUM,KATALOGER PEMULA,Pertahanan Keamanan (Hankam) | TNI AD | DISINFOLAHTAD,8,0,2000000,5000000,19,0,0,0
cafd450a-54aa-4707-aa5a-803a5eede73a,Kementerian Pertahanan,CPNS,UMUM,KATALOGER PEMULA,Pertahanan Keamanan (Hankam) | TNI AD | DISJARAHAD,8,0,2000000,5000000,41,0,0,0
ce572f69-2382-4f5a-a976-fe468f598c2a,Kementerian Pertahanan,CPNS,UMUM,KATALOGER PEMULA,Pertahanan Keamanan (Hankam) | TNI AD | DISLITBANGAD,8,0,2000000,5000000,27,0,0,0
d123217e-0853-4350-8340-ff2f7c2d320c,Kementerian Pertahanan,CPNS,UMUM,KATALOGER PEMULA,Pertahanan Keamanan (Hankam) | TNI AL | MABESAL | DISBEKAL | DOPUSBEKTIM,10,0,2000000,3000000,169,0,0,0
d1e44c7d-c210-42cc-b821-a444632e6d96,Kementerian Pertahanan,CPNS,UMUM,KATALOGER PEMULA,Pertahanan Keamanan (Hankam) | TNI AD | SESKOAD,8,0,2000000,5000000,24,0,0,0
d371c14c-4093-4318-aa6a-5027340de86e,Kementerian Pertahanan,CPNS,UMUM,KATALOGER PEMULA,Pertahanan Keamanan (Hankam) | TNI AD | PUSSENIF - TNI AD | DENMA,8,0,2000000,5000000,37,0,0,0
d59fe2d2-07fe-4610-8637-617912707e19,Kementerian Pertahanan,CPNS,UMUM,KATALOGER PEMULA,Pertahanan Keamanan (Hankam) | TNI AD | KODAM XIII/MDK | DENMADAM XIII/MDK,8,0,2000000,5000000,38,0,0,0
e6049228-5706-47ed-aaa8-cb771a9c79a6,Kementerian Pertahanan,CPNS,UMUM,KATALOGER PEMULA,Pertahanan Keamanan (Hankam) | TNI AD | PUSBEKANGAD,8,0,2000000,5000000,32,0,0,0
edb71ba3-4e5f-46eb-a64c-571c8e4ea46f,Kementerian Pertahanan,CPNS,UMUM,KATALOGER PEMULA,Pertahanan Keamanan (Hankam) | TNI AD | KODAM IV/DIP | DENMADAM IV/DIP,10,0,2000000,5000000,359,0,0,0
fbba2932-d4ff-4f3b-ad0a-a4196770db22,Kementerian Pertahanan,CPNS,UMUM,KATALOGER PEMULA,Pertahanan Keamanan (Hankam) | TNI AD | DISBINTALAD,8,0,2000000,5000000,24,0,0,0
fdad9f53-07d1-4354-9cdb-2cd0354ada13,Kementerian Pertahanan,CPNS,UMUM,KATALOGER PEMULA,Pertahanan Keamanan (Hankam) | TNI AD | KODAM XVII/CEN | DENMADAM XVII/CEN,10,0,2000000,5000000,71,0,0,0
0260a295-a06c-43b1-8609-ec6f3a2a0b6d,Kementerian Pertahanan,CPNS,UMUM,OPERATOR LAYANAN KESEHATAN,Pertahanan Keamanan (Hankam) | TNI AL | MABESAL | DISKESAL | LAKESLA,2,0,2000000,3000000,3,0,0,0
02758ce9-61fa-486a-bcaa-74278ec86e65,Kementerian Pertahanan,CPNS,UMUM,OPERATOR LAYANAN KESEHATAN,Pertahanan Keamanan (Hankam) | TNI AL | KOARMADA RI | KOARMADA I | LANTAMAL I | LANAL SABANG | RUMKITAL J. LILIPORY | Bag Minmed,1,0,2500000,3500000,4,0,0,0
0ea971b2-57fc-442a-b8ea-741f69e72b90,Kementerian Pertahanan,CPNS,UMUM,OPERATOR LAYANAN KESEHATAN,Pertahanan Keamanan (Hankam) | TNI AD | KODAM JAYA | KESDAM JAYA,10,0,2000000,5000000,196,0,0,0
16e6873a-6157-4215-8ab3-028022ccc780,Kementerian Pertahanan,CPNS,UMUM,OPERATOR LAYANAN KESEHATAN,Pertahanan Keamanan (Hankam) | TNI AD | KODAM XIII/MDK | KESDAM XIII/MDK,10,0,2000000,5000000,40,0,0,0
189211c6-24a3-4e4f-9b6c-0e13c8fbd8e6,Kementerian Pertahanan,CPNS,UMUM,OPERATOR LAYANAN KESEHATAN,Pertahanan Keamanan (Hankam) | TNI AL | KORMAR | RUMKITALMAR CILANDAK | BAG KITLAM | SUBBAG KITLAM BAG KITLAM RUMKITALMAR CILANDAK MAKO KORMAR | POLI KLINIK KITLAM SUBBAG KITLAM BAG KITLAM RUMKITALMAR CILANDAK MAKO KORMAR,1,0,1500000,2500000,5,0,0,0
19c123f8-11cb-41e6-a21b-d891ed5ef30b,Kementerian Pertahanan,CPNS,UMUM,OPERATOR LAYANAN KESEHATAN,Pertahanan Keamanan (Hankam) | TNI AL | KOARMADA RI | KOARMADA II | LANTAMAL VII | LANAL LABUHAN BAJO | BP LANAL LABUHAN BAJO,1,0,2000000,3000000,2,0,0,0
1b7dfbe3-1eaa-4f53-8903-e99bc30a4b01,Kementerian Pertahanan,CPNS,UMUM,OPERATOR LAYANAN KESEHATAN,Pertahanan Keamanan (Hankam) | TNI AL | KOARMADA RI | KOARMADA III | LANTAMAL XIV | LANAL MOROTAI | BP LANAL MOROTAI,2,0,2000000,3000000,3,0,0,0
1e330512-0ad0-42e2-9004-170c4dab5546,Kementerian Pertahanan,CPNS,UMUM,OPERATOR LAYANAN KESEHATAN,Pertahanan Keamanan (Hankam) | TNI AL | KOARMADA RI | KOARMADA II | LANTAMAL VII | Lanal Maumere | BK LANAL MAUMERE,1,0,2000000,3000000,2,0,0,0
225ccd58-316c-4a2a-b789-36a204367845,Kementerian Pertahanan,CPNS,UMUM,OPERATOR LAYANAN KESEHATAN,Pertahanan Keamanan (Hankam) | TNI AL | PUSPENERBAL | LANUDAL BIAK | BP Lanudal Biak | Bag Minmed,1,0,2000000,3000000,1,0,0,0
2555a2a9-90d6-4d90-8fcf-1a284f80b757,Kementerian Pertahanan,CPNS,UMUM,OPERATOR LAYANAN KESEHATAN,Pertahanan Keamanan (Hankam) | TNI AD | KODAM XVII/CEN | KESDAM XVII/CEN,10,0,2000000,5000000,36,0,0,0
25d9c7d4-1619-4570-875b-f0e233f567d7,Kementerian Pertahanan,CPNS,UMUM,OPERATOR LAYANAN KESEHATAN,Pertahanan Keamanan (Hankam) | TNI AL | KOARMADA RI | KOARMADA II | LANTAMAL V | DISKES LANTAMAL V | UR TU DISKES LANTAMAL V,1,0,2000000,3000000,6,0,0,0
2cc36cea-ff98-48e9-86bb-87b84973dee1,Kementerian Pertahanan,CPNS,UMUM,OPERATOR LAYANAN KESEHATAN,Pertahanan Keamanan (Hankam) | TNI AD | RSPAD GATOT SOEBROTO,3,0,2000000,5000000,32,0,0,0
2cea5acf-158c-4ccd-9e83-d1c9f439889f,Kementerian Pertahanan,CPNS,UMUM,OPERATOR LAYANAN KESEHATAN,Pertahanan Keamanan (Hankam) | TNI AL | KOARMADA RI | KOARMADA II | LANTAMAL VIII | LANAL TAHUNA | BK LANAL TAHUNA,1,0,2000000,3000000,3,0,0,0
311f034d-d421-419f-b186-171f5d42915c,Kementerian Pertahanan,CPNS,UMUM,OPERATOR LAYANAN KESEHATAN,Pertahanan Keamanan (Hankam) | TNI AL | PUSPENERBAL | LANUDAL KUPANG | BP Lanudal Kupang | Bag Minmed,2,0,2000000,3000000,6,0,0,0
319eb0c9-4837-4ba6-95af-26954a6873a2,Kementerian Pertahanan,CPNS,UMUM,OPERATOR LAYANAN KESEHATAN,Pertahanan Keamanan (Hankam) | TNI AL | KOARMADA RI | KOARMADA II | DISKES KOARMADA II | RUMKITAL DR IDRIS SIREGAR DISKES ARMADA II | UR KESLA RUMKIT DR.IDRIS SIREGAR DISKES KOARMADA II | UR UGD KESLA DR.IDRIS SIREGAR DISKES KOARMADA II,1,0,2000000,3000000,3,0,0,0
34844922-6c3b-4898-9bf1-f921d484c233,Kementerian Pertahanan,CPNS,UMUM,OPERATOR LAYANAN KESEHATAN,Pertahanan Keamanan (Hankam) | TNI AL | KOARMADA RI | KOARMADA II | LANTAMAL V | LANAL CILACAP | BALAI KESEHATAN,2,0,2000000,3000000,14,0,0,0
387e1069-0e2d-4274-99ff-5b83acbe5cbd,Kementerian Pertahanan,CPNS,UMUM,OPERATOR LAYANAN KESEHATAN,Pertahanan Keamanan (Hankam) | TNI AD | KODAM III/SLW | KESDAM III/SLW,10,0,2000000,5000000,245,0,0,0
4b356d08-f284-4b59-9d77-a8f78906bb05,Kementerian Pertahanan,CPNS,UMUM,OPERATOR LAYANAN KESEHATAN,Pertahanan Keamanan (Hankam) | TNI AL | KOARMADA RI | KOARMADA III | LANTAMAL XI | LANAL TIMIKA | BP LANAL TIMIKA | Bag Minmed,2,0,2000000,3000000,3,0,0,0
4e8c2396-e20e-4dae-aeeb-307d14cab75d,Kementerian Pertahanan,CPNS,UMUM,OPERATOR LAYANAN KESEHATAN,Pertahanan Keamanan (Hankam) | TNI AD | KODAM II/SWJ | KESDAM II/Swj,10,0,2000000,5000000,242,0,0,0
5514bd2b-5bf4-4732-b804-779bcfae774c,Kementerian Pertahanan,CPNS,UMUM,OPERATOR LAYANAN KESEHATAN,Pertahanan Keamanan (Hankam) | TNI AD | KODAM V/BRW | KESDAM V/BRW,10,0,2000000,5000000,339,0,0,0
56ed4be8-0015-4f4e-83c2-bf25f3e7ddf6,Kementerian Pertahanan,CPNS,UMUM,OPERATOR LAYANAN KESEHATAN,Pertahanan Keamanan (Hankam) | TNI AL | KORMAR | MAKO KORMAR | DENMA | BP DENMAKO KORMAR,1,0,1500000,2500000,4,0,0,0
57786598-40f5-4110-a0d6-fbd69eba84ad,Kementerian Pertahanan,CPNS,UMUM,OPERATOR LAYANAN KESEHATAN,Pertahanan Keamanan (Hankam) | TNI AL | KOARMADA RI | KOARMADA I | LANTAMAL III | DISKES LANTAMAL III,1,0,2000000,3000000,6,0,0,0
5a8c978f-4fa6-4a78-9d19-fcdb5c372f07,Kementerian Pertahanan,CPNS,UMUM,OPERATOR LAYANAN KESEHATAN,Pertahanan Keamanan (Hankam) | TNI AL | KOARMADA RI | KOARMADA III | LANTAMAL X | RUMKIT DR. SOEDIBYO SARDADI LANTAMAL X,1,0,2000000,3000000,2,0,0,0
5b039b0b-eebc-49b8-a58c-d4cefb6bb9a2,Kementerian Pertahanan,CPNS,UMUM,OPERATOR LAYANAN KESEHATAN,Pertahanan Keamanan (Hankam) | TNI AL | MABESAL | DISKESAL | RUMKITAL DR RAMELAN | BAG MINMED,1,0,2000000,3000000,12,0,0,0
5b224f3c-bbd3-4145-b651-0969f4752396,Kementerian Pertahanan,CPNS,UMUM,OPERATOR LAYANAN KESEHATAN,Pertahanan Keamanan (Hankam) | TNI AL | KOARMADA RI | KOARMADA I | LANTAMAL III | LANAL BABEL | BK,1,0,2000000,3000000,6,0,0,0
5c21939d-be28-47a3-b810-56e4befae92f,Kementerian Pertahanan,CPNS,UMUM,OPERATOR LAYANAN KESEHATAN,Pertahanan Keamanan (Hankam) | TNI AD | KODAM VI/MLW | KESDAM VI/MLW,10,0,2000000,5000000,127,0,0,0
637c802c-0929-4a18-bac5-110c2b7d80d8,Kementerian Pertahanan,CPNS,UMUM,OPERATOR LAYANAN KESEHATAN,Pertahanan Keamanan (Hankam) | TNI AL | MABESAL | DISKESAL | RUMKITAL DR MIDIYATO SURATANI | SET | SUBBAG TU | UR TU,7,0,2000000,3000000,39,0,0,0
679b5fa8-41c6-4760-acf4-0ad1b34511cb,Kementerian Pertahanan,CPNS,UMUM,OPERATOR LAYANAN KESEHATAN,Pertahanan Keamanan (Hankam) | TNI AL | MABESAL | DISKESAL | RUMKITAL DR RAMELAN,10,0,2000000,3000000,152,0,0,0
68b6bf62-f9ed-4b28-906a-45a4cd4d6007,Kementerian Pertahanan,CPNS,UMUM,OPERATOR LAYANAN KESEHATAN,Pertahanan Keamanan (Hankam) | TNI AL | PUSPENERBAL | LANUDAL SABANG | BP Lanudal Sabang | Bag Minmed,1,0,2000000,3000000,4,0,0,0
6b44cdf8-8eec-4b93-97cc-ed702e4d78c0,Kementerian Pertahanan,CPNS,UMUM,OPERATOR LAYANAN KESEHATAN,Pertahanan Keamanan (Hankam) | TNI AL | MABESAL | DISKESAL | LADOKGI R.E. MARTADINATA,3,0,2500000,3500000,10,0,0,0
6dfd8dcf-f252-4373-96c0-7cdf951208e9,Kementerian Pertahanan,CPNS,UMUM,OPERATOR LAYANAN KESEHATAN,Pertahanan Keamanan (Hankam) | TNI AD | KODAM XVI/PTM | KESDAM XVI/PTM,10,0,2000000,5000000,56,0,0,0
7010a6e1-c5c0-4df7-9532-79690d85968b,Kementerian Pertahanan,CPNS,UMUM,OPERATOR LAYANAN KESEHATAN,Pertahanan Keamanan (Hankam) | TNI AL | KOARMADA RI | KOARMADA III | LANTAMAL XIV | FASHARKAN MANOKWARI LANTAMAL XIV | BP Yugoharto | Bag Minmed,2,0,2000000,3000000,3,0,0,0
727ca626-1469-4da9-9b44-53404faba745,Kementerian Pertahanan,CPNS,UMUM,OPERATOR LAYANAN KESEHATAN,Pertahanan Keamanan (Hankam) | TNI AD | KODAM IX/UDY | KESDAM IX/UDY,10,0,2000000,5000000,105,0,0,0
73cffc77-612d-4cfd-92c7-162495315717,Kementerian Pertahanan,CPNS,UMUM,OPERATOR LAYANAN KESEHATAN,Pertahanan Keamanan (Hankam) | TNI AL | MABESAL | DISKESAL | RUMKITAL DR. MINTOHARDJO | DEP JANGKLIN | SUBDEP GIZI,8,0,2000000,2500000,48,0,0,0
7a90e96d-5e52-4d55-b03e-1d709a8136f4,Kementerian Pertahanan,CPNS,UMUM,OPERATOR LAYANAN KESEHATAN,Pertahanan Keamanan (Hankam) | TNI AD | KODAM XIV/HSN | KESDAM XIV/HSN,10,0,2000000,5000000,163,0,0,0
7ad15651-fb1b-431f-bf0c-5c0d7bbe5160,Kementerian Pertahanan,CPNS,UMUM,OPERATOR LAYANAN KESEHATAN,Pertahanan Keamanan (Hankam) | TNI AL | MABESAL | DISKESAL | LAKESLA | TAUD LAKESLA DISKESAL,2,0,2000000,3000000,3,0,0,0
85b77324-5e83-4f48-ab0d-96ff0ae24584,Kementerian Pertahanan,CPNS,UMUM,OPERATOR LAYANAN KESEHATAN,Pertahanan Keamanan (Hankam) | TNI AL | KOARMADA RI | KOARMADA II | LANTAMAL VII | Lanal Pulau Rote | BP LANAL PULAU ROTE,1,0,2000000,3000000,1,0,0,0
8f074f42-2cc8-4266-b47e-e419fd52e0e6,Kementerian Pertahanan,CPNS,UMUM,OPERATOR LAYANAN KESEHATAN,Pertahanan Keamanan (Hankam) | TNI AL | KOARMADA RI | KOARMADA II | LANTAMAL VII | DISKES LANTAMAL VII | BP OSMOK LANTAMAL VII,1,0,2500000,3500000,2,0,0,0
958781b0-15cb-4721-9dcd-26a1ba2c640b,Kementerian Pertahanan,CPNS,UMUM,OPERATOR LAYANAN KESEHATAN,Pertahanan Keamanan (Hankam) | TNI AL | KOARMADA RI | KOARMADA II | LANTAMAL VIII | RUMKITAL DR WAHYU SLAMET LANTAMAL VIII,3,0,2000000,3000000,9,0,0,0
983ef0f3-66bb-4ef2-b081-ab096d3bdb0e,Kementerian Pertahanan,CPNS,UMUM,OPERATOR LAYANAN KESEHATAN,Pertahanan Keamanan (Hankam) | TNI AD | KODAM IV/DIP | KESDAM IV/DIP | RUMKIT TK.II DR.SOEDJONO,5,0,2000000,5000000,118,0,0,0
9a15d506-89ac-412a-a9ae-2301c2f64470,Kementerian Pertahanan,CPNS,UMUM,OPERATOR LAYANAN KESEHATAN,Pertahanan Keamanan (Hankam) | TNI AL | KOARMADA RI | KOARMADA III | LANTAMAL XIV | LANAL TERNATE | BP LANAL TERNATE,2,0,2000000,3000000,15,0,0,0
9aab6714-c628-4d93-86d3-5b0e4145568b,Kementerian Pertahanan,CPNS,UMUM,OPERATOR LAYANAN KESEHATAN,Pertahanan Keamanan (Hankam) | TNI AD | KODAM IM | KESDAM IM,10,0,2000000,5000000,156,0,0,0
9fe26393-3ca9-455f-b7c2-395a785a6a67,Kementerian Pertahanan,CPNS,UMUM,OPERATOR LAYANAN KESEHATAN,Pertahanan Keamanan (Hankam) | TNI AL | KOARMADA RI | KOARMADA II | LANTAMAL V | RUMKITAL DR OEPOMO LANTAMAL V,2,0,2000000,3000000,8,0,0,0
a33fed38-6c45-4a34-8b6c-78a9853b1934,Kementerian Pertahanan,CPNS,UMUM,OPERATOR LAYANAN KESEHATAN,Pertahanan Keamanan (Hankam) | TNI AL | KOARMADA RI | KOARMADA II | LANTAMAL VIII | DISKES LANTAMAL VIII | BK DISKES LANTAMAL VIII,1,0,2000000,3000000,1,0,0,0
a52cbf97-a3d9-4a1a-941d-0e6498f185a9,Kementerian Pertahanan,CPNS,UMUM,OPERATOR LAYANAN KESEHATAN,Pertahanan Keamanan (Hankam) | TNI AL | KORMAR | MAKO KORMAR | DISKES MAKO KORMAR | BP CILANDAK DISKES KORMAR,1,0,1500000,2500000,7,0,0,0
a9047bbe-f80b-4988-91b9-e05994a9063b,Kementerian Pertahanan,CPNS,UMUM,OPERATOR LAYANAN KESEHATAN,Pertahanan Keamanan (Hankam) | TNI AL | KOARMADA RI | KOARMADA III | LANTAMAL XIV | DISKES LANTAMAL XIV,5,0,2000000,3000000,15,0,0,0
ab863243-ecb5-4ef8-942a-5bfcbf398bcd,Kementerian Pertahanan,CPNS,UMUM,OPERATOR LAYANAN KESEHATAN,Pertahanan Keamanan (Hankam) | TNI AL | MABESAL | DISKESAL | RUMKITAL DR. MINTOHARDJO,2,0,2000000,3000000,8,0,0,0
ad31558e-49f6-402b-9144-f01ea6dd4d96,Kementerian Pertahanan,CPNS,UMUM,OPERATOR LAYANAN KESEHATAN,Pertahanan Keamanan (Hankam) | TNI AL | PUSPENERBAL | LANUDAL JAKARTA | BP Lanudal Jakarta | Bag Minmed,1,0,2000000,3000000,8,0,0,0
b0788202-27c8-4a18-a827-e06cebbd3f65,Kementerian Pertahanan,CPNS,UMUM,OPERATOR LAYANAN KESEHATAN,Pertahanan Keamanan (Hankam) | TNI AL | KOARMADA RI | KOARMADA I | LANTAMAL II | LANAL SIBOLGA | BP LANAL SIBOLGA,1,0,2500000,3500000,10,0,0,0
ba88bd6c-5254-4ab0-9fe6-5eea85d8d143,Kementerian Pertahanan,CPNS,UMUM,OPERATOR LAYANAN KESEHATAN,Pertahanan Keamanan (Hankam) | TNI AL | KOARMADA RI | KOARMADA I | LANTAMAL II | LANAL NIAS | BP LANAL NIAS,1,0,2500000,3500000,4,0,0,0
bd5052c0-4b72-46d9-be2e-f16406315e91,Kementerian Pertahanan,CPNS,UMUM,OPERATOR LAYANAN KESEHATAN,Pertahanan Keamanan (Hankam) | TNI AL | KOARMADA RI | KOARMADA II | LANTAMAL V | RUMKITAL DR OEPOMO LANTAMAL V | KAUR BINWAT RUMKITAL DR.OEPOMO,4,0,2000000,3000000,22,0,0,0
c052a44a-a673-4378-b427-babec8c335aa,Kementerian Pertahanan,CPNS,UMUM,OPERATOR LAYANAN KESEHATAN,Pertahanan Keamanan (Hankam) | TNI AL | KOARMADA RI | KOARMADA III | LANTAMAL X | DISKES LANTAMAL X | SUBDIS KESLA,1,0,2000000,3000000,4,0,0,0
c2ab34fb-4c5a-4a58-9ba0-48aeda24f9e7,Kementerian Pertahanan,CPNS,UMUM,OPERATOR LAYANAN KESEHATAN,Pertahanan Keamanan (Hankam) | TNI AD | KODAM IV/DIP | KESDAM IV/DIP,5,0,2000000,5000000,96,0,0,0
c42b5c57-76c8-4356-8e25-d1913085722d,Kementerian Pertahanan,CPNS,UMUM,OPERATOR LAYANAN KESEHATAN,Pertahanan Keamanan (Hankam) | TNI AL | KOARMADA RI | KOARMADA III | LANTAMAL IX | DISKES LANTAMAL IX,1,0,2000000,3000000,5,0,0,0
c4839300-c66d-49f6-a68b-d17894a04398,Kementerian Pertahanan,CPNS,UMUM,OPERATOR LAYANAN KESEHATAN,Pertahanan Keamanan (Hankam) | TNI AL | KOARMADA RI | KOARMADA II | LANTAMAL VII | Lanal Mataram | BK LANAL MATARAM,1,0,2000000,3000000,7,0,0,0
c4ff0403-4f0a-4b14-ab30-a1004137ab5d,Kementerian Pertahanan,CPNS,UMUM,OPERATOR LAYANAN KESEHATAN,Pertahanan Keamanan (Hankam) | TNI AL | KOARMADA RI | KOARMADA III | LANTAMAL X | LANAL BIAK | BP LANAL BIAK,3,0,2000000,3000000,9,0,0,0
c65939e9-bf96-4810-912c-3e80eaa775a1,Kementerian Pertahanan,CPNS,UMUM,OPERATOR LAYANAN KESEHATAN,Pertahanan Keamanan (Hankam) | TNI AL | KOARMADA RI | KOARMADA III | Diskes Koarmada III | Paur TU,1,0,2000000,3000000,4,0,0,0
c744f8e2-480f-4542-9229-edf6f211b94c,Kementerian Pertahanan,CPNS,UMUM,OPERATOR LAYANAN KESEHATAN,Pertahanan Keamanan (Hankam) | TNI AL | PUSPENERBAL | LANUDAL MANADO | BP Lanudal Manado | Bag Minmed,1,0,2000000,3000000,2,0,0,0
ce14a43a-fffe-42ef-b076-28c90f517cf4,Kementerian Pertahanan,CPNS,UMUM,OPERATOR LAYANAN KESEHATAN,Pertahanan Keamanan (Hankam) | TNI AL | KOARMADA RI | KOARMADA II | LANTAMAL VI | DISKES LANTAMAL VI | UR TU DISKES LANTAMAL VI,1,0,2000000,3000000,5,0,0,0
d11f60bc-5084-4c63-9b12-83c6f065f686,Kementerian Pertahanan,CPNS,UMUM,OPERATOR LAYANAN KESEHATAN,Pertahanan Keamanan (Hankam) | TNI AL | KOARMADA RI | Diskes Koarmada RI | Paur TU,1,0,2000000,3000000,2,0,0,0
d9525110-36b0-4298-940d-fc2f0304cb5e,Kementerian Pertahanan,CPNS,UMUM,OPERATOR LAYANAN KESEHATAN,Pertahanan Keamanan (Hankam) | TNI AD | KODAM XVIII/KSR | KESDAM XVIII/KSR,10,0,2000000,5000000,33,0,0,0
d99b1371-95d5-48c0-90f2-1fd3bd73a15c,Kementerian Pertahanan,CPNS,UMUM,OPERATOR LAYANAN KESEHATAN,Pertahanan Keamanan (Hankam) | TNI AD | KOSTRAD,6,0,2000000,5000000,17,0,0,0
dd2edb90-2346-46f9-8b06-552fd7e7bd31,Kementerian Pertahanan,CPNS,UMUM,OPERATOR LAYANAN KESEHATAN,Pertahanan Keamanan (Hankam) | TNI AL | MABESAL | DISKESAL | LADOKGI YOS SUDARSO,3,0,2000000,3000000,11,0,0,0
de82a36f-8325-41c0-9d4b-aefe73280442,Kementerian Pertahanan,CPNS,UMUM,OPERATOR LAYANAN KESEHATAN,Pertahanan Keamanan (Hankam) | TNI AL | KOARMADA RI | KOARMADA III | LANTAMAL XI | DISKES LANTAMAL XI | BP YOS SUDARSO,1,0,2000000,3000000,5,0,0,0
e4f2078b-8c2b-4685-877a-8c43a5e65a3b,Kementerian Pertahanan,CPNS,UMUM,OPERATOR LAYANAN KESEHATAN,Pertahanan Keamanan (Hankam) | TNI AD | KODAM XII/TPR | KESDAM XII/TPR,10,0,2000000,5000000,109,0,0,0
e6cb8453-05eb-4557-8b20-ae09cc71981b,Kementerian Pertahanan,CPNS,UMUM,OPERATOR LAYANAN KESEHATAN,Pertahanan Keamanan (Hankam) | TNI AL | KOARMADA RI | KOARMADA II | LANTAMAL VIII | LANAL MELONGUANE | BP LANAL MELONGUANE,1,0,2000000,3000000,2,0,0,0
e6fc145a-7edf-4d3e-a4d0-7a3b31483965,Kementerian Pertahanan,CPNS,UMUM,OPERATOR LAYANAN KESEHATAN,Pertahanan Keamanan (Hankam) | TNI AD | KODAM I/BB | KESDAM I/BB,10,0,2000000,5000000,310,0,0,0
eef904c8-83d0-4cb7-8f10-18f6ac090b49,Kementerian Pertahanan,CPNS,UMUM,OPERATOR LAYANAN KESEHATAN,Pertahanan Keamanan (Hankam) | TNI AL | PUSPENERBAL | LANUDAL TANJUNGPINANG | BP Lanudal TPI | Bag Minmed,2,0,2000000,3000000,20,0,0,0
ef336012-fbbc-4e68-92dd-b2e27f277512,Kementerian Pertahanan,CPNS,UMUM,OPERATOR LAYANAN KESEHATAN,Pertahanan Keamanan (Hankam) | TNI AL | MABESAL | DISKESAL | RUMKITAL DR MIDIYATO SURATANI,7,0,2000000,3000000,17,0,0,0
fe2c3e69-df88-458d-9f7a-8aa2b979cc05,Kementerian Pertahanan,CPNS,UMUM,OPERATOR LAYANAN KESEHATAN,Pertahanan Keamanan (Hankam) | TNI AL | KOARMADA RI | KOARMADA I | LANTAMAL II | LANAL BENGKULU | BALAI PENGOBATAN LANAL BENGKULU,1,0,2500000,3500000,15,0,0,0
ff6f8a30-3493-4ce1-a4b3-490403fa6f4c,Kementerian Pertahanan,CPNS,UMUM,OPERATOR LAYANAN KESEHATAN,Pertahanan Keamanan (Hankam) | TNI AD | KOPASSUS,5,0,2000000,5000000,23,0,0,0
8a018692915486670191553f3cc46da7,Kementerian Pertahanan,CPNS,PUTRA/PUTRI KALIMANTAN,TEKNISI MESIN ALAT BERAT,Pertahanan Keamanan (Hankam) | TNI AL | MABESAL | DISSENLEKAL | ARSENAL | BAG PAN,2,0,2000000,3000000,4,0,0,0
01566952-bd3a-4cbe-81f4-85a56f19ffcb,Kementerian Pertahanan,CPNS,UMUM,TEKNISI MESIN ALAT BERAT,Pertahanan Keamanan (Hankam) | TNI AD | KODAM VI/MLW | ZIDAM VI/MLW,4,0,2000000,5000000,16,0,0,0
03912077-da2c-426b-9bba-33a4096f5bb7,Kementerian Pertahanan,CPNS,UMUM,TEKNISI MESIN ALAT BERAT,Pertahanan Keamanan (Hankam) | TNI AD | KODAM XIII/MDK | ZIDAM XIII/MDK,4,0,2000000,5000000,2,0,0,0
28804bd8-df58-4219-b92e-b4e164844040,Kementerian Pertahanan,CPNS,UMUM,TEKNISI MESIN ALAT BERAT,Pertahanan Keamanan (Hankam) | TNI AD | KODAM XVII/CEN | ZIDAM XVII/CEN,4,0,2000000,5000000,15,0,0,0
298ebe6d-1468-48f1-8392-75554cf4c404,Kementerian Pertahanan,CPNS,UMUM,TEKNISI MESIN ALAT BERAT,Pertahanan Keamanan (Hankam) | TNI AD | PUSSENIF - TNI AD,5,0,2000000,5000000,17,0,0,0
40609982-2a4b-4cd7-b0c8-d78fa1c5e282,Kementerian Pertahanan,CPNS,UMUM,TEKNISI MESIN ALAT BERAT,Pertahanan Keamanan (Hankam) | TNI AD | KODAM XVIII/KSR | ZIDAM XVIII/KSR,4,0,2000000,5000000,7,0,0,0
40edbc13-7318-4984-9b59-3e929a7fe837,Kementerian Pertahanan,CPNS,UMUM,TEKNISI MESIN ALAT BERAT,Pertahanan Keamanan (Hankam) | TNI AD | AKMIL | ZENI,5,0,2000000,5000000,67,0,0,0
4d4aa22d-2415-48c4-84af-cd1ee884fd1b,Kementerian Pertahanan,CPNS,UMUM,TEKNISI MESIN ALAT BERAT,Pertahanan Keamanan (Hankam) | TNI AD | DISLITBANGAD,5,0,2000000,5000000,23,0,0,0
58b70f7a-94a9-4302-9abd-b544bfe4e2ba,Kementerian Pertahanan,CPNS,UMUM,TEKNISI MESIN ALAT BERAT,Pertahanan Keamanan (Hankam) | TNI AD | PUSSENARHANUD TNI AD,5,0,2000000,5000000,19,0,0,0
5ceacfd5-077f-4f30-805b-7ef789f8d00d,Kementerian Pertahanan,CPNS,UMUM,TEKNISI MESIN ALAT BERAT,Pertahanan Keamanan (Hankam) | TNI AD | KODAM XVI/PTM | ZIDAM XVI/PTM,4,0,2000000,5000000,3,0,0,0
64077a41-4053-4eb7-8298-d0ba3877cf12,Kementerian Pertahanan,CPNS,UMUM,TEKNISI MESIN ALAT BERAT,Pertahanan Keamanan (Hankam) | TNI AD | KODAM I/BB | ZIDAM I/BB,4,0,2000000,5000000,46,0,0,0
6469ffcb-6d97-4723-9ab8-a9feff8b5a93,Kementerian Pertahanan,CPNS,UMUM,TEKNISI MESIN ALAT BERAT,Pertahanan Keamanan (Hankam) | TNI AD | KODAM IM | ZIDAM IM,4,0,2000000,5000000,15,0,0,0
6d8f1514-fae5-4044-b2df-74cf54af901e,Kementerian Pertahanan,CPNS,UMUM,TEKNISI MESIN ALAT BERAT,Pertahanan Keamanan (Hankam) | TNI AD | KODAM III/SLW | ZIDAM III/SLW,4,0,2000000,5000000,48,0,0,0
77f378d5-b877-49c8-ba3a-ebcd79889fba,Kementerian Pertahanan,CPNS,UMUM,TEKNISI MESIN ALAT BERAT,Pertahanan Keamanan (Hankam) | TNI AD | KOSTRAD | ZENI KOSTRAD,4,0,2000000,5000000,10,0,0,0
7a2632ff-bdec-49c0-a232-c8c3613f92e3,Kementerian Pertahanan,CPNS,UMUM,TEKNISI MESIN ALAT BERAT,Pertahanan Keamanan (Hankam) | TNI AD | PUSSENARMED,5,0,200000,500000,18,0,0,0
7ad81a6b-676a-4852-949d-34afa36e987c,Kementerian Pertahanan,CPNS,UMUM,TEKNISI MESIN ALAT BERAT,Pertahanan Keamanan (Hankam) | TNI AD | PUSBEKANGAD,5,0,2000000,5000000,16,0,0,0
7b45b66f-82cd-43a9-a0be-017334bba122,Kementerian Pertahanan,CPNS,UMUM,TEKNISI MESIN ALAT BERAT,Pertahanan Keamanan (Hankam) | TNI AD | PUSSENKAV TNI AD,5,0,2000000,5000000,9,0,0,0
832eeb5e-461d-4739-920d-1bb095d4168d,Kementerian Pertahanan,CPNS,UMUM,TEKNISI MESIN ALAT BERAT,Pertahanan Keamanan (Hankam) | TNI AD | KODAM XIV/HSN | ZIDAM XIV/HSN,4,0,2000000,50000000,16,0,0,0
97d709a8-a899-46f5-9c6d-eea4cdecca8f,Kementerian Pertahanan,CPNS,UMUM,TEKNISI MESIN ALAT BERAT,Pertahanan Keamanan (Hankam) | TNI AL | MABESAL | DISSENLEKAL | ARSENAL | BAG PAN,3,0,2000000,3000000,14,0,0,0
9918da5e-e3eb-42a4-9a3c-5c193fb11aad,Kementerian Pertahanan,CPNS,UMUM,TEKNISI MESIN ALAT BERAT,Pertahanan Keamanan (Hankam) | TNI AD | DISLAIKAD,5,0,2000000,5000000,28,0,0,0
9c38bfb7-56c1-4c95-82d7-2ad2f5df9672,Kementerian Pertahanan,CPNS,UMUM,TEKNISI MESIN ALAT BERAT,Pertahanan Keamanan (Hankam) | TNI AD | PUSPALAD,5,0,2000000,5000000,18,0,0,0
b5e1b7ea-a8a2-4ef7-8751-b9d8ce517c51,Kementerian Pertahanan,CPNS,UMUM,TEKNISI MESIN ALAT BERAT,Pertahanan Keamanan (Hankam) | TNI AD | PUSZIAD,5,0,2000000,5000000,17,0,0,0
b6617d19-16c7-44b3-80f3-b283688750f0,Kementerian Pertahanan,CPNS,UMUM,TEKNISI MESIN ALAT BERAT,Pertahanan Keamanan (Hankam) | TNI AD | KODAM XII/TPR | ZIDAM XII/TPR,4,0,2000000,5000000,6,0,0,0
bc958618-746c-44f5-b9b7-c61fb9dff9e8,Kementerian Pertahanan,CPNS,UMUM,TEKNISI MESIN ALAT BERAT,Pertahanan Keamanan (Hankam) | TNI AD | KODAM II/SWJ | ZIDAM II/Swj,4,0,2000000,5000000,34,0,0,0
bdc8ffc6-7aed-41d1-8220-6ce956ad2f94,Kementerian Pertahanan,CPNS,UMUM,TEKNISI MESIN ALAT BERAT,Pertahanan Keamanan (Hankam) | TNI AD | KODAM IX/UDY | ZIDAM IX/UDY,4,0,2000000,50000000,13,0,0,0
c124603f-9cae-448e-bbe4-ea210bb240e1,Kementerian Pertahanan,CPNS,UMUM,TEKNISI MESIN ALAT BERAT,Pertahanan Keamanan (Hankam) | TNI AD | KODAM IV/DIP | ZIDAM IV/DIP,4,0,2000000,5000000,54,0,0,0
c721cec5-8f73-4bee-a9b2-6234ffd4fd87,Kementerian Pertahanan,CPNS,UMUM,TEKNISI MESIN ALAT BERAT,Pertahanan Keamanan (Hankam) | TNI AD | KODAM JAYA | ZIDAM JAYA,4,0,2000000,5000000,25,0,0,0
e3f14dc1-53f6-4136-841b-6d6164a761a7,Kementerian Pertahanan,CPNS,UMUM,TEKNISI MESIN ALAT BERAT,Pertahanan Keamanan (Hankam) | TNI AD | PUSHUBAD,5,0,2000000,5000000,8,0,0,0
eedb9c73-273e-46ba-b50f-e0390fa7ffbd,Kementerian Pertahanan,CPNS,UMUM,TEKNISI MESIN ALAT BERAT,Pertahanan Keamanan (Hankam) | TNI AD | KOPASSUS,4,0,2000000,5000000,22,0,0,0
f0e769a3-19b5-4be2-b1c3-549c0fcc2c45,Kementerian Pertahanan,CPNS,UMUM,TEKNISI MESIN ALAT BERAT,Pertahanan Keamanan (Hankam) | TNI AD | PUSPENERBAD,5,0,2000000,5000000,18,0,0,0
fea47392-41df-4af4-8abe-88ec1ca43822,Kementerian Pertahanan,CPNS,UMUM,TEKNISI MESIN ALAT BERAT,Pertahanan Keamanan (Hankam) | TNI AD | KODAM V/BRW | ZIDAM V/BRW,4,0,2000000,5000000,56,0,0,0
8a0186ce915e61b701915f1cbac13281,Komisi Pemberantasan Korupsi,CPNS,UMUM,PENJAGA TAHANAN,KOMISI PEMBERANTASAN KORUPSI | SEKRETARIAT JENDERAL | BIRO UMUM,34,0,6000000,7500000,288,0,0,0
417bd4d5-4331-4eb0-a230-acedd2151b32,Komisi Pemberantasan Korupsi,CPNS,UMUM,PENJAGA TAHANAN,KOMISI PEMBERANTASAN KORUPSI | SEKRETARIAT JENDERAL | BIRO UMUM,8,0,6000000,7500000,19,0,0,0
8a0186929154866701915539796265ec,Otorita Ibu Kota Nusantara,CPNS,PUTRA/PUTRI KALIMANTAN,PEMADAM KEBAKARAN PEMULA,OTORITA IBU KOTA NUSANTARA | DEPUTI BIDANG LINGKUNGAN HIDUP DAN SUMBER DAYA ALAM | DIREKTORAT LINGKUNGAN HIDUP DAN PENANGGULANGAN BENCANA,1,1,7500000,10000000,247,0,0,0
53e45083-2cbf-4728-ae63-97e13189b61a,Otorita Ibu Kota Nusantara,CPNS,UMUM,PEMADAM KEBAKARAN PEMULA,OTORITA IBU KOTA NUSANTARA | DEPUTI BIDANG LINGKUNGAN HIDUP DAN SUMBER DAYA ALAM | DIREKTORAT LINGKUNGAN HIDUP DAN PENANGGULANGAN BENCANA,3,1,7500000,10000000,1424,0,0,0
33de0ff6-a46a-4f5e-b622-06c21e5c0bd8,Otorita Ibu Kota Nusantara,CPNS,UMUM,PENATA LAKSANA PENYEHATAN LINGKUNGAN PEMULA,OTORITA IBU KOTA NUSANTARA | DEPUTI BIDANG LINGKUNGAN HIDUP DAN SUMBER DAYA ALAM | DIREKTORAT LINGKUNGAN HIDUP DAN PENANGGULANGAN BENCANA,1,1,7500000,10000000,1461,0,0,0
473ca124-3e28-426d-900c-ad473ae68db5,Pemerintah Aceh,CPNS,UMUM,OPERATOR LAYANAN KESEHATAN,ACEH | RUMAH SAKIT UMUM DAERAH dr. ZAINOEL ABIDIN | WAKIL DIREKTUR PENUNJANG | BIDANG PENGADAAN SARANA PENUNJANG | SEKSI PENUNJANG NON MEDIS,13,1,2400000,2800000,4300,0,0,0
60d5b0de-1edc-4240-8aa1-8f02602b69c3,Pemerintah Aceh,CPNS,UMUM,OPERATOR LAYANAN KESEHATAN,ACEH | RUMAH SAKIT UMUM DAERAH dr. ZAINOEL ABIDIN | WAKIL DIREKTUR PENUNJANG | BIDANG LOGISTIK DAN FASILITAS | SEKSI LOGISTIK MEDIS DAN NON MEDIS,7,1,2400000,2800000,735,0,0,0
060db19a-6a6d-4bdd-bd66-0f6387b8cd46,Pemerintah Aceh,CPNS,UMUM,PETUGAS PENGAMAN HUTAN DAN HASIL HUTAN,ACEH | DINAS LINGKUNGAN HIDUP DAN KEHUTANAN ACEH | UPTD KESATUAN PENGELOLAAN HUTAN WILAYAH VIII | SEKSI PEMBINAAN TEKNIS DAN PERLINDUNGAN HUTAN,12,1,2400000,2800000,582,0,0,0
504fec2a-7d19-4072-a21a-33fd5f51a60d,Pemerintah Aceh,CPNS,UMUM,PETUGAS PENGAMAN HUTAN DAN HASIL HUTAN,ACEH | DINAS LINGKUNGAN HIDUP DAN KEHUTANAN ACEH | UPTD KESATUAN PENGELOLAAN HUTAN WILAYAH VII | SEKSI PEMBINAAN TEKNIS DAN PERLINDUNGAN HUTAN,12,1,2400000,2800000,580,0,0,0
5a5d7255-503e-47dc-8855-738bc3649b5f,Pemerintah Aceh,CPNS,UMUM,PETUGAS PENGAMAN HUTAN DAN HASIL HUTAN,ACEH | DINAS LINGKUNGAN HIDUP DAN KEHUTANAN ACEH | UPTD KESATUAN PENGELOLAAN HUTAN WILAYAH II | SEKSI PEMBINAAN TEKNIS DAN PERLINDUNGAN HUTAN,12,1,2400000,2800000,1208,0,0,0
91aecd82-d3f2-4108-94d0-a82f29b2d0a2,Pemerintah Aceh,CPNS,UMUM,PETUGAS PENGAMAN HUTAN DAN HASIL HUTAN,ACEH | DINAS LINGKUNGAN HIDUP DAN KEHUTANAN ACEH | UPTD KESATUAN PENGELOLAAN HUTAN WILAYAH III | SEKSI PEMBINAAN TEKNIS DAN PERLINDUNGAN HUTAN,12,1,2400000,2800000,767,0,0,0
99ac9d42-2c20-472f-bef7-bd08ba4cd957,Pemerintah Aceh,CPNS,UMUM,PETUGAS PENGAMAN HUTAN DAN HASIL HUTAN,ACEH | DINAS LINGKUNGAN HIDUP DAN KEHUTANAN ACEH | UPTD KESATUAN PENGELOLAAN HUTAN WILAYAH IV | SEKSI PEMBINAAN TEKNIS DAN PERLINDUNGAN HUTAN,12,1,2400000,2800000,681,0,0,0
9db895d0-c7c6-4bdc-8acd-5b8357f8514e,Pemerintah Aceh,CPNS,UMUM,PETUGAS PENGAMAN HUTAN DAN HASIL HUTAN,ACEH | DINAS LINGKUNGAN HIDUP DAN KEHUTANAN ACEH | UPTD KESATUAN PENGELOLAAN HUTAN WILAYAH VI | SEKSI PEMBINAAN TEKNIS DAN PERLINDUNGAN HUTAN,12,1,2400000,2800000,783,0,0,0
b8e71a7b-737e-485f-8fdc-bb9c30d9f943,Pemerintah Aceh,CPNS,UMUM,PETUGAS PENGAMAN HUTAN DAN HASIL HUTAN,ACEH | DINAS LINGKUNGAN HIDUP DAN KEHUTANAN ACEH | UPTD KESATUAN PENGELOLAAN HUTAN WILAYAH V | SEKSI PEMBINAAN TEKNIS DAN PERLINDUNGAN HUTAN,12,1,2400000,2800000,446,0,0,0
c4376a34-e0b4-4c37-822a-cf639a442648,Pemerintah Aceh,CPNS,UMUM,PETUGAS PENGAMAN HUTAN DAN HASIL HUTAN,ACEH | DINAS LINGKUNGAN HIDUP DAN KEHUTANAN ACEH | UPTD KESATUAN PENGELOLAAN HUTAN WILAYAH I | SEKSI PEMBINAAN TEKNIS DAN PERLINDUNGAN HUTAN,12,1,2400000,2800000,2245,0,0,0
d85d5ab3-aa27-4806-925f-6d0e6b350b84,Pemerintah Aceh,CPNS,UMUM,PETUGAS PENGAMAN HUTAN DAN HASIL HUTAN,ACEH | DINAS LINGKUNGAN HIDUP DAN KEHUTANAN ACEH | UPTD KESATUAN PENGELOLAAN HUTAN WILAYAH X | SEKSI PEMBINAAN TEKNIS DAN PERLINDUNGAN HUTAN,12,1,2400000,2800000,437,0,0,0
7af526e2-a5fd-4857-82af-d9d2fd67d23d,Pemerintah Aceh,CPNS,UMUM,POLISI KHUSUS CAGAR BUDAYA,ACEH | DINAS KEBUDAYAAN DAN PARIWISATA ACEH | BIDANG SEJARAH DAN NILAI BUDAYA,1,1,2400000,2800000,222,0,0,0
e6e0a99b-e8f3-423e-a198-847828707f4b,Pemerintah Kab. Aceh Barat,CPNS,UMUM,POLISI PAMONG PRAJA PEMULA,Pemerintah Kabupaten Aceh Barat | Satuan Polisi Pamong Praja dan Wilayatul Hisbah | Bidang Ketentraman dan Ketertiban Umum | Seksi Penegakan Qanun dan Penyidikan,4,0,2200000,2700000,783,0,0,0
2bd97f8a-a1cf-4ae2-ba2f-654cba1cea91,Pemerintah Kab. Aceh Barat Daya,CPNS,UMUM,PETUGAS OPERASI DAN PEMELIHARAAN,Pemerintah Kabupaten Aceh Barat Daya | Dinas Pekerjaan Umum dan Penataan Ruang | Bidang Sumber Daya Air,2,0,2550000,2800000,401,0,0,0
def4f643-bfb8-47a6-85fb-738de3e50590,Pemerintah Kab. Asmat,CPNS,ORANG ASLI PAPUA (OAP),ASISTEN PELATIH OLAHRAGA PEMULA,Pemerintah Kab. Asmat | Dinas Pemuda dan Olah Raga | Bidang Pembinaan dan Prestasi Olah Raga | Seksi Pembudidayaan Olah raga,11,1,2300000,3000000,144,0,0,0
4ddfa353-03a9-4ed2-96c3-9470601227d2,Pemerintah Kab. Asmat,CPNS,ORANG ASLI PAPUA (OAP),OPERATOR LAYANAN KESEHATAN,Pemerintah Kab. Asmat | Dinas Kesehatan | Bidang Pelayanan Kesehatan | Seksi Pelayanan Kesehatan Primer,17,1,2300000,3000000,100,0,0,0
7b703899-0e06-433b-8d41-76fd7a12894e,Pemerintah Kab. Asmat,CPNS,ORANG ASLI PAPUA (OAP),PENATA LAKSANA BANGUNAN GEDUNG DAN KAWASAN PERMUKIMAN PEMULA,"Pemerintah Kab. Asmat | Dinas Perumahan Rakyat, Kawasan Permukiman dan Pertanahan | Bidang Pengembangan Kawasan Permukiman | Seksi Pengembangan Penyehatan Lingkungan Kawasan Permukiman",10,1,2300000,3000000,96,0,0,0
80cbfa38-a8ac-4945-a269-63cb225eba38,Pemerintah Kab. Asmat,CPNS,ORANG ASLI PAPUA (OAP),PENATA LAKSANA JALAN DAN JEMBATAN PEMULA,Pemerintah Kab. Asmat | Dinas Pekerjaan Umum dan Penataan Ruang | Bidang Bina Marga | Seksi Pemeliharaan Jalan dan Jembatan,10,1,2300000,3000000,129,0,0,0
a1d636bd-f59b-4b79-87cb-ef7ee222dcac,Pemerintah Kab. Asmat,CPNS,ORANG ASLI PAPUA (OAP),PENATA LAKSANA PENYEHATAN LINGKUNGAN PEMULA,Pemerintah Kab. Asmat | Dinas Lingkungan Hidup | Bidang Perhutanan Sosial dan Kemitraan Lingkungan | Seksi Kemitraan Lingkungan,10,1,2300000,3000000,132,0,0,0
e5d54044-1b12-4a17-9b7d-1e9f4fd297ab,Pemerintah Kab. Asmat,CPNS,ORANG ASLI PAPUA (OAP),PENATA LAKSANA SUMBER DAYA AIR PEMULA,Pemerintah Kab. Asmat | Dinas Pekerjaan Umum dan Penataan Ruang | Bidang Cipta Karya | Seksi Pengembangan Sistem Penyediaan Air Bersih,10,1,2300000,3000000,159,0,0,0
ee1587c7-ae74-414c-b75a-a6aa9ab32638,Pemerintah Kab. Asmat,CPNS,ORANG ASLI PAPUA (OAP),PENGAMAT TERA PEMULA,"Pemerintah Kab. Asmat | Dinas Perindustrian Perdagangan Koperasi Usaha Kecil Menengah dan Tenaga Kerja | Bidang Perindustrian | Seksi Bimbingan Produksi, Usaha dan Sarana",10,1,2300000,3000000,100,0,0,0
36932c78-c7bb-44bc-ac7c-95f5917af538,Pemerintah Kab. Asmat,CPNS,ORANG ASLI PAPUA (OAP),PETUGAS OPERASI DAN PEMELIHARAAN,Pemerintah Kab. Asmat | Dinas Pekerjaan Umum dan Penataan Ruang | Bidang Tata Ruang | Seksi Penataan dan Pemanfaatan Ruang,10,1,2300000,3000000,120,0,0,0
db5fed8f-c29b-4bda-8b01-c6cd39758088,Pemerintah Kab. Asmat,CPNS,ORANG ASLI PAPUA (OAP),POLISI PAMONG PRAJA PEMULA,Pemerintah Kab. Asmat | Dinas Satuan Polisi Pamong Praja | Bidang Ketentraman dan Ketertiban Umum | Seksi Satuan Perlindungan Masyarakat,25,1,2300000,3000000,529,0,0,0
1e6b0709-b5ff-4e72-ba4e-0b638705be8b,Pemerintah Kab. Bandung Barat,CPNS,UMUM,POLISI PAMONG PRAJA PEMULA,PEMERINTAH KABUPATEN BANDUNG BARAT | DINAS | SATUAN POLISI PAMONG PRAJA,13,0,2000000,6000000,88,0,0,0
308f5f04-6966-4955-b9a3-b2142de798e0,Pemerintah Kab. Banggai Kepulauan,CPNS,UMUM,ASISTEN PELATIH OLAHRAGA PEMULA,Pemerintah Kabupaten Banggai Kepulauan | Dinas Pemuda dan Olahraga | Bidang Peningkatan Prestasi Olahraga,1,1,2184000,3643400,67,0,0,0
808caeed-2611-4604-a575-bebf96ba573a,Pemerintah Kab. Banggai Kepulauan,CPNS,UMUM,OPERATOR ALAT BERAT,Pemerintah Kabupaten Banggai Kepulauan | Dinas Pekerjaan Umum dan Penataan Ruang | Bidang Jasa Konstruksi,2,1,2100000,2500000,26,0,0,0
1ea1088b-4a3a-461f-8965-b96b2bc88415,Pemerintah Kab. Banggai Kepulauan,CPNS,UMUM,OPERATOR LAYANAN KESEHATAN,Pemerintah Kabupaten Banggai Kepulauan | Dinas Kesehatan | UPT Dinas Kesehatan Puskesmas Bakalan Raya Kec. Tinangkung,1,1,2100000,2300000,38,0,0,0
22560427-40f5-49d6-9869-fb0b323b1b96,Pemerintah Kab. Banggai Kepulauan,CPNS,UMUM,OPERATOR LAYANAN KESEHATAN,Pemerintah Kabupaten Banggai Kepulauan | Dinas Kesehatan | UPT Dinas Kesehatan Puskesmas Tinangkung Utara Kec. Tinangkung Utara,1,1,2184000,3643400,28,0,0,0
68e35b5a-b2ae-41e2-93f6-3f70bf91aed1,Pemerintah Kab. Banggai Kepulauan,CPNS,UMUM,OPERATOR LAYANAN KESEHATAN,Pemerintah Kabupaten Banggai Kepulauan | Dinas Kesehatan | UPT Dinas Kesehatan Puskesmas Mansamat Kec. Tinangkung Selatan,1,1,2184000,3643400,40,0,0,0
77343f8d-413e-4bd5-901e-4cc02e3314d2,Pemerintah Kab. Banggai Kepulauan,CPNS,UMUM,OPERATOR LAYANAN KESEHATAN,Pemerintah Kabupaten Banggai Kepulauan | Dinas Kesehatan | UPTD Puskesmas Bonepuso Kec. Bulagi Selatan,1,1,2184000,3643400,36,0,0,0
79b8d14a-1837-4278-94fb-50668910cfcf,Pemerintah Kab. Banggai Kepulauan,CPNS,UMUM,OPERATOR LAYANAN KESEHATAN,Pemerintah Kabupaten Banggai Kepulauan | Dinas Kesehatan | UPT Dinas Kesehatan Puskesmas Lumbi-Lumbia Kec. Buko Selatan,1,1,2184000,3643400,45,0,0,0
a0a2fa82-c259-4c8f-95fd-b1a1666f9fca,Pemerintah Kab. Banggai Kepulauan,CPNS,UMUM,OPERATOR LAYANAN KESEHATAN,Pemerintah Kabupaten Banggai Kepulauan | Dinas Kesehatan | UPT Dinas Kesehatan Puskesmas Saleati Kec. Liang,1,1,2184000,3643400,38,0,0,0
b0d9badf-dd18-4e99-9ed7-d33e867e6dc9,Pemerintah Kab. Banggai Kepulauan,CPNS,UMUM,OPERATOR LAYANAN KESEHATAN,Pemerintah Kabupaten Banggai Kepulauan | Dinas Kesehatan | UPT Dinas Kesehatan Puskesmas Totikum Selatan Kec. Totikum Selatan,1,1,2184000,3643400,27,0,0,0
c0e1612b-70bc-4ffe-8a75-2db7953cc571,Pemerintah Kab. Banggai Kepulauan,CPNS,UMUM,OPERATOR LAYANAN KESEHATAN,Pemerintah Kabupaten Banggai Kepulauan | Dinas Kesehatan | UPT Dinas Kesehatan Puskesmas Salakan Kec. Tinangkung,1,1,2184000,3643400,70,0,0,0
fd4d5ac8-888b-46bb-98f8-404ff10f8a3d,Pemerintah Kab. Banggai Kepulauan,CPNS,UMUM,OPERATOR LAYANAN KESEHATAN,Pemerintah Kabupaten Banggai Kepulauan | Dinas Kesehatan | UPT Dinas Kesehatan Puskesmas Totikum Kec. Totikum,1,1,2184000,3643400,31,0,0,0
2c9048ac-766c-485e-93ad-4cc8c1ab7ba6,Pemerintah Kab. Banggai Kepulauan,CPNS,UMUM,PEMADAM KEBAKARAN PEMULA,Pemerintah Kabupaten Banggai Kepulauan | Satuan Polisi Pamong Praja | Bidang Pemadam Kebakaran dan Penyelamatan | Seksi Operasional dan Penyelamatan,10,1,2100000,2500000,579,0,0,0
5a0eddca-2720-4dda-ae5e-dc6ce8d424e7,Pemerintah Kab. Banggai Kepulauan,CPNS,UMUM,PENATA LAKSANA BANGUNAN GEDUNG DAN KAWASAN PERMUKIMAN PEMULA,"Pemerintah Kabupaten Banggai Kepulauan | Dinas Perumahan, Kawasan Permukiman dan Pertanahan | Bidang Kawasan Permukiman",1,1,2184000,3643400,31,0,0,0
f267cf63-d05b-453d-bf12-debd779bb3f4,Pemerintah Kab. Banggai Kepulauan,CPNS,UMUM,PENATA LAKSANA JALAN DAN JEMBATAN PEMULA,Pemerintah Kabupaten Banggai Kepulauan | Dinas Pekerjaan Umum dan Penataan Ruang | Bidang Bina Marga,5,1,2184000,3643400,476,0,0,0
1f72921e-70b9-4599-972a-75a4d538ba90,Pemerintah Kab. Banggai Kepulauan,CPNS,UMUM,PENATA LAKSANA PENYEHATAN LINGKUNGAN PEMULA,"Pemerintah Kabupaten Banggai Kepulauan | Dinas Lingkungan Hidup | Bidang Penataan, Penaatan dan Peningkatan Kapasitas",1,1,2184000,3643400,48,0,0,0
20babacd-6c29-4c2d-b791-076c029eb471,Pemerintah Kab. Banggai Kepulauan,CPNS,UMUM,PENATA LAKSANA SUMBER DAYA AIR PEMULA,Pemerintah Kabupaten Banggai Kepulauan | Dinas Pekerjaan Umum dan Penataan Ruang | Bidang Sumber Daya Air,2,1,2100000,2300000,84,0,0,0
5a983d33-7efd-4818-b5f3-e59d759f9cd3,Pemerintah Kab. Banggai Kepulauan,CPNS,UMUM,PETUGAS TRANSPORTASI DARAT,Pemerintah Kabupaten Banggai Kepulauan | Dinas Perhubungan | Bidang Lalu Lintas dan Angkutan | Seksi Lalu Lintas,2,1,2100000,2300000,74,0,0,0
ae50e100-9191-4fd2-ba2d-ac32d93ea357,Pemerintah Kab. Banggai Kepulauan,CPNS,UMUM,POLISI PAMONG PRAJA PEMULA,Pemerintah Kabupaten Banggai Kepulauan | Satuan Polisi Pamong Praja | Bidang Penegakan Perda | Seksi Penegakan,20,1,2100000,2500000,680,0,0,0
87eeb7a8-89b2-4e67-b74f-bb5b151de262,Pemerintah Kab. Banggai Kepulauan,CPNS,UMUM,TEKNISI MESIN ALAT BERAT,Pemerintah Kabupaten Banggai Kepulauan | Dinas Pekerjaan Umum dan Penataan Ruang | Bidang Jasa Konstruksi,1,1,2184000,3643400,12,0,0,0
5b3c2432-7314-4de5-ae9e-adf89951bc84,Pemerintah Kab. Banggai Laut,CPNS,UMUM,POLISI PAMONG PRAJA PEMULA,PEMERINTAH KAB. BANGGAI LAUT | SATUAN POLISI PAMONG PRAJA | BIDANG TIBUMTRANMAS,5,0,2500000,3500000,92,0,0,0
f321ce11-4cfc-48e7-badc-262f3368eb01,Pemerintah Kab. Bangka,CPNS,UMUM,PETUGAS OPERASI DAN PEMELIHARAAN,PEMERINTAH KABUPATEN BANGKA | DINAS PEKERJAAN UMUM DAN PENATAAN RUANG | BIDANG SUMBER DAYA AIR,1,0,2184000,3900000,302,0,0,0
ac67eb24-f7b1-4d72-b7c7-3f1e65536eeb,Pemerintah Kab. Bangka,CPNS,UMUM,POLISI PAMONG PRAJA PEMULA,PEMERINTAH KABUPATEN BANGKA | SATUAN POLISI PAMONG PRAJA | BIDANG PENEGAKAN PERUNDANG-UNDANGAN DAERAH | SEKSI PENGAWASAN,1,0,2184000,4184000,6,0,0,0
c555a8f4-1790-4378-9a8a-9739b26c9b79,Pemerintah Kab. Bangka,CPNS,UMUM,PRANATA PENCARIAN DAN PERTOLONGAN PEMULA,PEMERINTAH KABUPATEN BANGKA | BADAN PENANGGULANGAN BENCANA DAERAH | SEKSI PENCEGAHAN DAN KESIAPSIAGAAN,1,0,2184000,4184000,48,0,0,0
3584b439-6361-4083-ad61-3e67051e69b9,Pemerintah Kab. Bangka Barat,CPNS,UMUM,POLISI PAMONG PRAJA PEMULA,"Pemerintah Kabupaten Bangka Barat | SATUAN POLISI PAMONG PRAJA DAN PEMADAM KEBAKARAN | BIDANG KETENTRAMAN MASYARAKAT, KETERTIBAN UMUM DAN SATLINMAS | SEKSI KETERTIBAN UMUM",3,0,2100000,4100000,70,0,0,0
34e3bee0-b460-4821-adf2-644538bd584a,Pemerintah Kab. Bangka Tengah,CPNS,UMUM,POLISI PAMONG PRAJA PEMULA,"PEMERINTAH KABUPATEN BANGKA TENGAH                                     | Satuan Polisi  Pamong Praja | Bidang Penegakan Produk Hukum Daerah | Seksi Pembinaan, Penyuluhan dan Pengawasan",7,0,2184000,4184000,173,0,0,0
1b4a34e6-4fb6-44b3-8547-bdc96720a0a9,Pemerintah Kab. Banjar,CPNS,UMUM,PRANATA PENCARIAN DAN PERTOLONGAN PEMULA,PEMKAB BANJAR | BADAN PENANGGULANGAN BENCANA DAERAH | BIDANG KEDARURATAN DAN LOGISTIK | SEKSI KEDARURATAN,2,0,2100000,3600000,635,0,0,0
b1582bb9-eb2a-4119-b23b-971fe9bd7149,Pemerintah Kab. Banyuasin,CPNS,UMUM,PENGAMAT TERA PEMULA,"KABUPATEN BANYUASIN | DINAS KOPERASI USAHA KECIL MENENGAH, PERINDUSTRIAN DAN PERDAGANGAN | UPT METROLOGI LEGAL",1,1,2511500,2858800,458,0,0,0
8a0186cc9159ace5019159d7c1f1154b,Pemerintah Kab. Barito Selatan,CPNS,PENYANDANG DISABILITAS,OPERATOR LAYANAN KESEHATAN,KABUPATEN BARITO SELATAN | DINAS KESEHATAN | UPT RSUD JARAGA SASAMEH | BIDANG PELAYANAN PENUNJANG | SEKSI PELAYANAN PENUNJANG NON MEDIK,1,1,3000000,4000000,4,0,0,0
81a32fbe-427c-4bdb-8128-62a2658619d3,Pemerintah Kab. Barito Selatan,CPNS,UMUM,OPERATOR LAYANAN KESEHATAN,KABUPATEN BARITO SELATAN | DINAS KESEHATAN | UPTD Puskesmas Pendang | Sub Bagian Tata Usaha,2,0,3000000,4000000,60,0,0,0
96a158b2-75b6-4526-80cb-f0f14488e035,Pemerintah Kab. Barito Selatan,CPNS,UMUM,OPERATOR LAYANAN KESEHATAN,KABUPATEN BARITO SELATAN | DINAS KESEHATAN | UPT RSUD JARAGA SASAMEH | BIDANG PELAYANAN PENUNJANG | SEKSI PELAYANAN PENUNJANG NON MEDIK,5,0,3000000,4000000,393,0,0,0
36f5b182-9dc4-4426-8a1d-df46fd4b6f24,Pemerintah Kab. Barito Selatan,CPNS,UMUM,PEMADAM KEBAKARAN PEMULA,KABUPATEN BARITO SELATAN | SATUAN POLISI PAMONG PRAJA DAN PEMADAM KEBAKARAN | BIDANG PEMADAM KEBAKARAN,110,0,3000000,4000000,2556,0,0,0
3f03dbc6-0935-4486-8ce0-c58bf0e12a90,Pemerintah Kab. Barito Selatan,CPNS,UMUM,PETUGAS OPERASI DAN PEMELIHARAAN,KABUPATEN BARITO SELATAN | DINAS PEKERJAAN UMUM DAN PENATAAN RUANG | BIDANG SUMBER DAYA AIR,10,0,3000000,4000000,432,0,0,0
b44eeb42-3eb0-4062-b070-50354ef6e1fc,Pemerintah Kab. Barito Timur,CPNS,UMUM,PETUGAS OPERASI DAN PEMELIHARAAN,PEMERINTAH KAB. BARITO TIMUR | RSUD TAMIANG LAYANG | Bidang Penunjang Medik dan Non Medik RSUD Tamiang Layang | Seksi Penunjang Non Medik,1,0,2500000,2800000,12,0,0,0
10ba0345-3428-4645-9231-303163543dcb,Pemerintah Kab. Barito Utara,CPNS,UMUM,OPERATOR LAYANAN KESEHATAN,PEMERINTAH KABUPATEN BARITO UTARA | DINAS KESEHATAN | RUMAH SAKIT UMUM DAERAH MUARA TEWEH | BIDANG KEPERAWATAN | SEKSI BIMBINGAN PELAYANAN ASUH DAN KEPERAWATAN,1,0,2500000,4200000,32,0,0,0
63798e5f-39ea-47c3-a733-d2207a40368e,Pemerintah Kab. Barito Utara,CPNS,UMUM,OPERATOR LAYANAN KESEHATAN,PEMERINTAH KABUPATEN BARITO UTARA | DINAS KESEHATAN | RUMAH SAKIT UMUM DAERAH MUARA TEWEH | BIDANG PENUNJANG MEDIK DAN REKAM MEDIK | SEKSI REKAM MEDIK DAN INFORMASI,1,1,2500000,4200000,34,0,0,0
81eda1b5-e099-418f-acff-a884accae10c,Pemerintah Kab. Barito Utara,CPNS,UMUM,OPERATOR LAYANAN KESEHATAN,PEMERINTAH KABUPATEN BARITO UTARA | DINAS KESEHATAN | RUMAH SAKIT UMUM DAERAH MUARA TEWEH | BIDANG PENUNJANG MEDIK DAN REKAM MEDIK | SEKSI PENUNJANG MEDIK,1,1,2500000,4200000,9,0,0,0
f44d03dc-cb0a-4771-ab22-90c0f1cd116a,Pemerintah Kab. Barito Utara,CPNS,UMUM,OPERATOR LAYANAN KESEHATAN,PEMERINTAH KABUPATEN BARITO UTARA | DINAS KESEHATAN | RUMAH SAKIT UMUM DAERAH MUARA TEWEH | BIDANG PELAYANAN MEDIK | SEKSI PENGAWASAN DAN PENGENDALIAN PELAYANAN MEDIK,1,1,2500000,4200000,22,0,0,0
95954aea-abad-4e93-80a0-0d01b8a266b9,Pemerintah Kab. Barito Utara,CPNS,UMUM,PEMADAM KEBAKARAN PEMULA,PEMERINTAH KABUPATEN BARITO UTARA | DINAS PEMADAM KEBAKARAN DAN PENYELAMATAN,52,0,2000000,3500000,639,0,0,0
8a0384c5915a83e001915aa5cb311bd9,Pemerintah Kab. Barito Utara,CPNS,UMUM,PEMELIHARA TUMBUHAN,PEMERINTAH KABUPATEN BARITO UTARA | DINAS PERTANIAN | BALAI BENIH TANAMAN PANGAN DAN HORTIKULTURA | SUBBAGIAN TATA USAHA BALAI BENIH TANAMAN PANGAN DAN HORTIKULTURA,2,1,2000000,3500000,10,0,0,0
0981c540-34f7-4bf5-96b8-4f9bc231850d,Pemerintah Kab. Barito Utara,CPNS,UMUM,PEMELIHARA TUMBUHAN,PEMERINTAH KABUPATEN BARITO UTARA | DINAS PERTANIAN | BALAI BENIH TANAMAN PANGAN DAN HORTIKULTURA | SUBBAGIAN TATA USAHA BALAI BENIH TANAMAN PANGAN DAN HORTIKULTURA,3,0,2000000,3500000,46,0,0,0
29ab7133-dc1c-4f21-ae6e-e73b54d80ef5,Pemerintah Kab. Barito Utara,CPNS,UMUM,PEMELIHARA TUMBUHAN,PEMERINTAH KABUPATEN BARITO UTARA | DINAS PERTANIAN | BIDANG TANAMAN PANGAN,5,1,2000000,3500000,73,0,0,0
2ed420d1-31bc-499a-87d1-884ee306a75f,Pemerintah Kab. Barito Utara,CPNS,UMUM,PEMELIHARA TUMBUHAN,PEMERINTAH KABUPATEN BARITO UTARA | DINAS LINGKUNGAN HIDUP | BIDANG TATA LINGKUNGAN,20,1,2000000,3500000,1896,0,0,0
3e43b86d-3fbf-4649-bb86-c0237c8bc7b5,Pemerintah Kab. Barito Utara,CPNS,UMUM,PEMELIHARA TUMBUHAN,PEMERINTAH KABUPATEN BARITO UTARA | DINAS PERTANIAN | BIDANG HORTIKULTURA,5,1,2000000,3500000,59,0,0,0
89705f01-ab8c-4afe-a501-975937b7cb8f,Pemerintah Kab. Barito Utara,CPNS,UMUM,PEMELIHARA TUMBUHAN,PEMERINTAH KABUPATEN BARITO UTARA | DINAS PERTANIAN | BALAI BENIH TANAMAN PERKEBUNAN | SUBBAGIAN TATA USAHA BALAI BENIH TANAMAN PERKEBUNAN,5,1,2000000,3500000,61,0,0,0
9d0f2aea-0692-4a44-8404-e26a838c375d,Pemerintah Kab. Barito Utara,CPNS,UMUM,PETUGAS OPERASI DAN PEMELIHARAAN,PEMERINTAH KABUPATEN BARITO UTARA | DINAS PEKERJAAN UMUM DAN PENATAAN RUANG | BIDANG TATA KOTA,3,1,2000000,3500000,79,0,0,0
c713a985-3156-4959-9292-73383229cc32,Pemerintah Kab. Barito Utara,CPNS,UMUM,PETUGAS OPERASI DAN PEMELIHARAAN,PEMERINTAH KABUPATEN BARITO UTARA | DINAS PEKERJAAN UMUM DAN PENATAAN RUANG | BIDANG SUMBER DAYA AIR,10,1,2000000,3500000,149,0,0,0
de1a09fd-a4d7-4a6d-a5c9-bb358fcad813,Pemerintah Kab. Barito Utara,CPNS,UMUM,POLISI KHUSUS CAGAR BUDAYA,"PEMERINTAH KABUPATEN BARITO UTARA | DINAS KEBUDAYAAN, PARIWISATA, KEPEMUDAAN DAN OLAHRAGA | BIDANG KEBUDAYAAN",10,0,1500000,3000000,91,0,0,0
58cda38e-ae0d-4991-a9fc-938886b0cee7,Pemerintah Kab. Barito Utara,CPNS,UMUM,POLISI PAMONG PRAJA PEMULA,PEMERINTAH KABUPATEN BARITO UTARA | SATUAN POLISI PAMONG PRAJA,50,0,2184000,3643400,383,0,0,0
4df56690-47de-4970-be56-120d341ad36c,Pemerintah Kab. Barito Utara,CPNS,UMUM,PRANATA PENCARIAN DAN PERTOLONGAN PEMULA,PEMERINTAH KABUPATEN BARITO UTARA | BADAN PENANGGULANGAN BENCANA DAERAH,16,0,2360300,2360300,155,0,0,0
36e9afff-6a16-4517-8f7e-76047603ab62,Pemerintah Kab. Barito Utara,CPNS,UMUM,TEKNISI MESIN ALAT BERAT,PEMERINTAH KABUPATEN BARITO UTARA | DINAS PEKERJAAN UMUM DAN PENATAAN RUANG | BALAI PENGELOLAAN PERALATAN DAN PERBEKALAN | SUBBAGIAN TATA USAHA BALAI PENGELOLAAN PERALATAN DAN PERBEKALAN,2,1,2000000,3500000,26,0,0,0
0176517b-b61e-47f6-b58e-77de1f06db09,Pemerintah Kab. Barru,CPNS,UMUM,OPERATOR LAYANAN KESEHATAN,PEMERINTAH KABUPATEN BARRU | DINAS KESEHATAN | UPT PUSKESMAS MANGKOSO,1,1,2000000,3000000,7,0,0,0
12d0e67e-3db5-4f83-baa3-fd41870fbfea,Pemerintah Kab. Barru,CPNS,PENYANDANG DISABILITAS,OPERATOR LAYANAN KESEHATAN,PEMERINTAH KABUPATEN BARRU | DINAS KESEHATAN | UPT PUSKESMAS PADONGKO,1,1,2000000,3000000,1,0,0,0
2bdc203f-e1f6-4bac-bdd3-5d3de06323bf,Pemerintah Kab. Barru,CPNS,UMUM,OPERATOR LAYANAN KESEHATAN,PEMERINTAH KABUPATEN BARRU | DINAS KESEHATAN | UPT PUSKESMAS PUJANANTING,1,1,2000000,3000000,11,0,0,0
52e8eafb-9572-439c-b356-ba924fee3ed1,Pemerintah Kab. Barru,CPNS,UMUM,OPERATOR LAYANAN KESEHATAN,PEMERINTAH KABUPATEN BARRU | DINAS KESEHATAN | UPT PUSKESMAS RALLA,1,1,2000000,3000000,3,0,0,0
5d8ff907-79e1-4f58-a330-b2a39569a61c,Pemerintah Kab. Barru,CPNS,UMUM,OPERATOR LAYANAN KESEHATAN,PEMERINTAH KABUPATEN BARRU | DINAS KESEHATAN | UPT PUSKESMAS BOJO BARU,1,1,2000000,3000000,15,0,0,0
6be7f4b0-6916-4429-9a36-92515c074149,Pemerintah Kab. Barru,CPNS,UMUM,OPERATOR LAYANAN KESEHATAN,PEMERINTAH KABUPATEN BARRU | DINAS KESEHATAN | UPT PUSKESMAS MADELLO,1,1,2000000,3000000,17,0,0,0
6e8638a2-885b-4f62-b973-1d8a8abff89a,Pemerintah Kab. Barru,CPNS,UMUM,OPERATOR LAYANAN KESEHATAN,PEMERINTAH KABUPATEN BARRU | DINAS KESEHATAN | UPT PUSKESMAS PALANRO,1,1,2000000,3000000,9,0,0,0
723f9b83-0df8-4627-a7ba-cdb083872fca,Pemerintah Kab. Barru,CPNS,UMUM,OPERATOR LAYANAN KESEHATAN,PEMERINTAH KABUPATEN BARRU | DINAS KESEHATAN | UPT PUSKESMAS PALAKKA,1,1,2000000,3000000,9,0,0,0
7ab14b98-a908-467d-bd55-8d2bb75a036c,Pemerintah Kab. Barru,CPNS,UMUM,OPERATOR LAYANAN KESEHATAN,PEMERINTAH KABUPATEN BARRU | DINAS KESEHATAN | UPT PUSKESMAS LISU,1,1,2000000,3000000,8,0,0,0
9723a0df-14e4-4061-8529-c48b0f057a97,Pemerintah Kab. Barru,CPNS,UMUM,OPERATOR LAYANAN KESEHATAN,PEMERINTAH KABUPATEN BARRU | DINAS KESEHATAN | UPT PUSKESMAS PANCANA,1,1,2000000,3000000,11,0,0,0
a1a2ba3c-5abd-41a1-9306-93521c79d5d1,Pemerintah Kab. Barru,CPNS,UMUM,OPERATOR LAYANAN KESEHATAN,PEMERINTAH KABUPATEN BARRU | DINAS KESEHATAN | UPT PUSKESMAS PEKKAE,1,1,2000000,3000000,24,0,0,0
f08202c9-1ebc-4dfe-81fd-b85a6daabc45,Pemerintah Kab. Barru,CPNS,UMUM,OPERATOR LAYANAN KESEHATAN,PEMERINTAH KABUPATEN BARRU | DINAS KESEHATAN | UPT PUSKESMAS DOI-DOI,1,1,2000000,3000000,7,0,0,0
d2e7d4e1-e60a-4bae-a389-e9f5e9fe32df,Pemerintah Kab. Barru,CPNS,UMUM,POLISI PAMONG PRAJA PEMULA,"PEMERINTAH KABUPATEN BARRU | SATUAN POLISI PAMONG PRAJA, PEMADAM KEBAKARAN DAN PENYELAMATAN | BIDANG KETENTRAMAN DAN KETERTIBAN",15,1,2000000,3000000,98,0,0,0
8a0384c7915b4c4c01915e486dfb255a,Pemerintah Kab. Biak Numfor,CPNS,ORANG ASLI PAPUA (OAP),OPERATOR ALAT BERAT,Pemerintah Kabupaten Biak Numfor | Dinas Pekerjaan Umum dan Penataan Ruang | Bidang Tata Ruang | Seksi Survey dan Penertiban Tata Ruang,1,0,2000000,3000000,16,0,0,0
6bc0623f-988f-4896-9268-d9abe81084a3,Pemerintah Kab. Biak Numfor,CPNS,ORANG ASLI PAPUA (OAP),OPERATOR ALAT BERAT,Pemerintah Kabupaten Biak Numfor | Dinas Pekerjaan Umum dan Penataan Ruang | Bidang Bina Marga | Seksi Pembangunan dan Peningkatan Jalan,1,0,2000000,3000000,31,0,0,0
75d529ab-5403-4840-8e16-80fef451c043,Pemerintah Kab. Biak Numfor,CPNS,ORANG ASLI PAPUA (OAP),OPERATOR ALAT BERAT,Pemerintah Kabupaten Biak Numfor | Dinas Pekerjaan Umum dan Penataan Ruang | Bidang Cipta Karya | Seksi Tata Bangunan dan Pemukiman,1,0,2000000,3000000,13,0,0,0
c024d77f-f65c-4d00-aac0-af40266fc5bf,Pemerintah Kab. Biak Numfor,CPNS,UMUM (NON OAP),OPERATOR ALAT BERAT,Pemerintah Kabupaten Biak Numfor | Dinas Pekerjaan Umum dan Penataan Ruang | Bidang Tata Ruang | Seksi Survey dan Penertiban Tata Ruang,1,0,2000000,3000000,10,0,0,0
8a0186ce915e61b701915e63f0960030,Pemerintah Kab. Biak Numfor,CPNS,ORANG ASLI PAPUA (OAP),OPERATOR LAYANAN KESEHATAN,Pemerintah Kabupaten Biak Numfor | UPTD Rumah Sakit Umum Daerah | Bidang Pelayanan Medis | Seksi Instalasi Rawat Jalan dan Darurat,4,0,2000000,3000000,7,0,0,0
8a0186ce915e61b701915e697c0100a6,Pemerintah Kab. Biak Numfor,CPNS,ORANG ASLI PAPUA (OAP),OPERATOR LAYANAN KESEHATAN,Pemerintah Kabupaten Biak Numfor | Dinas Kesehatan | Pusat Kesehatan Masyarakat | Puskesmas Kameri,1,0,2000000,3000000,8,0,0,0
8a0384c7915b4c4c01915e4d392d26ee,Pemerintah Kab. Biak Numfor,CPNS,ORANG ASLI PAPUA (OAP),OPERATOR LAYANAN KESEHATAN,Pemerintah Kabupaten Biak Numfor | Dinas Kesehatan | Pusat Kesehatan Masyarakat | Puskesmas Wundi,1,0,2000000,3000000,4,0,0,0
8a0384c7915b4c4c01915e4fb92a27b4,Pemerintah Kab. Biak Numfor,CPNS,ORANG ASLI PAPUA (OAP),OPERATOR LAYANAN KESEHATAN,Pemerintah Kabupaten Biak Numfor | Dinas Kesehatan | Pusat Kesehatan Masyarakat | Puskesmas Mandori,1,0,2000000,3000000,3,0,0,0
8a0384c7915b4c4c01915e51d52d27d3,Pemerintah Kab. Biak Numfor,CPNS,ORANG ASLI PAPUA (OAP),OPERATOR LAYANAN KESEHATAN,Pemerintah Kabupaten Biak Numfor | Dinas Kesehatan | Pusat Kesehatan Masyarakat | Puskesmas Poiru,1,1,2000000,3000000,8,0,0,0
8a0384c7915b4c4c01915e5366a627ea,Pemerintah Kab. Biak Numfor,CPNS,ORANG ASLI PAPUA (OAP),OPERATOR LAYANAN KESEHATAN,Pemerintah Kabupaten Biak Numfor | Dinas Kesehatan | Pusat Kesehatan Masyarakat | Puskesmas Saribi,1,0,2000000,3000000,5,0,0,0
8a0384c7915b4c4c01915e5620d52811,Pemerintah Kab. Biak Numfor,CPNS,ORANG ASLI PAPUA (OAP),OPERATOR LAYANAN KESEHATAN,Pemerintah Kabupaten Biak Numfor | Dinas Kesehatan | Pusat Kesehatan Masyarakat | Puskesmas Yenburwo,1,0,2000000,3000000,6,0,0,0
8a0384c7915b4c4c01915e5a310e2845,Pemerintah Kab. Biak Numfor,CPNS,ORANG ASLI PAPUA (OAP),OPERATOR LAYANAN KESEHATAN,Pemerintah Kabupaten Biak Numfor | Dinas Kesehatan | Pusat Kesehatan Masyarakat | Puskesmas Pasi,1,0,2000000,3000000,12,0,0,0
160804fb-6a7e-4a7e-8ac8-ff389420ed95,Pemerintah Kab. Biak Numfor,CPNS,ORANG ASLI PAPUA (OAP),OPERATOR LAYANAN KESEHATAN,Pemerintah Kabupaten Biak Numfor | Dinas Kesehatan | Pusat Kesehatan Masyarakat | Puskesmas Yawosi,2,1,2000000,3000000,16,0,0,0
24f52fb0-5478-40af-acbe-c526f1ca17ad,Pemerintah Kab. Biak Numfor,CPNS,ORANG ASLI PAPUA (OAP),OPERATOR LAYANAN KESEHATAN,Pemerintah Kabupaten Biak Numfor | Dinas Kesehatan | Pusat Kesehatan Masyarakat | Puskesmas Bosnik,2,0,2000000,3000000,9,0,0,0
282d1399-2b6e-4d2a-98e0-83dbb97ddcc3,Pemerintah Kab. Biak Numfor,CPNS,UMUM (NON OAP),OPERATOR LAYANAN KESEHATAN,Pemerintah Kabupaten Biak Numfor | Dinas Kesehatan | Pusat Kesehatan Masyarakat | Puskesmas Wundi,1,1,2000000,3000000,5,0,0,0
3895d8d9-dd8a-4491-9d81-533d8750385b,Pemerintah Kab. Biak Numfor,CPNS,ORANG ASLI PAPUA (OAP),OPERATOR LAYANAN KESEHATAN,Pemerintah Kabupaten Biak Numfor | Dinas Kesehatan | Bidang Pelayanan Kesehatan | Seksi Pelayanan Kesehatan Primer,1,0,2000000,3000000,7,0,0,0
40fceec2-3bba-4fab-8717-f1eb9b594b28,Pemerintah Kab. Biak Numfor,CPNS,ORANG ASLI PAPUA (OAP),OPERATOR LAYANAN KESEHATAN,Pemerintah Kabupaten Biak Numfor | Dinas Kesehatan | Pusat Kesehatan Masyarakat | Puskesmas Korem,2,1,2000000,3000000,9,0,0,0
46e2ec41-a6a8-48da-a35e-9489cd881251,Pemerintah Kab. Biak Numfor,CPNS,UMUM (NON OAP),OPERATOR LAYANAN KESEHATAN,Pemerintah Kabupaten Biak Numfor | Dinas Kesehatan | Pusat Kesehatan Masyarakat | Puskesmas Mandori,1,0,2000000,3000000,2,0,0,0
59560fa1-b9c4-45d4-9fdd-3b774c0e3906,Pemerintah Kab. Biak Numfor,CPNS,ORANG ASLI PAPUA (OAP),OPERATOR LAYANAN KESEHATAN,Pemerintah Kabupaten Biak Numfor | Dinas Kesehatan | Bidang Sumber Daya Manusia Kesehatan | Seksi Sumber Daya Manusia Kesehatan,2,0,2000000,3000000,6,0,0,0
64dee6ba-213c-44cb-9c21-237d94a5f42f,Pemerintah Kab. Biak Numfor,CPNS,ORANG ASLI PAPUA (OAP),OPERATOR LAYANAN KESEHATAN,Pemerintah Kabupaten Biak Numfor | Dinas Kesehatan | Pusat Kesehatan Masyarakat | Puskesmas Biak Kota,2,0,2000000,3000000,9,0,0,0
6ade32ec-2233-4e11-a1a0-0ed308566a64,Pemerintah Kab. Biak Numfor,CPNS,ORANG ASLI PAPUA (OAP),OPERATOR LAYANAN KESEHATAN,Pemerintah Kabupaten Biak Numfor | Dinas Kesehatan | Pusat Kesehatan Masyarakat | Puskesmas Bondifuar,2,1,2000000,3000000,12,0,0,0
6e9d1123-9dab-466b-bcf9-c6af2adbe835,Pemerintah Kab. Biak Numfor,CPNS,UMUM (NON OAP),OPERATOR LAYANAN KESEHATAN,Pemerintah Kabupaten Biak Numfor | Dinas Kesehatan | Pusat Kesehatan Masyarakat | Puskesmas Poiru,1,1,2000000,3000000,3,0,0,0
73234784-2252-4bb4-b27e-1a94cb72fd2e,Pemerintah Kab. Biak Numfor,CPNS,ORANG ASLI PAPUA (OAP),OPERATOR LAYANAN KESEHATAN,Pemerintah Kabupaten Biak Numfor | Dinas Kesehatan | Pusat Kesehatan Masyarakat | Puskesmas Andey,2,0,2000000,3000000,10,0,0,0
74ed17dd-2082-4406-ad95-6f6e0b5171f4,Pemerintah Kab. Biak Numfor,CPNS,UMUM (NON OAP),OPERATOR LAYANAN KESEHATAN,Pemerintah Kabupaten Biak Numfor | Dinas Kesehatan | Pusat Kesehatan Masyarakat | Puskesmas Saribi,1,1,2000000,3000000,5,0,0,0
815c3555-d8af-4137-80e1-119997e1814b,Pemerintah Kab. Biak Numfor,CPNS,ORANG ASLI PAPUA (OAP),OPERATOR LAYANAN KESEHATAN,Pemerintah Kabupaten Biak Numfor | Dinas Kesehatan | Pusat Kesehatan Masyarakat | Puskesmas Warsa,2,0,2000000,3000000,20,0,0,0
86e6ab83-351c-4f50-86a3-bbbc442a5bb8,Pemerintah Kab. Biak Numfor,CPNS,ORANG ASLI PAPUA (OAP),OPERATOR LAYANAN KESEHATAN,Pemerintah Kabupaten Biak Numfor | UPTD Rumah Sakit Umum Daerah | Bidang Pelayanan Medis | Seksi Instalasi Rawat Inap dan Khusus,5,0,2000000,3000000,19,0,0,0
976181ab-b8cd-4d31-91c3-8216b52ff4a8,Pemerintah Kab. Biak Numfor,CPNS,ORANG ASLI PAPUA (OAP),OPERATOR LAYANAN KESEHATAN,Pemerintah Kabupaten Biak Numfor | Dinas Kesehatan | Pusat Kesehatan Masyarakat | Puskesmas Yendidori,2,1,2000000,3000000,16,0,0,0
99427fe5-00fd-4368-a65b-abe079e40e85,Pemerintah Kab. Biak Numfor,CPNS,UMUM (NON OAP),OPERATOR LAYANAN KESEHATAN,Pemerintah Kabupaten Biak Numfor | Dinas Kesehatan | Pusat Kesehatan Masyarakat | Puskesmas Yenburwo,1,1,2000000,3000000,5,0,0,0
9f19e14d-28e4-4f93-add8-0b2287c4c40c,Pemerintah Kab. Biak Numfor,CPNS,ORANG ASLI PAPUA (OAP),OPERATOR LAYANAN KESEHATAN,Pemerintah Kabupaten Biak Numfor | UPTD Rumah Sakit Umum Daerah | Bidang Penunjang Pelayanan | Seksi Instalasi Penunjang Medis,5,1,2000000,3000000,18,0,0,0
a60ad350-a2b3-41da-a77f-78103c795bf8,Pemerintah Kab. Biak Numfor,CPNS,ORANG ASLI PAPUA (OAP),OPERATOR LAYANAN KESEHATAN,Pemerintah Kabupaten Biak Numfor | Dinas Kesehatan | Bidang Pelayanan Kesehatan | Seksi Pelayanan Kesehatan Tradisional,1,0,2000000,3000000,6,0,0,0
b3e7d5dd-5b46-4388-a4be-9189cd5c0ffb,Pemerintah Kab. Biak Numfor,CPNS,UMUM (NON OAP),OPERATOR LAYANAN KESEHATAN,Pemerintah Kabupaten Biak Numfor | Dinas Kesehatan | Pusat Kesehatan Masyarakat | Puskesmas Pasi,1,1,2000000,3000000,6,0,0,0
bbea62e7-0666-40c5-95b0-48cc90094dee,Pemerintah Kab. Biak Numfor,CPNS,ORANG ASLI PAPUA (OAP),OPERATOR LAYANAN KESEHATAN,Pemerintah Kabupaten Biak Numfor | Dinas Kesehatan | Pusat Kesehatan Masyarakat | Puskesmas Yomdori,2,0,2000000,3000000,8,0,0,0
bc5712de-556f-487f-bb40-54be8bc5bfa1,Pemerintah Kab. Biak Numfor,CPNS,ORANG ASLI PAPUA (OAP),OPERATOR LAYANAN KESEHATAN,Pemerintah Kabupaten Biak Numfor | Dinas Kesehatan | Pusat Kesehatan Masyarakat | Puskesmas Sumberker,2,0,2000000,3000000,4,0,0,0
bf09f80a-640f-4fdb-ade6-6b2b146d0ccb,Pemerintah Kab. Biak Numfor,CPNS,UMUM (NON OAP),OPERATOR LAYANAN KESEHATAN,Pemerintah Kabupaten Biak Numfor | UPTD Rumah Sakit Umum Daerah | Bidang Pelayanan Medis | Seksi Instalasi Rawat Jalan dan Darurat,1,0,2000000,3000000,12,0,0,0
ce930d88-9742-417a-baa2-608dcc8e1f2a,Pemerintah Kab. Biak Numfor,CPNS,ORANG ASLI PAPUA (OAP),OPERATOR LAYANAN KESEHATAN,Pemerintah Kabupaten Biak Numfor | Dinas Kesehatan | Bidang Pelayanan Kesehatan | Seksi Pelayanan Kesehatan Rujukan,1,0,2000000,3000000,8,0,0,0
d349a308-e413-4021-a2c6-aa8d6f345858,Pemerintah Kab. Biak Numfor,CPNS,ORANG ASLI PAPUA (OAP),OPERATOR LAYANAN KESEHATAN,Pemerintah Kabupaten Biak Numfor | Dinas Kesehatan | Pusat Kesehatan Masyarakat | Puskesmas Paray,2,0,2000000,3000000,4,0,0,0
d6cd7c41-0ebf-448a-be33-b9b9d682c87e,Pemerintah Kab. Biak Numfor,CPNS,ORANG ASLI PAPUA (OAP),OPERATOR LAYANAN KESEHATAN,Pemerintah Kabupaten Biak Numfor | Dinas Kesehatan | Pusat Kesehatan Masyarakat | Puskesmas Ampombukor,2,0,2000000,3000000,11,0,0,0
e6737c31-953a-4681-9ef4-7c5464b38d38,Pemerintah Kab. Biak Numfor,CPNS,ORANG ASLI PAPUA (OAP),OPERATOR LAYANAN KESEHATAN,Pemerintah Kabupaten Biak Numfor | Dinas Kesehatan | Pusat Kesehatan Masyarakat | Puskesmas Ridge,2,0,2000000,3000000,8,0,0,0
e7200f61-e9ff-4219-bbef-7e0851f3c4b3,Pemerintah Kab. Biak Numfor,CPNS,ORANG ASLI PAPUA (OAP),OPERATOR LAYANAN KESEHATAN,Pemerintah Kabupaten Biak Numfor | Dinas Kesehatan | Pusat Kesehatan Masyarakat | Puskesmas Marauw,2,0,2000000,3000000,11,0,0,0
ea154799-0dce-434f-ba1f-59c1e8a21192,Pemerintah Kab. Biak Numfor,CPNS,ORANG ASLI PAPUA (OAP),OPERATOR LAYANAN KESEHATAN,Pemerintah Kabupaten Biak Numfor | UPTD Rumah Sakit Umum Daerah | Bidang Penunjang Pelayanan | Seksi Instalasi Penunjang Non Medis,5,1,2000000,3000000,39,0,0,0
f47e1729-deb6-426f-a6e7-ecb023ff2377,Pemerintah Kab. Biak Numfor,CPNS,UMUM (NON OAP),OPERATOR LAYANAN KESEHATAN,Pemerintah Kabupaten Biak Numfor | Dinas Kesehatan | Pusat Kesehatan Masyarakat | Puskesmas Kameri,1,1,2000000,3000000,5,0,0,0
49b1f34c-6bd7-49d7-95b0-8fb77903d181,Pemerintah Kab. Biak Numfor,CPNS,ORANG ASLI PAPUA (OAP),PETUGAS OPERASI DAN PEMELIHARAAN,Pemerintah Kabupaten Biak Numfor | Dinas Pekerjaan Umum dan Penataan Ruang | Bidang Bina Marga | Seksi Pembangunan dan Peningkatan Jalan,1,0,2000000,3000000,68,0,0,0
60d3929d-ea35-45fb-b1d8-0bbbbab0b794,Pemerintah Kab. Biak Numfor,CPNS,ORANG ASLI PAPUA (OAP),PETUGAS OPERASI DAN PEMELIHARAAN,Pemerintah Kabupaten Biak Numfor | Dinas Pekerjaan Umum dan Penataan Ruang | Bidang Tata Ruang | Seksi Pembinaan Tata Ruang,1,0,2000000,3000000,50,0,0,0
61ad816e-3c9f-4d11-a457-b0e834fdd61c,Pemerintah Kab. Biak Numfor,CPNS,ORANG ASLI PAPUA (OAP),PETUGAS OPERASI DAN PEMELIHARAAN,Pemerintah Kabupaten Biak Numfor | Dinas Pekerjaan Umum dan Penataan Ruang | Bidang Bina Konstruksi | Seksi Produk Pengaturan Bina Konstruksi,1,0,2000000,3000000,54,0,0,0
6322976a-18ab-4294-b8bc-35430af7c1db,Pemerintah Kab. Biak Numfor,CPNS,ORANG ASLI PAPUA (OAP),PETUGAS OPERASI DAN PEMELIHARAAN,Pemerintah Kabupaten Biak Numfor | Dinas Pekerjaan Umum dan Penataan Ruang | Bidang Cipta Karya | Seksi Air Minum,1,0,2000000,3000000,40,0,0,0
8aef2db0-cb01-40ad-8872-42d4846b9819,Pemerintah Kab. Biak Numfor,CPNS,UMUM (NON OAP),PETUGAS OPERASI DAN PEMELIHARAAN,Pemerintah Kabupaten Biak Numfor | Dinas Pekerjaan Umum dan Penataan Ruang | Bidang Cipta Karya | Seksi Tata Bangunan dan Pemukiman,1,0,2000000,3000000,16,0,0,0
9efffc8e-fc25-432c-bde6-1db46f731d7c,Pemerintah Kab. Biak Numfor,CPNS,ORANG ASLI PAPUA (OAP),PETUGAS OPERASI DAN PEMELIHARAAN,Pemerintah Kabupaten Biak Numfor | Dinas Pekerjaan Umum dan Penataan Ruang | Bidang Tata Ruang | Seksi Survey dan Penertiban Tata Ruang,1,0,2000000,3000000,53,0,0,0
a2c6b832-7603-4c1a-b08b-dd5a80c1c2a1,Pemerintah Kab. Biak Numfor,CPNS,UMUM (NON OAP),PETUGAS OPERASI DAN PEMELIHARAAN,Pemerintah Kabupaten Biak Numfor | Dinas Pekerjaan Umum dan Penataan Ruang | Bidang Bina Konstruksi | Seksi Pengawasan Bina Konstruksi,1,0,2000000,3000000,30,0,0,0
ba8dda98-d04d-4d80-887e-8879ae4274d4,Pemerintah Kab. Biak Numfor,CPNS,ORANG ASLI PAPUA (OAP),PETUGAS OPERASI DAN PEMELIHARAAN,Pemerintah Kabupaten Biak Numfor | Dinas Pekerjaan Umum dan Penataan Ruang | Bidang Bina Marga | Seksi Pemeliharaan dan Pemanfaatan Jalan/Jembatan,1,0,2000000,3000000,58,0,0,0
bcf387ce-8309-465b-9404-c482962ab1b7,Pemerintah Kab. Biak Numfor,CPNS,ORANG ASLI PAPUA (OAP),PETUGAS OPERASI DAN PEMELIHARAAN,Pemerintah Kabupaten Biak Numfor | Dinas Pekerjaan Umum dan Penataan Ruang | Bidang Tata Ruang | Seksi Pengendalian Tata Ruang,1,0,2000000,3000000,22,0,0,0
8a0186ce915e61b701915f8ba9306805,Pemerintah Kab. Biak Numfor,CPNS,ORANG ASLI PAPUA (OAP),POLISI PAMONG PRAJA PEMULA,Pemerintah Kabupaten Biak Numfor | Satuan Polisi Pamong Praja | Kelompok Jabatan Fungsional,42,0,2000000,3000000,428,0,0,0
1d863d04-8e03-4077-9271-6552017f09d6,Pemerintah Kab. Biak Numfor,CPNS,UMUM (NON OAP),POLISI PAMONG PRAJA PEMULA,Pemerintah Kabupaten Biak Numfor | Satuan Polisi Pamong Praja | Kelompok Jabatan Fungsional,8,0,2000000,3000000,45,0,0,0
d3e4af51-a30c-4300-a800-5e0b6699a63b,Pemerintah Kab. Bolaang Mongondow Selatan,CPNS,UMUM,PEMADAM KEBAKARAN PEMULA,Pemerintah Kabupaten Bolaang Mongondow Selatan | SATUAN POLISI PAMONG PRAJA | SATUAN POLISI PAMONG PRAJA | SATUAN POLISI PAMONG PRAJA,10,0,2184000,3643400,483,0,0,0
3dc0daf3-d97a-4a08-9836-201980077204,Pemerintah Kab. Bolaang Mongondow Timur,CPNS,UMUM,POLISI PAMONG PRAJA PEMULA,PEMERINTAH KABUPATEN BOLAANG MONGONDOW TIMUR | SATUAN POLISI PAMONG PRAJA DAN KEBAKARAN,6,0,2299800,3880000,330,0,0,0
8a028492914fb63b01914fdeccd83f21,Pemerintah Kab. Boven Digoel,CPNS,ORANG ASLI PAPUA (OAP),ASISTEN PELATIH OLAHRAGA PEMULA,"PEMERINTAH KABUPATEN BOVEN DIGOEL | Dinas Pariwisata, Pemuda dan Olahraga | Bidang Pemuda dan Olahraga | Seksi Keolahragaan",3,0,2000000,3000000,41,0,0,0
f24af7a7-5467-4f92-a1e4-e330cbac7094,Pemerintah Kab. Boven Digoel,CPNS,UMUM (NON OAP),ASISTEN PELATIH OLAHRAGA PEMULA,"PEMERINTAH KABUPATEN BOVEN DIGOEL | Dinas Pariwisata, Pemuda dan Olahraga | Bidang Pemuda dan Olahraga | Seksi Keolahragaan",1,0,2000000,3000000,10,0,0,0
8a0384b491502874019153386fed4d37,Pemerintah Kab. Boven Digoel,CPNS,ORANG ASLI PAPUA (OAP),OPERATOR LAYANAN KESEHATAN,PEMERINTAH KABUPATEN BOVEN DIGOEL | DINAS KESEHATAN,16,0,2000000,3000000,99,0,0,0
1fc8a7e2-5c45-46e3-b876-69344dc5a5b2,Pemerintah Kab. Boven Digoel,CPNS,UMUM (NON OAP),OPERATOR LAYANAN KESEHATAN,PEMERINTAH KABUPATEN BOVEN DIGOEL | DINAS KESEHATAN,4,0,2000000,3000000,64,0,0,0
8a0384b4915028740191533a4e524d3d,Pemerintah Kab. Boven Digoel,CPNS,ORANG ASLI PAPUA (OAP),PEMADAM KEBAKARAN PEMULA,PEMERINTAH KABUPATEN BOVEN DIGOEL | Satuan Polisi Pamong Praja | Bidang Perlindungan Masyarakat Penanggulangan Bencana | Seksi Penanggulangan Bencana dan Kebakaran,8,0,2000000,3000000,449,0,0,0
92887e30-e535-47e0-a895-8128ad585b24,Pemerintah Kab. Boven Digoel,CPNS,UMUM (NON OAP),PEMADAM KEBAKARAN PEMULA,PEMERINTAH KABUPATEN BOVEN DIGOEL | Satuan Polisi Pamong Praja | Bidang Perlindungan Masyarakat Penanggulangan Bencana | Seksi Penanggulangan Bencana dan Kebakaran,2,0,2000000,3000000,61,0,0,0
8a0384b4915028740191533d84544d5a,Pemerintah Kab. Boven Digoel,CPNS,ORANG ASLI PAPUA (OAP),PENATA LAKSANA BANGUNAN GEDUNG DAN KAWASAN PERMUKIMAN PEMULA,"PEMERINTAH KABUPATEN BOVEN DIGOEL | Dinas Perumahan, Kawasan Permukiman, Lingkungan Hidup Dan Pertanahan | Bidang Kawasan Permukiman | Seksi Penataan dan Peningkatan Kualitas Kawasan Permukiman Kumuh",4,0,2000000,3000000,111,0,0,0
fc0ac03c-5258-43e3-bbe8-80c00cc5f069,Pemerintah Kab. Boven Digoel,CPNS,UMUM (NON OAP),PENATA LAKSANA BANGUNAN GEDUNG DAN KAWASAN PERMUKIMAN PEMULA,"PEMERINTAH KABUPATEN BOVEN DIGOEL | Dinas Perumahan, Kawasan Permukiman, Lingkungan Hidup Dan Pertanahan | Bidang Kawasan Permukiman | Seksi Penataan dan Peningkatan Kualitas Kawasan Permukiman Kumuh",1,0,2000000,3000000,12,0,0,0
8a0384b4915028740191533f846d4d74,Pemerintah Kab. Boven Digoel,CPNS,ORANG ASLI PAPUA (OAP),PENATA LAKSANA JALAN DAN JEMBATAN PEMULA,PEMERINTAH KABUPATEN BOVEN DIGOEL | Dinas Pekerjaan Umum Dan Penataan Ruang,3,0,2000000,3000000,30,0,0,0
850ad958-58a9-4c42-8d29-e81a2c7b17c4,Pemerintah Kab. Boven Digoel,CPNS,UMUM (NON OAP),PENATA LAKSANA JALAN DAN JEMBATAN PEMULA,PEMERINTAH KABUPATEN BOVEN DIGOEL | Dinas Pekerjaan Umum Dan Penataan Ruang,1,0,2000000,3000000,7,0,0,0
8a0384b49150287401915341875b4d82,Pemerintah Kab. Boven Digoel,CPNS,ORANG ASLI PAPUA (OAP),PENATA LAKSANA PENYEHATAN LINGKUNGAN PEMULA,"PEMERINTAH KABUPATEN BOVEN DIGOEL | Dinas Perumahan, Kawasan Permukiman, Lingkungan Hidup Dan Pertanahan | Bidang Lingkungan Hidup",6,0,2000000,3000000,81,0,0,0
e3e117bc-86bc-4de1-8074-7b5184b65fa2,Pemerintah Kab. Boven Digoel,CPNS,UMUM (NON OAP),PENATA LAKSANA PENYEHATAN LINGKUNGAN PEMULA,"PEMERINTAH KABUPATEN BOVEN DIGOEL | Dinas Perumahan, Kawasan Permukiman, Lingkungan Hidup Dan Pertanahan | Bidang Lingkungan Hidup",1,0,2000000,3000000,10,0,0,0
8a0384b4915028740191534516ed4d97,Pemerintah Kab. Boven Digoel,CPNS,ORANG ASLI PAPUA (OAP),PENGAMAT TERA PEMULA,"PEMERINTAH KABUPATEN BOVEN DIGOEL | Dinas Koperasi, Usaha Kecil Menengah, Perindustrian dan Perdagangan",4,0,2000000,3000000,25,0,0,0
7fa6d605-40e2-45af-96aa-c75f8cb850c2,Pemerintah Kab. Boven Digoel,CPNS,UMUM (NON OAP),PENGAMAT TERA PEMULA,"PEMERINTAH KABUPATEN BOVEN DIGOEL | Dinas Koperasi, Usaha Kecil Menengah, Perindustrian dan Perdagangan",1,0,2000000,3000000,11,0,0,0
8a0384b491502874019153b214aa7f9b,Pemerintah Kab. Boven Digoel,CPNS,ORANG ASLI PAPUA (OAP),POLISI PAMONG PRAJA PEMULA,PEMERINTAH KABUPATEN BOVEN DIGOEL | Satuan Polisi Pamong Praja,38,0,2000000,3000000,666,0,0,0
1707841e-6434-4bde-b518-28f8f4bcaf40,Pemerintah Kab. Boven Digoel,CPNS,UMUM (NON OAP),POLISI PAMONG PRAJA PEMULA,PEMERINTAH KABUPATEN BOVEN DIGOEL | Satuan Polisi Pamong Praja,4,0,2000000,3000000,84,0,0,0
8a0384b491502874019153b8224101c4,Pemerintah Kab. Boven Digoel,CPNS,ORANG ASLI PAPUA (OAP),PRANATA PENCARIAN DAN PERTOLONGAN PEMULA,PEMERINTAH KABUPATEN BOVEN DIGOEL | BADAN PENANGGULANGAN BENCANA DAERAH,8,0,2000000,3000000,72,0,0,0
cadf5262-2497-4c1f-b414-53c1a267ed8e,Pemerintah Kab. Boven Digoel,CPNS,UMUM (NON OAP),PRANATA PENCARIAN DAN PERTOLONGAN PEMULA,PEMERINTAH KABUPATEN BOVEN DIGOEL | BADAN PENANGGULANGAN BENCANA DAERAH,2,0,2000000,3000000,25,0,0,0
394df8cc-8f9b-4862-abc3-8b1ae66568a0,Pemerintah Kab. Brebes,CPNS,UMUM,OPERATOR LAYANAN KESEHATAN,"PEMERINTAH KABUPATEN BREBES | DINAS KESEHATAN | RUMAH SAKIT UMUM DAERAH BREBES KELAS B | WAKIL DIREKTUR PELAYANAN, PENGENDALIAN DAN MUTU | BIDANG KEPERAWATAN | SEKSI PELAYANAN KEPERAWATAN",1,1,1747200,2489760,241,0,0,0
5b9e1384-eb9d-4f57-b3f2-69c756f2ed27,Pemerintah Kab. Brebes,CPNS,UMUM,PEMADAM KEBAKARAN PEMULA,PEMERINTAH KABUPATEN BREBES | SATUAN POLISI PAMONG PRAJA | KELOMPOK JABATAN FUNGSIONAL,4,0,1747200,2489760,29,0,0,0
0d06b98a-4938-465e-af68-e08c7ee0579c,Pemerintah Kab. Brebes,CPNS,UMUM,PETUGAS OPERASI DAN PEMELIHARAAN,PEMERINTAH KABUPATEN BREBES | DINAS PENGELOLAAN SUMBER DAYA AIR DAN PENATAAN RUANG | UPT PEMALI MALAHAYU,1,0,1747200,2489760,116,0,0,0
b727e927-96eb-4940-974a-77c2335a82d8,Pemerintah Kab. Brebes,CPNS,UMUM,PETUGAS OPERASI DAN PEMELIHARAAN,PEMERINTAH KABUPATEN BREBES | DINAS PENGELOLAAN SUMBER DAYA AIR DAN PENATAAN RUANG | UPT PEMALI HILIR,1,0,1747200,2489760,175,0,0,0
c7a1ae7f-1f86-49ab-9b67-c50292fb22fc,Pemerintah Kab. Brebes,CPNS,UMUM,POLISI PAMONG PRAJA PEMULA,PEMERINTAH KABUPATEN BREBES | SATUAN POLISI PAMONG PRAJA | KELOMPOK JABATAN FUNGSIONAL,4,0,1747200,2489760,54,0,0,0
8e5bb154-b1d9-4384-b8dc-4458412e6eeb,Pemerintah Kab. Buleleng,CPNS,UMUM,POLISI PAMONG PRAJA PEMULA,PEMERINTAH KABUPATEN BULELENG | SATUAN POLISI PAMONG PRAJA | BIDANG KETERTIBAN UMUM DAN KETENTRAMAN MASYARAKAT,11,0,2500000,4500000,194,0,0,0
beed5657-35c6-4d0e-8b05-9c5397e5b55c,Pemerintah Kab. Buleleng,CPNS,UMUM,POLISI PAMONG PRAJA PEMULA,PEMERINTAH KABUPATEN BULELENG | SATUAN POLISI PAMONG PRAJA | BIDANG PERLINDUNGAN MASYARAKAT,10,0,2500000,4500000,164,0,0,0
d8a88843-8da7-4702-a627-9787ec99b274,Pemerintah Kab. Buru,CPNS,UMUM,PEMADAM KEBAKARAN PEMULA,PEMERINTAH KABUPATEN BURU | Dinas Satuan Polisi Pamong Praja Dan Pemadam Kebakaran,13,1,3000000,4000000,504,0,0,0
75c52842-5529-4931-b36b-6de28ef93f1c,Pemerintah Kab. Buru,CPNS,UMUM,POLISI PAMONG PRAJA PEMULA,PEMERINTAH KABUPATEN BURU | Dinas Satuan Polisi Pamong Praja Dan Pemadam Kebakaran | Kelompok Jabatan Fungsional,25,1,3000000,4000000,548,0,0,0
fbdeee3c-d10c-4ae5-b3cc-40277572e5b6,Pemerintah Kab. Buton,CPNS,UMUM,PETUGAS OPERASI DAN PEMELIHARAAN,PEMERINTAH KABUPATEN BUTON | PEMERINTAH KABUPATEN BUTON | DINAS PEKERJAAN UMUM DAN PENATAAN RUANG | BIDANG SUMBER DAYA AIR,1,1,2184000,2860300,236,0,0,0
051a8a35-c017-470a-a23d-c8749570c3da,Pemerintah Kab. Buton Tengah,CPNS,UMUM,POLISI PAMONG PRAJA PEMULA,PEMERINTAH KABUPATEN BUTON TENGAH | SATUAN POLISI PAMONG PRAJA DAN PEMADAM KEBAKARAN,5,0,1400000,1700000,155,0,0,0
a3e1512d-a9eb-4cc6-8e7e-51e562000161,Pemerintah Kab. Deiyai,CPNS,UMUM (NON OAP),ASISTEN PELATIH OLAHRAGA PEMULA,PEMERINTAH KABUPATEN DEIYAI | DINAS PEMUDA DAN OLAH RAGA | Bidang Keolahragaan | Seksi Pembinaan dan Pengembangan SDM,1,1,2300000,3000000,8,0,0,0
8a018615916e75bd01916e838d3500c9,Pemerintah Kab. Deiyai,CPNS,ORANG ASLI PAPUA (OAP),OPERATOR LAYANAN KESEHATAN,PEMERINTAH KABUPATEN DEIYAI | DINAS KESEHATAN | PUSKESMAS | PUSKESMAS TENEDAGI,2,1,2300000,3000000,9,0,0,0
8a018615916e75bd01916ea1d7f80471,Pemerintah Kab. Deiyai,CPNS,ORANG ASLI PAPUA (OAP),OPERATOR LAYANAN KESEHATAN,PEMERINTAH KABUPATEN DEIYAI | DINAS KESEHATAN | BIDANG KESEHATAN MASYARAKAT | Seksi Gizi Msyarakat,2,1,2300000,3000000,21,0,0,0
8a018615916e75bd01916ea4357804be,Pemerintah Kab. Deiyai,CPNS,ORANG ASLI PAPUA (OAP),OPERATOR LAYANAN KESEHATAN,PEMERINTAH KABUPATEN DEIYAI | DINAS KESEHATAN | BIDANG PELAYANAN KESEHATAN | Seksi Pelayanan Kesehatan Primer,2,1,2300000,3000000,5,0,0,0
8a018615916e75bd01916ea4b12904c9,Pemerintah Kab. Deiyai,CPNS,ORANG ASLI PAPUA (OAP),OPERATOR LAYANAN KESEHATAN,PEMERINTAH KABUPATEN DEIYAI | DINAS KESEHATAN | PUSKESMAS | PUSKESMAS GAKOKEBO,2,1,2300000,3000000,9,0,0,0
8a018615916e75bd01916ea5a43704d1,Pemerintah Kab. Deiyai,CPNS,ORANG ASLI PAPUA (OAP),OPERATOR LAYANAN KESEHATAN,PEMERINTAH KABUPATEN DEIYAI | DINAS KESEHATAN | BIDANG PELAYANAN KESEHATAN | Seksi Pelayanan Kesehatan Anak Remaja dan Kesehatan Olahraga,2,1,2300000,3200000,11,0,0,0
00024f06-28b8-4cf5-91cf-23c84bba6924,Pemerintah Kab. Deiyai,CPNS,UMUM (NON OAP),OPERATOR LAYANAN KESEHATAN,PEMERINTAH KABUPATEN DEIYAI | DINAS KESEHATAN | BIDANG PELAYANAN KESEHATAN | Seksi Pelayanan Kesehatan Anak Remaja dan Kesehatan Olahraga,1,1,2300000,3200000,1,0,0,0
36cb6ad2-90d1-49e5-bd2f-12841837a9a4,Pemerintah Kab. Deiyai,CPNS,UMUM (NON OAP),OPERATOR LAYANAN KESEHATAN,PEMERINTAH KABUPATEN DEIYAI | DINAS KESEHATAN | BIDANG KESEHATAN MASYARAKAT | Seksi Gizi Msyarakat,1,1,2300000,3000000,3,0,0,0
3f37d526-b53f-405c-8f9c-9f7de3721d01,Pemerintah Kab. Deiyai,CPNS,ORANG ASLI PAPUA (OAP),OPERATOR LAYANAN KESEHATAN,PEMERINTAH KABUPATEN DEIYAI | DINAS KESEHATAN | PUSKESMAS | PUSKESMAS KOKOBAYA,3,1,2300000,3000000,7,0,0,0
5ada2100-cb0c-46a9-8c4b-d096bb7bfe81,Pemerintah Kab. Deiyai,CPNS,ORANG ASLI PAPUA (OAP),OPERATOR LAYANAN KESEHATAN,PEMERINTAH KABUPATEN DEIYAI | DINAS KESEHATAN | PUSKESMAS | PUSKESMAS BOUWOBADO,2,1,2300000,3000000,9,0,0,0
5c0314b1-8ad6-439a-94ab-6770f9895cb0,Pemerintah Kab. Deiyai,CPNS,ORANG ASLI PAPUA (OAP),OPERATOR LAYANAN KESEHATAN,PEMERINTAH KABUPATEN DEIYAI | DINAS KESEHATAN | PUSKESMAS | PUSKESMAS AYATEI,2,1,2300000,3000000,7,0,0,0
74ec798d-3950-4c6c-86c0-d19672082ac5,Pemerintah Kab. Deiyai,CPNS,UMUM (NON OAP),OPERATOR LAYANAN KESEHATAN,PEMERINTAH KABUPATEN DEIYAI | DINAS KESEHATAN | PUSKESMAS | PUSKESMAS TENEDAGI,1,1,2300000,3000000,3,0,0,0
7937364a-9b2c-40c0-be1b-b01c7f982c27,Pemerintah Kab. Deiyai,CPNS,UMUM (NON OAP),OPERATOR LAYANAN KESEHATAN,PEMERINTAH KABUPATEN DEIYAI | DINAS KESEHATAN | BIDANG PELAYANAN KESEHATAN | Seksi Pelayanan Kesehatan Primer,1,1,2300000,3000000,1,0,0,0
7cd7acd1-190a-4a6c-b69c-bfa81e769956,Pemerintah Kab. Deiyai,CPNS,ORANG ASLI PAPUA (OAP),OPERATOR LAYANAN KESEHATAN,PEMERINTAH KABUPATEN DEIYAI | DINAS KESEHATAN | PUSKESMAS | PUSKESMAS WAGOMANI,3,1,2300000,3000000,9,0,0,0
9facfcbb-e424-472b-a28c-7965809a52b1,Pemerintah Kab. Deiyai,CPNS,UMUM (NON OAP),OPERATOR LAYANAN KESEHATAN,PEMERINTAH KABUPATEN DEIYAI | DINAS KESEHATAN | PUSKESMAS | PUSKESMAS GAKOKEBO,1,1,2300000,3000000,2,0,0,0
9fc1eddb-c932-4f6f-ac80-78b839ce2c6f,Pemerintah Kab. Deiyai,CPNS,ORANG ASLI PAPUA (OAP),OPERATOR LAYANAN KESEHATAN,PEMERINTAH KABUPATEN DEIYAI | DINAS KESEHATAN | PUSKESMAS | PUSKESMAS WAGHETE,3,1,2300000,3000000,10,0,0,0
b08cda72-1d09-47fb-bac2-434185831ab4,Pemerintah Kab. Deiyai,CPNS,ORANG ASLI PAPUA (OAP),OPERATOR LAYANAN KESEHATAN,PEMERINTAH KABUPATEN DEIYAI | DINAS KESEHATAN | PUSKESMAS | PUSKESMAS DAMABAGATA,3,1,2300000,3000000,13,0,0,0
ea3757c3-77bc-403b-811a-9e07691c565d,Pemerintah Kab. Deiyai,CPNS,ORANG ASLI PAPUA (OAP),OPERATOR LAYANAN KESEHATAN,PEMERINTAH KABUPATEN DEIYAI | DINAS KESEHATAN | BIDANG KESEHATAN MASYARAKAT | Seksi Kesehatan Keluarga,3,1,2300000,3000000,24,0,0,0
f0a17f04-4ef5-448c-8417-ef722b36758c,Pemerintah Kab. Deiyai,CPNS,ORANG ASLI PAPUA (OAP),OPERATOR LAYANAN KESEHATAN,PEMERINTAH KABUPATEN DEIYAI | DINAS KESEHATAN | PUSKESMAS | PUSKESMAS EDAROTALI,2,1,2300000,3000000,4,0,0,0
f5ba8cc5-4d0f-470f-8c83-4eebd47da037,Pemerintah Kab. Deiyai,CPNS,ORANG ASLI PAPUA (OAP),OPERATOR LAYANAN KESEHATAN,"PEMERINTAH KABUPATEN DEIYAI | DINAS KESEHATAN | BIDANG PELAYANAN KESEHATAN | Seksi Pelayanan Kesehatan Rujukan, Tradisional dan Komlermenter",2,1,2300000,3000000,3,0,0,0
8a018615916e75bd01916e82f98400b7,Pemerintah Kab. Deiyai,CPNS,ORANG ASLI PAPUA (OAP),PEMADAM KEBAKARAN PEMULA,PEMERINTAH KABUPATEN DEIYAI | DINAS SATUAN POLISI PAMONG PRAJA | BIDANG PERLINDUNGAN MASYARAKAT | Seksi Satuan Perlindungan Masyarakat,10,1,2300000,3000000,454,0,0,0
d22d17c0-f27c-4ae2-8ac5-09a2d2b462d4,Pemerintah Kab. Deiyai,CPNS,UMUM (NON OAP),PEMADAM KEBAKARAN PEMULA,PEMERINTAH KABUPATEN DEIYAI | DINAS SATUAN POLISI PAMONG PRAJA | BIDANG PERLINDUNGAN MASYARAKAT | Seksi Satuan Perlindungan Masyarakat,1,1,2300000,3000000,22,0,0,0
124b007c-86b2-4bc9-ace5-e4e059959e62,Pemerintah Kab. Deiyai,CPNS,ORANG ASLI PAPUA (OAP),PENATA LAKSANA JALAN DAN JEMBATAN PEMULA,PEMERINTAH KABUPATEN DEIYAI | DINAS PEKERJAAN UMUM DAN PENATAAN RUANG | BINA MARGA | Seksi Pembangunan Jalan dan Jembatan,4,1,2300000,3000000,78,0,0,0
b5d894ca-de04-4b34-8d7e-c1201039e2b9,Pemerintah Kab. Deiyai,CPNS,UMUM (NON OAP),PENATA LAKSANA SUMBER DAYA AIR PEMULA,PEMERINTAH KABUPATEN DEIYAI | DINAS PEKERJAAN UMUM DAN PENATAAN RUANG | BIDANG SUMBER DAYA AIR | SEKSI PELAKSANAAN SUMBER DAYA AIR,1,1,2300000,3000000,13,0,0,0
8a018615916e75bd01916e8198790071,Pemerintah Kab. Deiyai,CPNS,ORANG ASLI PAPUA (OAP),POLISI PAMONG PRAJA PEMULA,PEMERINTAH KABUPATEN DEIYAI | DINAS SATUAN POLISI PAMONG PRAJA | BIDANG PERLINDUNGAN MASYARAKAT | Seksi Satuan Perlindungan Masyarakat,10,1,2500000,3000000,179,0,0,0
8a018615916e75bd01916e827db0008a,Pemerintah Kab. Deiyai,CPNS,ORANG ASLI PAPUA (OAP),POLISI PAMONG PRAJA PEMULA,PEMERINTAH KABUPATEN DEIYAI | DINAS SATUAN POLISI PAMONG PRAJA | BIDANG KETENTRAMAN DAN KETERTIBAN UMUM | SEKSI OPERASI DAN PENGENDALIAN,14,1,2500000,3000000,307,0,0,0
1dbfa3b3-12b6-457a-a4b7-c320f7c7bdd3,Pemerintah Kab. Deiyai,CPNS,UMUM (NON OAP),POLISI PAMONG PRAJA PEMULA,PEMERINTAH KABUPATEN DEIYAI | DINAS SATUAN POLISI PAMONG PRAJA | BIDANG KETENTRAMAN DAN KETERTIBAN UMUM | SEKSI OPERASI DAN PENGENDALIAN,1,1,2500000,3000000,8,0,0,0
83aeed40-1fed-4a6f-900a-478ab98533ef,Pemerintah Kab. Deiyai,CPNS,UMUM (NON OAP),POLISI PAMONG PRAJA PEMULA,PEMERINTAH KABUPATEN DEIYAI | DINAS SATUAN POLISI PAMONG PRAJA | BIDANG PERLINDUNGAN MASYARAKAT | Seksi Satuan Perlindungan Masyarakat,1,1,2500000,3000000,9,0,0,0
9e76d851-7c69-44a8-abd2-2c198284eb6d,Pemerintah Kab. Deiyai,CPNS,ORANG ASLI PAPUA (OAP),PRANATA PENCARIAN DAN PERTOLONGAN PEMULA,PEMERINTAH KABUPATEN DEIYAI | BADAN PENANGGULANGAN BENCANA DAERAH | BIDANG KEDARURATAN DAN LOGISTIK | SEKSI KEDARURATAN,4,1,2300000,3000000,73,0,0,0
4a141aab-cb5e-48ec-969d-8a4d33348477,Pemerintah Kab. Deli Serdang,CPNS,UMUM,PEMADAM KEBAKARAN PEMULA,Kabupaten Deli Serdang | Dinas Pemadam Kebakaran dan Penyelamatan | Bidang Pemadaman,8,1,2184000,4959440,1570,0,0,0
e567ba41-2459-48f5-8c16-663c8773b4a2,Pemerintah Kab. Dharmasraya,CPNS,UMUM,POLISI PAMONG PRAJA PEMULA,"PEMERINTAH KABUPATEN DHARMASRAYA | SATUAN POLISI PAMONG PRAJA DAN PEMADAM KEBAKARAN | BIDANG KETENTRAMAN,KETERTIBAN UMUM DAN PEMADAM KEBAKARAN",2,0,2021109,2275508,93,0,0,0
3505f518-fda5-4b1d-959f-3d9c35f68c2f,Pemerintah Kab. Dogiyai,CPNS,ORANG ASLI PAPUA (OAP),ASISTEN PELATIH OLAHRAGA PEMULA,"PEMERINTAH KABUPATEN DOGIYAI | DINAS PENDIDIKAN PEMUDA DAN OLAH RAGA | BIDANG GENERASI MUDA, OLAH RAGA PENDIDIKAN, DAN SARANA | SEKSI OLAH RAGA PENDIDIKAN",5,1,2000000,3000000,16,0,0,0
0674c755-42b5-4368-9b5f-3caead7aa539,Pemerintah Kab. Dogiyai,CPNS,ORANG ASLI PAPUA (OAP),OPERATOR LAYANAN KESEHATAN,PEMERINTAH KABUPATEN DOGIYAI | DINAS KESEHATAN | PUSKESMAS | PUSKESMAS APOUWO,1,1,2000000,3000000,4,0,0,0
0c9550aa-5ff9-47f6-be1b-041e4a20aa5e,Pemerintah Kab. Dogiyai,CPNS,ORANG ASLI PAPUA (OAP),OPERATOR LAYANAN KESEHATAN,PEMERINTAH KABUPATEN DOGIYAI | DINAS KESEHATAN | PUSKESMAS | PUSKESMAS PUWETA,1,1,2000000,3000000,1,0,0,0
326e0733-6fea-420e-b46a-4da34b3c77c0,Pemerintah Kab. Dogiyai,CPNS,ORANG ASLI PAPUA (OAP),OPERATOR LAYANAN KESEHATAN,PEMERINTAH KABUPATEN DOGIYAI | DINAS KESEHATAN | PUSKESMAS | PUSKESMAS MODIO,1,1,2000000,3000000,2,0,0,0
393cc325-f0d2-4949-9dfd-9cbabb83e90d,Pemerintah Kab. Dogiyai,CPNS,ORANG ASLI PAPUA (OAP),OPERATOR LAYANAN KESEHATAN,PEMERINTAH KABUPATEN DOGIYAI | DINAS KESEHATAN | PUSKESMAS | PUSKESMAS DENEMANI,1,1,2000000,3000000,1,0,0,0
41222c63-89ed-463f-ae49-faf0976f7e38,Pemerintah Kab. Dogiyai,CPNS,ORANG ASLI PAPUA (OAP),OPERATOR LAYANAN KESEHATAN,PEMERINTAH KABUPATEN DOGIYAI | DINAS KESEHATAN | PUSKESMAS | PUSKESMAS TIMEPA,1,1,2000000,3000000,1,0,0,0
498235f0-8f47-446c-a8d7-39a08d2f16a2,Pemerintah Kab. Dogiyai,CPNS,ORANG ASLI PAPUA (OAP),OPERATOR LAYANAN KESEHATAN,PEMERINTAH KABUPATEN DOGIYAI | DINAS KESEHATAN | PUSKESMAS | PUSKESMAS UNITO,1,1,2000000,3000000,2,0,0,0
55ab6359-d248-4709-a454-32a75a03079e,Pemerintah Kab. Dogiyai,CPNS,ORANG ASLI PAPUA (OAP),OPERATOR LAYANAN KESEHATAN,PEMERINTAH KABUPATEN DOGIYAI | DINAS KESEHATAN | PUSKESMAS | PUSKESMAS MAGODE,1,1,2000000,3000000,1,0,0,0
5be7e858-e19f-4608-8ede-c23fbaa2a4e4,Pemerintah Kab. Dogiyai,CPNS,ORANG ASLI PAPUA (OAP),OPERATOR LAYANAN KESEHATAN,PEMERINTAH KABUPATEN DOGIYAI | DINAS KESEHATAN | PUSKESMAS | PUSKESMAS BUKAPA,1,1,2000000,3000000,3,0,0,0
696b8ee3-dc08-4f9b-bf2f-dd4f959f4597,Pemerintah Kab. Dogiyai,CPNS,ORANG ASLI PAPUA (OAP),OPERATOR LAYANAN KESEHATAN,PEMERINTAH KABUPATEN DOGIYAI | DINAS KESEHATAN | PUSKESMAS | Puskesmas Perawatan Bomomani,1,1,2000000,3000000,1,0,0,0
74924c3d-eb2f-4574-8de4-6fa245fc9f5f,Pemerintah Kab. Dogiyai,CPNS,ORANG ASLI PAPUA (OAP),OPERATOR LAYANAN KESEHATAN,"PEMERINTAH KABUPATEN DOGIYAI | RUMAH SAKIT UMUM DAERAH | SEKSI PERENCANAAN, PENELITIAN & PENGEMBANGAN",1,1,2000000,3000000,1,0,0,0
7f83e4b0-d8e4-4382-919c-b26fca23d907,Pemerintah Kab. Dogiyai,CPNS,ORANG ASLI PAPUA (OAP),OPERATOR LAYANAN KESEHATAN,PEMERINTAH KABUPATEN DOGIYAI | DINAS KESEHATAN | PUSKESMAS | PUSKESMAS BOMOMANI,2,1,2000000,3000000,2,0,0,0
b1ce60ff-c97f-43b7-a753-b71610ef22ba,Pemerintah Kab. Dogiyai,CPNS,ORANG ASLI PAPUA (OAP),OPERATOR LAYANAN KESEHATAN,PEMERINTAH KABUPATEN DOGIYAI | DINAS KESEHATAN | PUSKESMAS | PUSKESMAS EGEBUTU,1,1,2000000,3000000,1,0,0,0
c4a0dc84-2b17-4f7f-af9b-4eeba7753f4a,Pemerintah Kab. Dogiyai,CPNS,ORANG ASLI PAPUA (OAP),OPERATOR LAYANAN KESEHATAN,PEMERINTAH KABUPATEN DOGIYAI | DINAS KESEHATAN | PUSKESMAS | PUSKESMAS MOANEMANI,1,1,2000000,3000000,1,0,0,0
cccb64e7-e2ab-42f1-8ebe-b1d7aebdf5d8,Pemerintah Kab. Dogiyai,CPNS,ORANG ASLI PAPUA (OAP),OPERATOR LAYANAN KESEHATAN,PEMERINTAH KABUPATEN DOGIYAI | DINAS KESEHATAN | PUSKESMAS | PUSKESMAS IDAKEBO,1,1,2000000,3000000,4,0,0,0
cd49a306-cf6d-43ec-929d-63cacce1dafa,Pemerintah Kab. Dogiyai,CPNS,ORANG ASLI PAPUA (OAP),OPERATOR LAYANAN KESEHATAN,PEMERINTAH KABUPATEN DOGIYAI | DINAS KESEHATAN | PUSKESMAS | PUSKESMAS UGAPUGA,1,1,2000000,3000000,2,0,0,0
d1591556-db4a-436b-b1e2-072729e81b1a,Pemerintah Kab. Dogiyai,CPNS,ORANG ASLI PAPUA (OAP),OPERATOR LAYANAN KESEHATAN,PEMERINTAH KABUPATEN DOGIYAI | RUMAH SAKIT UMUM DAERAH | SUB BAGIAN TATA USAHA,1,1,2000000,3000000,1,0,0,0
f0413699-25b9-469b-b09b-6471a8c4fa0c,Pemerintah Kab. Dogiyai,CPNS,ORANG ASLI PAPUA (OAP),OPERATOR LAYANAN KESEHATAN,PEMERINTAH KABUPATEN DOGIYAI | DINAS KESEHATAN | PUSKESMAS | PUSKESMAS ABOUYAGA,1,1,2000000,3000000,2,0,0,0
f4169374-4c36-4d79-9f8e-af50def27038,Pemerintah Kab. Dogiyai,CPNS,ORANG ASLI PAPUA (OAP),OPERATOR LAYANAN KESEHATAN,PEMERINTAH KABUPATEN DOGIYAI | DINAS KESEHATAN | PUSKESMAS | PUSKESMAS YAMETADI,1,1,2000000,3000000,1,0,0,0
baba1596-69da-454a-b285-cc686843e2fd,Pemerintah Kab. Dogiyai,CPNS,ORANG ASLI PAPUA (OAP),PEMADAM KEBAKARAN PEMULA,PEMERINTAH KABUPATEN DOGIYAI | BADAN PENANGGULANGAN BENCANA DAERAH | BIDANG PENCEGAHAN DAN KESIAPSIAGAAN | SEKSI KESIAPSIAGAAN,50,1,2000000,3000000,464,0,0,0
1608d379-9421-4ce6-8e5c-cdb2b7c2dab1,Pemerintah Kab. Dogiyai,CPNS,ORANG ASLI PAPUA (OAP),PEMELIHARA TUMBUHAN,PEMERINTAH KABUPATEN DOGIYAI | DINAS  LINGKUNGAN HIDUP | BIDANG KEBERSIHAN KOTA DAN PERTAMANAN | SEKSI KERUSAKAN LINGKUNGAN,2,1,2000000,3000000,7,0,0,0
1c0641f7-db05-4711-8051-cfaaaaaee898,Pemerintah Kab. Dogiyai,CPNS,ORANG ASLI PAPUA (OAP),PEMELIHARA TUMBUHAN,PEMERINTAH KABUPATEN DOGIYAI | DINAS  LINGKUNGAN HIDUP | BIDANG TATA LINGKUNGAN | SEKSI INVENTARISASI RPPLH,4,1,2000000,3000000,13,0,0,0
3f5004ea-9cff-4f58-b165-879ef8df8384,Pemerintah Kab. Dogiyai,CPNS,ORANG ASLI PAPUA (OAP),PEMELIHARA TUMBUHAN,PEMERINTAH KABUPATEN DOGIYAI | DINAS  LINGKUNGAN HIDUP | BIDANG TATA LINGKUNGAN | SEKSI PEMELIHARAAN LINGKUNGAN HIDUP,2,1,2000000,3000000,10,0,0,0
45ea54d9-2652-4642-a38c-687cafa6994b,Pemerintah Kab. Dogiyai,CPNS,ORANG ASLI PAPUA (OAP),PEMELIHARA TUMBUHAN,PEMERINTAH KABUPATEN DOGIYAI | DINAS  LINGKUNGAN HIDUP | BIDANG TATA LINGKUNGAN | SEKSI KAJIAN DAMPAK LINGKUNGAN,4,1,2000000,3000000,28,0,0,0
8caa599d-3db0-4f60-8006-3b01d971806a,Pemerintah Kab. Dogiyai,CPNS,ORANG ASLI PAPUA (OAP),PEMELIHARA TUMBUHAN,PEMERINTAH KABUPATEN DOGIYAI | DINAS  LINGKUNGAN HIDUP | BIDANG KEBERSIHAN KOTA DAN PERTAMANAN | SEKSI PERTAMANAN KOTA,2,1,2000000,3000000,4,0,0,0
db9f43a3-03ec-4ab0-bab3-d054c415e7c7,Pemerintah Kab. Dogiyai,CPNS,ORANG ASLI PAPUA (OAP),PEMELIHARA TUMBUHAN,PEMERINTAH KABUPATEN DOGIYAI | DINAS  LINGKUNGAN HIDUP | BIDANG KEBERSIHAN KOTA DAN PERTAMANAN | SEKSI KEBERSIHAN,2,1,2000000,3000000,20,0,0,0
0d995ad4-23b8-46a4-bd1b-f4f87ccc6e14,Pemerintah Kab. Dogiyai,CPNS,ORANG ASLI PAPUA (OAP),PENATA LAKSANA BANGUNAN GEDUNG DAN KAWASAN PERMUKIMAN PEMULA,PEMERINTAH KABUPATEN DOGIYAI | DINAS PEKERJAAN UMUM DAN PENATA RUANG | BIDANG CIPTA  KARYA | SEKSI BANGUNAN GEDUNG DAN PENATAAN LINGKUNGAN,5,1,2000000,3000000,11,0,0,0
955cd94c-edb8-45d8-85a3-00b2c087f04e,Pemerintah Kab. Dogiyai,CPNS,ORANG ASLI PAPUA (OAP),PENATA LAKSANA BANGUNAN GEDUNG DAN KAWASAN PERMUKIMAN PEMULA,PEMERINTAH KABUPATEN DOGIYAI | DINAS PEKERJAAN UMUM DAN PENATA RUANG | BIDANG CIPTA  KARYA | SEKSI PRASARANA PEMUKIMAN,5,1,2000000,3000000,5,0,0,0
a219edff-43cc-4825-ab73-6bcf534804ea,Pemerintah Kab. Dogiyai,CPNS,ORANG ASLI PAPUA (OAP),PENATA LAKSANA BANGUNAN GEDUNG DAN KAWASAN PERMUKIMAN PEMULA,PEMERINTAH KABUPATEN DOGIYAI | DINAS PEKERJAAN UMUM DAN PENATA RUANG | BIDANG PENATAAN RUANG | SEKSI PEMANFAATAN RUANG,5,1,2000000,3000000,5,0,0,0
d6a5f7ed-e3cd-4bd6-9d4f-a2248fd1e1ec,Pemerintah Kab. Dogiyai,CPNS,ORANG ASLI PAPUA (OAP),PENATA LAKSANA BANGUNAN GEDUNG DAN KAWASAN PERMUKIMAN PEMULA,PEMERINTAH KABUPATEN DOGIYAI | DINAS PEKERJAAN UMUM DAN PENATA RUANG | BIDANG PENATAAN RUANG | SEKSI PERENCANAAN PENATAAN RUANG,5,1,2000000,3000000,6,0,0,0
d704262d-c6b8-4a6f-a3ee-e83e6717a6d0,Pemerintah Kab. Dogiyai,CPNS,ORANG ASLI PAPUA (OAP),PENATA LAKSANA BANGUNAN GEDUNG DAN KAWASAN PERMUKIMAN PEMULA,PEMERINTAH KABUPATEN DOGIYAI | DINAS PEKERJAAN UMUM DAN PENATA RUANG | BIDANG CIPTA  KARYA | SEKSI PEMBANGUNAN GEDUNG DAN PERUMAHAN,5,1,2000000,3000000,15,0,0,0
e629d9ca-ba83-44fc-ae45-16db76f6e4af,Pemerintah Kab. Dogiyai,CPNS,ORANG ASLI PAPUA (OAP),PENATA LAKSANA BANGUNAN GEDUNG DAN KAWASAN PERMUKIMAN PEMULA,PEMERINTAH KABUPATEN DOGIYAI | DINAS PEKERJAAN UMUM DAN PENATA RUANG | BIDANG CIPTA  KARYA | SEKSI AIR MINUM DAN SANITASI,5,1,2000000,3000000,6,0,0,0
fb5e1694-54f6-410d-be25-214076d7588e,Pemerintah Kab. Dogiyai,CPNS,ORANG ASLI PAPUA (OAP),PENATA LAKSANA BANGUNAN GEDUNG DAN KAWASAN PERMUKIMAN PEMULA,PEMERINTAH KABUPATEN DOGIYAI | DINAS PEKERJAAN UMUM DAN PENATA RUANG | BIDANG PENATAAN RUANG | SEKSI PENGENDALIAN TATA RUANG,5,1,2000000,3000000,6,0,0,0
208899a9-eb8e-4cc1-8b96-b4448c1b0652,Pemerintah Kab. Dogiyai,CPNS,UMUM (NON OAP),PENATA LAKSANA JALAN DAN JEMBATAN PEMULA,PEMERINTAH KABUPATEN DOGIYAI | DINAS PEKERJAAN UMUM DAN PENATA RUANG | BIDANG BINA MARGA | SEKSI PEMBANGUNAN DAN PENINGKATAN  JALAN /JEMBATAN,5,1,2000000,3000000,58,0,0,0
66f3a8de-ea22-41d9-b963-3dd70f3b8860,Pemerintah Kab. Dogiyai,CPNS,ORANG ASLI PAPUA (OAP),PENATA LAKSANA JALAN DAN JEMBATAN PEMULA,PEMERINTAH KABUPATEN DOGIYAI | DINAS PEKERJAAN UMUM DAN PENATA RUANG | BIDANG BINA MARGA | SEKSI PEMELIHARAAN JALAN DAN JEMBATAN,5,1,2000000,3000000,11,0,0,0
881ad603-8de6-475d-835f-637d11ddf54a,Pemerintah Kab. Dogiyai,CPNS,ORANG ASLI PAPUA (OAP),PENATA LAKSANA JALAN DAN JEMBATAN PEMULA,PEMERINTAH KABUPATEN DOGIYAI | DINAS PEKERJAAN UMUM DAN PENATA RUANG | BIDANG BINA MARGA | SEKSI PERENCANAAN DAN LEGER JALAN DAN JEMBATAN,5,1,2000000,3000000,11,0,0,0
089c8de8-9931-461f-9dcb-7fe9740b659f,Pemerintah Kab. Dogiyai,CPNS,ORANG ASLI PAPUA (OAP),PENATA LAKSANA PENYEHATAN LINGKUNGAN PEMULA,PEMERINTAH KABUPATEN DOGIYAI | DINAS  LINGKUNGAN HIDUP | BIDANG TATA LINGKUNGAN | SEKSI KAJIAN DAMPAK LINGKUNGAN,5,1,2000000,3000000,9,0,0,0
c891eac5-cf4f-4c2c-bd7d-92b5396eb93f,Pemerintah Kab. Dogiyai,CPNS,ORANG ASLI PAPUA (OAP),PENATA LAKSANA PENYEHATAN LINGKUNGAN PEMULA,PEMERINTAH KABUPATEN DOGIYAI | DINAS  LINGKUNGAN HIDUP | BIDANG TATA LINGKUNGAN | SEKSI PEMELIHARAAN LINGKUNGAN HIDUP,2,1,2000000,3000000,4,0,0,0
e7b144d8-5de2-401c-b1c4-34dff574e5a0,Pemerintah Kab. Dogiyai,CPNS,ORANG ASLI PAPUA (OAP),PENATA LAKSANA PENYEHATAN LINGKUNGAN PEMULA,PEMERINTAH KABUPATEN DOGIYAI | DINAS  LINGKUNGAN HIDUP | BIDANG TATA LINGKUNGAN | SEKSI INVENTARISASI RPPLH,5,1,2000000,3000000,8,0,0,0
42d9198a-2b8a-45f1-8c0d-ece4dcd2de39,Pemerintah Kab. Dogiyai,CPNS,ORANG ASLI PAPUA (OAP),PENATA LAKSANA SUMBER DAYA AIR PEMULA,PEMERINTAH KABUPATEN DOGIYAI | DINAS PEKERJAAN UMUM DAN PENATA RUANG | BIDANG SUMBER DAYA AIR | SEKSI OPERASI DAN PEMELIHARAAN SUMBER DAYA AIR,5,1,2000000,3000000,19,0,0,0
6eb738ac-b84a-4420-a467-a047d16748d9,Pemerintah Kab. Dogiyai,CPNS,ORANG ASLI PAPUA (OAP),PENATA LAKSANA SUMBER DAYA AIR PEMULA,PEMERINTAH KABUPATEN DOGIYAI | DINAS PEKERJAAN UMUM DAN PENATA RUANG | BIDANG SUMBER DAYA AIR | SEKSI BINA MANFAAT SUMBER DAYA AIR,5,1,2000000,3000000,11,0,0,0
a8e9f6b0-cc32-4695-957f-1d72eeba449a,Pemerintah Kab. Dogiyai,CPNS,ORANG ASLI PAPUA (OAP),PENATA LAKSANA SUMBER DAYA AIR PEMULA,PEMERINTAH KABUPATEN DOGIYAI | DINAS PEKERJAAN UMUM DAN PENATA RUANG | BIDANG SUMBER DAYA AIR | SEKSI PEMBANGUNAN PRASARANA DAN SARANA SUMBER DAYA AIR,5,1,2000000,3000000,14,0,0,0
0a13929f-b501-47bc-a88d-c3c31f53a443,Pemerintah Kab. Dogiyai,CPNS,ORANG ASLI PAPUA (OAP),PETUGAS OPERASI DAN PEMELIHARAAN,PEMERINTAH KABUPATEN DOGIYAI | DINAS PEKERJAAN UMUM DAN PENATA RUANG | BIDANG SUMBER DAYA AIR | SEKSI PEMBANGUNAN PRASARANA DAN SARANA SUMBER DAYA AIR,2,1,2000000,3000000,2,0,0,0
0af53aee-5744-4310-9386-c8132a197101,Pemerintah Kab. Dogiyai,CPNS,ORANG ASLI PAPUA (OAP),PETUGAS OPERASI DAN PEMELIHARAAN,PEMERINTAH KABUPATEN DOGIYAI | DINAS PEKERJAAN UMUM DAN PENATA RUANG | BIDANG SUMBER DAYA AIR | SEKSI OPERASI DAN PEMELIHARAAN SUMBER DAYA AIR,2,1,2000000,3000000,3,0,0,0
242ada88-b5da-4f49-a9eb-83c8abdcfb0f,Pemerintah Kab. Dogiyai,CPNS,ORANG ASLI PAPUA (OAP),PETUGAS OPERASI DAN PEMELIHARAAN,PEMERINTAH KABUPATEN DOGIYAI | DINAS PEKERJAAN UMUM DAN PENATA RUANG | BIDANG CIPTA  KARYA | SEKSI PEMBANGUNAN GEDUNG DAN PERUMAHAN,2,1,2000000,3000000,2,0,0,0
27c58634-cbb0-449f-bdec-624f63ea1fec,Pemerintah Kab. Dogiyai,CPNS,ORANG ASLI PAPUA (OAP),PETUGAS OPERASI DAN PEMELIHARAAN,PEMERINTAH KABUPATEN DOGIYAI | DINAS PEKERJAAN UMUM DAN PENATA RUANG | BIDANG BINA MARGA | SEKSI PEMELIHARAAN JALAN DAN JEMBATAN,2,1,2000000,3000000,12,0,0,0
2b797ec1-5573-4dd8-9a2a-c6a3821486b3,Pemerintah Kab. Dogiyai,CPNS,ORANG ASLI PAPUA (OAP),PETUGAS OPERASI DAN PEMELIHARAAN,PEMERINTAH KABUPATEN DOGIYAI | DINAS PEKERJAAN UMUM DAN PENATA RUANG | BIDANG CIPTA  KARYA | SEKSI PRASARANA PEMUKIMAN,2,1,2000000,3000000,2,0,0,0
43cc9ea6-8ae6-4d8c-a87d-5195bb9beb33,Pemerintah Kab. Dogiyai,CPNS,ORANG ASLI PAPUA (OAP),PETUGAS OPERASI DAN PEMELIHARAAN,PEMERINTAH KABUPATEN DOGIYAI | DINAS PEKERJAAN UMUM DAN PENATA RUANG | BIDANG CIPTA  KARYA | SEKSI AIR MINUM DAN SANITASI,2,1,2000000,3000000,2,0,0,0
760f6985-d859-48e8-8db7-9f6cc9715ef1,Pemerintah Kab. Dogiyai,CPNS,ORANG ASLI PAPUA (OAP),PETUGAS OPERASI DAN PEMELIHARAAN,PEMERINTAH KABUPATEN DOGIYAI | DINAS PEKERJAAN UMUM DAN PENATA RUANG | BIDANG SUMBER DAYA AIR | SEKSI BINA MANFAAT SUMBER DAYA AIR,2,1,2000000,3000000,2,0,0,0
82640222-a815-42ca-a5d8-c63985d84b4d,Pemerintah Kab. Dogiyai,CPNS,ORANG ASLI PAPUA (OAP),PETUGAS OPERASI DAN PEMELIHARAAN,PEMERINTAH KABUPATEN DOGIYAI | DINAS PEKERJAAN UMUM DAN PENATA RUANG | BIDANG BINA MARGA | SEKSI PEMBANGUNAN DAN PENINGKATAN  JALAN /JEMBATAN,2,1,2000000,3000000,10,0,0,0
8723277a-1133-4823-85c0-76cd0d76cd7e,Pemerintah Kab. Dogiyai,CPNS,ORANG ASLI PAPUA (OAP),PETUGAS OPERASI DAN PEMELIHARAAN,PEMERINTAH KABUPATEN DOGIYAI | DINAS PEKERJAAN UMUM DAN PENATA RUANG | BIDANG CIPTA  KARYA | SEKSI BANGUNAN GEDUNG DAN PENATAAN LINGKUNGAN,2,1,2000000,3000000,4,0,0,0
8e955de9-f536-44ee-a958-fcd6040ae379,Pemerintah Kab. Dogiyai,CPNS,ORANG ASLI PAPUA (OAP),PETUGAS OPERASI DAN PEMELIHARAAN,PEMERINTAH KABUPATEN DOGIYAI | DINAS PEKERJAAN UMUM DAN PENATA RUANG | BIDANG BINA MARGA | SEKSI PERENCANAAN DAN LEGER JALAN DAN JEMBATAN,2,1,2000000,3000000,2,0,0,0
6f2ffa58-058d-4fde-95ab-3b088dff8a71,Pemerintah Kab. Dogiyai,CPNS,ORANG ASLI PAPUA (OAP),PETUGAS PENGAMAN HUTAN DAN HASIL HUTAN,PEMERINTAH KABUPATEN DOGIYAI | DINAS  LINGKUNGAN HIDUP | BIDANG TATA LINGKUNGAN | SEKSI INVENTARISASI RPPLH,2,1,2000000,3000000,17,0,0,0
7d76f011-12fb-46ea-8ac1-d6b8b5b20072,Pemerintah Kab. Dogiyai,CPNS,ORANG ASLI PAPUA (OAP),PETUGAS PENGAMAN HUTAN DAN HASIL HUTAN,PEMERINTAH KABUPATEN DOGIYAI | DINAS  LINGKUNGAN HIDUP | BIDANG TATA LINGKUNGAN | SEKSI KAJIAN DAMPAK LINGKUNGAN,2,1,2000000,3000000,13,0,0,0
19e41b25-c04f-4271-b166-e47406e0d3ec,Pemerintah Kab. Dogiyai,CPNS,ORANG ASLI PAPUA (OAP),POLISI KHUSUS CAGAR BUDAYA,PEMERINTAH KABUPATEN DOGIYAI | DINAS KEBUDAYAAN DAN PARIWISATA | BIDANG PENGEMBANGAN KEMITRAAN KEBUDAYAAN DAN PARIWISATA | SEKSI PENGEMBANGAN SDM KEBUDAYAAN DAN PARIWISATA,3,1,2000000,3000000,9,0,0,0
fd0f2b0b-f8e8-4da6-b475-0b85617c31ee,Pemerintah Kab. Dogiyai,CPNS,ORANG ASLI PAPUA (OAP),POLISI PAMONG PRAJA PEMULA,PEMERINTAH KABUPATEN DOGIYAI | DINAS SATUAN POLISI PAMONG PRAJA | BIDANG PERLINDUNGAN MASYARAKAT | SEKSI SATUAN PERLINDUNGAN MASYARAKAT,150,1,2000000,3000000,357,0,0,0
1154caa8-32d3-4fb6-b3b6-c54643dbcf20,Pemerintah Kab. Dogiyai,CPNS,ORANG ASLI PAPUA (OAP),PRANATA PENCARIAN DAN PERTOLONGAN PEMULA,PEMERINTAH KABUPATEN DOGIYAI | BADAN PENANGGULANGAN BENCANA DAERAH | BIDANG PENCEGAHAN DAN KESIAPSIAGAAN | SEKSI PENCEGAHAN,5,1,2000000,3000000,15,0,0,0
ffeb1c0a-f6d9-4941-8d42-852911cb1a96,Pemerintah Kab. Donggala,CPNS,UMUM,ASISTEN PELATIH OLAHRAGA PEMULA,Pemerintah Kabupaten Donggala | Dinas Pemuda dan Olah Raga,2,0,2500000,4000000,104,0,0,0
8f7411ca-1f18-41c8-ac0a-f4e868bd3af7,Pemerintah Kab. Donggala,CPNS,UMUM,PENATA LAKSANA PENYEHATAN LINGKUNGAN PEMULA,Pemerintah Kabupaten Donggala | Dinas Lingkungan Hidup,2,0,2500000,4000000,247,0,0,0
47331ee4-6809-4dc2-83f9-0c93ae7c957b,Pemerintah Kab. Donggala,CPNS,UMUM,PENATA LAKSANA SUMBER DAYA AIR PEMULA,Pemerintah Kabupaten Donggala | Dinas Pekerjaan Umum dan Penataan Ruang,2,0,2500000,4000000,149,0,0,0
978f3562-99d1-4d6b-9d91-febcb3871b6c,Pemerintah Kab. Donggala,CPNS,UMUM,PENGAMAT TERA PEMULA,Pemerintah Kabupaten Donggala | Dinas Perindustrian dan Perdagangan,2,0,2500000,4000000,128,0,0,0
74de2902-5b0f-4aa9-9d9c-440ec978c76b,Pemerintah Kab. Donggala,CPNS,UMUM,PRANATA PENCARIAN DAN PERTOLONGAN PEMULA,Pemerintah Kabupaten Donggala | Badan Penanggulangan Bencana Daerah,2,0,2500000,4000000,98,0,0,0
75fe5302-84a7-42c8-baa3-ead05ecafb1b,Pemerintah Kab. Ende,CPNS,UMUM,PEMELIHARA TUMBUHAN,Pemerintah Kabupaten Ende | Dinas Lingkungan Hidup | Bidang Tata Lingkungan,3,0,2000000,3000000,434,0,0,0
1c0e39be-6c3a-475a-9ed2-bc7736401a17,Pemerintah Kab. Fak-Fak,CPNS,ORANG ASLI PAPUA (OAP),OPERATOR LAYANAN KESEHATAN,Pemerintah Kabupaten Fakfak | Dinas Kesehatan Kabupaten Fakfak | Sekretariat Dinas Kesehatan | Sub Bagian Umum pada Dinas Kesehatan,1,0,2500000,3500000,20,0,0,0
34a984b5-73f7-4a17-bd5a-af2ce89e2a6e,Pemerintah Kab. Fak-Fak,CPNS,ORANG ASLI PAPUA (OAP),OPERATOR LAYANAN KESEHATAN,Pemerintah Kabupaten Fakfak | Dinas Kesehatan Kabupaten Fakfak | Rumah Sakit Umum Daerah Fakfak | Bidang Medik | Seksi Pelayanan dan Pengembangan Medik,2,0,2500000,3500000,12,0,0,0
764bd81f-212d-4b2c-853a-e7eaad92dc49,Pemerintah Kab. Fak-Fak,CPNS,ORANG ASLI PAPUA (OAP),OPERATOR LAYANAN KESEHATAN,Pemerintah Kabupaten Fakfak | Dinas Kesehatan Kabupaten Fakfak | Rumah Sakit Umum Daerah Fakfak | Bidang Keperawatan | Seksi Asuhan dan Mutu Keperawatan,2,0,2500000,3500000,12,0,0,0
ae892b72-2583-4a02-aa8c-77431c15f279,Pemerintah Kab. Fak-Fak,CPNS,UMUM (NON OAP),OPERATOR LAYANAN KESEHATAN,Pemerintah Kabupaten Fakfak | Dinas Kesehatan Kabupaten Fakfak | Rumah Sakit Umum Daerah Fakfak | Bagian Administrasi Umum | Sub Bagian Umum dan Kepegawaian,1,0,2500000,3500000,36,0,0,0
8a0282659168528c01916a36a0820527,Pemerintah Kab. Fak-Fak,CPNS,UMUM (NON OAP),PEMADAM KEBAKARAN PEMULA,Pemerintah Kabupaten Fakfak | Satuan Polisi Pamong Praja Kabupaten Fakfak,2,0,2500000,3500000,138,0,0,0
b9e563f1-e282-480f-812e-3819eb4b5d49,Pemerintah Kab. Fak-Fak,CPNS,ORANG ASLI PAPUA (OAP),PEMADAM KEBAKARAN PEMULA,Pemerintah Kabupaten Fakfak | Satuan Polisi Pamong Praja Kabupaten Fakfak,8,0,2500000,3500000,345,0,0,0
8a0282659168528c01916a48ec250ebd,Pemerintah Kab. Fak-Fak,CPNS,UMUM (NON OAP),PEMELIHARA TUMBUHAN,Pemerintah Kabupaten Fakfak | Dinas Lingkungan Hidup dan Pertanahan Kabupaten Fakfak | Bidang Pengendalian Pencemaran dan Kerusakan Lingkungan Hidup | Seksi Pemeliharaan Lingkungan Hidup,5,0,2300000,3300000,326,0,0,0
6f8636a0-ef12-4f11-9750-5f3763dbff84,Pemerintah Kab. Fak-Fak,CPNS,ORANG ASLI PAPUA (OAP),PEMELIHARA TUMBUHAN,Pemerintah Kabupaten Fakfak | Dinas Lingkungan Hidup dan Pertanahan Kabupaten Fakfak | Bidang Pengendalian Pencemaran dan Kerusakan Lingkungan Hidup | Seksi Pemeliharaan Lingkungan Hidup,10,0,2300000,3300000,533,0,0,0
8a0282659168528c01916a2734ce7c60,Pemerintah Kab. Fak-Fak,CPNS,UMUM (NON OAP),PENGAMAT TERA PEMULA,Pemerintah Kabupaten Fakfak | Dinas Perdagangan dan Perindustrian Kabupaten Fakfak | UPT Metrologi Legal,1,0,2500000,3500000,38,0,0,0
614313a8-abf5-4881-bfff-24fb31c7fb91,Pemerintah Kab. Fak-Fak,CPNS,ORANG ASLI PAPUA (OAP),PENGAMAT TERA PEMULA,Pemerintah Kabupaten Fakfak | Dinas Perdagangan dan Perindustrian Kabupaten Fakfak | UPT Metrologi Legal,1,0,2500000,3500000,65,0,0,0
8a0282659168528c01916a37a4150576,Pemerintah Kab. Fak-Fak,CPNS,UMUM (NON OAP),POLISI PAMONG PRAJA PEMULA,Pemerintah Kabupaten Fakfak | Satuan Polisi Pamong Praja Kabupaten Fakfak,11,0,2500000,3500000,100,0,0,0
4d929167-1149-4a6b-ab5b-11fb108b2bb7,Pemerintah Kab. Fak-Fak,CPNS,ORANG ASLI PAPUA (OAP),POLISI PAMONG PRAJA PEMULA,Pemerintah Kabupaten Fakfak | Satuan Polisi Pamong Praja Kabupaten Fakfak,53,0,2500000,3500000,210,0,0,0
b8b5ea06-9274-416d-9d59-0659fa15349e,Pemerintah Kab. Garut,CPNS,UMUM,OPERATOR LAYANAN KESEHATAN,PEMERINTAH KABUPATEN GARUT | DINAS KESEHATAN KABUPATEN GARUT | BIDANG PENCEGAHAN DAN PENGENDALIAN PENYAKIT DINAS KESEHATAN KABUPATEN GARUT,1,0,2812100,4583800,471,0,0,0
c96396d1-ca24-4026-bc1e-0334801540f2,Pemerintah Kab. Garut,CPNS,UMUM,OPERATOR LAYANAN KESEHATAN,PEMERINTAH KABUPATEN GARUT | DINAS KESEHATAN KABUPATEN GARUT | UOBK RSUD DR. SLAMET GARUT DINAS KESEHATAN KABUPATEN GARUT | WAKIL DIREKTUR PELAYANAN  MEDIK DAN KEPERAWATAN UOBK RSUD DR. SLAMET GARUT DINAS KESEHATAN KABUPATEN GARUT | BIDANG PELAYANAN DAN PENUNJANG MEDIS UOBK RSUD DR. SLAMET GARUT DINAS KESEHATAN KABUPATEN GARUT,1,0,2812100,4583800,224,0,0,0
f01d2003-aeec-4cd2-8fef-d724d9099bdb,Pemerintah Kab. Garut,CPNS,UMUM,PEMADAM KEBAKARAN PEMULA,PEMERINTAH KABUPATEN GARUT | DINAS PEMADAM KEBAKARAN KABUPATEN GARUT | BIDANG OPERASI DAN PENYELAMATAN DINAS PEMADAM KEBAKARAN KABUPATEN GARUT,2,0,2812100,4583800,518,0,0,0
8a0186cc9159ace501915a669af9772d,Pemerintah Kab. Gorontalo,CPNS,PENYANDANG DISABILITAS,PEMELIHARA TUMBUHAN,"PEMERINTAH KABUPATEN GORONTALO                                         | DINAS LINGKUNGAN HIDUP DAN SUMBER DAYA ALAM | BIDANG KEBERSIHAN, RUANG TERBUKA HIJAU DAN SUMBER DAYA ALAM",1,1,2184000,3643400,10,0,0,0
a5fc11f1-3741-4d69-8d98-00f085a637ef,Pemerintah Kab. Gorontalo,CPNS,UMUM,PEMELIHARA TUMBUHAN,"PEMERINTAH KABUPATEN GORONTALO                                         | DINAS LINGKUNGAN HIDUP DAN SUMBER DAYA ALAM | BIDANG KEBERSIHAN, RUANG TERBUKA HIJAU DAN SUMBER DAYA ALAM",2,1,2184000,3643400,703,0,0,0
02015f15-420a-4d75-b80f-42cad7097413,Pemerintah Kab. Gresik,CPNS,UMUM,PEMADAM KEBAKARAN PEMULA,Pemerintah Kabupaten Gresik | Dinas Pemadam Kebakaran dan Penyelamatan,15,0,2100000,3000000,1627,0,0,0
66a48849-11ef-41b3-bb2d-cc7be9fdc874,Pemerintah Kab. Gresik,CPNS,UMUM,PENATA LAKSANA BANGUNAN GEDUNG DAN KAWASAN PERMUKIMAN PEMULA,"Pemerintah Kabupaten Gresik | Dinas Cipta Karya, Perumahan dan Kawasan Permukiman",3,0,2780000,3400000,792,0,0,0
c9525e1e-a236-40f1-9312-5554943590fb,Pemerintah Kab. Gresik,CPNS,UMUM,POLISI PAMONG PRAJA PEMULA,Pemerintah Kabupaten Gresik | Satuan Polisi Pamong Praja,12,0,2100000,2500000,640,0,0,0
cd21f5c1-28e8-410f-bbce-1ba3ef2a60c7,Pemerintah Kab. Gresik,CPNS,UMUM,PRANATA PENCARIAN DAN PERTOLONGAN PEMULA,Pemerintah Kabupaten Gresik | Badan Penanggulangan Bencana Daerah,6,0,2100000,3000000,239,0,0,0
5c21e66c-645c-4916-8ccb-b626f8f0bfef,Pemerintah Kab. Gunung Mas,CPNS,UMUM,OPERATOR LAYANAN KESEHATAN,Pemerintah Kab. Gunung Mas | DINAS KESEHATAN | UPT RSUD KUALA KURUN | BIDANG PELAYANAN PENUNJANG | SEKSI PELAYANAN PENUNJANG NON MEDIS,4,0,2511500,4189900,265,0,0,0
95005242-b4b8-42eb-9d72-0ba16e06fa33,Pemerintah Kab. Gunung Mas,CPNS,UMUM,OPERATOR LAYANAN KESEHATAN,Pemerintah Kab. Gunung Mas | DINAS KESEHATAN | PUSKESMAS | PUSKESMAS TEHANG,2,0,2511500,4189900,62,0,0,0
922e84c4-7c3c-448d-ba1d-96d9adf0d0c1,Pemerintah Kab. Gunung Mas,CPNS,UMUM,PELATIH DAN PERAWAT SATWA LIAR,"Pemerintah Kab. Gunung Mas | DINAS LINGKUNGAN HIDUP, KEHUTANAN DAN PERHUBUNGAN | BIDANG PENGELOLAAN TAHURA",2,0,2511500,4189900,30,0,0,0
5155c61a-de89-445f-b175-88b0e03d05df,Pemerintah Kab. Gunung Mas,CPNS,UMUM,PEMELIHARA TUMBUHAN,"Pemerintah Kab. Gunung Mas | DINAS LINGKUNGAN HIDUP, KEHUTANAN DAN PERHUBUNGAN | BIDANG PENGELOLAAN TAHURA",2,0,2511500,4189900,131,0,0,0
45ef0751-e50c-46b7-a1d9-0016a55a088a,Pemerintah Kab. Gunung Mas,CPNS,UMUM,PENGAMAT TERA PEMULA,Pemerintah Kab. Gunung Mas | DINAS PERINDUSTRIAN DAN PERDAGANGAN,1,0,2511500,4189900,40,0,0,0
5879345d-8384-443f-85b9-d8fc7a77b52c,Pemerintah Kab. Gunung Mas,CPNS,UMUM,PETUGAS PENGAMAN HUTAN DAN HASIL HUTAN,"Pemerintah Kab. Gunung Mas | DINAS LINGKUNGAN HIDUP, KEHUTANAN DAN PERHUBUNGAN | BIDANG PENGELOLAAN TAHURA",12,0,2511500,4189900,437,0,0,0
360f2304-9d2b-4bb4-b645-f2b2779898cc,Pemerintah Kab. Gunung Mas,CPNS,UMUM,POLISI PAMONG PRAJA PEMULA,Pemerintah Kab. Gunung Mas | SATUAN POLISI PAMONG PRAJA,45,0,2511500,4189900,1138,0,0,0
2bbd3152-2fb7-4595-8fb8-4105326744b0,Pemerintah Kab. Halmahera Selatan,CPNS,UMUM,PENATA LAKSANA PENYEHATAN LINGKUNGAN PEMULA,PEMERINTAH KAB. HALMAHERA SELATAN | DINAS LINGKUNGAN HIDUP | BIDANG PENGENDALIAN PENCEMARAN DAN KERUSAKAN LINGKUNGAN HIDUP,1,1,2184000,6373200,66,0,0,0
801c27ec-7f5e-4d95-ab0e-85ca44d52c08,Pemerintah Kab. Halmahera Selatan,CPNS,UMUM,PENGAMAT TERA PEMULA,"PEMERINTAH KAB. HALMAHERA SELATAN | DINAS KOPERASI, UKM, PERINDUSTRIAN DAN PERDAGANGAN | BIDANG USAHA MIKRO KECIL MENENGAH(UMKM)",1,1,2184000,6373200,27,0,0,0
fd1f275a-5d3c-47f5-aec9-39d21bec42f5,Pemerintah Kab. Halmahera Selatan,CPNS,UMUM,PENGAMAT TERA PEMULA,"PEMERINTAH KAB. HALMAHERA SELATAN | DINAS KOPERASI, UKM, PERINDUSTRIAN DAN PERDAGANGAN | BIDANG PERDAGANGAN",1,1,2184000,6373200,36,0,0,0
00ead222-f2fd-4917-b194-38d263cade50,Pemerintah Kab. Halmahera Selatan,CPNS,UMUM,PRANATA PENCARIAN DAN PERTOLONGAN PEMULA,PEMERINTAH KAB. HALMAHERA SELATAN | BADAN PENANGGULANGAN BENCANA DAERAH | BIDANG KEDARURATAN DAN LOGISTIK,1,1,2184000,6373200,42,0,0,0
f5f620f3-0f8c-43e2-be41-c1d029985245,Pemerintah Kab. Halmahera Selatan,CPNS,UMUM,PRANATA PENCARIAN DAN PERTOLONGAN PEMULA,PEMERINTAH KAB. HALMAHERA SELATAN | BADAN PENANGGULANGAN BENCANA DAERAH | BIDANG PENCEGAHAN KESIAPSIAGAAN,1,1,2184000,6373200,28,0,0,0
1b3dc3c8-5217-4ee4-8df7-025959bb8cee,Pemerintah Kab. Halmahera Tengah,CPNS,UMUM,OPERATOR LAYANAN KESEHATAN,KABUPATEN HALMAHERA TENGAH | SEKRETARIAT DAERAH | RUMAH SAKIT UMUM DAERAH WEDA | SUB BAGIAN TATA USAHA,2,1,2000000,4000000,153,0,0,0
8047a5ee-e9ed-4fce-8d7a-3c2c22d47bec,Pemerintah Kab. Halmahera Timur,CPNS,UMUM,PEMADAM KEBAKARAN PEMULA,PEMERINTAH KAB. HALMAHERA TIMUR | DINAS SATUAN POLISI PAMONG PRAJA | BIDANG PEMADAM KEBAKARAN,2,1,2785700,4575200,56,0,0,0
8876f43b-e97f-441b-b8b4-0c03a12c064e,Pemerintah Kab. Halmahera Timur,CPNS,UMUM,PENATA LAKSANA BANGUNAN GEDUNG DAN KAWASAN PERMUKIMAN PEMULA,PEMERINTAH KAB. HALMAHERA TIMUR | DINAS PERUMAHAN DAN KAWASAN PERMUKIMAN | BIDANG PERUMAHAN DAN KAWASAN PERMUKIMAN,3,1,1500000,2184000,54,0,0,0
b9fd66e5-4652-4ff9-a1a9-3e8968804995,Pemerintah Kab. Halmahera Timur,CPNS,UMUM,PENATA LAKSANA BANGUNAN GEDUNG DAN KAWASAN PERMUKIMAN PEMULA,PEMERINTAH KAB. HALMAHERA TIMUR | DINAS PERUMAHAN DAN KAWASAN PERMUKIMAN | BIDANG CIPTA KARYA,3,1,1500000,2184000,34,0,0,0
af213d3f-2f7f-4a33-93de-4c6976aafe92,Pemerintah Kab. Halmahera Timur,CPNS,UMUM,PENATA LAKSANA JALAN DAN JEMBATAN PEMULA,PEMERINTAH KAB. HALMAHERA TIMUR | DINAS PEKERJAAN UMUM DAN PENATAAN RUANG | BIDANG PEMBANGUNAN JALAN,2,1,2184000,3644000,14,0,0,0
cd1bf72e-4fbf-435f-9e3e-663c00bce87a,Pemerintah Kab. Halmahera Timur,CPNS,UMUM,PENATA LAKSANA JALAN DAN JEMBATAN PEMULA,PEMERINTAH KAB. HALMAHERA TIMUR | DINAS PEKERJAAN UMUM DAN PENATAAN RUANG | BIDANG PEMBANGUNAN JEMBATAN,3,1,2184000,3644000,54,0,0,0
fd2857a2-dd39-4a42-be87-40d00afe9801,Pemerintah Kab. Halmahera Timur,CPNS,UMUM,PENATA LAKSANA SUMBER DAYA AIR PEMULA,PEMERINTAH KAB. HALMAHERA TIMUR | DINAS PERUMAHAN DAN KAWASAN PERMUKIMAN | BIDANG SUMBER DAYA AIR,2,1,1500000,2184000,58,0,0,0
3b24d200-4006-4f29-ac7e-15538c5d174e,Pemerintah Kab. Halmahera Timur,CPNS,UMUM,PENGAMAT TERA PEMULA,"PEMERINTAH KAB. HALMAHERA TIMUR | DINAS PERDAGANGAN, PERINDUSTRIAN, KOPERASI DAN UKM | BIDANG PERDAGANGAN",2,1,2184000,3644000,20,0,0,0
563d58e5-1131-4be0-9e34-5ab9feda2df6,Pemerintah Kab. Halmahera Timur,CPNS,UMUM,PENGAMAT TERA PEMULA,"PEMERINTAH KAB. HALMAHERA TIMUR | DINAS PERDAGANGAN, PERINDUSTRIAN, KOPERASI DAN UKM | BIDANG PERINDUSTRIAN",3,1,1000000,1500000,40,0,0,0
b912e832-e3a0-48e9-a2dd-0af7b2e0bce7,Pemerintah Kab. Halmahera Timur,CPNS,UMUM,PENGAMAT TERA PEMULA,"PEMERINTAH KAB. HALMAHERA TIMUR | DINAS PERDAGANGAN, PERINDUSTRIAN, KOPERASI DAN UKM | BIDANG KOPERASI DAN UKM",3,1,1000000,1500000,72,0,0,0
319d017a-f00f-46ec-973d-f41aa592b155,Pemerintah Kab. Halmahera Timur,CPNS,UMUM,POLISI PAMONG PRAJA PEMULA,"PEMERINTAH KAB. HALMAHERA TIMUR | DINAS SATUAN POLISI PAMONG PRAJA | BIDANG KETERTIBAN UMUM, PERLINDUNGAN DAN KETENTRAMAN MASYARAKAT | SEKSI OPERASI DAN PENGENDALIAN",10,1,2785700,4575200,309,0,0,0
009c5583-8938-488a-802d-34d0762e5d80,Pemerintah Kab. Halmahera Timur,CPNS,UMUM,PRANATA PENCARIAN DAN PERTOLONGAN PEMULA,PEMERINTAH KAB. HALMAHERA TIMUR | BADAN PENANGGULANGAN BENCANA DAERAH | BIDANG PENCEGAHAN DAN KESIAPSIAGAAN,5,1,1000000,1500000,88,0,0,0
cc3a3b01-6381-44cb-bec4-90336eba7e87,Pemerintah Kab. Halmahera Utara,CPNS,UMUM,OPERATOR ALAT BERAT,"PEMERINTAH KABUPATEN HALMAHERA UTARA | DINAS PERUMAHAN, KAWASAN PERMUKIMAN DAN PERTANAHAN | SEKRETARIAT | SUB BAGIAN UMUM DAN KEPEGAWAIAN",1,1,2184000,3643400,5,0,0,0
4a07b14e-046d-4977-8de9-a0d2cf1161f6,Pemerintah Kab. Halmahera Utara,CPNS,UMUM,PETUGAS OPERASI DAN PEMELIHARAAN,PEMERINTAH KABUPATEN HALMAHERA UTARA | DINAS PEKERJAAN UMUM DAN TATA RUANG | BIDANG SUMBER DAYA AIR,1,0,1918700,2783700,56,0,0,0
2cc57769-61d0-4214-ad58-825e8b7be02f,Pemerintah Kab. Hulu Sungai Tengah,CPNS,UMUM,POLISI PAMONG PRAJA PEMULA,"Pemerintah Kabupaten Hulu Sungai Tengah | SATUAN POLISI PAMONG PRAJA DAN PEMADAM KEBAKARAN | Bidang Penegakan Perundang-undangan Daerah dan Sumber Daya Aparatur | Seksi Penegakan, Pembinaan, dan Pengawasan",2,0,2184000,4029440,17,0,0,0
7d9e6abe-3491-4d13-b917-ce3f1c1ca62f,Pemerintah Kab. Hulu Sungai Tengah,CPNS,UMUM,POLISI PAMONG PRAJA PEMULA,Pemerintah Kabupaten Hulu Sungai Tengah | SATUAN POLISI PAMONG PRAJA DAN PEMADAM KEBAKARAN | Bidang Penegakan Perundang-undangan Daerah dan Sumber Daya Aparatur | Seksi Penyelidikan dan Penyidikan,2,1,2184000,4029440,11,0,0,0
ad240fa2-6438-4b7b-9a2d-2567f3c8fb9f,Pemerintah Kab. Hulu Sungai Tengah,CPNS,UMUM,POLISI PAMONG PRAJA PEMULA,Pemerintah Kabupaten Hulu Sungai Tengah | SATUAN POLISI PAMONG PRAJA DAN PEMADAM KEBAKARAN | Bidang Ketentraman Ketertiban Umum dan Perlindungan Masyarakat | Seksi Operasi dan Pengendalian,2,1,2184000,4029440,36,0,0,0
980e4cdc-8af5-410e-a23e-8cc2d24b8c53,Pemerintah Kab. Hulu Sungai Tengah,CPNS,UMUM,PRANATA PENCARIAN DAN PERTOLONGAN PEMULA,Pemerintah Kabupaten Hulu Sungai Tengah | BADAN PENANGGULANGAN BENCANA DAERAH | PELAKSANA BADAN PENANGGULANGAN BENCANA DAERAH | SEKSI PENCEGAHAN DAN KESIAPSIAGAAN,1,0,2184000,4029440,334,0,0,0
1b90c999-5e5a-420b-bca8-9fb860f8ad2f,Pemerintah Kab. Intan Jaya,CPNS,ORANG ASLI PAPUA (OAP),OPERATOR LAYANAN KESEHATAN,PEMERINTAH KABUPATEN INTAN JAYA | DINAS KESEHATAN | PUSKESMAS AGISIGA,5,0,1000000,5000000,29,0,0,0
1fdd697c-be83-4572-86b1-38bb88fd9ecb,Pemerintah Kab. Intan Jaya,CPNS,ORANG ASLI PAPUA (OAP),OPERATOR LAYANAN KESEHATAN,PEMERINTAH KABUPATEN INTAN JAYA | DINAS KESEHATAN | RUMAH SAKIT UMUM DAERAH,18,0,1000000,5000000,47,0,0,0
2b6b1814-a461-4827-a4c0-2c64cc806dc4,Pemerintah Kab. Intan Jaya,CPNS,ORANG ASLI PAPUA (OAP),OPERATOR LAYANAN KESEHATAN,PEMERINTAH KABUPATEN INTAN JAYA | DINAS KESEHATAN | PUSKESMAS DANGGATADI,10,0,1000000,5000000,28,0,0,0
517e184e-1826-47a1-b596-b2d395768b01,Pemerintah Kab. Intan Jaya,CPNS,ORANG ASLI PAPUA (OAP),OPERATOR LAYANAN KESEHATAN,PEMERINTAH KABUPATEN INTAN JAYA | DINAS KESEHATAN | PUSKESMAS BILOGAI,19,0,1000000,5000000,62,0,0,0
6ddba541-2625-4f6f-9247-ba2c16979466,Pemerintah Kab. Intan Jaya,CPNS,ORANG ASLI PAPUA (OAP),OPERATOR LAYANAN KESEHATAN,PEMERINTAH KABUPATEN INTAN JAYA | DINAS KESEHATAN | PUSKESMAS WANDAI,10,0,1000000,5000000,28,0,0,0
fff9b2ca-af76-4120-8235-67685223af49,Pemerintah Kab. Intan Jaya,CPNS,ORANG ASLI PAPUA (OAP),OPERATOR LAYANAN KESEHATAN,PEMERINTAH KABUPATEN INTAN JAYA | DINAS KESEHATAN | PUSKESMAS POGAPA,10,0,1000000,5000000,36,0,0,0
d31a1e38-2b6b-4403-b06b-61944171c100,Pemerintah Kab. Intan Jaya,CPNS,ORANG ASLI PAPUA (OAP),PEMELIHARA TUMBUHAN,"PEMERINTAH KABUPATEN INTAN JAYA | DINAS LINGKUNGAN HIDUP | Bidang Pengembangan Kapasitas, Pengamanan Lingkungan, dan Pengendalian Kerusakan Serta Konservasi Lingkungan | Seksi Pengendalian dan Konservasi Lingkungan",56,0,1000000,5000000,378,0,0,0
877dfd52-c1d1-4372-886b-f27b55789ef6,Pemerintah Kab. Intan Jaya,CPNS,ORANG ASLI PAPUA (OAP),PETUGAS OPERASI DAN PEMELIHARAAN,PEMERINTAH KABUPATEN INTAN JAYA | DINAS PEKERJAAN UMUM DAN PENATAAN RUANG | Bidang Sumber Daya Air | Seksi Pemanfaatan dan Pengelolaan Air Baku,35,1,1000000,5000000,372,0,0,0
7acb4c71-6dbc-4a1f-a00b-fecae14fc72c,Pemerintah Kab. Intan Jaya,CPNS,ORANG ASLI PAPUA (OAP),POLISI PAMONG PRAJA PEMULA,PEMERINTAH KABUPATEN INTAN JAYA | DINAS SATUAN POLISI PAMONG PRAJA | Bidang Penegakan Perundang-undangan Daerah | Seksi Pembinaan Penegakan Peraturan Perundang-undangan Daerah,28,0,1000000,5000000,61,0,0,0
9766413d-ad8f-4007-b473-0e33e8c0c43a,Pemerintah Kab. Intan Jaya,CPNS,ORANG ASLI PAPUA (OAP),POLISI PAMONG PRAJA PEMULA,"PEMERINTAH KABUPATEN INTAN JAYA | DINAS SATUAN POLISI PAMONG PRAJA | Bidang Trantibum, Damkar dan Linmas | Seksi Ketentraman dan Ketertiban Umum",34,0,1000000,5000000,98,0,0,0
8a0384c8915fa2df01915fd0023c061b,Pemerintah Kab. Jayapura,CPNS,UMUM (NON OAP),PEMADAM KEBAKARAN PEMULA,PEMERINTAH KABUPATEN JAYAPURA | BADAN PENANGGULANGAN BENCANA DAERAH | BIDANG PEMADAM KEBAKARAN,5,1,2560000,3560000,29,0,0,0
76f5401e-9299-48f7-8d08-996bf535e97f,Pemerintah Kab. Jayapura,CPNS,ORANG ASLI PAPUA (OAP),PEMADAM KEBAKARAN PEMULA,PEMERINTAH KABUPATEN JAYAPURA | BADAN PENANGGULANGAN BENCANA DAERAH | BIDANG PEMADAM KEBAKARAN,2,0,2560000,3560000,68,0,0,0
6808d9a6-1ab1-42d1-818b-3d144e2cc303,Pemerintah Kab. Jayapura,CPNS,ORANG ASLI PAPUA (OAP),PENATA LAKSANA SUMBER DAYA AIR PEMULA,"PEMERINTAH KABUPATEN JAYAPURA | DINAS-DINAS | DINAS PEKERJAAN UMUM DAN PENATAAN RUANG | BIDANG SUMBER DAYA AIR | SEKSI PEMBANGUNAN, PENINGKATAN PRASARANA, SUMBER DAYA AIR",3,0,2560000,3560000,214,0,0,0
8a0384c8915fa2df01916001459d0d89,Pemerintah Kab. Jayapura,CPNS,ORANG ASLI PAPUA (OAP),POLISI PAMONG PRAJA PEMULA,PEMERINTAH KABUPATEN JAYAPURA | SATUAN POLISI PAMONG PRAJA | BIDANG PERLINDUNGAN MASYARAKAT | SEKSI PERLINDUNGAN MASYARAKAT,1,0,2650000,3650000,219,0,0,0
95c9c4bf-fb0f-4ac3-9dcd-6e819bbcbce2,Pemerintah Kab. Jayapura,CPNS,UMUM (NON OAP),POLISI PAMONG PRAJA PEMULA,PEMERINTAH KABUPATEN JAYAPURA | SATUAN POLISI PAMONG PRAJA | BIDANG PERLINDUNGAN MASYARAKAT | SEKSI PERLINDUNGAN MASYARAKAT,1,0,2650000,3650000,28,0,0,0
918ac947-d0c6-4571-b49e-a907e114ef68,Pemerintah Kab. Jayawijaya,CPNS,ORANG ASLI PAPUA (OAP),PEMADAM KEBAKARAN PEMULA,Kabupaten Jayawijaya | DINAS SATUAN POLISI PAMONG PRAJA | BIDANG  PEMADAM KEBAKARAN | SEKSI OPERASIONAL,26,1,2200000,4600000,223,0,0,0
1d9d4bdd-14c3-4407-a442-dc55cbb0cd72,Pemerintah Kab. Jayawijaya,CPNS,ORANG ASLI PAPUA (OAP),PENATA LAKSANA PENYEHATAN LINGKUNGAN PEMULA,Kabupaten Jayawijaya | DINAS LINGKUNGAN HIDUP | BIDANG PENGENDALIAN PENCEMARAN & KERUSAKAN LINGKUNGAN HIDUP | SEKSI PEMANTAUAN LINGKUNGAN,6,1,2200000,4600000,64,0,0,0
8ca8c58c-957c-4dcd-94a6-98e58e1af548,Pemerintah Kab. Jayawijaya,CPNS,ORANG ASLI PAPUA (OAP),PENATA LAKSANA PENYEHATAN LINGKUNGAN PEMULA,Kabupaten Jayawijaya | DINAS LINGKUNGAN HIDUP | BIDANG TATA LINGKUNGAN | SEKSI PEMELIHARAAN LINGKUNGAN HIDUP,6,1,2200000,4600000,104,0,0,0
8e1d1325-af78-4dcb-9949-e0bd998e4810,Pemerintah Kab. Jayawijaya,CPNS,ORANG ASLI PAPUA (OAP),PENATA LAKSANA PENYEHATAN LINGKUNGAN PEMULA,Kabupaten Jayawijaya | DINAS LINGKUNGAN HIDUP | BIDANG PENGELOLAAN SAMPAH DAN LIMBAH B3 | SEKSI PENANGANAN SAMPAH,4,1,2200000,4600000,103,0,0,0
be9aafc1-ace5-4b2c-b326-f04f4c703c82,Pemerintah Kab. Jayawijaya,CPNS,ORANG ASLI PAPUA (OAP),PENATA LAKSANA PENYEHATAN LINGKUNGAN PEMULA,Kabupaten Jayawijaya | DINAS LINGKUNGAN HIDUP | BIDANG PENGENDALIAN PENCEMARAN & KERUSAKAN LINGKUNGAN HIDUP | SEKSI KERUSAKAN LINGKUNGAN,6,1,2200000,4600000,91,0,0,0
df4f5210-6266-4efe-8160-f1ac1aaa1599,Pemerintah Kab. Jayawijaya,CPNS,ORANG ASLI PAPUA (OAP),PENATA LAKSANA PENYEHATAN LINGKUNGAN PEMULA,Kabupaten Jayawijaya | DINAS PEKERJAAN UMUM DAN PENATAAN RUANG | Bidang Cipta Karya | SEKSI PERUMAHAN DAN PEMUKIMAN,1,1,2200000,4600000,133,0,0,0
f90bfdb6-ece3-4826-91e3-981de3821583,Pemerintah Kab. Jayawijaya,CPNS,ORANG ASLI PAPUA (OAP),PENATA LAKSANA PENYEHATAN LINGKUNGAN PEMULA,Kabupaten Jayawijaya | DINAS LINGKUNGAN HIDUP | BIDANG PENGENDALIAN PENCEMARAN & KERUSAKAN LINGKUNGAN HIDUP | SEKSI PENCEMARAN LINGKUNGAN,6,1,2200000,4600000,34,0,0,0
7d551cde-e1f1-4e59-b764-49381b8f51fa,Pemerintah Kab. Jayawijaya,CPNS,ORANG ASLI PAPUA (OAP),PENGAMAT TERA PEMULA,"Kabupaten Jayawijaya | DINAS TENAGA KERJA, PERINDUSTRIAN DAN PERDAGANGAN | BIDANG PERDAGANGAN | SEKSI PERLINDUNGAN KONSUMEN DAN METROLOGI",3,1,2200000,4600000,141,0,0,0
1662080c-c821-495d-91ce-9305f3473572,Pemerintah Kab. Jayawijaya,CPNS,ORANG ASLI PAPUA (OAP),PETUGAS OPERASI DAN PEMELIHARAAN,Kabupaten Jayawijaya | DINAS PEKERJAAN UMUM DAN PENATAAN RUANG | Bidang Cipta Karya | SEKSI PENYEDIAAN SARANA AIR BERSIH DAN SPAM,3,1,2200000,4600000,139,0,0,0
8096c1f7-1a3e-4920-abc8-7e73fa9fc17c,Pemerintah Kab. Jayawijaya,CPNS,ORANG ASLI PAPUA (OAP),PETUGAS OPERASI DAN PEMELIHARAAN,Kabupaten Jayawijaya | DINAS PEKERJAAN UMUM DAN PENATAAN RUANG | Bidang Cipta Karya | SEKSI PENGOLAHAN AIR BERSIH,3,1,2200000,4600000,174,0,0,0
f1c8c001-ad84-4f53-83a0-7371345c1511,Pemerintah Kab. Jayawijaya,CPNS,ORANG ASLI PAPUA (OAP),POLISI PAMONG PRAJA PEMULA,Kabupaten Jayawijaya | DINAS SATUAN POLISI PAMONG PRAJA | BIDANG  KETERTIBAN UMUM DAN KETENTRAMAN MASYARAKAT | SEKSI OPERASIONAL DAN PENGENDALIAN,85,1,2200000,4600000,433,0,0,0
bc79ef50-9049-4dd8-99b4-5d92c75f51bd,Pemerintah Kab. Jepara,CPNS,UMUM,POLISI PAMONG PRAJA PEMULA,"PEMERINTAH KABUPATEN JEPARA | SATUAN POLISI PAMONG PRAJA DAN PEMADAM KEBAKARAN | BIDANG PENEGAKAN PERUNDANG UNDANGAN, KETERTIBAN UMUM DAN KETENTRAMAN MASYARAKAT",35,0,2000000,6000000,342,0,0,0
b0cc2815-b579-467d-a904-96c4c69c625e,Pemerintah Kab. Kaimana,CPNS,ORANG ASLI PAPUA (OAP),OPERATOR LAYANAN KESEHATAN,PEMERINTAH KABUPATEN KAIMANA | DINAS KESEHATAN | RUMAH SAKIT UMUM DAERAH | Seksi Penunjang Medik,14,0,2300000,2600000,718,0,0,0
c47000e9-01cd-41e8-9a18-49e7f4139f93,Pemerintah Kab. Kaimana,CPNS,ORANG ASLI PAPUA (OAP),OPERATOR LAYANAN KESEHATAN,PEMERINTAH KABUPATEN KAIMANA | DINAS KESEHATAN | RUMAH SAKIT UMUM DAERAH | Seksi Pelayanan Medik dan Keperawatan,4,0,2300000,2600000,377,0,0,0
1c3f3f7c-b1e7-48eb-ab29-f9d8d86a544e,Pemerintah Kab. Karawang,CPNS,UMUM,POLISI PAMONG PRAJA PEMULA,Pemerintah Kabupaten Karawang | SATUAN POLISI PAMONG PRAJA | BIDANG PERLINDUNGAN MASYARAKAT | SEKSI BINA POTENSI MASYARAKAT,1,1,2500000,3200000,4,0,0,0
2a9ab406-586a-48df-831b-e5eb4212337b,Pemerintah Kab. Karawang,CPNS,UMUM,POLISI PAMONG PRAJA PEMULA,Pemerintah Kabupaten Karawang | SATUAN POLISI PAMONG PRAJA | BIDANG KETERTIBAN UMUM DAN KETENTRAMAN MASYARAKAT | SEKSI OPERASI DAN PENGENDALIAN,27,1,2500000,3200000,260,0,0,0
407b2686-9131-4381-b94f-d250696ce65f,Pemerintah Kab. Karawang,CPNS,UMUM,POLISI PAMONG PRAJA PEMULA,Pemerintah Kabupaten Karawang | SATUAN POLISI PAMONG PRAJA | BIDANG SUMBER DAYA APARATUR | SEKSI PELATIHAN DASAR,2,1,2500000,3200000,14,0,0,0
c0be0d20-6e40-4f8f-8de5-1f08454c38bc,Pemerintah Kab. Karawang,CPNS,UMUM,POLISI PAMONG PRAJA PEMULA,Pemerintah Kabupaten Karawang | SATUAN POLISI PAMONG PRAJA | BIDANG PERLINDUNGAN MASYARAKAT | SEKSI SATUAN PERLINDUNGAN MASYARAKAT,1,1,2500000,3200000,5,0,0,0
d046ebf9-a1f7-48ba-80c6-076fd46f15fe,Pemerintah Kab. Karawang,CPNS,UMUM,POLISI PAMONG PRAJA PEMULA,"Pemerintah Kabupaten Karawang | SATUAN POLISI PAMONG PRAJA | BIDANG PENEGAKAN PERUNDANG-UNDANGAN DAERAH | SEKSI PEMBINAAN, PENGAWASAN DAN PENYULUHAN",2,1,2500000,3200000,19,0,0,0
8a0384ba915598f40191562132656070,Pemerintah Kab. Kayong Utara,CPNS,PENYANDANG DISABILITAS,OPERATOR LAYANAN KESEHATAN,Pemerintah Kabupaten Kayong Utara | Dinas Kesehatan Dan Keluarga Berencana | UPTD Puskesmas Matan Jaya | Subbagian Tata Usaha UPT Puskesmas Matan Jaya,1,1,2000000,6000000,4,0,0,0
8a0384ba915598f40191562269396161,Pemerintah Kab. Kayong Utara,CPNS,PENYANDANG DISABILITAS,OPERATOR LAYANAN KESEHATAN,Pemerintah Kabupaten Kayong Utara | Dinas Kesehatan Dan Keluarga Berencana | UPTD PUSKESMAS PADANG | Subbagian Tata Usaha UPT PUSKESMAS PADANG,1,1,2000000,6000000,1,0,0,0
8a0384ba915598f401915622f1b1620d,Pemerintah Kab. Kayong Utara,CPNS,PENYANDANG DISABILITAS,OPERATOR LAYANAN KESEHATAN,Pemerintah Kabupaten Kayong Utara | Dinas Kesehatan Dan Keluarga Berencana | UPTD Puskesmas Sukadana | Subbagian Tata Usaha UPT Puskesmas Sukadana,1,1,2000000,6000000,3,0,0,0
04fa2de9-6836-4262-a4b9-7f8f6213fc5b,Pemerintah Kab. Kayong Utara,CPNS,UMUM,OPERATOR LAYANAN KESEHATAN,Pemerintah Kabupaten Kayong Utara | Dinas Kesehatan Dan Keluarga Berencana | UPTD Puskesmas Pelapis | Subbagian Tata Usaha UPT Puskesmas Pelapis,1,1,2000000,6000000,47,0,0,0
07cecf7e-6797-4214-859e-d4edf4ab08c8,Pemerintah Kab. Kayong Utara,CPNS,UMUM,OPERATOR LAYANAN KESEHATAN,Pemerintah Kabupaten Kayong Utara | Dinas Kesehatan Dan Keluarga Berencana | UPTD PUSKESMAS DUSUN BESAR | Subbagian Tata Usaha UPT Puskesmas Dusun Besar,1,1,2000000,6000000,44,0,0,0
100e59f2-2ba0-45e1-b67e-fad65b1be01a,Pemerintah Kab. Kayong Utara,CPNS,UMUM,OPERATOR LAYANAN KESEHATAN,Pemerintah Kabupaten Kayong Utara | Dinas Kesehatan Dan Keluarga Berencana | UPTD PUSKESMAS PADANG | Subbagian Tata Usaha UPT PUSKESMAS PADANG,1,1,2000000,6000000,35,0,0,0
1f2dd6bc-7ec3-4007-b4af-78263689d72b,Pemerintah Kab. Kayong Utara,CPNS,UMUM,OPERATOR LAYANAN KESEHATAN,Pemerintah Kabupaten Kayong Utara | Dinas Kesehatan Dan Keluarga Berencana | UPTD Puskesmas Sungai Paduan | Subbagian Tata Usaha UPTD Puskesmas Sungai Paduan,1,1,2000000,6000000,67,0,0,0
430a8498-5ec6-46f9-9a43-1cdbe20ec718,Pemerintah Kab. Kayong Utara,CPNS,UMUM,OPERATOR LAYANAN KESEHATAN,Pemerintah Kabupaten Kayong Utara | Dinas Kesehatan Dan Keluarga Berencana | UPTD Puskesmas Teluk Melano | Subbagian Tata Usaha UPT Puskesmas Teluk Melano,1,1,2000000,6000000,92,0,0,0
680c0a85-903f-4fa7-9332-22112d4bbc39,Pemerintah Kab. Kayong Utara,CPNS,UMUM,OPERATOR LAYANAN KESEHATAN,Pemerintah Kabupaten Kayong Utara | Dinas Kesehatan Dan Keluarga Berencana | UPTD Puskesmas Matan Jaya | Subbagian Tata Usaha UPT Puskesmas Matan Jaya,2,1,2000000,6000000,170,0,0,0
772a7179-33e4-40e0-8195-c5dca1deb4e5,Pemerintah Kab. Kayong Utara,CPNS,UMUM,OPERATOR LAYANAN KESEHATAN,Pemerintah Kabupaten Kayong Utara | Dinas Kesehatan Dan Keluarga Berencana | UPTD Puskesmas Sukadana | Subbagian Tata Usaha UPT Puskesmas Sukadana,1,1,2000000,6000000,203,0,0,0
9d99ae12-e065-488d-b475-3e2f981f800c,Pemerintah Kab. Kayong Utara,CPNS,UMUM,OPERATOR LAYANAN KESEHATAN,Pemerintah Kabupaten Kayong Utara | Dinas Kesehatan Dan Keluarga Berencana | UPTD Puskesmas Teluk Batang | Subbagian Tata Usaha UPT Puskesmas Teluk Batang,1,1,2000000,6000000,57,0,0,0
bc6c6147-390d-4444-9009-42bf386655d2,Pemerintah Kab. Kayong Utara,CPNS,UMUM,OPERATOR LAYANAN KESEHATAN,Pemerintah Kabupaten Kayong Utara | Dinas Kesehatan Dan Keluarga Berencana | UPTD Puskesmas Tanjung Satai | Subbagian Tata Usaha UPT Puskesmas Tanjung Satai,1,1,2000000,6000000,53,0,0,0
c6f49f8f-4d36-4181-8873-7123b8004432,Pemerintah Kab. Kayong Utara,CPNS,UMUM,OPERATOR LAYANAN KESEHATAN,Pemerintah Kabupaten Kayong Utara | Dinas Kesehatan Dan Keluarga Berencana | UPTD Puskesmas Siduk | Subbagian Tata Usaha UPT Puskesmas Siduk,2,1,2000000,6000000,447,0,0,0
0ba60d55-353e-4330-923c-f587c2fd20d1,Pemerintah Kab. Kayong Utara,CPNS,UMUM,PRANATA PENCARIAN DAN PERTOLONGAN PEMULA,Pemerintah Kabupaten Kayong Utara | Badan Penanggulangan Bencana Daerah | Seksi Kedaruratan dan Logistik,8,1,2000000,5000000,606,0,0,0
d29c762d-38ba-46f9-a35e-59b23f72846b,Pemerintah Kab. Kebumen,CPNS,UMUM,PRANATA PENCARIAN DAN PERTOLONGAN PEMULA,Pemerintah Kabupaten Kebumen | Badan Penanggulangan Bencana Daerah | Bidang Kedaruratan dan Logistik,7,0,1547200,2700000,52,0,0,0
43d2c03d-f8b0-443f-aace-4a8cc7bb2737,Pemerintah Kab. Kendal,CPNS,UMUM,POLISI PAMONG PRAJA PEMULA,"PEMERINTAH KABUPATEN KENDAL | SATUAN POLISI PAMONG PRAJA DAN PEMADAM KEBAKARAN | BIDANG KETENTRAMAN, KETERTIBAN UMUM DAN PERLINDUNGAN MASYARAKAT | SEKSI PERLINDUNGAN MASYARAKAT",7,0,2500000,3100000,168,0,0,0
4769de86-2e18-4f2b-a813-700f877a2b64,Pemerintah Kab. Kendal,CPNS,UMUM,POLISI PAMONG PRAJA PEMULA,PEMERINTAH KABUPATEN KENDAL | SATUAN POLISI PAMONG PRAJA DAN PEMADAM KEBAKARAN | BIDANG PENEGAKAN PERATURAN DAERAH,9,0,2500000,3100000,515,0,0,0
48f990ba-acf9-44c8-ae8e-4d90b27fc740,Pemerintah Kab. Kendal,CPNS,UMUM,POLISI PAMONG PRAJA PEMULA,"PEMERINTAH KABUPATEN KENDAL | SATUAN POLISI PAMONG PRAJA DAN PEMADAM KEBAKARAN | BIDANG KETENTRAMAN, KETERTIBAN UMUM DAN PERLINDUNGAN MASYARAKAT",9,0,2500000,3100000,822,0,0,0
66523468-5a9e-42c3-94d2-1d7ac4ef5491,Pemerintah Kab. Kendal,CPNS,UMUM,POLISI PAMONG PRAJA PEMULA,PEMERINTAH KABUPATEN KENDAL | SATUAN POLISI PAMONG PRAJA DAN PEMADAM KEBAKARAN | BIDANG PENEGAKAN PERATURAN DAERAH | SEKSI PEMBINAAN DAN PENYULUHAN,4,0,2500000,3100000,140,0,0,0
9c2f6c9c-46d0-4e86-bffc-6f1f9c374a94,Pemerintah Kab. Kendal,CPNS,UMUM,POLISI PAMONG PRAJA PEMULA,"PEMERINTAH KABUPATEN KENDAL | SATUAN POLISI PAMONG PRAJA DAN PEMADAM KEBAKARAN | BIDANG KETENTRAMAN, KETERTIBAN UMUM DAN PERLINDUNGAN MASYARAKAT | SEKSI KEWASPADAAN DINI",8,0,2500000,3100000,252,0,0,0
9e1edfcc-c386-4ce9-9998-d672f0fefefe,Pemerintah Kab. Kendal,CPNS,UMUM,POLISI PAMONG PRAJA PEMULA,PEMERINTAH KABUPATEN KENDAL | SATUAN POLISI PAMONG PRAJA DAN PEMADAM KEBAKARAN | BIDANG PENEGAKAN PERATURAN DAERAH | SEKSI PENYIDIKAN DAN PENINDAKAN,8,0,2500000,3100000,193,0,0,0
23738f1f-b171-4504-99c9-38c81a231e94,Pemerintah Kab. Kendal,CPNS,UMUM,PRANATA PENCARIAN DAN PERTOLONGAN PEMULA,PEMERINTAH KABUPATEN KENDAL | BADAN PENANGGULANGAN BENCANA DAERAH,3,0,2500000,3100000,190,0,0,0
340c52f1-6f12-4c54-877c-f57eb7b277a9,Pemerintah Kab. Kepulauan Anambas,CPNS,UMUM,POLISI PAMONG PRAJA PEMULA,"PEMERINTAH KABUPATEN KEPULAUAN ANAMBAS | SATUAN POLISI PAMONG PRAJA | BIDANG KETENTERAMAN, KETERTIBAN UMUM DAN PERLINDUNGAN MASYARAKAT",5,1,2485900,5885900,353,0,0,0
e8961dc0-5f2c-4576-ba0d-1bff1ba12796,Pemerintah Kab. Kepulauan Anambas,CPNS,UMUM,POLISI PAMONG PRAJA PEMULA,PEMERINTAH KABUPATEN KEPULAUAN ANAMBAS | SATUAN POLISI PAMONG PRAJA | BIDANG PENEGAKAN PERATURAN DAN PRODUK HUKUM DAERAH,2,1,2485900,5885900,65,0,0,0
6c6b64a7-44df-4f5b-aa7c-72fc2701a794,Pemerintah Kab. Kepulauan Aru,CPNS,UMUM,ASISTEN PELATIH OLAHRAGA PEMULA,Pemerintah Kabupaten Kepulauan Aru | Dinas Pemuda dan Olahraga,4,1,2500000,4100000,253,0,0,0
af0679a2-469a-4e57-ad01-3d34a262329f,Pemerintah Kab. Kepulauan Aru,CPNS,UMUM,PENATA LAKSANA BANGUNAN GEDUNG DAN KAWASAN PERMUKIMAN PEMULA,Pemerintah Kabupaten Kepulauan Aru | Dinas Pekerjaan Umum dan Penataan Ruang,2,1,2500000,4100000,122,0,0,0
607fb22c-c79f-4e9c-8378-ef800b05488e,Pemerintah Kab. Kepulauan Aru,CPNS,UMUM,PENATA LAKSANA PENYEHATAN LINGKUNGAN PEMULA,Pemerintah Kabupaten Kepulauan Aru | Dinas Pekerjaan Umum dan Penataan Ruang,3,1,2500000,4100000,232,0,0,0
09863189-d2b2-4078-b7f5-b0e0c846ac19,Pemerintah Kab. Kepulauan Aru,CPNS,UMUM,PENATA LAKSANA SUMBER DAYA AIR PEMULA,Pemerintah Kabupaten Kepulauan Aru | Dinas Pekerjaan Umum dan Penataan Ruang,2,1,2500000,4100000,123,0,0,0
9ffe0474-12be-4df7-b516-affa64b9a50c,Pemerintah Kab. Kepulauan Aru,CPNS,UMUM,POLISI PAMONG PRAJA PEMULA,Pemerintah Kabupaten Kepulauan Aru | Satuan Polisi Pamong Praja,10,1,2100000,3600000,242,0,0,0
8a02826391606efe0191661fef5534b6,Pemerintah Kab. Kepulauan Meranti,CPNS,PENYANDANG DISABILITAS,POLISI PAMONG PRAJA PEMULA,PEMERINTAH KABUPATEN KEPULAUAN MERANTI | SATUAN POLISI PAMONG PRAJA DAN PEMADAM KEBAKARAN,1,1,2500000,3500000,2,0,0,0
af5eee31-8540-471b-baeb-d9580d67d791,Pemerintah Kab. Kepulauan Meranti,CPNS,UMUM,POLISI PAMONG PRAJA PEMULA,PEMERINTAH KABUPATEN KEPULAUAN MERANTI | SATUAN POLISI PAMONG PRAJA DAN PEMADAM KEBAKARAN,46,0,2500000,3500000,838,0,0,0
08e9000a-1cd6-49b3-83d7-3294a8f55f30,Pemerintah Kab. Kepulauan Meranti,CPNS,UMUM,PRANATA PENCARIAN DAN PERTOLONGAN PEMULA,PEMERINTAH KABUPATEN KEPULAUAN MERANTI | BADAN PENANGGULANGAN BENCANA DAERAH | BIDANG KEDARURATAN DAN LOGISTIK,15,0,2500000,3500000,237,0,0,0
4ef90923-46c0-41e4-a113-30522db22661,Pemerintah Kab. Kepulauan Tanimbar,CPNS,UMUM,POLISI PAMONG PRAJA PEMULA,KABUPATEN KEPULAUAN TANIMBAR | DINAS SATUAN POLISI PAMONG PRAJA | BIDANG KETERTIBAN UMUM DAN KETENTRAMAN MASYARAKAT | SEKSI OPERASI DAN PENGENDALIAN,1,1,2184000,3000000,60,0,0,0
6c716401-c264-41aa-b1d2-3c68a30dc8ba,Pemerintah Kab. Kepulauan Tanimbar,CPNS,UMUM,POLISI PAMONG PRAJA PEMULA,KABUPATEN KEPULAUAN TANIMBAR | DINAS SATUAN POLISI PAMONG PRAJA | BIDANG PENEGAKAN PERUNDANG-UNDANGAN DERAH | SEKSI PENYELIDIKAN DAN PENYIDIKAN,4,1,2184000,3000000,197,0,0,0
df23e3b8-ab04-4ed0-aa0a-7b2af889398d,Pemerintah Kab. Kepulauan Tanimbar,CPNS,UMUM,POLISI PAMONG PRAJA TERAMPIL,KABUPATEN KEPULAUAN TANIMBAR | DINAS SATUAN POLISI PAMONG PRAJA | BIDANG PERLINDUNGAN MASYARAKAT DAN PEMADAMAN KEBAKARAN | SEKSI PERLINDUNGAN MASYARAKAT,1,1,2184000,3000000,24,0,0,0
eed71030-4be8-4763-8448-c0d846108db5,Pemerintah Kab. Kerinci,CPNS,UMUM,ASISTEN PELATIH OLAHRAGA PEMULA,PEMERINTAH KABUPATEN KERINCI | SEKRETARIS DAERAH | DINAS PEMUDA DAN OLAHRAGA | BIDANG OLAHRAGA,8,0,2184000,4557517,172,0,0,0
223ee473-58aa-42b7-956b-41a97a42d237,Pemerintah Kab. Kerinci,CPNS,UMUM,PEMADAM KEBAKARAN PEMULA,PEMERINTAH KABUPATEN KERINCI | SEKRETARIS DAERAH | SATUAN POLISI PAMONG PRAJA DAN DAMKAR | BIDANG PEMADAM KEBAKARAN,7,0,2184000,4557517,10,0,0,0
240053a1-4a04-4437-a146-39a9e8d9937f,Pemerintah Kab. Kerinci,CPNS,UMUM,PENATA LAKSANA BANGUNAN GEDUNG DAN KAWASAN PERMUKIMAN PEMULA,PEMERINTAH KABUPATEN KERINCI | SEKRETARIS DAERAH | DINAS PEKERJAAN UMUM DAN PERUMAHAN RAKYAT | BIDANG TATA RUANG,5,0,2184000,4557517,124,0,0,0
e2acd96d-4ee1-4f53-9d1d-59b98c7118f6,Pemerintah Kab. Kerinci,CPNS,UMUM,PENATA LAKSANA JALAN DAN JEMBATAN PEMULA,PEMERINTAH KABUPATEN KERINCI | SEKRETARIS DAERAH | DINAS PEKERJAAN UMUM DAN PERUMAHAN RAKYAT | BIDANG BINA MARGA,1,0,2184000,4557517,20,0,0,0
c379f71b-8f20-43bf-94d9-cfb62fa25547,Pemerintah Kab. Kerinci,CPNS,UMUM,PENGAMAT TERA PEMULA,PEMERINTAH KABUPATEN KERINCI | SEKRETARIS DAERAH | DINAS PERINDUSTRIAN DAN PERDAGANGAN | BIDANG PERDAGANGAN,5,0,2184000,4557517,150,0,0,0
79a94c3a-1f99-4ab2-b243-1bf14bc34c15,Pemerintah Kab. Kerinci,CPNS,UMUM,POLISI PAMONG PRAJA TERAMPIL,PEMERINTAH KABUPATEN KERINCI | SEKRETARIS DAERAH | SATUAN POLISI PAMONG PRAJA DAN DAMKAR | BIDANG KETENTRAMAN UMUM DAN PERLINDUNGAN MASYARAKAT,5,0,2485900,5272836,60,0,0,0
7ba98848-3077-40b0-bd71-b86a42881e39,Pemerintah Kab. Kolaka Timur,CPNS,UMUM,POLISI PAMONG PRAJA PEMULA,"PEMERINTAH KAB. KOLAKA TIMUR | SATUAN POLISI PAMONG PRAJA, KEBAKARAN DAN PERLINDUNGAN MASYARAKAT",5,0,1800000,2500000,195,0,0,0
55299594-308e-4383-8ab8-362714294e8f,Pemerintah Kab. Konawe Kepulauan,CPNS,UMUM,POLISI PAMONG PRAJA PEMULA,"Pemerintah Kabupaten Konawe Kepulauan | Satuan Polisi Pamong Praja Dan Pemadam Kebakaran | Bidang Pembinaan, Ketertiban Umum dan Perlindungan Masyarakat",41,1,2500000,3500000,1101,0,0,0
aebb1bb4-6434-4d31-9b7d-70effa36b1b0,Pemerintah Kab. Konawe Selatan,CPNS,UMUM,POLISI PAMONG PRAJA PEMULA,Pemerintah Kab. Konawe Selatan | Sekretariat Daerah Kab. Konawe Selatan | SATUAN POLISI PAMONG PRAJA | BIDANG PENEGAKAN PERATURAN DAERAH,10,0,2184000,2984000,284,0,0,0
db57c3fa-966c-4319-8e16-d6022a3642ce,Pemerintah Kab. Konawe Utara,CPNS,UMUM,POLISI PAMONG PRAJA PEMULA,PEMERINTAH KABUPATEN KONAWE UTARA | SATUAN POLISI PAMONG PRAJA,2,0,3000000,5000000,55,0,0,0
0218e093-d9cc-4ae2-803f-255644581bb5,Pemerintah Kab. Kotabaru,CPNS,UMUM,OPERATOR LAYANAN KESEHATAN,PEMERINTAH KABUPATEN KOTABARU | DINAS KESEHATAN | PUSKESMAS LONTAR,1,1,2184000,5603670,48,0,0,0
04d6e6d9-cbb3-48c7-8647-128f0113cb3c,Pemerintah Kab. Kotabaru,CPNS,UMUM,OPERATOR LAYANAN KESEHATAN,PEMERINTAH KABUPATEN KOTABARU | DINAS KESEHATAN | PUSKESMAS SAMPANAHAN,1,1,2184000,5603670,19,0,0,0
1ea46efe-0376-4ae1-84a6-8f2fd217b0e0,Pemerintah Kab. Kotabaru,CPNS,UMUM,OPERATOR LAYANAN KESEHATAN,PEMERINTAH KABUPATEN KOTABARU | DINAS KESEHATAN | BIDANG KESEHATAN MASYARAKAT,1,1,2184000,5603670,92,0,0,0
20942574-b77d-4973-937f-0b958ed3c4be,Pemerintah Kab. Kotabaru,CPNS,UMUM,OPERATOR LAYANAN KESEHATAN,PEMERINTAH KABUPATEN KOTABARU | DINAS KESEHATAN | PUSKESMAS TANJUNG SAMALANTAKAN,1,1,2184000,5603670,11,0,0,0
20999603-e729-4c69-a89d-4154bf1d5439,Pemerintah Kab. Kotabaru,CPNS,UMUM,OPERATOR LAYANAN KESEHATAN,PEMERINTAH KABUPATEN KOTABARU | DINAS KESEHATAN | PUSKESMAS BANIAN,1,1,2184000,5603670,19,0,0,0
3a01d8ae-0208-4021-9a49-23a24f966e2c,Pemerintah Kab. Kotabaru,CPNS,UMUM,OPERATOR LAYANAN KESEHATAN,PEMERINTAH KABUPATEN KOTABARU | DINAS KESEHATAN | PUSKESMAS PUDI,1,1,2184000,5603670,24,0,0,0
3e993bf7-3540-485b-875c-48e65cb38d7d,Pemerintah Kab. Kotabaru,CPNS,UMUM,OPERATOR LAYANAN KESEHATAN,PEMERINTAH KABUPATEN KOTABARU | DINAS KESEHATAN | PUSKESMAS PAMUKAN II,1,1,2184000,5603670,15,0,0,0
5421e1d6-5173-4e28-a981-70842a67ffa2,Pemerintah Kab. Kotabaru,CPNS,UMUM,OPERATOR LAYANAN KESEHATAN,PEMERINTAH KABUPATEN KOTABARU | DINAS KESEHATAN | PUSKESMAS KELUMPANG F,1,1,2184000,5603670,24,0,0,0
594f0361-cdb4-430e-9489-0c9f6d8cf68b,Pemerintah Kab. Kotabaru,CPNS,UMUM,OPERATOR LAYANAN KESEHATAN,PEMERINTAH KABUPATEN KOTABARU | DINAS KESEHATAN | PUSKESMAS SEBATUNG,1,1,2184000,5603670,100,0,0,0
5c4b53a9-8c2d-427b-8d2a-867c3d7af9b2,Pemerintah Kab. Kotabaru,CPNS,UMUM,OPERATOR LAYANAN KESEHATAN,PEMERINTAH KABUPATEN KOTABARU | DINAS KESEHATAN | PUSKESMAS GUNUNG BATU BESAR,1,1,2184000,5603670,15,0,0,0
5f001374-9b0a-411e-a2f4-6208edfc169c,Pemerintah Kab. Kotabaru,CPNS,UMUM,OPERATOR LAYANAN KESEHATAN,PEMERINTAH KABUPATEN KOTABARU | DINAS KESEHATAN | PUSKESMAS PANTAI,1,1,2184000,5603670,49,0,0,0
67f6a4f0-8337-44a3-91a2-cd7d9f3d22e8,Pemerintah Kab. Kotabaru,CPNS,UMUM,OPERATOR LAYANAN KESEHATAN,PEMERINTAH KABUPATEN KOTABARU | DINAS KESEHATAN | PUSKESMAS TAMIANG GERONGGANG,1,1,2184000,5603670,11,0,0,0
75ef19a4-d42e-4b25-be83-8edabcaa7f23,Pemerintah Kab. Kotabaru,CPNS,UMUM,OPERATOR LAYANAN KESEHATAN,PEMERINTAH KABUPATEN KOTABARU | DINAS KESEHATAN | PUSKESMAS DIRGAHAYU,1,1,2184000,5603670,142,0,0,0
7beab63a-03db-46c6-9872-131c91210be9,Pemerintah Kab. Kotabaru,CPNS,UMUM,OPERATOR LAYANAN KESEHATAN,PEMERINTAH KABUPATEN KOTABARU | DINAS KESEHATAN | PUSKESMAS SENGAYAM,1,1,2184000,5603670,53,0,0,0
8e057542-9669-464f-9afd-fca2552ef5c8,Pemerintah Kab. Kotabaru,CPNS,UMUM,OPERATOR LAYANAN KESEHATAN,PEMERINTAH KABUPATEN KOTABARU | DINAS KESEHATAN | PUSKESMAS MEKARPURA,1,1,2485900,6402304,51,0,0,0
90f591ab-2422-44f2-9561-fbafa7e18551,Pemerintah Kab. Kotabaru,CPNS,UMUM,OPERATOR LAYANAN KESEHATAN,PEMERINTAH KABUPATEN KOTABARU | DINAS KESEHATAN | UPTD INSTALASI FARMASI,1,1,2184000,5603670,104,0,0,0
979838e0-59f2-416c-90f4-6c32b68d2970,Pemerintah Kab. Kotabaru,CPNS,UMUM,OPERATOR LAYANAN KESEHATAN,PEMERINTAH KABUPATEN KOTABARU | DINAS KESEHATAN | PUSKESMAS SUNGAI BALI,1,1,2184000,5603670,28,0,0,0
97cc9c08-ca73-47e6-ae31-a7e65e8ba65e,Pemerintah Kab. Kotabaru,CPNS,UMUM,OPERATOR LAYANAN KESEHATAN,PEMERINTAH KABUPATEN KOTABARU | DINAS KESEHATAN | PUSKESMAS SUNGAI DURIAN,1,1,2184000,5603670,20,0,0,0
9941257c-6c11-4f20-bcb8-41ef3f0af788,Pemerintah Kab. Kotabaru,CPNS,UMUM,OPERATOR LAYANAN KESEHATAN,PEMERINTAH KABUPATEN KOTABARU | DINAS KESEHATAN | PUSKESMAS TANJUNG SELOKA,1,1,2184000,5603670,30,0,0,0
999d22e3-d894-4ed4-8bb0-6ce38965c886,Pemerintah Kab. Kotabaru,CPNS,UMUM,OPERATOR LAYANAN KESEHATAN,PEMERINTAH KABUPATEN KOTABARU | DINAS KESEHATAN | PUSKESMAS TANJUNG LALAK,1,1,2184000,5603670,41,0,0,0
9d35dc80-584a-46ac-a469-ff059ab68f25,Pemerintah Kab. Kotabaru,CPNS,UMUM,OPERATOR LAYANAN KESEHATAN,PEMERINTAH KABUPATEN KOTABARU | DINAS KESEHATAN | PUSKESMAS MARABATUAN,1,1,2184000,5603670,25,0,0,0
a24664c5-6f4e-4dde-8d19-6fafaa64f9e3,Pemerintah Kab. Kotabaru,CPNS,UMUM,OPERATOR LAYANAN KESEHATAN,PEMERINTAH KABUPATEN KOTABARU | DINAS KESEHATAN | PUSKESMAS BERANGAS,1,1,2184000,5603670,71,0,0,0
aabdb716-cc5a-4818-84f9-cdabbff43015,Pemerintah Kab. Kotabaru,CPNS,UMUM,OPERATOR LAYANAN KESEHATAN,PEMERINTAH KABUPATEN KOTABARU | DINAS KESEHATAN | PUSKESMAS HAMPANG,1,1,2184000,5603670,31,0,0,0
ac4dfcc6-ed9a-4a5b-9298-fa3537cb48ce,Pemerintah Kab. Kotabaru,CPNS,UMUM,OPERATOR LAYANAN KESEHATAN,PEMERINTAH KABUPATEN KOTABARU | DINAS KESEHATAN | PUSKESMAS BAKAU,1,1,2184000,5603670,21,0,0,0
b0cd4389-3167-4050-895f-2dd3b3ff2090,Pemerintah Kab. Kotabaru,CPNS,UMUM,OPERATOR LAYANAN KESEHATAN,PEMERINTAH KABUPATEN KOTABARU | DINAS KESEHATAN | PUSKESMAS BUNGKUKAN,1,1,2184000,5603670,23,0,0,0
b3b5754a-d9c1-4f1c-9ffa-512109f368f4,Pemerintah Kab. Kotabaru,CPNS,UMUM,OPERATOR LAYANAN KESEHATAN,PEMERINTAH KABUPATEN KOTABARU | DINAS KESEHATAN | PUSKESMAS TANJUNG BATU,1,1,2184000,5603670,20,0,0,0
cd0397dc-b160-4b51-906d-d888b0bd3528,Pemerintah Kab. Kotabaru,CPNS,UMUM,OPERATOR LAYANAN KESEHATAN,PEMERINTAH KABUPATEN KOTABARU | DINAS KESEHATAN | PUSKESMAS TANJUNG SELAYAR,1,1,2184000,5603670,18,0,0,0
dfb03605-319d-4bd9-8e08-6fe79c7a74ba,Pemerintah Kab. Kotabaru,CPNS,UMUM,OPERATOR LAYANAN KESEHATAN,PEMERINTAH KABUPATEN KOTABARU | DINAS KESEHATAN | PUSKESMAS KOTABARU,1,1,2184000,5603670,71,0,0,0
e9301d65-db88-4cb7-a06c-fc26c7192b93,Pemerintah Kab. Kotabaru,CPNS,UMUM,OPERATOR LAYANAN KESEHATAN,PEMERINTAH KABUPATEN KOTABARU | DINAS KESEHATAN | PUSKESMAS SUNGAI KUPANG,1,1,2184000,5603670,42,0,0,0
f193fff3-17e8-4a39-98a2-b4b720051875,Pemerintah Kab. Kotabaru,CPNS,UMUM,OPERATOR LAYANAN KESEHATAN,PEMERINTAH KABUPATEN KOTABARU | DINAS KESEHATAN | PUSKESMAS SERONGGA,1,1,2184000,5603670,37,0,0,0
2fa3e979-3d0b-43cc-a2f1-1b37611c2a8f,Pemerintah Kab. Kotabaru,CPNS,UMUM,POLISI PAMONG PRAJA PEMULA,PEMERINTAH KABUPATEN KOTABARU | SATUAN POLISI PAMONG PRAJA DAN PEMADAM KEBAKARAN,10,1,2184000,5603670,375,0,0,0
b404ee4e-612b-4cb6-93f6-94b5684cb6ce,Pemerintah Kab. Kotawaringin Barat,CPNS,UMUM,POLISI PAMONG PRAJA PEMULA,PEMERINTAH KABUPATEN KOTAWARINGIN BARAT | SATUAN POLISI PAMONG PRAJA | BIDANG KETERTIBAN UMUM DAN KETENTRAMAN MASYARAKAT,15,1,2100000,2300000,344,0,0,0
78afd8a7-6310-4497-9f29-599492f156ca,Pemerintah Kab. Kotawaringin Timur,CPNS,UMUM,PENGAMAT TERA PEMULA,"Pemerintah Kabupaten Kotawaringin Timur | DINAS KOPERASI USAHA KECIL DAN MENENGAH, PERINDUSTRIAN DAN PERDAGANGAN",1,0,2184000,2825290,174,0,0,0
9d2f8531-d011-4f14-8bd0-298fe0eabb8e,Pemerintah Kab. Kotawaringin Timur,CPNS,UMUM,POLISI PAMONG PRAJA PEMULA,Pemerintah Kabupaten Kotawaringin Timur | SATUAN POLISI PAMONG PRAJA,25,0,2184000,2825290,301,0,0,0
f16a941e-9588-4c24-bbe8-465d50ad4d5a,Pemerintah Kab. Kotawaringin Timur,CPNS,UMUM,PRANATA PENCARIAN DAN PERTOLONGAN PEMULA,Pemerintah Kabupaten Kotawaringin Timur | BADAN PENANGGULANGAN BENCANA DAERAH,4,0,2184000,2825290,228,0,0,0
213bbc2c-5a7d-4cbf-8fe4-c2b4cd9932b4,Pemerintah Kab. Kuantan Singingi,CPNS,UMUM,PEMADAM KEBAKARAN PEMULA,"PEMERINTAH KABUPATEN KUANTAN SINGINGI | SATUAN POLISI PAMONG PRAJA, PEMADAM KEBAKARAN DAN PENYELAMATAN | BIDANG PEMADAM KEBAKARAN DAN PENYELAMATAN | SEKSI PEMADAMAN DAN PENGENDALIAN",7,0,2500000,3500000,521,0,0,0
fb409f8c-a329-4468-8a12-2e36ba77c466,Pemerintah Kab. Kuantan Singingi,CPNS,UMUM,POLISI PAMONG PRAJA PEMULA,"PEMERINTAH KABUPATEN KUANTAN SINGINGI | SATUAN POLISI PAMONG PRAJA, PEMADAM KEBAKARAN DAN PENYELAMATAN | BIDANG PENEGAKAN PERDA | SEKSI PENEGAKAN",10,0,3203600,5261500,984,0,0,0
099c7548-ae8b-4c6a-a2d0-efa7801d2c98,Pemerintah Kab. Kutai Barat,CPNS,UMUM,OPERATOR LAYANAN KESEHATAN,PEMERINTAH KABUPATEN KUTAI BARAT | DINAS KESEHATAN | UPTD RUMAH SAKIT UMUM DAERAH KELAS D PRATAMA SENDAWAR | BIDANG PELAYANAN NON MEDIK | NON MEDIK LAINNYA,1,1,2000000,10000000,98,0,0,0
7bb1953b-41d1-4f49-b327-c9535c8f3831,Pemerintah Kab. Kutai Timur,CPNS,UMUM,POLISI PAMONG PRAJA PEMULA,PEMERINTAH KABUPATEN KUTAI TIMUR                                       | SATUAN POLISI PAMONG PRAJA | BIDANG KETERTIBAN UMUM DAN KETENTRAMAN MASYARAKAT,10,1,2184000,6687992,36,0,0,0
8cd7bcf0-9827-4dc3-82f4-13bf5cbcdcc9,Pemerintah Kab. Kutai Timur,CPNS,UMUM,POLISI PAMONG PRAJA PEMULA,PEMERINTAH KABUPATEN KUTAI TIMUR                                       | SATUAN POLISI PAMONG PRAJA | BIDANG PERLINDUNGAN MASYARAKAT DAN BINA APARATUR,10,1,2184000,6687992,57,0,0,0
9fb269a2-b9c1-4a3d-8865-fd050478882e,Pemerintah Kab. Kutai Timur,CPNS,UMUM,POLISI PAMONG PRAJA PEMULA,PEMERINTAH KABUPATEN KUTAI TIMUR                                       | SATUAN POLISI PAMONG PRAJA | BIDANG PENEGAKAN PERATURAN PERUNDANG - UNDANGAN,10,1,2184000,6687992,42,0,0,0
3a32b407-2490-41f2-9e7b-72df384e0002,Pemerintah Kab. Labuhanbatu Utara,CPNS,UMUM,PEMADAM KEBAKARAN PEMULA,PEMERINTAH KABUPATEN LABUHANBATU UTARA | DINAS PEMADAM KEBAKARAN DAN PENYELAMATAN | KELOMPOK JABATAN FUNGSIONAL,5,1,2184000,4189900,650,0,0,0
38bd14fd-284a-4902-870f-ebe977fda80d,Pemerintah Kab. Labuhanbatu Utara,CPNS,UMUM,PENATA LAKSANA JALAN DAN JEMBATAN PEMULA,PEMERINTAH KABUPATEN LABUHANBATU UTARA | DINAS PEKERJAAN UMUM DAN TATA RUANG | KELOMPOK JABATAN FUNGSIONAL,1,1,2184000,4189900,160,0,0,0
afe52b2e-7dfc-448a-a7ed-0cd45b65ca84,Pemerintah Kab. Labuhanbatu Utara,CPNS,UMUM,PENATA LAKSANA PENYEHATAN LINGKUNGAN PEMULA,PEMERINTAH KABUPATEN LABUHANBATU UTARA | DINAS LINGKUNGAN HIDUP | KELOMPOK JABATAN FUNGSIONAL,1,1,2184000,4189900,366,0,0,0
9bbef25d-3850-4714-a853-072629a6b597,Pemerintah Kab. Labuhanbatu Utara,CPNS,UMUM,PENATA LAKSANA SUMBER DAYA AIR PEMULA,PEMERINTAH KABUPATEN LABUHANBATU UTARA | DINAS PEKERJAAN UMUM DAN TATA RUANG | KELOMPOK JABATAN FUNGSIONAL,1,1,2184000,4189900,322,0,0,0
8175cad5-f961-48dd-84d8-ffa95dda37bf,Pemerintah Kab. Lahat,CPNS,UMUM,OPERATOR ALAT BERAT,PEMERINTAH KABUPATEN LAHAT | DINAS PEKERJAAN UMUM DAN PENATAAN RUANG | BIDANG BINA MARGA,2,1,2184400,2684400,72,0,0,0
886fe841-a67a-4516-bbc2-ad7688511a2a,Pemerintah Kab. Lahat,CPNS,UMUM,OPERATOR ALAT BERAT,PEMERINTAH KABUPATEN LAHAT | DINAS PEKERJAAN UMUM DAN PENATAAN RUANG,2,1,2184400,2684400,70,0,0,0
c45c263e-a05c-4688-b8ca-be86495c1838,Pemerintah Kab. Lahat,CPNS,UMUM,OPERATOR ALAT BERAT,PEMERINTAH KABUPATEN LAHAT | DINAS PEKERJAAN UMUM DAN PENATAAN RUANG | BIDANG PENATAAN RUANG,2,1,2184400,2684400,46,0,0,0
8a01849d91446dd80191447fa29602d6,Pemerintah Kab. Lahat,CPNS,PENYANDANG DISABILITAS,OPERATOR LAYANAN KESEHATAN,PEMERINTAH KABUPATEN LAHAT | DINAS KESEHATAN | BIDANG SUMBER DAYA KESEHATAN,4,1,2184400,2684400,34,0,0,0
47646e64-080f-458a-8656-cfa8fc6b658d,Pemerintah Kab. Lahat,CPNS,UMUM,OPERATOR LAYANAN KESEHATAN,PEMERINTAH KABUPATEN LAHAT | DINAS KESEHATAN | BIDANG KESEHATAN MASYARAKAT,8,1,2184400,2684400,1132,0,0,0
53a072a6-bea3-4615-a4af-08df32ed1872,Pemerintah Kab. Lahat,CPNS,UMUM,OPERATOR LAYANAN KESEHATAN,PEMERINTAH KABUPATEN LAHAT | DINAS KESEHATAN | BIDANG PELAYANAN KESEHATAN,7,1,2184400,2684400,532,0,0,0
813d9d6e-789b-4152-a16d-0d67cc0ff6c3,Pemerintah Kab. Lahat,CPNS,UMUM,OPERATOR LAYANAN KESEHATAN,PEMERINTAH KABUPATEN LAHAT | DINAS KESEHATAN | BIDANG SUMBER DAYA KESEHATAN,4,1,2184400,2684400,97,0,0,0
91eef357-d49f-4aa9-b295-107013d7b0f3,Pemerintah Kab. Lahat,CPNS,UMUM,OPERATOR LAYANAN KESEHATAN,"PEMERINTAH KABUPATEN LAHAT | DINAS KESEHATAN | SEKRETARIAT DINAS KESEHATAN | SUB BAGIAN HUKUM, KEPEGAWAIAN, UMUM DAN HUBUNGAN MASYARAKAT DINAS KESEHATAN",2,1,2184400,2684400,58,0,0,0
c70e4f1b-588e-48b4-a662-37cd1e7d8c4e,Pemerintah Kab. Lahat,CPNS,UMUM,OPERATOR LAYANAN KESEHATAN,PEMERINTAH KABUPATEN LAHAT | DINAS KESEHATAN | BIDANG PENCEGAHAN DAN PENGENDALIAN PENYAKIT,8,1,2184400,2684400,607,0,0,0
7a363c60-e3de-4eb0-b069-80d9afe797e4,Pemerintah Kab. Lahat,CPNS,UMUM,PEMADAM KEBAKARAN PEMULA,PEMERINTAH KABUPATEN LAHAT | SATUAN POLISI PAMONG PRAJA DAN PEMADAM KEBAKARAN | KELOMPOK JABATAN FUNGSIONAL SATUAN POLISI PAMONG PRAJA DAN PEMADAM KEBAKARAN,8,1,2184400,2684400,619,0,0,0
8a0186c9915938690191594ebb79148e,Pemerintah Kab. Lamongan,CPNS,PENYANDANG DISABILITAS,OPERATOR LAYANAN KESEHATAN,PEMERINTAH KABUPATEN LAMONGAN | RUMAH SAKIT UMUM DAERAH KARANGKEMBANG | SEKSI PELAYANAN PENUNJANG MEDIK DAN NON MEDIK,1,1,2000000,3500000,24,0,0,0
03af8cb4-839c-4d04-af64-6727c1eda2bb,Pemerintah Kab. Lamongan,CPNS,UMUM,OPERATOR LAYANAN KESEHATAN,PEMERINTAH KABUPATEN LAMONGAN | DINAS KESEHATAN | PUSKESMAS SAMBENG,1,1,2000000,3500000,52,0,0,0
04cfd7cf-cdb5-47aa-bba5-092b86a2de8e,Pemerintah Kab. Lamongan,CPNS,UMUM,OPERATOR LAYANAN KESEHATAN,PEMERINTAH KABUPATEN LAMONGAN | DINAS KESEHATAN | PUSKESMAS DEKET,1,1,2000000,3500000,77,0,0,0
05064206-a18a-471c-9c28-39a56de016ff,Pemerintah Kab. Lamongan,CPNS,UMUM,OPERATOR LAYANAN KESEHATAN,PEMERINTAH KABUPATEN LAMONGAN | DINAS KESEHATAN | PUSKESMAS SUGIO,1,1,2000000,3500000,42,0,0,0
058846df-3c5a-4f71-a4dd-4849201ad575,Pemerintah Kab. Lamongan,CPNS,UMUM,OPERATOR LAYANAN KESEHATAN,PEMERINTAH KABUPATEN LAMONGAN | DINAS KESEHATAN | PUSKESMAS MANTUP,1,1,2000000,3500000,100,0,0,0
0cfc86e7-acb8-48a9-a766-1d6a029b82a8,Pemerintah Kab. Lamongan,CPNS,UMUM,OPERATOR LAYANAN KESEHATAN,PEMERINTAH KABUPATEN LAMONGAN | DINAS KESEHATAN | PUSKESMAS SUMBERAJI,1,1,2000000,3500000,36,0,0,0
11e4c765-e35d-4965-8ba5-3779cd924f49,Pemerintah Kab. Lamongan,CPNS,UMUM,OPERATOR LAYANAN KESEHATAN,PEMERINTAH KABUPATEN LAMONGAN | DINAS KESEHATAN | PUSKESMAS BABAT,1,1,2000000,3500000,97,0,0,0
11f57eb7-6699-4f0f-b085-b2ede427937e,Pemerintah Kab. Lamongan,CPNS,UMUM,OPERATOR LAYANAN KESEHATAN,PEMERINTAH KABUPATEN LAMONGAN | DINAS KESEHATAN | PUSKESMAS LAMONGAN,1,1,2000000,3500000,125,0,0,0
1a49f0be-0584-45ce-9f24-28e0e3afd36b,Pemerintah Kab. Lamongan,CPNS,UMUM,OPERATOR LAYANAN KESEHATAN,PEMERINTAH KABUPATEN LAMONGAN | DINAS KESEHATAN | PUSKESMAS KEDUNGPRING,1,1,2000000,3500000,27,0,0,0
265b20df-1935-473c-bd74-41cf13c607d8,Pemerintah Kab. Lamongan,CPNS,UMUM,OPERATOR LAYANAN KESEHATAN,PEMERINTAH KABUPATEN LAMONGAN | DINAS KESEHATAN | PUSKESMAS MADURAN,1,1,2000000,3500000,29,0,0,0
2f163cf7-169b-49df-8622-c0fa32b4a11a,Pemerintah Kab. Lamongan,CPNS,UMUM,OPERATOR LAYANAN KESEHATAN,PEMERINTAH KABUPATEN LAMONGAN | DINAS KESEHATAN | PUSKESMAS SUKODADI,1,1,2000000,3500000,41,0,0,0
49d09cc5-97f9-4890-a980-44fa656aa16b,Pemerintah Kab. Lamongan,CPNS,UMUM,OPERATOR LAYANAN KESEHATAN,PEMERINTAH KABUPATEN LAMONGAN | DINAS KESEHATAN | PUSKESMAS SEKARAN,1,1,2000000,3500000,21,0,0,0
54d0013b-9e37-4c0d-b5c9-ca8e22a312ff,Pemerintah Kab. Lamongan,CPNS,UMUM,OPERATOR LAYANAN KESEHATAN,PEMERINTAH KABUPATEN LAMONGAN | DINAS KESEHATAN | PUSKESMAS BRONDONG,1,1,2000000,3500000,42,0,0,0
592fa941-bdd3-4cdd-9735-adc0ef207ddd,Pemerintah Kab. Lamongan,CPNS,UMUM,OPERATOR LAYANAN KESEHATAN,PEMERINTAH KABUPATEN LAMONGAN | RUMAH SAKIT UMUM DAERAH KARANGKEMBANG | SEKSI PELAYANAN PENUNJANG MEDIK DAN NON MEDIK,5,1,2000000,3500000,779,0,0,0
5fc06a1a-2c00-475f-88cc-12dd8ed735f1,Pemerintah Kab. Lamongan,CPNS,UMUM,OPERATOR LAYANAN KESEHATAN,PEMERINTAH KABUPATEN LAMONGAN | DINAS KESEHATAN | PUSKESMAS MODO,1,1,2000000,3500000,27,0,0,0
6258280f-e926-4b8e-a891-dc5f308cb506,Pemerintah Kab. Lamongan,CPNS,UMUM,OPERATOR LAYANAN KESEHATAN,PEMERINTAH KABUPATEN LAMONGAN | DINAS KESEHATAN | PUSKESMAS GLAGAH,1,1,2000000,3500000,41,0,0,0
6863b1fb-0bd6-42ef-971f-005981cc17df,Pemerintah Kab. Lamongan,CPNS,UMUM,OPERATOR LAYANAN KESEHATAN,PEMERINTAH KABUPATEN LAMONGAN | DINAS KESEHATAN | PUSKESMAS TIKUNG,1,1,2000000,3500000,69,0,0,0
6a274b6b-cbf8-4546-802f-5f230be3fd78,Pemerintah Kab. Lamongan,CPNS,UMUM,OPERATOR LAYANAN KESEHATAN,PEMERINTAH KABUPATEN LAMONGAN | DINAS KESEHATAN | PUSKESMAS TURI,1,1,2000000,3500000,52,0,0,0
760173f5-7c80-4111-a4de-8cfb04e290ae,Pemerintah Kab. Lamongan,CPNS,UMUM,OPERATOR LAYANAN KESEHATAN,PEMERINTAH KABUPATEN LAMONGAN | DINAS KESEHATAN | PUSKESMAS TLOGOSADANG,1,1,2000000,3500000,16,0,0,0
7d093710-1d7f-44a0-99b8-47e1cc97c550,Pemerintah Kab. Lamongan,CPNS,UMUM,OPERATOR LAYANAN KESEHATAN,PEMERINTAH KABUPATEN LAMONGAN | DINAS KESEHATAN | PUSKESMAS MOROPELANG,1,1,2000000,3500000,29,0,0,0
959c7611-08f5-4fc6-b170-a760e3d44ed6,Pemerintah Kab. Lamongan,CPNS,UMUM,OPERATOR LAYANAN KESEHATAN,PEMERINTAH KABUPATEN LAMONGAN | DINAS KESEHATAN | PUSKESMAS LAREN,1,1,2000000,3500000,19,0,0,0
98f8303a-591a-4444-915e-822e77605727,Pemerintah Kab. Lamongan,CPNS,UMUM,OPERATOR LAYANAN KESEHATAN,PEMERINTAH KABUPATEN LAMONGAN | DINAS KESEHATAN | PUSKESMAS NGIMBANG,1,1,2000000,3500000,63,0,0,0
9d0ff32c-52e3-4454-9017-be9e80d5fd3c,Pemerintah Kab. Lamongan,CPNS,UMUM,OPERATOR LAYANAN KESEHATAN,PEMERINTAH KABUPATEN LAMONGAN | DINAS KESEHATAN | PUSKESMAS KALITENGAH,1,1,2000000,3500000,27,0,0,0
a8c3914c-e42a-42cc-89dd-c27c27734709,Pemerintah Kab. Lamongan,CPNS,UMUM,OPERATOR LAYANAN KESEHATAN,PEMERINTAH KABUPATEN LAMONGAN | DINAS KESEHATAN | PUSKESMAS BLULUK,1,1,2000000,3500000,52,0,0,0
b192bccd-1d97-4a17-aee5-72b5aacb9ac8,Pemerintah Kab. Lamongan,CPNS,UMUM,OPERATOR LAYANAN KESEHATAN,PEMERINTAH KABUPATEN LAMONGAN | DINAS KESEHATAN | PUSKESMAS PAYAMAN,1,1,2000000,3500000,23,0,0,0
bc18ceb2-3e08-49d3-b684-a3133ce28076,Pemerintah Kab. Lamongan,CPNS,UMUM,OPERATOR LAYANAN KESEHATAN,PEMERINTAH KABUPATEN LAMONGAN | DINAS KESEHATAN | PUSKESMAS SUKORAME,1,1,2000000,3500000,62,0,0,0
c556e28c-7661-43df-aeee-1e81b9df7c3a,Pemerintah Kab. Lamongan,CPNS,UMUM,OPERATOR LAYANAN KESEHATAN,PEMERINTAH KABUPATEN LAMONGAN | DINAS KESEHATAN | PUSKESMAS KARANGBINANGUN,1,1,2000000,3500000,29,0,0,0
c72bef88-04ca-4a26-8b3b-9ccec5a3c7a1,Pemerintah Kab. Lamongan,CPNS,UMUM,OPERATOR LAYANAN KESEHATAN,PEMERINTAH KABUPATEN LAMONGAN | DINAS KESEHATAN | PUSKESMAS DRADAH,1,1,2000000,3500000,22,0,0,0
cfeefa94-7ece-48c5-a56a-1b083d18bb17,Pemerintah Kab. Lamongan,CPNS,UMUM,OPERATOR LAYANAN KESEHATAN,PEMERINTAH KABUPATEN LAMONGAN | DINAS KESEHATAN | PUSKESMAS PUCUK,1,1,2000000,3500000,30,0,0,0
e10b3cd9-e66f-4f72-9bfc-0b8b4a708f5d,Pemerintah Kab. Lamongan,CPNS,UMUM,OPERATOR LAYANAN KESEHATAN,PEMERINTAH KABUPATEN LAMONGAN | DINAS KESEHATAN | PUSKESMAS KARANGPILANG,1,1,2000000,3500000,18,0,0,0
e88ad485-40ad-424f-9fb5-4ebe46dbe685,Pemerintah Kab. Lamongan,CPNS,UMUM,OPERATOR LAYANAN KESEHATAN,PEMERINTAH KABUPATEN LAMONGAN | DINAS KESEHATAN | PUSKESMAS KEMBANGBAHU,1,1,2000000,3500000,59,0,0,0
e8ce3d58-9b8d-43bc-b812-0999ff93d30f,Pemerintah Kab. Lamongan,CPNS,UMUM,OPERATOR LAYANAN KESEHATAN,PEMERINTAH KABUPATEN LAMONGAN | DINAS KESEHATAN | PUSKESMAS PACIRAN,1,1,2000000,3500000,40,0,0,0
f2ee1850-40e3-422a-a3f5-59d6c1177033,Pemerintah Kab. Lamongan,CPNS,UMUM,OPERATOR LAYANAN KESEHATAN,PEMERINTAH KABUPATEN LAMONGAN | DINAS KESEHATAN | PUSKESMAS DERMOLEMAHBANG,1,1,2000000,3500000,36,0,0,0
fec27bca-eb67-408a-955d-8e9c5c1d954e,Pemerintah Kab. Lamongan,CPNS,UMUM,OPERATOR LAYANAN KESEHATAN,PEMERINTAH KABUPATEN LAMONGAN | DINAS KESEHATAN | PUSKESMAS KARANGGENENG,1,1,2000000,3500000,38,0,0,0
367aaa22-d9f3-45ab-ac78-50580d034b7a,Pemerintah Kab. Lamongan,CPNS,UMUM,PENGAMAT TERA PEMULA,PEMERINTAH KABUPATEN LAMONGAN | DINAS PERINDUSTRIAN DAN PERDAGANGAN | BIDANG PERDAGANGAN,1,0,2000000,3500000,161,0,0,0
02c31847-ab75-456b-baee-b86af712cf84,Pemerintah Kab. Lamongan,CPNS,UMUM,PETUGAS OPERASI DAN PEMELIHARAAN,PEMERINTAH KABUPATEN LAMONGAN | DINAS PEKERJAAN UMUM SUMBER DAYA AIR | UPT PENGELOLAAN SUMBER DAYA AIR DEKET,2,0,2000000,3500000,369,0,0,0
4bb43323-afda-4bbc-9ecb-6b77c67561ad,Pemerintah Kab. Lamongan,CPNS,UMUM,PETUGAS OPERASI DAN PEMELIHARAAN,PEMERINTAH KABUPATEN LAMONGAN | DINAS PEKERJAAN UMUM SUMBER DAYA AIR | UPT PENGELOLAAN SUMBER DAYA AIR BABAT,2,0,2000000,3500000,400,0,0,0
ebffc7ff-ef58-4a1c-8c00-cdfa6b0c5d3d,Pemerintah Kab. Lamongan,CPNS,UMUM,PETUGAS OPERASI DAN PEMELIHARAAN,PEMERINTAH KABUPATEN LAMONGAN | DINAS PEKERJAAN UMUM SUMBER DAYA AIR | UPT PENGELOLAAN SUMBER DAYA AIR KURO,2,0,2000000,3500000,87,0,0,0
ec265036-5128-492c-a6f3-6ce228dec91e,Pemerintah Kab. Lamongan,CPNS,UMUM,PETUGAS OPERASI DAN PEMELIHARAAN,PEMERINTAH KABUPATEN LAMONGAN | DINAS PEKERJAAN UMUM SUMBER DAYA AIR | UPT PENGELOLAAN SUMBER DAYA AIR KARANGGENENG,2,0,2000000,3500000,198,0,0,0
54dee4ac-777e-49e0-a6e2-96cc22e94a31,Pemerintah Kab. Lamongan,CPNS,UMUM,POLISI PAMONG PRAJA PEMULA,PEMERINTAH KABUPATEN LAMONGAN | SATUAN POLISI PAMONG PRAJA | BIDANG PERLINDUNGAN MASYARAKAT DAN SUMBER DAYA APARATUR,1,0,2000000,3500000,87,0,0,0
ec745d82-588b-4e3a-a968-b587896f18d8,Pemerintah Kab. Lamongan,CPNS,UMUM,POLISI PAMONG PRAJA PEMULA,PEMERINTAH KABUPATEN LAMONGAN | SATUAN POLISI PAMONG PRAJA | BIDANG TRANTIBUM,1,0,2000000,3500000,33,0,0,0
f7e442e0-0c07-41af-b943-e6f3ac4ed878,Pemerintah Kab. Lamongan,CPNS,UMUM,POLISI PAMONG PRAJA PEMULA,PEMERINTAH KABUPATEN LAMONGAN | SATUAN POLISI PAMONG PRAJA | BIDANG PENEGAKAN PERUNDANG-UNDANGAN DAERAH,1,0,2000000,3500000,21,0,0,0
4aebe499-4c67-4126-87f8-7bef8c162296,Pemerintah Kab. Lamongan,CPNS,UMUM,TEKNISI MESIN ALAT BERAT,PEMERINTAH KABUPATEN LAMONGAN | DINAS PEKERJAAN UMUM SUMBER DAYA AIR | BIDANG OPERASI DAN PEMELIHARAAN,2,0,2500000,4000000,93,0,0,0
73bf6407-4e36-4748-9ce1-a7afb99f9651,Pemerintah Kab. Landak,CPNS,UMUM,ASISTEN PELATIH OLAHRAGA PEMULA,"Pemerintah Kabupaten Landak | Dinas Pemuda, Olahraga dan Pariwisata Kabupaten Landak | Bidang Olahraga",1,1,3000000,5000000,247,0,0,0
9c8226eb-329b-49b8-9b34-9174861fa8af,Pemerintah Kab. Lebong,CPNS,UMUM,PEMADAM KEBAKARAN PEMULA,PEMERINTAH KABUPATEN LEBONG | SATUAN POLISI PAMONG PRAJA.,25,1,2184000,3643400,922,0,0,0
10ac7e21-6123-4dfe-9535-db24da6c9256,Pemerintah Kab. Lebong,CPNS,UMUM,PENATA LAKSANA BANGUNAN GEDUNG DAN KAWASAN PERMUKIMAN PEMULA,"PEMERINTAH KABUPATEN LEBONG | DINAS PEKERJAAN UMUM, PENATAAN RUANG DAN PERHUBUNGAN",2,1,2184000,3643400,164,0,0,0
d3d8bbf3-d3e7-45ff-b903-13c32932cc9c,Pemerintah Kab. Lebong,CPNS,UMUM,PENATA LAKSANA BANGUNAN GEDUNG DAN KAWASAN PERMUKIMAN PEMULA,PEMERINTAH KABUPATEN LEBONG | DINAS PERUMAHAN DAN KAWASAN PERMUKIMAN .,2,1,2184000,3643400,72,0,0,0
445e8794-f933-4d45-ba5e-61f3684c877f,Pemerintah Kab. Lebong,CPNS,UMUM,PENATA LAKSANA JALAN DAN JEMBATAN PEMULA,"PEMERINTAH KABUPATEN LEBONG | DINAS PEKERJAAN UMUM, PENATAAN RUANG DAN PERHUBUNGAN",3,1,2184000,3643400,297,0,0,0
11223df8-b5d4-4def-862d-d80e89cb62fb,Pemerintah Kab. Lebong,CPNS,UMUM,PENATA LAKSANA SUMBER DAYA AIR PEMULA,"PEMERINTAH KABUPATEN LEBONG | DINAS PEKERJAAN UMUM, PENATAAN RUANG DAN PERHUBUNGAN",4,1,2184000,3643400,735,0,0,0
8d745bd1-cb0b-43a3-9515-3974d5d0630e,Pemerintah Kab. Lebong,CPNS,UMUM,POLISI PAMONG PRAJA PEMULA,PEMERINTAH KABUPATEN LEBONG | SATUAN POLISI PAMONG PRAJA.,10,1,2184000,3643400,247,0,0,0
45bb8dbd-0f9c-4dc1-af78-b6a3255bfa04,Pemerintah Kab. Lebong,CPNS,UMUM,PRANATA PENCARIAN DAN PERTOLONGAN PEMULA,PEMERINTAH KABUPATEN LEBONG | SATUAN POLISI PAMONG PRAJA.,5,1,2184000,3643400,41,0,0,0
8693fe98-4c3e-43c8-a4ec-81e0801b8bdf,Pemerintah Kab. Lebong,CPNS,UMUM,PRANATA PENCARIAN DAN PERTOLONGAN PEMULA,PEMERINTAH KABUPATEN LEBONG | BADAN PENANGULANGAN BENCANA DAERAH .,22,1,2184000,3643400,1284,0,0,0
b01f7906-15fb-47e7-9c68-f3399d8aa7f4,Pemerintah Kab. Lembata,CPNS,UMUM,ASISTEN PELATIH OLAHRAGA PEMULA,"Pemerintah Daerah Kabupaten Lembata | Dinas Kepemudaan, Olahraga dan Kebudayaan | Bidang Peningkatan Prestasi Olahraga",2,0,2184000,3000000,23,0,0,0
8a0384ba915598f4019158b73be4103c,Pemerintah Kab. Lembata,CPNS,PENYANDANG DISABILITAS,OPERATOR LAYANAN KESEHATAN,Pemerintah Daerah Kabupaten Lembata | DINAS KESEHATAN KAB. LEMBATA | PUSKESMAS WAIPUKANG,1,1,1840800,2000000,4,0,0,0
8a0384ba915598f4019158b83bf0108b,Pemerintah Kab. Lembata,CPNS,PENYANDANG DISABILITAS,OPERATOR LAYANAN KESEHATAN,Pemerintah Daerah Kabupaten Lembata | DINAS KESEHATAN KAB. LEMBATA | PUSKESMAS LAMAAU,1,1,2000000,3000000,4,0,0,0
8a0384ba915598f4019158ba64d31139,Pemerintah Kab. Lembata,CPNS,PENYANDANG DISABILITAS,OPERATOR LAYANAN KESEHATAN,Pemerintah Daerah Kabupaten Lembata | DINAS KESEHATAN KAB. LEMBATA | UPTD Puskesmas Wairiang,1,1,2184000,2600000,7,0,0,0
18a215e2-a2f5-40c7-b65f-c7c53230984e,Pemerintah Kab. Lembata,CPNS,UMUM,OPERATOR LAYANAN KESEHATAN,Pemerintah Daerah Kabupaten Lembata | DINAS KESEHATAN KAB. LEMBATA | PUSKESMAS WULANDONI,6,1,2000000,3000000,185,0,0,0
202338fa-1210-433e-b6db-69fda29c2d0f,Pemerintah Kab. Lembata,CPNS,UMUM,OPERATOR LAYANAN KESEHATAN,Pemerintah Daerah Kabupaten Lembata | DINAS KESEHATAN KAB. LEMBATA | PUSKESMAS LEWOLEBA,2,1,2485900,3000000,28,0,0,0
220df613-4824-420a-9053-53b24de613b8,Pemerintah Kab. Lembata,CPNS,UMUM,OPERATOR LAYANAN KESEHATAN,Pemerintah Daerah Kabupaten Lembata | DINAS KESEHATAN KAB. LEMBATA | PUSKESMAS HADAKEWA,7,1,2000000,3000000,429,0,0,0
321228f8-e856-4c7a-9310-ae3f966c5e8d,Pemerintah Kab. Lembata,CPNS,UMUM,OPERATOR LAYANAN KESEHATAN,Pemerintah Daerah Kabupaten Lembata | DINAS KESEHATAN KAB. LEMBATA | PUSKESMAS AUTAQNAPOQ,4,1,2000000,3000000,58,0,0,0
3346bc62-d8dd-49b9-86d5-5838e2093a39,Pemerintah Kab. Lembata,CPNS,UMUM,OPERATOR LAYANAN KESEHATAN,Pemerintah Daerah Kabupaten Lembata | DINAS KESEHATAN KAB. LEMBATA | PUSKESMAS PADA,3,1,2000000,3000000,70,0,0,0
33fbbf6c-60e9-4888-9ba4-bbb76c34b1cf,Pemerintah Kab. Lembata,CPNS,UMUM,OPERATOR LAYANAN KESEHATAN,Pemerintah Daerah Kabupaten Lembata | DINAS KESEHATAN KAB. LEMBATA | PUSKESMAS LOANG,4,1,1840800,2000000,60,0,0,0
6e1a4953-d278-40c4-aa85-374bb1da8438,Pemerintah Kab. Lembata,CPNS,UMUM,OPERATOR LAYANAN KESEHATAN,Pemerintah Daerah Kabupaten Lembata | RSUD Lewoleba | BIDANG PENUNJANG | Seksi Penunjang Non Medik,3,1,2184000,2500000,38,0,0,0
7ca36667-1637-41c3-98ce-8595636a9f93,Pemerintah Kab. Lembata,CPNS,UMUM,OPERATOR LAYANAN KESEHATAN,Pemerintah Daerah Kabupaten Lembata | DINAS KESEHATAN KAB. LEMBATA | PUSKESMAS WAIKNUIT,3,1,2000000,2700000,27,0,0,0
aebc17ce-ab62-4508-9f7f-0427923cdc9e,Pemerintah Kab. Lembata,CPNS,UMUM,OPERATOR LAYANAN KESEHATAN,Pemerintah Daerah Kabupaten Lembata | RSUD Lewoleba | BIDANG PENUNJANG | Seksi Penunjang Medik,1,1,2184000,2500000,9,0,0,0
b6d3ccd6-7dfb-4466-b091-f41c7b4aef23,Pemerintah Kab. Lembata,CPNS,UMUM,OPERATOR LAYANAN KESEHATAN,Pemerintah Daerah Kabupaten Lembata | DINAS KESEHATAN KAB. LEMBATA | PUSKESMAS WAIPUKANG,4,1,1840800,2000000,58,0,0,0
ba5fcaec-e1b1-467d-8c26-6bcf1b340a46,Pemerintah Kab. Lembata,CPNS,UMUM,OPERATOR LAYANAN KESEHATAN,Pemerintah Daerah Kabupaten Lembata | DINAS KESEHATAN KAB. LEMBATA | PUSKESMAS LAMAAU,3,1,2000000,3000000,23,0,0,0
c1a1eb1f-efa9-43cb-9ae1-d9a71aae1483,Pemerintah Kab. Lembata,CPNS,UMUM,OPERATOR LAYANAN KESEHATAN,Pemerintah Daerah Kabupaten Lembata | DINAS KESEHATAN KAB. LEMBATA | PUSKESMAS BEAN,5,1,1840800,2000000,107,0,0,0
db203332-1cd3-407b-a6eb-12922218aa98,Pemerintah Kab. Lembata,CPNS,UMUM,OPERATOR LAYANAN KESEHATAN,Pemerintah Daerah Kabupaten Lembata | DINAS KESEHATAN KAB. LEMBATA | UPTD Puskesmas Wairiang,5,1,2184000,2600000,62,0,0,0
e7d62e61-4823-47af-9edc-60a784a058bc,Pemerintah Kab. Lembata,CPNS,UMUM,OPERATOR LAYANAN KESEHATAN,Pemerintah Daerah Kabupaten Lembata | DINAS KESEHATAN KAB. LEMBATA | PUSKESMAS BALAURING,1,1,1840800,2000000,7,0,0,0
8a0384ba915598f4019158badb601158,Pemerintah Kab. Lembata,CPNS,PUTRA/PUTRI DAERAH TERTINGGAL,PEMADAM KEBAKARAN PEMULA,Pemerintah Daerah Kabupaten Lembata | Satuan Polisi Pamong Praja | Bidang Penanggulangan Kebakaran | Seksi Pencegahan dan Pengendalian Kebakaran,5,0,2184000,2500000,52,0,0,0
5f54cb02-5661-46d4-85b2-d99f315209b4,Pemerintah Kab. Lembata,CPNS,UMUM,PEMADAM KEBAKARAN PEMULA,Pemerintah Daerah Kabupaten Lembata | Satuan Polisi Pamong Praja | Bidang Penanggulangan Kebakaran | Seksi Pencegahan dan Pengendalian Kebakaran,15,0,2184000,2500000,403,0,0,0
8a0384ba915598f4019158cca7881d25,Pemerintah Kab. Lembata,CPNS,PUTRA/PUTRI DAERAH TERTINGGAL,POLISI PAMONG PRAJA PEMULA,Pemerintah Daerah Kabupaten Lembata | Satuan Polisi Pamong Praja,25,0,2184000,2500000,206,0,0,0
81150752-e160-4423-b528-f5c0203410b2,Pemerintah Kab. Lembata,CPNS,UMUM,POLISI PAMONG PRAJA PEMULA,Pemerintah Daerah Kabupaten Lembata | Satuan Polisi Pamong Praja | Bidang Penegakan Perundang-Undangan Daerah,7,0,17000000,25000000,53,0,0,0
84544217-ff45-4bca-8c8f-95d3d04fdacd,Pemerintah Kab. Lembata,CPNS,UMUM,POLISI PAMONG PRAJA PEMULA,Pemerintah Daerah Kabupaten Lembata | Satuan Polisi Pamong Praja,101,0,2184000,2500000,2850,0,0,0
e0d76e02-4529-464b-ba74-8e6f2a983787,Pemerintah Kab. Lembata,CPNS,UMUM,PRANATA PENCARIAN DAN PERTOLONGAN PEMULA,Pemerintah Daerah Kabupaten Lembata | Badan Penanggulangan Bencana Daerah | Bidang Kedaruratan dan Logistik,1,0,2184000,2600000,34,0,0,0
606cfda7-c39f-44c0-8172-ef5bc6f4b0c9,Pemerintah Kab. Limapuluh Kota,CPNS,UMUM,PEMADAM KEBAKARAN PEMULA,PEMERINTAH KABUPATEN LIMA PULUH KOTA | DINAS PEMADAM KEBAKARAN,9,0,2184000,3000000,902,0,0,0
a284857d-09d4-4ce9-bd1f-3a5053f118c2,Pemerintah Kab. Lingga,CPNS,UMUM,OPERATOR LAYANAN KESEHATAN,"PEMERINTAH KABUPATEN LINGGA | DINAS KESEHATAN, PENGENDALIAN PENDUDUK DAN KELUARGA BERENCANA | BIDANG PENCEGAHAN DAN PENGENDALIAN PENYAKIT",2,1,2511500,3511500,58,0,0,0
a7223555-41d5-4c35-bfd8-bb347611c2c0,Pemerintah Kab. Lingga,CPNS,UMUM,OPERATOR LAYANAN KESEHATAN,"PEMERINTAH KABUPATEN LINGGA | DINAS KESEHATAN, PENGENDALIAN PENDUDUK DAN KELUARGA BERENCANA | RUMAH SAKIT UMUM DAERAH ENCIK MARIYAM | SEKSI PELAYANAN MEDIK",4,1,2579400,4079400,459,0,0,0
ac6c1edf-6976-4cc9-a69a-5137bdc09a41,Pemerintah Kab. Lingga,CPNS,UMUM,OPERATOR LAYANAN KESEHATAN,"PEMERINTAH KABUPATEN LINGGA | DINAS KESEHATAN, PENGENDALIAN PENDUDUK DAN KELUARGA BERENCANA | RUMAH SAKIT UMUM DAERAH DABO | SEKSI PELAYANAN MEDIK",1,1,2511500,3511500,28,0,0,0
bb5affe3-8d6d-45d7-961b-14fa79033880,Pemerintah Kab. Lingga,CPNS,UMUM,OPERATOR LAYANAN KESEHATAN,"PEMERINTAH KABUPATEN LINGGA | DINAS KESEHATAN, PENGENDALIAN PENDUDUK DAN KELUARGA BERENCANA | BIDANG PELAYANAN DAN SUMBER DAYA KESEHATAN",2,1,2184000,3184000,110,0,0,0
35ed9d30-c328-4a16-ab2b-0b098eb26469,Pemerintah Kab. Lingga,CPNS,UMUM,PEMADAM KEBAKARAN PEMULA,PEMERINTAH KABUPATEN LINGGA | SATUAN POLISI PAMONG PRAJA DAN PEMADAM KEBAKARAN,10,0,2184000,3184000,81,0,0,0
f916d46a-32fb-4114-9887-a54c641af12d,Pemerintah Kab. Lingga,CPNS,UMUM,PETUGAS OPERASI DAN PEMELIHARAAN,PEMERINTAH KABUPATEN LINGGA | DINAS PEKERJAAN UMUM DAN TATA RUANG | BIDANG SUMBER DAYA AIR,1,1,2184000,3184000,86,0,0,0
409f34cd-c704-4e62-91b3-83c2c7a437c2,Pemerintah Kab. Lingga,CPNS,UMUM,POLISI PAMONG PRAJA PEMULA,PEMERINTAH KABUPATEN LINGGA | SATUAN POLISI PAMONG PRAJA DAN PEMADAM KEBAKARAN,62,0,2184000,3184000,709,0,0,0
1fa613b9-7c2c-4e2b-9709-584985d35d9d,Pemerintah Kab. Lumajang,CPNS,UMUM,PEMADAM KEBAKARAN PEMULA,PEMERINTAH KABUPATEN LUMAJANG | SEKRETARIAT DAERAH | SATUAN POLISI PAMONG PRAJA,1,0,2500000,4000000,61,0,0,0
371d8d54-c06b-4ea7-b21a-aa0c7026ae52,Pemerintah Kab. Lumajang,CPNS,UMUM,POLISI PAMONG PRAJA PEMULA,PEMERINTAH KABUPATEN LUMAJANG | SEKRETARIAT DAERAH | SATUAN POLISI PAMONG PRAJA,7,0,2500000,4000000,399,0,0,0
64624395-3b5d-4a67-9a3b-38e79fcb7469,Pemerintah Kab. Luwu Timur,CPNS,UMUM,OPERATOR ALAT BERAT,PEMERINTAH KABUPATEN LUWU TIMUR | DINAS LINGKUNGAN HIDUP | UPTD PENGELOLAAN KEBERSIHAN DAN SAMPAH,2,1,2500000,3000000,42,0,0,0
0ea47e33-1ddf-4a16-922e-1f072666086b,Pemerintah Kab. Luwu Timur,CPNS,UMUM,OPERATOR LAYANAN KESEHATAN,PEMERINTAH KABUPATEN LUWU TIMUR | DINAS KESEHATAN | PUSKESMAS | UPTD PUSKESMAS BONEPUTE,1,1,2500000,3000000,171,0,0,0
69221ff5-1c4b-4ce1-a4ac-e198c8d4d8a1,Pemerintah Kab. Luwu Timur,CPNS,UMUM,OPERATOR LAYANAN KESEHATAN,PEMERINTAH KABUPATEN LUWU TIMUR | DINAS KESEHATAN | PUSKESMAS | UPTD PUSKESMAS PARUMPANAI,1,1,2500000,3000000,66,0,0,0
baa80405-6675-440c-9253-a5d2bc484c80,Pemerintah Kab. Luwu Timur,CPNS,UMUM,PEMELIHARA TUMBUHAN,"PEMERINTAH KABUPATEN LUWU TIMUR | DINAS LINGKUNGAN HIDUP | BIDANG PENGELOLAAN SAMPAH, LIMBAH BAHAN BERACUN DAN BERBBAHAYA DAN PERTAMANAN",10,1,2500000,3000000,1119,0,0,0
38c7cb15-4f30-4295-b358-4c8cbacb74a2,Pemerintah Kab. Luwu Timur,CPNS,UMUM,PETUGAS OPERASI DAN PEMELIHARAAN,PEMERINTAH KABUPATEN LUWU TIMUR | DINAS PEKERJAAN UMUM DAN PENATAAN RUANG | UPTD PENGAIRAN KALAENA,1,1,2500000,3000000,109,0,0,0
75121404-1bf7-488a-a76b-4bdc102c98f4,Pemerintah Kab. Luwu Timur,CPNS,UMUM,PETUGAS OPERASI DAN PEMELIHARAAN,PEMERINTAH KABUPATEN LUWU TIMUR | DINAS PEKERJAAN UMUM DAN PENATAAN RUANG | UPTD PENGAIRAN LARONA | SUB BAGIAN TATA USAHA,1,1,2500000,3000000,122,0,0,0
906f12bd-df76-4454-b8c4-7e4a27c2e1ee,Pemerintah Kab. Luwu Timur,CPNS,UMUM,PETUGAS OPERASI DAN PEMELIHARAAN,PEMERINTAH KABUPATEN LUWU TIMUR | DINAS PEKERJAAN UMUM DAN PENATAAN RUANG | UPTD PENGARIAN KALAENA KIRI | TATA USAHA PENGAIRAN KALAENA KIRI,1,1,2500000,3000000,151,0,0,0
a2c6ee85-ab0e-49ab-83d8-8130ac93ae91,Pemerintah Kab. Luwu Timur,CPNS,UMUM,PETUGAS OPERASI DAN PEMELIHARAAN,PEMERINTAH KABUPATEN LUWU TIMUR | DINAS PEKERJAAN UMUM DAN PENATAAN RUANG | UPTD PENGAIRAN KALAENA KANAN,1,1,2500000,3000000,62,0,0,0
ca59c84d-bf27-4cb7-b1d6-83ab2d2cb675,Pemerintah Kab. Luwu Timur,CPNS,UMUM,POLISI PAMONG PRAJA PEMULA,PEMERINTAH KABUPATEN LUWU TIMUR | SATUAN POLISI PAMONG PRAJA,50,0,2500000,3000000,1124,0,0,0
e68b0404-326f-4f9c-8981-1592b051cc5f,Pemerintah Kab. Luwu Timur,CPNS,UMUM,TEKNISI MESIN ALAT BERAT,PEMERINTAH KABUPATEN LUWU TIMUR | DINAS LINGKUNGAN HIDUP | UPTD PENGELOLAAN KEBERSIHAN DAN SAMPAH,1,1,2500000,3000000,2,0,0,0
6ec8a1dc-58a7-45e8-9605-e743d0ab53b8,Pemerintah Kab. Mahakam Ulu,CPNS,UMUM,ASISTEN PELATIH OLAHRAGA PEMULA,"PEMERINTAH KABUPATEN MAHAKAM ULU | SEKRETARIAT DAERAH | DINAS PARIWISATA, PEMUDA DAN OLAH RAGA | BIDANG PEMUDA DAN OLAH RAGA",3,1,3400000,7000000,63,0,0,0
cece36d7-0567-4845-a04f-fb3ac2335bb8,Pemerintah Kab. Mahakam Ulu,CPNS,UMUM,OPERATOR LAYANAN KESEHATAN,"PEMERINTAH KABUPATEN MAHAKAM ULU | SEKRETARIAT DAERAH | DINAS KESEHATAN PENGENDALIAN PENDUDUK DAN KELUARGA BERENCANA | BIDANG PELAYANAN, PROMOSI DAN SUMBER DAYA KESEHATAN",2,1,3400000,7000000,61,0,0,0
e22d4d64-f217-430f-9088-e3bfe8546273,Pemerintah Kab. Mahakam Ulu,CPNS,UMUM,PEMADAM KEBAKARAN PEMULA,PEMERINTAH KABUPATEN MAHAKAM ULU | SEKRETARIAT DAERAH | SATUAN POLISI PAMONG PRAJA | BIDANG PEMADAM KEBAKARAN | SEKSI PENANGGULANGAN DAN PENYELAMATAN KEBAKARAN,3,1,3400000,7000000,38,0,0,0
94b27a49-c033-4dc0-846e-01d62776ee86,Pemerintah Kab. Mahakam Ulu,CPNS,UMUM,PETUGAS OPERASI DAN PEMELIHARAAN,PEMERINTAH KABUPATEN MAHAKAM ULU | SEKRETARIAT DAERAH | DINAS PEKERJAAN UMUM DAN PENATAAN RUANG PERUMAHAN DAN KAWASAN PEMUKIMAN | UPTD AIR MINUM | SUB BAGIAN TATA USAHA,2,1,3400000,7000000,50,0,0,0
b228ea99-ed77-420a-ac2b-a917ce46ed0b,Pemerintah Kab. Mahakam Ulu,CPNS,UMUM,PETUGAS OPERASI DAN PEMELIHARAAN,PEMERINTAH KABUPATEN MAHAKAM ULU | SEKRETARIAT DAERAH | DINAS PEKERJAAN UMUM DAN PENATAAN RUANG PERUMAHAN DAN KAWASAN PEMUKIMAN | BIDANG BINA MARGA DAN SUMBER DAYA AIR,1,1,3400000,7000000,59,0,0,0
0d80b51e-3a00-4af2-a35a-40f312c629e8,Pemerintah Kab. Majalengka,CPNS,UMUM,OPERATOR LAYANAN KESEHATAN,PEMERINTAH KABUPATEN MAJALENGKA | RUMAH SAKIT UMUM DAERAH CIDERES | PELAYANAN DAN PENUNJANG PELAYANAN | BIDANG PELAYANAN KEFARMASIAN DAN PENUNJANG NON MEDIK,12,0,2184000,2489760,1073,0,0,0
1fdf35ae-b88c-429a-8e6c-343da40e017a,Pemerintah Kab. Majalengka,CPNS,UMUM,OPERATOR LAYANAN KESEHATAN,PEMERINTAH KABUPATEN MAJALENGKA | DINAS KESEHATAN | RUMAH SAKIT UMUM DAERAH TALAGA | SEKSI PENUNJANG,3,0,2184000,2489760,235,0,0,0
80ad6fc5-a965-485d-9d15-9f06d2e90bb4,Pemerintah Kab. Majalengka,CPNS,UMUM,OPERATOR LAYANAN KESEHATAN,PEMERINTAH KABUPATEN MAJALENGKA | RUMAH SAKIT UMUM DAERAH CIDERES | PELAYANAN DAN PENUNJANG PELAYANAN | BIDANG PELAYANAN MEDIK DAN PENUNJANG MEDIK,12,0,2184000,2489760,832,0,0,0
0e6b3fe6-b76d-4c06-bcc7-47bc0d641cdb,Pemerintah Kab. Majalengka,CPNS,UMUM,PETUGAS OPERASI DAN PEMELIHARAAN,PEMERINTAH KABUPATEN MAJALENGKA | DINAS PEKERJAAN UMUM DAN TATA RUANG | UPTD SUMBER DAYA AIR MAJALENGKA | SUB BAGIAN TATA USAHA UPTD SUMBER DAYA AIR MAJALENGKA,1,0,2184000,2489760,77,0,0,0
1afb871a-c0c1-450c-9838-d9010338b32c,Pemerintah Kab. Majalengka,CPNS,UMUM,PETUGAS OPERASI DAN PEMELIHARAAN,PEMERINTAH KABUPATEN MAJALENGKA | DINAS PEKERJAAN UMUM DAN TATA RUANG | UPTD SUMBER DAYA AIR JATIWANGI | SUB BAGIAN TATA USAHA UPTD SUMBER DAYA AIR JATIWANGI,1,0,2184000,2489760,62,0,0,0
2cdebdd9-2a82-4492-80a2-e7a1ac9793da,Pemerintah Kab. Majalengka,CPNS,UMUM,PETUGAS OPERASI DAN PEMELIHARAAN,PEMERINTAH KABUPATEN MAJALENGKA | DINAS PEKERJAAN UMUM DAN TATA RUANG | UPTD SUMBER DAYA AIR SUKAHAJI | SUB BAGIAN TATA USAHA UPTD SUMBER DAYA AIR SUKAHAJI,4,0,2184000,2489760,440,0,0,0
57095890-890e-4d20-90e8-28daf5886b42,Pemerintah Kab. Majalengka,CPNS,UMUM,PETUGAS OPERASI DAN PEMELIHARAAN,PEMERINTAH KABUPATEN MAJALENGKA | DINAS PEKERJAAN UMUM DAN TATA RUANG | UPTD SUMBER DAYA AIR RAJAGALUH | SUB BAGIAN TATA USAHA UPTD SUMBER DAYA AIR RAJAGALUH,2,0,2184000,2489760,50,0,0,0
917a82a5-87bc-4c8b-a87f-758e4dc016f4,Pemerintah Kab. Majalengka,CPNS,UMUM,PETUGAS OPERASI DAN PEMELIHARAAN,PEMERINTAH KABUPATEN MAJALENGKA | DINAS PEKERJAAN UMUM DAN TATA RUANG | UPTD SUMBER DAYA AIR TALAGA | SUB BAGIAN TATA USAHA UPTD SUMBER DAYA AIR TALAGA,1,0,2184000,2489760,56,0,0,0
d33f8a00-886e-4b08-b152-2fcea9d37cdb,Pemerintah Kab. Majalengka,CPNS,UMUM,PETUGAS OPERASI DAN PEMELIHARAAN,PEMERINTAH KABUPATEN MAJALENGKA | DINAS PEKERJAAN UMUM DAN TATA RUANG | UPTD SUMBER DAYA AIR SUMBERJAYA | SUB BAGIAN TATA USAHA UPTD SUMBER DAYA AIR SUMBERJAYA,3,0,2184000,2489760,112,0,0,0
6776ad85-204e-4ce2-a5f6-0d962319317b,Pemerintah Kab. Majalengka,CPNS,UMUM,POLISI PAMONG PRAJA PEMULA,PEMERINTAH KABUPATEN MAJALENGKA | SATUAN POLISI PAMONG PRAJA DAN PEMADAM KEBAKARAN | BIDANG KETERTIBAN UMUM DAN KETENTERAMAN MASYARAKAT,19,0,2184000,2489760,418,0,0,0
dcd3f6cc-859c-45e9-ace6-bf9ef0dbf7ff,Pemerintah Kab. Majalengka,CPNS,UMUM,POLISI PAMONG PRAJA PEMULA,PEMERINTAH KABUPATEN MAJALENGKA | SATUAN POLISI PAMONG PRAJA DAN PEMADAM KEBAKARAN | BIDANG PENEGAKAN PERUNDANG-UNDANGAN DAERAH,19,0,2184000,2489760,199,0,0,0
f098b429-9737-4c24-a4bb-7d2a762e26ff,Pemerintah Kab. Majalengka,CPNS,UMUM,POLISI PAMONG PRAJA PEMULA,PEMERINTAH KABUPATEN MAJALENGKA | SATUAN POLISI PAMONG PRAJA DAN PEMADAM KEBAKARAN | BIDANG PERLINDUNGAN MASYARAKAT DAN SUMBER DAYA APARATUR,19,0,2184000,2489760,400,0,0,0
8a03849e914e425501914e6ca61d04c9,Pemerintah Kab. Malaka,CPNS,PENYANDANG DISABILITAS,OPERATOR LAYANAN KESEHATAN,PEMERINTAH KABUPATEN MALAKA | RUMAH SAKIT UMUM  PENYANGGA PERBATASAN BETUN | BIDANG PELAYANAN,1,1,2000000,3000000,4,0,0,0
a0958f32-811a-4599-a63e-86f9b9f0ec8a,Pemerintah Kab. Malaka,CPNS,UMUM,OPERATOR LAYANAN KESEHATAN,PEMERINTAH KABUPATEN MALAKA | RUMAH SAKIT UMUM  PENYANGGA PERBATASAN BETUN | BIDANG PELAYANAN,3,1,2000000,3000000,274,0,0,0
9d097bf8-c03d-423a-9fa7-31c83a943bac,Pemerintah Kab. Malaka,CPNS,UMUM,PEMADAM KEBAKARAN PEMULA,PEMERINTAH KABUPATEN MALAKA | SATUAN POLISI PAMONG PRAJA,4,0,2000000,3000000,219,0,0,0
d9efe76f-2e26-4050-abd9-68a77140aa91,Pemerintah Kab. Malaka,CPNS,UMUM,POLISI PAMONG PRAJA PEMULA,PEMERINTAH KABUPATEN MALAKA | SATUAN POLISI PAMONG PRAJA,36,0,2000000,2500000,2848,0,0,0
086e580b-923e-4938-819d-17c9bb543af8,Pemerintah Kab. Maluku Barat Daya,CPNS,UMUM,OPERATOR LAYANAN KESEHATAN,PEMERINTAH KABUPATEN MALUKU BARAT DAYA | DINAS KESEHATAN | PUSKESMAS WEET,1,1,2511500,3031200,20,0,0,0
39d6dc1d-1206-49e0-b0c7-07abb05a87be,Pemerintah Kab. Maluku Barat Daya,CPNS,UMUM,OPERATOR LAYANAN KESEHATAN,PEMERINTAH KABUPATEN MALUKU BARAT DAYA | DINAS KESEHATAN | PUSKESMAS WERWARU,1,1,2511500,3031200,25,0,0,0
3dabed03-861e-439e-b477-ccce76659446,Pemerintah Kab. Maluku Barat Daya,CPNS,UMUM,OPERATOR LAYANAN KESEHATAN,PEMERINTAH KABUPATEN MALUKU BARAT DAYA | DINAS KESEHATAN | PUSKESMAS LETODA,1,1,2511500,3031200,17,0,0,0
5baadd9b-3d1d-4d1c-b520-dae9ab2295c4,Pemerintah Kab. Maluku Barat Daya,CPNS,UMUM,OPERATOR LAYANAN KESEHATAN,PEMERINTAH KABUPATEN MALUKU BARAT DAYA | DINAS KESEHATAN | RSUD Tiakur | INSTALASI REKAM MEDIS,1,1,2511500,3031200,19,0,0,0
6518e6a3-fd29-4dc2-9c13-63b497de0bd3,Pemerintah Kab. Maluku Barat Daya,CPNS,UMUM,OPERATOR LAYANAN KESEHATAN,PEMERINTAH KABUPATEN MALUKU BARAT DAYA | DINAS KESEHATAN | PUSKESMAS WATUWEI,1,1,2511500,3031200,16,0,0,0
6c3bb3b5-bd82-48ed-ba93-f48b2a8919be,Pemerintah Kab. Maluku Barat Daya,CPNS,UMUM,OPERATOR LAYANAN KESEHATAN,PEMERINTAH KABUPATEN MALUKU BARAT DAYA | DINAS KESEHATAN | PUSKESMAS ERAY,1,1,2511500,3031200,34,0,0,0
b4c2b507-143a-48e5-bda2-8762e7c22322,Pemerintah Kab. Maluku Barat Daya,CPNS,UMUM,OPERATOR LAYANAN KESEHATAN,PEMERINTAH KABUPATEN MALUKU BARAT DAYA | DINAS KESEHATAN | PUSKESMAS RUMAHLEWANG BESAR,1,1,2511500,3031200,12,0,0,0
b8c363fd-a100-47dc-998e-d11d51002927,Pemerintah Kab. Maluku Barat Daya,CPNS,UMUM,OPERATOR LAYANAN KESEHATAN,PEMERINTAH KABUPATEN MALUKU BARAT DAYA | DINAS KESEHATAN | RSUD Tiakur | INSTALASI CENTRAL STERILE SUPLLY DEPARTMEN CSSD,4,1,2511500,3031200,114,0,0,0
c6af0e18-cb59-4ada-9605-f670f291ab36,Pemerintah Kab. Maluku Barat Daya,CPNS,UMUM,OPERATOR LAYANAN KESEHATAN,PEMERINTAH KABUPATEN MALUKU BARAT DAYA | DINAS KESEHATAN | PUSKESMAS BEBAR KUMUR,1,1,2511500,3031200,12,0,0,0
de152059-d74f-4671-a7c9-c91fb39d0da4,Pemerintah Kab. Maluku Barat Daya,CPNS,UMUM,OPERATOR LAYANAN KESEHATAN,PEMERINTAH KABUPATEN MALUKU BARAT DAYA | DINAS KESEHATAN | PUSKESMAS TIAKUR,1,1,2511500,3031200,21,0,0,0
de7ab501-7fdf-4e5b-85fb-a9d982185723,Pemerintah Kab. Maluku Barat Daya,CPNS,UMUM,OPERATOR LAYANAN KESEHATAN,PEMERINTAH KABUPATEN MALUKU BARAT DAYA | DINAS KESEHATAN | RSUD Tiakur | INSTALASI PEMELIHARAAN SARAN DAN PRASARANA,1,1,2511500,3031200,12,0,0,0
e6a80f37-c9da-441f-8a92-12c9c2cd7b40,Pemerintah Kab. Maluku Barat Daya,CPNS,UMUM,OPERATOR LAYANAN KESEHATAN,PEMERINTAH KABUPATEN MALUKU BARAT DAYA | DINAS KESEHATAN | PUSKESMAS JERUSU,1,1,2511500,3031200,17,0,0,0
f4a62f64-573a-4258-b19f-20b8734f2674,Pemerintah Kab. Maluku Barat Daya,CPNS,UMUM,OPERATOR LAYANAN KESEHATAN,PEMERINTAH KABUPATEN MALUKU BARAT DAYA | DINAS KESEHATAN | PUSKESMAS ARWALA,1,1,2511500,3031200,22,0,0,0
f89af48d-02fa-4b47-9540-4b8dde6a15a6,Pemerintah Kab. Maluku Barat Daya,CPNS,UMUM,OPERATOR LAYANAN KESEHATAN,PEMERINTAH KABUPATEN MALUKU BARAT DAYA | DINAS KESEHATAN | PUSKESMAS TELA,1,1,2511500,3031200,19,0,0,0
516d8400-3c07-4a5e-bb5c-112f19c67c9f,Pemerintah Kab. Maluku Barat Daya,CPNS,UMUM,PENATA LAKSANA JALAN DAN JEMBATAN PEMULA,"PEMERINTAH KABUPATEN MALUKU BARAT DAYA | DINAS PEKERJAAN UMUM, TATA RUANG DAN KAWASAN PERMUKIMAN | BIDANG BINA MARGA",3,1,2511500,3031200,143,0,0,0
4fe0ce5a-b85c-4802-84f4-29f1b9d3777b,Pemerintah Kab. Maluku Barat Daya,CPNS,UMUM,PENGAMAT TERA PEMULA,"PEMERINTAH KABUPATEN MALUKU BARAT DAYA | DINAS PERINDUSTRIAN, PERDAGANGAN, KOPERASI DAN UMKM | BIDANG PERDAGANGAN",1,1,2511500,3031200,32,0,0,0
e0306632-7fdc-4036-b2ba-9921ef39b8cb,Pemerintah Kab. Maluku Barat Daya,CPNS,UMUM,POLISI PAMONG PRAJA PEMULA,PEMERINTAH KABUPATEN MALUKU BARAT DAYA | SATUAN POLISI PAMONG PRAJA DAN PEMADAM KEBAKARAN | SEKRETARIAT SATUAN POLISI PAMONG PRAJA DAN PEMADAM KEBAKARAN,110,1,2511500,3031200,790,0,0,0
d103f29d-1491-4953-9fd2-e34805ab5cbe,Pemerintah Kab. Maluku Barat Daya,CPNS,UMUM,PRANATA PENCARIAN DAN PERTOLONGAN PEMULA,PEMERINTAH KABUPATEN MALUKU BARAT DAYA | BADAN PENANGGULANGAN BENCANA DAERAH | BIDANG KEDARURATAN DAN LOGISTIK,7,1,2511500,2708510,53,0,0,0
eb82c628-402d-44cb-a332-cf8e91cbbcb4,Pemerintah Kab. Maluku Tengah,CPNS,UMUM,POLISI PAMONG PRAJA PEMULA,Pemerintah Kabupaten Maluku Tengah | Sekretariat Daerah | Satuan Polisi Pamong Praja | Bidang Ketertiban Umum Dan Ketenteraman,5,0,2511500,4189900,117,0,0,0
989050f6-116b-4f54-8632-5c6fa30a3658,Pemerintah Kab. Maluku Tenggara,CPNS,UMUM,PEMADAM KEBAKARAN PEMULA,PEMERINTAH KABUPATEN MALUKU TENGGARA | DINAS PEMADAM KEBAKARAN DAN PENYELAMATAN,10,1,1000000,3000000,622,0,0,0
63743595-b9a0-48d3-8a29-a133166d5940,Pemerintah Kab. Maluku Tenggara,CPNS,UMUM,POLISI PAMONG PRAJA PEMULA,PEMERINTAH KABUPATEN MALUKU TENGGARA | SATUAN POLISI PAMONG PRAJA,45,1,1000000,3000000,555,0,0,0
762450c8-80e5-43ba-a9c3-8fd755978b22,Pemerintah Kab. Mamberamo Raya,CPNS,ORANG ASLI PAPUA (OAP),ASISTEN PELATIH OLAHRAGA PEMULA,Pemerintah Kabupaten Mamberamo Raya | DINAS KEPEMUDAAN DAN OLAHRAGA | Bidang Pengembangan Kapasitas Daya Saing Keolahragaan,23,1,2000000,3000000,120,0,0,0
aa27e6a8-0753-441d-8e0f-240013e49e18,Pemerintah Kab. Mamberamo Raya,CPNS,ORANG ASLI PAPUA (OAP),OPERATOR LAYANAN KESEHATAN,"Pemerintah Kabupaten Mamberamo Raya | DINAS KESEHATAN | Bidang Pelayanan Kesehatan | Seksi Surveilans, Epidemiologi dan Imunisasi",5,0,2000000,3000000,25,0,0,0
edff5d65-64d7-4da3-95f2-cf64639b46af,Pemerintah Kab. Mamberamo Raya,CPNS,ORANG ASLI PAPUA (OAP),OPERATOR LAYANAN KESEHATAN,"Pemerintah Kabupaten Mamberamo Raya | DINAS KESEHATAN | Bidang Pelayanan Kesehatan | Seksi Penyakit Menular, Tidak Menular, Kesehatan Jiwa dan Napza",5,0,2000000,3000000,37,0,0,0
15a5c8a2-81f9-4399-b134-26abe5ed457d,Pemerintah Kab. Mamberamo Raya,CPNS,ORANG ASLI PAPUA (OAP),PEMADAM KEBAKARAN PEMULA,Pemerintah Kabupaten Mamberamo Raya | BADAN PENANGGULANGAN BENCANA DAERAH | Bidang Pencegahan dan Kesiapsiagaan | Sub Bidang Pencegahan dan Kesiapsiagaan,2,0,2000000,3000000,60,0,0,0
8a0284b99173225701918ccb4fac60ad,Pemerintah Kab. Mamberamo Raya,CPNS,UMUM (NON OAP),PENATA LAKSANA BANGUNAN GEDUNG DAN KAWASAN PERMUKIMAN PEMULA,Pemerintah Kabupaten Mamberamo Raya | DINAS PERUMAHAN DAN KAWASAN PERMUKIMAN | BIDANG PEMBANGUNAN PERUMAHAN | SEKSI PENYEDIAAN PERUMAHAN FORMAL & SWADAYA,1,0,2000000,3000000,66,0,0,0
051a4d72-94da-4492-aa6e-09417a2200eb,Pemerintah Kab. Mamberamo Raya,CPNS,ORANG ASLI PAPUA (OAP),PENATA LAKSANA BANGUNAN GEDUNG DAN KAWASAN PERMUKIMAN PEMULA,Pemerintah Kabupaten Mamberamo Raya | DINAS PERUMAHAN DAN KAWASAN PERMUKIMAN | BIDANG PEMBANGUNAN PERUMAHAN | SEKSI PENYEDIAAN PERUMAHAN FORMAL & SWADAYA,9,0,2000000,3000000,109,0,0,0
6efde45e-ab90-4ff2-bc17-52cbda289126,Pemerintah Kab. Mamberamo Raya,CPNS,ORANG ASLI PAPUA (OAP),PENATA LAKSANA JALAN DAN JEMBATAN PEMULA,Pemerintah Kabupaten Mamberamo Raya | DINAS PEKERJAAN UMUM DAN PENATAAN RUANG | Bidang Bina Marga | Seksi Perencanaan Teknis Jalan dan Jembatan,8,0,2000000,3000000,17,0,0,0
bfe06d78-0623-4553-83e8-ec8c556692ab,Pemerintah Kab. Mamberamo Raya,CPNS,ORANG ASLI PAPUA (OAP),PENATA LAKSANA JALAN DAN JEMBATAN PEMULA,Pemerintah Kabupaten Mamberamo Raya | DINAS PEKERJAAN UMUM DAN PENATAAN RUANG | Bidang Bina Marga | Seksi Jalan,13,0,2000000,3000000,56,0,0,0
61f1d816-0123-4618-aeb7-5e9be294d812,Pemerintah Kab. Mamberamo Raya,CPNS,ORANG ASLI PAPUA (OAP),PENATA LAKSANA SUMBER DAYA AIR PEMULA,Pemerintah Kabupaten Mamberamo Raya | DINAS PEKERJAAN UMUM DAN PENATAAN RUANG | Bidang Sumber Daya Air | Seksi Perencanaan Teknis Sumber Daya Air,5,0,2000000,3000000,167,0,0,0
1f27f56f-05ee-4e73-b9d0-539865f4c1a6,Pemerintah Kab. Mamberamo Raya,CPNS,ORANG ASLI PAPUA (OAP),POLISI PAMONG PRAJA PEMULA,Pemerintah Kabupaten Mamberamo Raya | SATUAN POLISI PAMONG PRAJA DAN PEMADAM KEBAKARAN | Bidang Ketenteraman dan Ketertiban Umum | Seksi Penanganan Gangguan Keamanan dan Ketertiban Umum,344,0,2000000,3000000,676,0,0,0
9cb7eac4-a593-4aff-bb70-d7190535c4c9,Pemerintah Kab. Mamberamo Raya,CPNS,ORANG ASLI PAPUA (OAP),POLISI PAMONG PRAJA PEMULA,Pemerintah Kabupaten Mamberamo Raya | SATUAN POLISI PAMONG PRAJA DAN PEMADAM KEBAKARAN | Bidang Ketenteraman dan Ketertiban Umum,44,0,2000000,3000000,270,0,0,0
468233a1-fbfe-4995-9d5b-5a3707f05969,Pemerintah Kab. Mamberamo Raya,CPNS,ORANG ASLI PAPUA (OAP),PRANATA PENCARIAN DAN PERTOLONGAN PEMULA,Pemerintah Kabupaten Mamberamo Raya | BADAN PENANGGULANGAN BENCANA DAERAH | Bidang Kedaruratan dan Logistik | Sub Bidang Kedaruratan dan Penanganan Pengungsi,16,1,2000000,3000000,100,0,0,0
8a0186cd915aa77f01915b30461870a6,Pemerintah Kab. Mamberamo Tengah,CPNS,ORANG ASLI PAPUA (OAP),ASISTEN PELATIH OLAHRAGA PEMULA,"Kabupaten Mamberamo Tengah | BUPATI MAMBERAMO TENGAH | Sekretariat Daerah | Dinas Kebudayaan, Pariwisata, Pemuda dan Olah Raga | Bidang Olah Raga | Seksi Pembinaan dan Pengembangan Sdm Keolahragaan",16,0,3000000,3500000,59,0,0,0
b9048369-bbb3-4869-8da7-2a43f6e77f5f,Pemerintah Kab. Mamberamo Tengah,CPNS,UMUM (NON OAP),ASISTEN PELATIH OLAHRAGA PEMULA,"Kabupaten Mamberamo Tengah | BUPATI MAMBERAMO TENGAH | Sekretariat Daerah | Dinas Kebudayaan, Pariwisata, Pemuda dan Olah Raga | Bidang Olah Raga | Seksi Pembinaan dan Pengembangan Sdm Keolahragaan",2,0,3000000,3500000,17,0,0,0
8a0186cd915aa77f01915b469da27af2,Pemerintah Kab. Mamberamo Tengah,CPNS,ORANG ASLI PAPUA (OAP),PENATA LAKSANA BANGUNAN GEDUNG DAN KAWASAN PERMUKIMAN PEMULA,Kabupaten Mamberamo Tengah | BUPATI MAMBERAMO TENGAH | Sekretariat Daerah | Dinas Perumahan dan Kawasan Permukiman | Bidang Kawasan Permukiman | Seksi Penertiban Kawasan Permukiman,1,0,3000000,3500000,19,0,0,0
26672a97-e0b6-442c-b45f-a1889ba86523,Pemerintah Kab. Mamberamo Tengah,CPNS,ORANG ASLI PAPUA (OAP),PENATA LAKSANA BANGUNAN GEDUNG DAN KAWASAN PERMUKIMAN PEMULA,"Kabupaten Mamberamo Tengah | BUPATI MAMBERAMO TENGAH | Sekretariat Daerah | Dinas Perumahan dan Kawasan Permukiman | Bidang Perumahan | Seksi Prasarana, Sarana dan Utilitas Umum",14,0,3000000,3500000,29,0,0,0
485c1a18-5687-4c7d-810b-a1c89743f135,Pemerintah Kab. Mamberamo Tengah,CPNS,UMUM (NON OAP),PENATA LAKSANA BANGUNAN GEDUNG DAN KAWASAN PERMUKIMAN PEMULA,Kabupaten Mamberamo Tengah | BUPATI MAMBERAMO TENGAH | Sekretariat Daerah | Dinas Perumahan dan Kawasan Permukiman | Bidang Kawasan Permukiman | Seksi Penertiban Kawasan Permukiman,2,0,3000000,3500000,12,0,0,0
a1b21c2e-f831-4b59-a2dd-ee82f8d484a2,Pemerintah Kab. Mamberamo Tengah,CPNS,ORANG ASLI PAPUA (OAP),PENATA LAKSANA BANGUNAN GEDUNG DAN KAWASAN PERMUKIMAN PEMULA,Kabupaten Mamberamo Tengah | BUPATI MAMBERAMO TENGAH | Sekretariat Daerah | Dinas Pekerjaan Umum dan Penataan Ruang | Bidang Cipta Karya | Seksi Penataan Bangunan dan Pengembangan Kawasan Permukiman,6,0,3000000,3500000,26,0,0,0
8a0186cd915aa77f01915b49f3607d22,Pemerintah Kab. Mamberamo Tengah,CPNS,ORANG ASLI PAPUA (OAP),PENATA LAKSANA JALAN DAN JEMBATAN PEMULA,Kabupaten Mamberamo Tengah | BUPATI MAMBERAMO TENGAH | Sekretariat Daerah | Dinas Pekerjaan Umum dan Penataan Ruang | Bidang Bina Marga | Seksi Pembangunan Jalan dan Jembatan,7,0,3000000,3500000,46,0,0,0
5909c89e-de12-4168-81c8-72db4920d3e7,Pemerintah Kab. Mamberamo Tengah,CPNS,UMUM (NON OAP),PENATA LAKSANA JALAN DAN JEMBATAN PEMULA,Kabupaten Mamberamo Tengah | BUPATI MAMBERAMO TENGAH | Sekretariat Daerah | Dinas Pekerjaan Umum dan Penataan Ruang | Bidang Bina Marga | Seksi Pembangunan Jalan dan Jembatan,2,0,3000000,3500000,9,0,0,0
d99ef97d-bdd6-4167-888d-088107987f7c,Pemerintah Kab. Mamberamo Tengah,CPNS,ORANG ASLI PAPUA (OAP),PENATA LAKSANA PENYEHATAN LINGKUNGAN PEMULA,"Kabupaten Mamberamo Tengah | BUPATI MAMBERAMO TENGAH | Sekretariat Daerah | Dinas Lingkungan Hidup dan Pertanahan | Bidang Pengelolaan Sampah, Limbah B3 dan Pengendalian Pencemaran | Seksi Pengelolaan Sampah dan Limbah B3",7,0,3000000,3500000,23,0,0,0
f1447c5d-c771-4883-9b93-ec866294384b,Pemerintah Kab. Mamberamo Tengah,CPNS,ORANG ASLI PAPUA (OAP),PENATA LAKSANA PENYEHATAN LINGKUNGAN PEMULA,Kabupaten Mamberamo Tengah | BUPATI MAMBERAMO TENGAH | Sekretariat Daerah | Dinas Lingkungan Hidup dan Pertanahan | Bidang Penataan dan Peningkatan Kapasitas | Seksi Perencanaan dan Kajian Dampak Lingkungan,3,0,3000000,3500000,17,0,0,0
56e97840-def5-4c76-8bf9-4c867662d2db,Pemerintah Kab. Mamberamo Tengah,CPNS,ORANG ASLI PAPUA (OAP),PENATA LAKSANA SUMBER DAYA AIR PEMULA,Kabupaten Mamberamo Tengah | BUPATI MAMBERAMO TENGAH | Sekretariat Daerah | Dinas Pekerjaan Umum dan Penataan Ruang | Bidang Sumber Daya Air | Seksi Pelaksanaan Sumber Daya Air,12,0,3000000,3500000,147,0,0,0
d4486f72-5058-499d-8b4f-10c7c9b22da9,Pemerintah Kab. Mamberamo Tengah,CPNS,ORANG ASLI PAPUA (OAP),PENGAMAT TERA PEMULA,Kabupaten Mamberamo Tengah | BUPATI MAMBERAMO TENGAH | Sekretariat Daerah | Dinas Perindustrian dan Perdagangan | Bidang Perdagangan | Seksi Pengelolaan Pasar,26,0,3000000,3500000,60,0,0,0
1e20f373-c6e9-45e7-b27b-d47a1fc18894,Pemerintah Kab. Mamberamo Tengah,CPNS,ORANG ASLI PAPUA (OAP),POLISI PAMONG PRAJA PEMULA,Kabupaten Mamberamo Tengah | BUPATI MAMBERAMO TENGAH | Sekretariat Daerah | Satuan Polisi Pamong Praja dan Linmas | Bidang Ketertiban Umum dan Ketentraman Masyarakat | Seksi Penertiban,18,0,3000000,3500000,31,0,0,0
45e7c529-3a63-40a2-98fb-72b077cfd058,Pemerintah Kab. Mamberamo Tengah,CPNS,ORANG ASLI PAPUA (OAP),POLISI PAMONG PRAJA PEMULA,Kabupaten Mamberamo Tengah | BUPATI MAMBERAMO TENGAH | Sekretariat Daerah | Satuan Polisi Pamong Praja dan Linmas | Bidang Ketertiban Umum dan Ketentraman Masyarakat | Seksi Pembinaan Ketertiban Umum dan Ketentraman Masyarakat,10,0,3000000,3500000,18,0,0,0
fcd916fd-8532-4199-83ce-96b30bbf012f,Pemerintah Kab. Mamberamo Tengah,CPNS,ORANG ASLI PAPUA (OAP),PRANATA PENCARIAN DAN PERTOLONGAN PEMULA,"Kabupaten Mamberamo Tengah | BUPATI MAMBERAMO TENGAH | Sekretariat Daerah | Badan Penanggulangan Bencana Daerah | Bidang Pencegahan, Kesiapsiagaan dan Penanganan Pengungsi | Sub Bidang Penyelamatan, Evakuasi dan Penanganan Pengungsi",10,0,3000000,3500000,48,0,0,0
2199c467-7066-404b-802e-30066d324737,Pemerintah Kab. Mamuju Tengah,CPNS,UMUM,PENGAMAT TERA PEMULA,"PEMERINTAH KAB. MAMUJU TENGAH | DINAS KOPERASI USAHA KECIL DAN MENENGAH, PERINDUSTRIAN DAN PERDAGANGAN | BIDANG KEMETROLOGIAN",2,0,1000000,5000000,454,0,0,0
8a028492914fb63b01914fe34bca4566,Pemerintah Kab. Manggarai,CPNS,PENYANDANG DISABILITAS,OPERATOR LAYANAN KESEHATAN,Pemerintah Kabupaten Manggarai | Sekretariat Daerah | RSUD RUTENG | RSU Ruteng | BIDANG PENUNJANG | SEKSI PENUNJANG NON MEDIK,1,1,2000000,3000000,3,0,0,0
3cf10494-a563-4bc5-a6a0-87fd834ea015,Pemerintah Kab. Manggarai,CPNS,UMUM,OPERATOR LAYANAN KESEHATAN,Pemerintah Kabupaten Manggarai | Sekretariat Daerah | RSUD RUTENG | RSU Ruteng | BIDANG PENUNJANG | SEKSI PENUNJANG NON MEDIK,3,1,2000000,3000000,108,0,0,0
0571de9d-6f2e-4371-bd64-0b02b5a9a12c,Pemerintah Kab. Manggarai,CPNS,UMUM,PENATA LAKSANA JALAN DAN JEMBATAN PEMULA,Pemerintah Kabupaten Manggarai | Sekretariat Daerah | Dinas Pekerjaan Umum dan Penataan Ruang | Bidang Bina Marga,5,1,2000000,3000000,168,0,0,0
7c154c49-6039-4192-a38f-30d9acab02e7,Pemerintah Kab. Manggarai,CPNS,UMUM,PENATA LAKSANA PENYEHATAN LINGKUNGAN PEMULA,Pemerintah Kabupaten Manggarai | Sekretariat Daerah | Dinas Lingkungan Hidup | Bidang Pengendalian Pencemaran  dan Kerusakan Lingkungan Hidup,5,1,2000000,3000000,384,0,0,0
7d95e57d-df3e-4dd3-bf27-e37f600aaf75,Pemerintah Kab. Manggarai,CPNS,UMUM,PENATA LAKSANA SUMBER DAYA AIR PEMULA,Pemerintah Kabupaten Manggarai | Sekretariat Daerah | Dinas Pekerjaan Umum dan Penataan Ruang | Bidang Sumber Daya Air,5,1,2000000,3000000,452,0,0,0
cdeff792-f53b-4376-9aa8-66e1ebd1ce2b,Pemerintah Kab. Manggarai,CPNS,UMUM,PENGAMAT TERA PEMULA,Pemerintah Kabupaten Manggarai | Sekretariat Daerah | Dinas Perdagangan dan Perindustrian | Bidang Standarisasi dan Perlindungan Konsumen,5,1,2000000,3000000,218,0,0,0
c36e6b6d-e242-4bf7-afaa-44e81f95151c,Pemerintah Kab. Manggarai,CPNS,UMUM,POLISI PAMONG PRAJA PEMULA,Pemerintah Kabupaten Manggarai | Sekretariat Daerah | Satuan Polisi Pamong Praja dan Pemadam Kebakaran | Bidang Penegakan Peraturan Daeran/Peraturan Bupati,5,0,2000000,3000000,375,0,0,0
033dc904-d6ec-48dd-9aa9-eb909f0dbc88,Pemerintah Kab. Manggarai Barat,CPNS,UMUM,POLISI PAMONG PRAJA PEMULA,PEMERINTAH KABUPATEN MANGGARAI BARAT | SATUAN POLISI PAMONG PRAJA | BIDANG PENEGAKAN PERUNDANG-UNDANGAN DAERAH,30,0,2000000,3000000,620,0,0,0
8a03849f914ed85101914efa66492cbd,Pemerintah Kab. Manggarai Timur,CPNS,PUTRA/PUTRI DAERAH TERTINGGAL,POLISI PAMONG PRAJA PEMULA,PEMERINTAH KABUPATEN MANGGARAI TIMUR | SATUAN POLISI PAMONG PRAJA | Bidang Perlindungan Masyarakat | Seksi Satuan Linmas,2,1,1734900,2043200,65,0,0,0
4a1d6d1c-8aad-45f0-a080-62b66b667776,Pemerintah Kab. Manggarai Timur,CPNS,UMUM,POLISI PAMONG PRAJA PEMULA,PEMERINTAH KABUPATEN MANGGARAI TIMUR | SATUAN POLISI PAMONG PRAJA | Bidang Perlindungan Masyarakat | Seksi Satuan Linmas,1,1,1734900,2043200,94,0,0,0
8a0186cc9159ace501915a77c8a80a98,Pemerintah Kab. Manokwari,CPNS,ORANG ASLI PAPUA (OAP),OPERATOR LAYANAN KESEHATAN,Pemerintah Kabupaten Manokwari | Dinas Kesehatan | Bidang Pelayanan Kesehatan Masyarakat | Seksi Kesehatan Keluarga dan Gizi Masyarakat,1,0,2500000,5000000,47,0,0,0
1087b60e-03a7-40f2-8079-66fc17b461f0,Pemerintah Kab. Manokwari,CPNS,UMUM (NON OAP),OPERATOR LAYANAN KESEHATAN,Pemerintah Kabupaten Manokwari | Dinas Kesehatan | Bidang Pelayanan Kesehatan Masyarakat | Seksi Kesehatan Keluarga dan Gizi Masyarakat,1,0,2500000,5000000,39,0,0,0
458731ea-0efe-4acb-9f57-60a5d2f57ce0,Pemerintah Kab. Manokwari,CPNS,ORANG ASLI PAPUA (OAP),PELATIH DAN PERAWAT SATWA LIAR,Pemerintah Kabupaten Manokwari | Dinas Pertanian dan Ketahanan Pangan | Bidang Peternakan dan Kesehatan Hewan | Seksi Kesehatan Hewan,2,0,2500000,5000000,115,0,0,0
8a0186cc9159ace501915a799f3d0c57,Pemerintah Kab. Manokwari,CPNS,ORANG ASLI PAPUA (OAP),PEMELIHARA TUMBUHAN,"Pemerintah Kabupaten Manokwari | Dinas Lingkungan Hidup dan Pertanahan | Bidang Perencanaan, Penataan dan Peningkatan Kapasitas Lingkungan Hidup | Seksi Perencanaan Lingkungan Hidup",1,0,2500000,5000000,163,0,0,0
5a21b1f1-2e1a-4ad8-82f4-d47d3bd2123b,Pemerintah Kab. Manokwari,CPNS,UMUM (NON OAP),PEMELIHARA TUMBUHAN,"Pemerintah Kabupaten Manokwari | Dinas Lingkungan Hidup dan Pertanahan | Bidang Perencanaan, Penataan dan Peningkatan Kapasitas Lingkungan Hidup | Seksi Perencanaan Lingkungan Hidup",1,0,2500000,5000000,61,0,0,0
8a0384c5915a83e001915a8712c602fb,Pemerintah Kab. Manokwari,CPNS,ORANG ASLI PAPUA (OAP),PETUGAS OPERASI DAN PEMELIHARAAN,"Pemerintah Kabupaten Manokwari | Dinas Perumahan Rakyat dan Kawasan Permukiman | Bidang Prasarana, Sarana dan Utilitas Umum | Seksi Pemantauan dan Evaluasi Penyediaan Prasarana dan Sarana,  Utilitas Umum",1,0,2500000,5000000,74,0,0,0
140cb057-09dc-4033-a18a-c3f458cb51ca,Pemerintah Kab. Manokwari,CPNS,UMUM (NON OAP),PETUGAS OPERASI DAN PEMELIHARAAN,"Pemerintah Kabupaten Manokwari | Dinas Perumahan Rakyat dan Kawasan Permukiman | Bidang Prasarana, Sarana dan Utilitas Umum | Seksi Pemantauan dan Evaluasi Penyediaan Prasarana dan Sarana,  Utilitas Umum",1,0,2500000,5000000,60,0,0,0
d2ff42f0-7cf1-46e8-81fa-1b790e1a029e,Pemerintah Kab. Manokwari,CPNS,ORANG ASLI PAPUA (OAP),PETUGAS OPERASI DAN PEMELIHARAAN,Pemerintah Kabupaten Manokwari | Dinas Pekerjaan Umum dan Penataan Ruang | Bidang Sumber Daya Air | Seksi Pengelolaan Sumber Daya Air dan Bangunan Pengaman Pantai,2,0,2500000,5000000,97,0,0,0
8a0186cc9159ace501915a831e8f1812,Pemerintah Kab. Manokwari,CPNS,ORANG ASLI PAPUA (OAP),POLISI KHUSUS CAGAR BUDAYA,"Pemerintah Kabupaten Manokwari | Dinas Pariwisata, Ekonomi Kreatif dan Kebudayaan | Bidang Kebudayaan | Seksi Cagar Budaya dan Permuseuman",1,0,2500000,5000000,73,0,0,0
d74c3b8b-cb0c-40f7-be67-2701288ebf7e,Pemerintah Kab. Manokwari,CPNS,UMUM (NON OAP),POLISI KHUSUS CAGAR BUDAYA,"Pemerintah Kabupaten Manokwari | Dinas Pariwisata, Ekonomi Kreatif dan Kebudayaan | Bidang Kebudayaan | Seksi Cagar Budaya dan Permuseuman",1,0,2500000,5000000,14,0,0,0
2ab40ad9-7002-4aa6-a0d1-5e0e270d9834,Pemerintah Kab. Manokwari Selatan,CPNS,ORANG ASLI PAPUA (OAP),PENATA LAKSANA SUMBER DAYA AIR PEMULA,"PEMERINTAH KAB. MANOKWARI SELATAN | DINAS PEKERJAAN UMUM DAN PENATAAN RUANG | BIDANG SUMBER DAYA AIR | SEKSI PENATAGUNAAN, PENGEMBANGAN SUMBER DAYA AIR, SUNGAI DAN PANTAI",3,0,2184000,3643400,648,0,0,0
a6645337-0020-4dc6-ad01-a08b2901ef6f,Pemerintah Kab. Manokwari Selatan,CPNS,ORANG ASLI PAPUA (OAP),PENATA LAKSANA SUMBER DAYA AIR PEMULA,PEMERINTAH KAB. MANOKWARI SELATAN | DINAS PEKERJAAN UMUM DAN PENATAAN RUANG | BIDANG SUMBER DAYA AIR | SEKSI RIGASI DAN RAWA,4,0,2184000,3643400,327,0,0,0
6e98f84a-90fa-423e-a6a8-711924ebfaee,Pemerintah Kab. Manokwari Selatan,CPNS,ORANG ASLI PAPUA (OAP),PENGAMAT TERA PEMULA,"PEMERINTAH KAB. MANOKWARI SELATAN | DINAS PERINDUSTRIAN, PERDAGANGAN DAN KOPERASI DAN UKM | BIDANG PERDAGANGAN | SEKSI TERA, TERA ULANG, PENGAWASAN DAN SARANA DISTRIBUSI PERDAGANGAN",1,0,2184000,3643400,565,0,0,0
429eb429-62bc-44b9-aa76-5bdedfaa7f4c,Pemerintah Kab. Mappi,CPNS,ORANG ASLI PAPUA (OAP),PEMADAM KEBAKARAN PEMULA,Pemerintah Kabupaten Mappi | BADAN PENANGGULANGAN BENCANA DAERAH | BIDANG PENANGGULANGAN KEBAKARAN DAN PENYELAMATAN | SEKSI PENANGGULANGAN KEBAKARAN,5,0,2500000,6000000,661,0,0,0
8a02826391606efe0191613bb06e5db3,Pemerintah Kab. Mappi,CPNS,ORANG ASLI PAPUA (OAP),PETUGAS OPERASI DAN PEMELIHARAAN,Pemerintah Kabupaten Mappi | DINAS PEKERJAAN UMUM DAN PENATAAN RUANG | BIDANG PENGAIRAN | SEKSI PENGEMBANGAN SARANA PENGAIRAN,6,1,2500000,6000000,429,0,0,0
02e028c2-e1bb-4e9b-9bd0-e1d1ab63a699,Pemerintah Kab. Mappi,CPNS,ORANG ASLI PAPUA (OAP),PETUGAS OPERASI DAN PEMELIHARAAN,Pemerintah Kabupaten Mappi | DINAS PERUMAHAN DAN KAWASAN PERMUKIMAN | SEKRETARIAT DINAS PERUMAHAN DAN KAWASAN PERMUKIMAN | SUB BAGIAN UMUM DAN KEPEGAWAIAN,3,1,2500000,6000000,108,0,0,0
2e888b44-958f-4a88-8b86-ed35d4afedc1,Pemerintah Kab. Mappi,CPNS,ORANG ASLI PAPUA (OAP),PETUGAS OPERASI DAN PEMELIHARAAN,Pemerintah Kabupaten Mappi | DINAS PEKERJAAN UMUM DAN PENATAAN RUANG | BIDANG PENGAIRAN | SEKSI PERENCANAAN TEKNIS PENGAIRAN`,10,1,2500000,6000000,159,0,0,0
93a980bc-097f-413c-a4a2-b035de9e0689,Pemerintah Kab. Mappi,CPNS,ORANG ASLI PAPUA (OAP),PETUGAS OPERASI DAN PEMELIHARAAN,Pemerintah Kabupaten Mappi | DINAS PEKERJAAN UMUM DAN PENATAAN RUANG | BIDANG PENGAIRAN | SEKSI PENGAWASAN DAN PENGENDALIAN JARINGAN IRIGASI,9,1,2500000,6000000,195,0,0,0
ba4214f5-4fff-4fb4-be48-536761d82e77,Pemerintah Kab. Mappi,CPNS,UMUM (NON OAP),PETUGAS OPERASI DAN PEMELIHARAAN,Pemerintah Kabupaten Mappi | DINAS PEKERJAAN UMUM DAN PENATAAN RUANG | BIDANG PENGAIRAN | SEKSI PENGEMBANGAN SARANA PENGAIRAN,2,1,2500000,6000000,79,0,0,0
ed8487dc-ce94-4a56-86b1-858e6af62472,Pemerintah Kab. Mappi,CPNS,ORANG ASLI PAPUA (OAP),PETUGAS OPERASI DAN PEMELIHARAAN,Pemerintah Kabupaten Mappi | DINAS PEKERJAAN UMUM DAN PENATAAN RUANG | SEKRETARIAT DINAS PEKERJAAN UMUM DAN PENATAAN RUANG | SUB BAGIAN UMUM DAN KEPEGAWAIAN,5,1,2500000,6000000,90,0,0,0
90b596bd-3cba-49c0-b1dd-d4d786c530f6,Pemerintah Kab. Mappi,CPNS,ORANG ASLI PAPUA (OAP),POLISI PAMONG PRAJA PEMULA,Pemerintah Kabupaten Mappi | SATUAN POLISI PAMONG PRAJA | SEKRETARIAT SATUAN POLISI PAMONG PRAJA | SUB BAGIAN UMUM DAN KEPEGAWAIAN,9,0,2500000,6000000,478,0,0,0
af20ea93-3986-492e-a882-35858e51daa2,Pemerintah Kab. Melawi,CPNS,UMUM,PEMADAM KEBAKARAN PEMULA,KABUPATEN MELAWI | SATUAN POLISI PAMONG PRAJA | BIDANG PEMADAM KEBAKARAN | SEKSI PENCEGAHAN DAN PENANGANAN KEBAKARAN,2,1,2100000,3300000,143,0,0,0
0d7139af-c14e-4a68-a219-c041717a0fd4,Pemerintah Kab. Melawi,CPNS,UMUM,POLISI PAMONG PRAJA PEMULA,KABUPATEN MELAWI | SATUAN POLISI PAMONG PRAJA | BIDANG PEMERIKSAAN DAN PENYIDIKAN | SEKSI PENYIDIKAN DAN PENINDAKAN,1,1,2100000,3300000,78,0,0,0
789c8e9a-03de-4d98-a718-bb1733588302,Pemerintah Kab. Melawi,CPNS,UMUM,POLISI PAMONG PRAJA PEMULA,KABUPATEN MELAWI | SATUAN POLISI PAMONG PRAJA | BIDANG PEMERIKSAAN DAN PENYIDIKAN | SEKSI PEMERIKSAAN DAN PENGUSUTAN,1,1,2100000,3300000,118,0,0,0
127fea78-516a-4a1f-8e4f-7d6b7523091f,Pemerintah Kab. Merangin,CPNS,UMUM,OPERATOR LAYANAN KESEHATAN,BUPATI MERANGIN | DINAS KESEHATAN | PUSKESMAS RANTAU SULI | SUB BAGIAN TATA USAHA-PUSKESMAS RANTAU SULI,2,1,2184000,4134160,20,0,0,0
f9980edf-4b4b-4bdb-a70e-b7060fa157ca,Pemerintah Kab. Merangin,CPNS,UMUM,OPERATOR LAYANAN KESEHATAN,BUPATI MERANGIN | DINAS KESEHATAN | RUMAH SAKIT UMUM DAERAH KOLONEL ABUNDJANI BANGKO | BIDANG PELAYANAN | SEKSI PENUNJANG MEDIK,3,1,2184000,4134160,475,0,0,0
05795a84-7c3b-4e0c-8614-d0ac36280222,Pemerintah Kab. Merangin,CPNS,UMUM,PETUGAS OPERASI DAN PEMELIHARAAN,BUPATI MERANGIN | SEKRETARIAT DAERAH | KECAMATAN JANGKAT | SEKRETARIAT | SUB BAGIAN UMUM DAN KEPEGAWAIAN,1,1,2184000,4134160,24,0,0,0
0b213e2f-a112-4baf-817e-3f1f6cac8ca4,Pemerintah Kab. Merangin,CPNS,UMUM,PETUGAS OPERASI DAN PEMELIHARAAN,BUPATI MERANGIN | SEKRETARIAT DAERAH | KECAMATAN MARGO TABIR | SEKRETARIAT | SUB BAGIAN UMUM DAN KEPEGAWAIAN,1,1,2184000,4134160,18,0,0,0
0bb14ab3-47f7-4c47-9a78-a0f1c6c740be,Pemerintah Kab. Merangin,CPNS,UMUM,PETUGAS OPERASI DAN PEMELIHARAAN,BUPATI MERANGIN | SEKRETARIAT DAERAH | KECAMATAN TABIR SELATAN | SEKRETARIAT | SUB BAGIAN UMUM DAN KEPEGAWAIAN,1,1,2184000,4134160,16,0,0,0
0d39ca81-e407-45d4-a3b2-2815bc86c1dd,Pemerintah Kab. Merangin,CPNS,UMUM,PETUGAS OPERASI DAN PEMELIHARAAN,BUPATI MERANGIN | SEKRETARIAT DAERAH | KECAMATAN PAMENANG SELATAN | SEKRETARIAT | SUB BAGIAN UMUM DAN KEPEGAWAIAN,2,1,2184000,4134160,29,0,0,0
1ad37b8f-5b38-41c7-a8d4-705cd3fdbcab,Pemerintah Kab. Merangin,CPNS,UMUM,PETUGAS OPERASI DAN PEMELIHARAAN,BUPATI MERANGIN | SEKRETARIAT DAERAH | KECAMATAN TABIR BARAT | SEKRETARIAT | SUB BAGIAN UMUM DAN KEPEGAWAIAN,2,1,2184000,4134160,36,0,0,0
1d42d50e-44ac-4f0c-bd19-0d39786c56bb,Pemerintah Kab. Merangin,CPNS,UMUM,PETUGAS OPERASI DAN PEMELIHARAAN,BUPATI MERANGIN | SEKRETARIAT DAERAH | KECAMATAN RENAH PEMBARAP | SEKRETARIAT | SUB BAGIAN UMUM DAN KEPEGAWAIAN,1,1,2184000,4134160,25,0,0,0
247de37e-de1c-4bf0-95d3-043202789106,Pemerintah Kab. Merangin,CPNS,UMUM,PETUGAS OPERASI DAN PEMELIHARAAN,BUPATI MERANGIN | SEKRETARIAT DAERAH | KECAMATAN TABIR TIMUR | SEKRETARIAT | SUB BAGIAN UMUM DAN KEPEGAWAIAN,2,1,2184000,4134160,18,0,0,0
4c462309-39cb-47d3-8a24-44a5f9c679b5,Pemerintah Kab. Merangin,CPNS,UMUM,PETUGAS OPERASI DAN PEMELIHARAAN,BUPATI MERANGIN | SEKRETARIAT DAERAH | KECAMATAN TABIR | SEKRETARIAT | SUB BAGIAN UMUM DAN KEPEGAWAIAN,1,1,2184000,4134160,32,0,0,0
4c6759d5-021c-4565-9a82-c0960f399e81,Pemerintah Kab. Merangin,CPNS,UMUM,PETUGAS OPERASI DAN PEMELIHARAAN,BUPATI MERANGIN | SEKRETARIAT DAERAH | KECAMATAN TABIR ULU | SEKRETARIAT | SUB BAGIAN UMUM DAN KEPEGAWAIAN,1,1,2184000,4134160,19,0,0,0
4f5f7bd2-ad97-482e-be3a-49f5df0244ee,Pemerintah Kab. Merangin,CPNS,UMUM,PETUGAS OPERASI DAN PEMELIHARAAN,BUPATI MERANGIN | SEKRETARIAT DAERAH | KECAMATAN JANGKAT TIMUR | SEKRETARIAT | SUB BAGIAN UMUM DAN KEPEGAWAIAN,2,1,2184000,4134160,27,0,0,0
56600c95-49d5-4516-826a-bc6ea815daa7,Pemerintah Kab. Merangin,CPNS,UMUM,PETUGAS OPERASI DAN PEMELIHARAAN,BUPATI MERANGIN | SEKRETARIAT DAERAH | KECAMATAN LEMBAH MASURAI | SEKRETARIAT | SUB BAGIAN UMUM DAN KEPEGAWAIAN,2,1,2184000,4134160,47,0,0,0
5710e375-7364-4e65-b7e5-b0b5b98c0927,Pemerintah Kab. Merangin,CPNS,UMUM,PETUGAS OPERASI DAN PEMELIHARAAN,BUPATI MERANGIN | SEKRETARIAT DAERAH | KECAMATAN BANGKO BARAT | SEKRETARIAT | SUB BAGIAN UMUM DAN KEPEGAWAIAN,1,1,2184000,4134160,31,0,0,0
66fdce79-0d3d-47f0-aa54-d5ade4036aa7,Pemerintah Kab. Merangin,CPNS,UMUM,PETUGAS OPERASI DAN PEMELIHARAAN,BUPATI MERANGIN | SEKRETARIAT DAERAH | KECAMATAN PAMENANG BARAT | SEKRETARIAT | SUB BAGIAN UMUM DAN KEPEGAWAIAN,2,1,2184000,4134160,33,0,0,0
7d55f465-0fa7-443d-8969-a635bcbdf8f7,Pemerintah Kab. Merangin,CPNS,UMUM,PETUGAS OPERASI DAN PEMELIHARAAN,BUPATI MERANGIN | SEKRETARIAT DAERAH | KECAMATAN PAMENANG | SEKRETARIAT | SUB BAGIAN UMUM DAN KEPEGAWAIAN,1,1,2184000,4134160,36,0,0,0
809c9ced-bc9c-4b66-9193-6a0fd922f2b2,Pemerintah Kab. Merangin,CPNS,UMUM,PETUGAS OPERASI DAN PEMELIHARAAN,BUPATI MERANGIN | SEKRETARIAT DAERAH | KECAMATAN PANGKALAN JAMBU | SEKRETARIAT | SUB BAGIAN UMUM DAN KEPEGAWAIAN,2,1,2184000,4134160,32,0,0,0
90c4f23f-fc78-4fad-8a87-1e50a5c361af,Pemerintah Kab. Merangin,CPNS,UMUM,PETUGAS OPERASI DAN PEMELIHARAAN,BUPATI MERANGIN | SEKRETARIAT DAERAH | KECAMATAN SUNGAI MANAU | SEKRETARIAT | SUB BAGIAN UMUM DAN KEPEGAWAIAN,1,1,2184000,4134160,13,0,0,0
90d55731-d230-4d47-bbc1-fbdedbdb9c1e,Pemerintah Kab. Merangin,CPNS,UMUM,PETUGAS OPERASI DAN PEMELIHARAAN,BUPATI MERANGIN | SEKRETARIAT DAERAH | KECAMATAN NALO TANTAN | SEKRETARIAT | SUB BAGIAN UMUM DAN KEPEGAWAIAN,2,1,2184000,4134160,60,0,0,0
90ec537f-cbff-4c4b-b6ea-e665a58a5cac,Pemerintah Kab. Merangin,CPNS,UMUM,PETUGAS OPERASI DAN PEMELIHARAAN,BUPATI MERANGIN | SEKRETARIAT DAERAH | KECAMATAN TIANG PUMPUNG | SEKRETARIAT | SUB BAGIAN UMUM DAN KEPEGAWAIAN,1,1,2184000,4134160,23,0,0,0
b3d13013-b77e-4366-8635-f200d0dec6fd,Pemerintah Kab. Merangin,CPNS,UMUM,PETUGAS OPERASI DAN PEMELIHARAAN,BUPATI MERANGIN | SEKRETARIAT DAERAH | KECAMATAN BATANG MASUMAI | SEKRETARIAT | SUB BAGIAN UMUM DAN KEPEGAWAIAN,1,1,2184000,4134160,29,0,0,0
f07e2f99-e70c-49fc-8822-1e97182022b4,Pemerintah Kab. Merangin,CPNS,UMUM,PETUGAS OPERASI DAN PEMELIHARAAN,BUPATI MERANGIN | SEKRETARIAT DAERAH | KECAMATAN MUARA SIAU | SEKRETARIAT | SUB BAGIAN UMUM DAN KEPEGAWAIAN,2,1,2184000,4134160,74,0,0,0
f27974aa-a2f2-44d6-a94f-90ed8052bd54,Pemerintah Kab. Merangin,CPNS,UMUM,PETUGAS OPERASI DAN PEMELIHARAAN,BUPATI MERANGIN | SEKRETARIAT DAERAH | KECAMATAN TABIR LINTAS | SEKRETARIAT | SUB BAGIAN UMUM DAN KEPEGAWAIAN,1,1,2184000,4134160,16,0,0,0
fec41ab9-4cef-4f53-82bd-b84329c8105e,Pemerintah Kab. Merangin,CPNS,UMUM,PETUGAS OPERASI DAN PEMELIHARAAN,BUPATI MERANGIN | SEKRETARIAT DAERAH | KECAMATAN TABIR ILIR | SEKRETARIAT | SUB BAGIAN UMUM DAN KEPEGAWAIAN,2,1,2184000,4134160,11,0,0,0
4f0fb697-13b1-46cd-a0b6-aadf8e6edc5b,Pemerintah Kab. Merangin,CPNS,UMUM,POLISI PAMONG PRAJA PEMULA,BUPATI MERANGIN | SATUAN POLISI PAMONG PRAJA,40,0,2184000,4134160,879,0,0,0
924eaf80-0914-4162-b02b-8b3a4d5f3497,Pemerintah Kab. Mesuji,CPNS,UMUM,PEMADAM KEBAKARAN PEMULA,"PEMERINTAH KABUPATEN MESUJI | DINAS PEMADAM KEBAKARAN DAN PENYELAMATAN | BIDANG PEMADAM KEBAKARAN PENYELAMATAN DAN SARANA PRASARANA DINAS PEMADAM KEBAKARAN DAN PENYELAMATAN | SEKSI PEMADAM, PENYELAMATAN DAN EVAKUASI",1,1,2184000,2184000,144,0,0,0
8a0186cc9159ace5019159bdf67b0773,Pemerintah Kab. Mimika,CPNS,ORANG ASLI PAPUA (OAP),ASISTEN PELATIH OLAHRAGA PEMULA,"Pemerintah Kabupaten Mimika | Dinas Pariwisata, Kebudayaan, Pemuda Dan Olah Raga | Bidang Keolahragaan",8,0,5000000,7000000,77,0,0,0
5212b4dd-3f19-427d-83e2-ca00c7b1b901,Pemerintah Kab. Mimika,CPNS,UMUM (NON OAP),ASISTEN PELATIH OLAHRAGA PEMULA,"Pemerintah Kabupaten Mimika | Dinas Pariwisata, Kebudayaan, Pemuda Dan Olah Raga | Bidang Keolahragaan",2,0,5000000,7000000,27,0,0,0
8a0186cc9159ace501915a1248ed3473,Pemerintah Kab. Mimika,CPNS,ORANG ASLI PAPUA (OAP),OPERATOR LAYANAN KESEHATAN,Pemerintah Kabupaten Mimika | Dinas Kesehatan | PUSKESMAS TAPORMAI,1,0,5000000,7000000,4,0,0,0
8a0186cc9159ace501915a17393837e0,Pemerintah Kab. Mimika,CPNS,ORANG ASLI PAPUA (OAP),OPERATOR LAYANAN KESEHATAN,"Pemerintah Kabupaten Mimika | RSUD Kab. Mimika | KEPALA BAGIAN TATA USAHA | KASUBAG KEPEGAWAIAN, PENDIDIKAN DAN PENGEMBANGAN SDM",20,0,5000000,7000000,128,0,0,0
8a0186cc9159ace501915a2124e13f0a,Pemerintah Kab. Mimika,CPNS,ORANG ASLI PAPUA (OAP),OPERATOR LAYANAN KESEHATAN,Pemerintah Kabupaten Mimika | Dinas Kesehatan | PUSKESMAS KWAMKI,1,0,5000000,7000000,18,0,0,0
8a0186cc9159ace501915a239eae4045,Pemerintah Kab. Mimika,CPNS,ORANG ASLI PAPUA (OAP),OPERATOR LAYANAN KESEHATAN,Pemerintah Kabupaten Mimika | Dinas Kesehatan | PUSKESMAS IPAYA,2,0,5000000,7000000,7,0,0,0
8a0186cc9159ace501915a246d9040b3,Pemerintah Kab. Mimika,CPNS,ORANG ASLI PAPUA (OAP),OPERATOR LAYANAN KESEHATAN,Pemerintah Kabupaten Mimika | Dinas Kesehatan | RS Waa Banti | DIREKTORAT | UMUM DAN KEPEGAWAIAN,1,0,5000000,7000000,15,0,0,0
131371bc-da2d-49be-962f-fc3b05398aa3,Pemerintah Kab. Mimika,CPNS,ORANG ASLI PAPUA (OAP),OPERATOR LAYANAN KESEHATAN,Pemerintah Kabupaten Mimika | Dinas Kesehatan | PUSKESMAS MAPURU JAYA,1,0,5000000,7000000,5,0,0,0
186392ed-e1ad-461b-a3af-a5e3ce45ae91,Pemerintah Kab. Mimika,CPNS,ORANG ASLI PAPUA (OAP),OPERATOR LAYANAN KESEHATAN,Pemerintah Kabupaten Mimika | Dinas Kesehatan | PUSKESMAS KARANG SENANG,1,0,5000000,7000000,7,0,0,0
33700ffe-5d79-43be-930d-81637362a32a,Pemerintah Kab. Mimika,CPNS,ORANG ASLI PAPUA (OAP),OPERATOR LAYANAN KESEHATAN,Pemerintah Kabupaten Mimika | Dinas Kesehatan | PUSKESMAS TIMIKA JAYA,1,0,5000000,7000000,8,0,0,0
3439a433-1b56-45a1-ab4f-1beefc65e17c,Pemerintah Kab. Mimika,CPNS,ORANG ASLI PAPUA (OAP),OPERATOR LAYANAN KESEHATAN,Pemerintah Kabupaten Mimika | Dinas Kesehatan | PUSKESMAS AMAR,1,0,5000000,7000000,4,0,0,0
41710d35-73ee-4e2d-a7eb-da64f1c0c9d8,Pemerintah Kab. Mimika,CPNS,UMUM (NON OAP),OPERATOR LAYANAN KESEHATAN,Pemerintah Kabupaten Mimika | Dinas Kesehatan | PUSKESMAS TAPORMAI,1,0,5000000,7000000,10,0,0,0
43d8fa51-fafd-4530-b26c-af7ef9154faa,Pemerintah Kab. Mimika,CPNS,ORANG ASLI PAPUA (OAP),OPERATOR LAYANAN KESEHATAN,Pemerintah Kabupaten Mimika | Dinas Kesehatan | PUSKESMAS POTOWAYBURU,1,0,5000000,7000000,5,0,0,0
473842f0-9a5f-40d7-a46e-6b672f2f4de6,Pemerintah Kab. Mimika,CPNS,ORANG ASLI PAPUA (OAP),OPERATOR LAYANAN KESEHATAN,Pemerintah Kabupaten Mimika | Dinas Kesehatan | PUSKESMAS KOKONAO,1,0,5000000,7000000,14,0,0,0
4bd126ba-6ad5-42e3-a517-a7b32eca19db,Pemerintah Kab. Mimika,CPNS,ORANG ASLI PAPUA (OAP),OPERATOR LAYANAN KESEHATAN,Pemerintah Kabupaten Mimika | Dinas Kesehatan | PUSKESMAS WANIA,1,0,5000000,7000000,7,0,0,0
54fd5914-4959-4316-a6b6-a40f75f9b102,Pemerintah Kab. Mimika,CPNS,ORANG ASLI PAPUA (OAP),OPERATOR LAYANAN KESEHATAN,Pemerintah Kabupaten Mimika | Dinas Kesehatan | PUSKESMAS JITA,1,0,5000000,7000000,6,0,0,0
6accb4ca-92b7-4542-a060-7fc31ab92d32,Pemerintah Kab. Mimika,CPNS,ORANG ASLI PAPUA (OAP),OPERATOR LAYANAN KESEHATAN,Pemerintah Kabupaten Mimika | Dinas Kesehatan | PUSKESMAS ARWANOP,1,0,5000000,7000000,3,0,0,0
72a07e2c-3e6f-4a57-90a2-f79ce3ea5e47,Pemerintah Kab. Mimika,CPNS,UMUM (NON OAP),OPERATOR LAYANAN KESEHATAN,"Pemerintah Kabupaten Mimika | RSUD Kab. Mimika | KEPALA BAGIAN TATA USAHA | KASUBAG KEPEGAWAIAN, PENDIDIKAN DAN PENGEMBANGAN SDM",4,0,5000000,7000000,142,0,0,0
7ce6bcc9-8899-4fb9-8e2e-f8d4479f4b25,Pemerintah Kab. Mimika,CPNS,ORANG ASLI PAPUA (OAP),OPERATOR LAYANAN KESEHATAN,Pemerintah Kabupaten Mimika | Dinas Kesehatan | PUSKESMAS JILA,2,0,5000000,7000000,18,0,0,0
7d8bf388-8664-4d78-9fc9-dd004c7dbbce,Pemerintah Kab. Mimika,CPNS,ORANG ASLI PAPUA (OAP),OPERATOR LAYANAN KESEHATAN,Pemerintah Kabupaten Mimika | Dinas Kesehatan | PUSKESMAS MANASARI,1,0,5000000,7000000,3,0,0,0
80608ade-d245-46d5-858e-0c872a181a25,Pemerintah Kab. Mimika,CPNS,ORANG ASLI PAPUA (OAP),OPERATOR LAYANAN KESEHATAN,Pemerintah Kabupaten Mimika | Dinas Kesehatan | PUSKESMAS WAKIA,1,0,5000000,7000000,1,0,0,0
ab8adb01-2f6d-4037-81ab-15987cd71c4c,Pemerintah Kab. Mimika,CPNS,ORANG ASLI PAPUA (OAP),OPERATOR LAYANAN KESEHATAN,Pemerintah Kabupaten Mimika | Dinas Kesehatan | PUSKESMAS ALAMA,1,0,5000000,7000000,15,0,0,0
b131fe6b-2d00-4837-9c73-322fe43e3f0a,Pemerintah Kab. Mimika,CPNS,ORANG ASLI PAPUA (OAP),OPERATOR LAYANAN KESEHATAN,Pemerintah Kabupaten Mimika | Dinas Kesehatan | PUSKESMAS MAPAR,1,0,5000000,7000000,4,0,0,0
bf3a2edd-9581-4667-afb9-0b75b79e394d,Pemerintah Kab. Mimika,CPNS,ORANG ASLI PAPUA (OAP),OPERATOR LAYANAN KESEHATAN,Pemerintah Kabupaten Mimika | Dinas Kesehatan | PUSKESMAS PASAR SENTRAL,1,0,5000000,7000000,4,0,0,0
d3c1dd7e-fa37-416a-bb69-d49c4557373e,Pemerintah Kab. Mimika,CPNS,ORANG ASLI PAPUA (OAP),OPERATOR LAYANAN KESEHATAN,Pemerintah Kabupaten Mimika | Dinas Kesehatan | PUSKESMAS TSINGA,1,0,5000000,7000000,5,0,0,0
ebb12d85-ef75-4700-ad87-2058b48650d7,Pemerintah Kab. Mimika,CPNS,ORANG ASLI PAPUA (OAP),OPERATOR LAYANAN KESEHATAN,Pemerintah Kabupaten Mimika | Dinas Kesehatan | PUSKESMAS ATUKA,2,0,5000000,7000000,12,0,0,0
ec204b8c-5765-4dd9-b787-72e6fef0d233,Pemerintah Kab. Mimika,CPNS,ORANG ASLI PAPUA (OAP),OPERATOR LAYANAN KESEHATAN,Pemerintah Kabupaten Mimika | Dinas Kesehatan | PUSKESMAS HOYA,1,0,5000000,7000000,13,0,0,0
f07e8e95-2784-49df-8fa1-a4f43bb6b06d,Pemerintah Kab. Mimika,CPNS,UMUM (NON OAP),OPERATOR LAYANAN KESEHATAN,Pemerintah Kabupaten Mimika | Dinas Kesehatan | PUSKESMAS KWAMKI,1,0,5000000,7000000,20,0,0,0
f3d08a62-b78a-4fcf-9086-e5c98a3d6a17,Pemerintah Kab. Mimika,CPNS,ORANG ASLI PAPUA (OAP),OPERATOR LAYANAN KESEHATAN,Pemerintah Kabupaten Mimika | Dinas Kesehatan | Sekretariat Dinas Kesehatan,2,0,5000000,7000000,6,0,0,0
f3d58eb7-0728-4eec-9167-5c99da0d68f5,Pemerintah Kab. Mimika,CPNS,UMUM (NON OAP),OPERATOR LAYANAN KESEHATAN,Pemerintah Kabupaten Mimika | Dinas Kesehatan | PUSKESMAS IPAYA,1,0,5000000,7000000,22,0,0,0
f59c8303-a8e2-4953-afc2-712997fdc188,Pemerintah Kab. Mimika,CPNS,UMUM (NON OAP),OPERATOR LAYANAN KESEHATAN,Pemerintah Kabupaten Mimika | Dinas Kesehatan | RS Waa Banti | DIREKTORAT | UMUM DAN KEPEGAWAIAN,1,0,5000000,7000000,15,0,0,0
8a0186cc9159ace501915a2d890446d9,Pemerintah Kab. Mimika,CPNS,ORANG ASLI PAPUA (OAP),PEMADAM KEBAKARAN PEMULA,Pemerintah Kabupaten Mimika | Badan Penanggulangan Bencana Daerah | Bidang Kebakaran,12,0,5000000,7000000,492,0,0,0
bb3f1c0f-8e82-4f7c-b59d-588a5fb3ca92,Pemerintah Kab. Mimika,CPNS,UMUM (NON OAP),PEMADAM KEBAKARAN PEMULA,Pemerintah Kabupaten Mimika | Badan Penanggulangan Bencana Daerah | Bidang Kebakaran,3,0,5000000,7000000,181,0,0,0
8a0186cc9159ace501915a35bae84cab,Pemerintah Kab. Mimika,CPNS,ORANG ASLI PAPUA (OAP),PEMELIHARA TUMBUHAN,"Pemerintah Kabupaten Mimika | Dinas Tanaman Pangan, Hortikultura Dan Perkebunan | Bidang Produksi Tanaman Perkebunan",8,0,5000000,7000000,313,0,0,0
413ece3b-6002-48f8-86ff-a61f94e4ce53,Pemerintah Kab. Mimika,CPNS,UMUM (NON OAP),PEMELIHARA TUMBUHAN,"Pemerintah Kabupaten Mimika | Dinas Tanaman Pangan, Hortikultura Dan Perkebunan | Bidang Produksi Tanaman Perkebunan",2,0,5000000,7000000,92,0,0,0
8a0186cc9159ace501915a51b7876372,Pemerintah Kab. Mimika,CPNS,ORANG ASLI PAPUA (OAP),PENATA LAKSANA BANGUNAN GEDUNG DAN KAWASAN PERMUKIMAN PEMULA,"Pemerintah Kabupaten Mimika | Dinas Perumahan, Kawasan Permukiman, dan Pertanahan | Bidang Prasarana, Sarana dan Utilitas Umum PSU dan Pemakaman",5,0,5000000,7000000,127,0,0,0
c76e648f-f250-4b2b-9444-217c3b4fd1e7,Pemerintah Kab. Mimika,CPNS,UMUM (NON OAP),PENATA LAKSANA BANGUNAN GEDUNG DAN KAWASAN PERMUKIMAN PEMULA,"Pemerintah Kabupaten Mimika | Dinas Perumahan, Kawasan Permukiman, dan Pertanahan | Bidang Prasarana, Sarana dan Utilitas Umum PSU dan Pemakaman",1,0,5000000,7000000,38,0,0,0
8a0186cc9159ace501915a5356cd649b,Pemerintah Kab. Mimika,CPNS,ORANG ASLI PAPUA (OAP),PENATA LAKSANA JALAN DAN JEMBATAN PEMULA,Pemerintah Kabupaten Mimika | Dinas Pekerjaan Umum dan Penataan Ruang | Bidang Bina Marga,2,0,5000000,7000000,91,0,0,0
477bc91f-4ab6-4b90-acd9-1bf53459a3f2,Pemerintah Kab. Mimika,CPNS,UMUM (NON OAP),PENATA LAKSANA JALAN DAN JEMBATAN PEMULA,Pemerintah Kabupaten Mimika | Dinas Pekerjaan Umum dan Penataan Ruang | Bidang Bina Marga,1,0,5000000,7000000,24,0,0,0
8a0186cc9159ace501915a5516206625,Pemerintah Kab. Mimika,CPNS,ORANG ASLI PAPUA (OAP),PENGAMAT TERA PEMULA,Pemerintah Kabupaten Mimika | Dinas Perindustrian Dan Perdagangan | Bidang Metrologi dan Perlindungan Konsumen,2,0,5000000,7000000,23,0,0,0
09328298-24ea-47f0-84f9-79aa0ad0946a,Pemerintah Kab. Mimika,CPNS,UMUM (NON OAP),PENGAMAT TERA PEMULA,Pemerintah Kabupaten Mimika | Dinas Perindustrian Dan Perdagangan | Bidang Metrologi dan Perlindungan Konsumen,1,0,5000000,7000000,20,0,0,0
8a0384c5915a83e001915a9c7b4c158a,Pemerintah Kab. Mimika,CPNS,ORANG ASLI PAPUA (OAP),PETUGAS OPERASI DAN PEMELIHARAAN,Pemerintah Kabupaten Mimika | Dinas Pekerjaan Umum dan Penataan Ruang | Sekretariat Dinas Pekerjaan Umum Dan Penataan Ruang | Sub Bagian Umum dan Kepegawaian,2,0,5000000,7000000,64,0,0,0
6d5325bb-a9fe-4f01-8b18-fc7a47bec3fb,Pemerintah Kab. Mimika,CPNS,UMUM (NON OAP),PETUGAS OPERASI DAN PEMELIHARAAN,Pemerintah Kabupaten Mimika | Dinas Pekerjaan Umum dan Penataan Ruang | Sekretariat Dinas Pekerjaan Umum Dan Penataan Ruang | Sub Bagian Umum dan Kepegawaian,1,0,5000000,7000000,22,0,0,0
8a0384c5915a83e001915a9e0e221668,Pemerintah Kab. Mimika,CPNS,ORANG ASLI PAPUA (OAP),POLISI PAMONG PRAJA PEMULA,Pemerintah Kabupaten Mimika | Dinas Satuan Polisi Pamong Praja | Bidang Ketentraman dan Ketertiban umum,22,0,5000000,7000000,484,0,0,0
71df19ee-f76c-47a3-a484-036ee0d3cdf7,Pemerintah Kab. Mimika,CPNS,UMUM (NON OAP),POLISI PAMONG PRAJA PEMULA,Pemerintah Kabupaten Mimika | Dinas Satuan Polisi Pamong Praja | Bidang Ketentraman dan Ketertiban umum,3,0,5000000,7000000,123,0,0,0
8a0384c5915a83e001915aa5d99c1bec,Pemerintah Kab. Mimika,CPNS,ORANG ASLI PAPUA (OAP),PRANATA PENCARIAN DAN PERTOLONGAN PEMULA,Pemerintah Kabupaten Mimika | Badan Penanggulangan Bencana Daerah | Bidang Pencegahan dan Kesiapsiagaan,8,0,5000000,7000000,87,0,0,0
205de1d3-18a1-4cd7-8bd0-696db0ac767c,Pemerintah Kab. Mimika,CPNS,UMUM (NON OAP),PRANATA PENCARIAN DAN PERTOLONGAN PEMULA,Pemerintah Kabupaten Mimika | Badan Penanggulangan Bencana Daerah | Bidang Pencegahan dan Kesiapsiagaan,2,0,5000000,7000000,27,0,0,0
2aa735a9-fad9-403c-99c7-a372b47ea9db,Pemerintah Kab. Minahasa,CPNS,UMUM,OPERATOR LAYANAN KESEHATAN,PEMERINTAH KABUPATEN MINAHASA | DINAS KESEHATAN | SEKRETARIAT DINAS KESEHATAN,2,1,2500000,4000000,271,0,0,0
8a02826391606efe0191608eceb20a31,Pemerintah Kab. Minahasa Selatan,CPNS,PENYANDANG DISABILITAS,ASISTEN PELATIH OLAHRAGA PEMULA,Pemerintah Kabupaten Minahasa Selatan | DInas Pemuda dan Olahraga,1,1,2100000,5000000,3,0,0,0
7c0debeb-44c8-47e9-a496-b224f3832854,Pemerintah Kab. Minahasa Selatan,CPNS,UMUM,ASISTEN PELATIH OLAHRAGA PEMULA,Pemerintah Kabupaten Minahasa Selatan | DInas Pemuda dan Olahraga,9,1,2100000,5000000,153,0,0,0
6c1dd184-0ceb-40de-abbb-b0ea3c66e287,Pemerintah Kab. Minahasa Selatan,CPNS,UMUM,PEMADAM KEBAKARAN PEMULA,Pemerintah Kabupaten Minahasa Selatan | Dinas Pemadam Kebakaran dan Penyelamatan,25,1,2100000,5000000,170,0,0,0
5e7ac0ea-839b-4eff-bade-35e4511d7cd6,Pemerintah Kab. Minahasa Selatan,CPNS,UMUM,PENGAMAT TERA PEMULA,Pemerintah Kabupaten Minahasa Selatan | Dinas Perdagangan,4,1,2100000,5000000,208,0,0,0
6440630e-e5f3-454b-8774-c2b7a505b21f,Pemerintah Kab. Minahasa Selatan,CPNS,UMUM,PETUGAS OPERASI DAN PEMELIHARAAN,Pemerintah Kabupaten Minahasa Selatan | Dinas Pekerjaan Umum dan Tata Ruang | Bidang Sumber Daya Air,4,1,2100000,5000000,226,0,0,0
573f7645-ebe0-42f4-a546-dcedd370b88a,Pemerintah Kab. Minahasa Selatan,CPNS,UMUM,POLISI PAMONG PRAJA PEMULA,Pemerintah Kabupaten Minahasa Selatan | Satuan Polisi Pamong Praja,75,1,2100000,5000000,831,0,0,0
70b5c5f0-5ab1-4d60-8a7c-6e0d3c5589b7,Pemerintah Kab. Morowali,CPNS,UMUM,PEMADAM KEBAKARAN PEMULA,PEMERINTAH KABUPATEN MOROWALI | SATUAN POLISI PAMONG PRAJA | BIDANG PEMADAM KEBAKARAN DAN NON KEBAKARAN,6,0,2184000,2400000,135,0,0,0
1b11fc80-359a-4ed3-befa-94907a0a19e8,Pemerintah Kab. Morowali Utara,CPNS,UMUM,OPERATOR LAYANAN KESEHATAN,PEMERINTAH DAERAH KABUPATEN MOROWALI UTARA | PEMDA KAB. MOROWALI UTARA | DINAS KESEHATAN DAERAH | UPT PUSKESMAS PANCA MAKMUR KEC. SOYO JAYA | SUB BAGIAN TATA USAHA,2,0,2485900,2485900,131,0,0,0
1a9595b6-48ae-455e-80fd-f40f4b882168,Pemerintah Kab. Morowali Utara,CPNS,UMUM,PEMADAM KEBAKARAN PEMULA,"PEMERINTAH DAERAH KABUPATEN MOROWALI UTARA | PEMDA KAB. MOROWALI UTARA | SATUAN POLISI PAMONG PRAJA DAN PEMADAM KEBAKARAN DAERAH | BIDANG PEMADAM KEBAKARAN | SEKSI OPERASIONAL, SARANA DAN PRASARANA",5,0,2184000,2184000,111,0,0,0
38287300-9490-49e2-b4de-6db3a44ef1a5,Pemerintah Kab. Morowali Utara,CPNS,UMUM,PEMADAM KEBAKARAN PEMULA,PEMERINTAH DAERAH KABUPATEN MOROWALI UTARA | PEMDA KAB. MOROWALI UTARA | SATUAN POLISI PAMONG PRAJA DAN PEMADAM KEBAKARAN DAERAH | BIDANG PEMADAM KEBAKARAN | SEKSI PENYUSUNAN RENCANA INDUK PROTEKSI KEBAKARA,5,0,2184000,2184000,58,0,0,0
6360258c-2fef-4bf4-9a74-134316a757b8,Pemerintah Kab. Morowali Utara,CPNS,UMUM,PETUGAS OPERASI DAN PEMELIHARAAN,"PEMERINTAH DAERAH KABUPATEN MOROWALI UTARA | PEMDA KAB. MOROWALI UTARA | DINAS PEKERJAAN UMUM, PENATAAN RUANG, PERUMAHAN DAN KAWASAN PERMUKIMAN DAERAH | BIDANG SUMBER DAYA AIR",1,0,2184000,2184000,71,0,0,0
953e2c6b-b7b5-40f8-a08d-42eda191684e,Pemerintah Kab. Morowali Utara,CPNS,UMUM,POLISI PAMONG PRAJA PEMULA,"PEMERINTAH DAERAH KABUPATEN MOROWALI UTARA | PEMDA KAB. MOROWALI UTARA | SATUAN POLISI PAMONG PRAJA DAN PEMADAM KEBAKARAN DAERAH | BIDANG PENEGAKAN PERDA, PERBUP DAN SDA | SEKSI PENEGAKAN PERDA DAN PERBUP",12,0,2184000,2184000,56,0,0,0
ac53d6bd-52ee-4473-ae36-213b1a08ed2d,Pemerintah Kab. Morowali Utara,CPNS,UMUM,POLISI PAMONG PRAJA PEMULA,"PEMERINTAH DAERAH KABUPATEN MOROWALI UTARA | PEMDA KAB. MOROWALI UTARA | SATUAN POLISI PAMONG PRAJA DAN PEMADAM KEBAKARAN DAERAH | BIDANG PENEGAKAN PERDA, PERBUP DAN SDA | SEKSI PEMBERDAYAAN PPNS",12,0,2184000,2184000,61,0,0,0
de9dcbff-da71-41fe-9d08-705f58fece83,Pemerintah Kab. Morowali Utara,CPNS,UMUM,POLISI PAMONG PRAJA PEMULA,PEMERINTAH DAERAH KABUPATEN MOROWALI UTARA | PEMDA KAB. MOROWALI UTARA | SATUAN POLISI PAMONG PRAJA DAN PEMADAM KEBAKARAN DAERAH | BIDANG KETENTRAMAN DAN KETERTIBAN UMUM | SEKSI PEMBINAAN DAN GANGGUAN KETENTRAMAN,20,0,2184000,2184000,325,0,0,0
e11c4346-b8a9-4bd2-a647-c10abd1db1bb,Pemerintah Kab. Morowali Utara,CPNS,UMUM,POLISI PAMONG PRAJA PEMULA,PEMERINTAH DAERAH KABUPATEN MOROWALI UTARA | PEMDA KAB. MOROWALI UTARA | SATUAN POLISI PAMONG PRAJA DAN PEMADAM KEBAKARAN DAERAH | BIDANG KETENTRAMAN DAN KETERTIBAN UMUM | SEKSI DATA INFORMASI DAN PELAPORAN,10,0,2184000,2184000,115,0,0,0
38d461f4-8ba7-4eb0-9b4c-07d0ec0c798b,Pemerintah Kab. Muara Enim,CPNS,UMUM,POLISI PAMONG PRAJA PEMULA,PEMERINTAH KABUPATEN MUARA ENIM | SATUAN POLISI PAMONG PRAJA,44,1,2288200,2608548,1858,0,0,0
47dd53bf-3c49-42ff-92a8-7f9b93ad84ea,Pemerintah Kab. Mukomuko,CPNS,UMUM,POLISI PAMONG PRAJA PEMULA,Pemerintah Kabupaten Mukomuko | Dinas Satuan Polisi Pamong Praja,2,1,2000000,4000000,141,0,0,0
c02d04e7-8dc1-4915-b65c-5b667584b7a2,Pemerintah Kab. Muna,CPNS,UMUM,OPERATOR LAYANAN KESEHATAN,"PEMERINTAH KABUPATEN MUNA | Rumah Sakit Umum Daerah dr. H. L.M. BAHARUDDIN, M.Kes | KEPALA BAGIAN TATA USAHA | SUB BAGIAN UMUM DAN KEPEGAWAIAN",1,1,2500000,3500000,88,0,0,0
85e575a9-2148-4c69-8f8e-cfbfaff4fbae,Pemerintah Kab. Muna Barat,CPNS,UMUM,POLISI PAMONG PRAJA PEMULA,PEMERINTAH KABUPATEN MUNA BARAT | SATUAN POLISI  PAMONG PRAJA | BIDANG KETERTIBAN UMUM DAN KETENTRAMAN MASYARAKAT | SEKSI OPERASIONAL DAN PENGENDALIAN,10,1,2768920,4434684,589,0,0,0
71584cb8-c2ef-4a91-9844-bcfe0674c7d7,Pemerintah Kab. Musi Rawas,CPNS,UMUM,POLISI PAMONG PRAJA PEMULA,Pemerintah Kabupaten Musi Rawas | Satuan Polisi Pamong Praja Dan Pemadam Kebakaran | Bidang Ketertiban Umum Dan Ketentraman Masyarakat,10,1,2228560,4000000,1010,0,0,0
8a0384c7915b4c4c01915e149f6a1896,Pemerintah Kab. Nabire,CPNS,ORANG ASLI PAPUA (OAP),ASISTEN PELATIH OLAHRAGA PEMULA,PEMERINTAH KABUPATEN NABIRE | DINAS KEBUDAYAAN PARIWISATA PEMUDA DAN OLAH RAGA | BIDANG PENGEMBANGAN KEMITRAAN KEBUDAYAAN | SEKSI KEMITRAAN KEBUDAYAAN,8,0,2300000,3000000,67,0,0,0
95836462-2335-45c0-a34c-fb9ec4aeeb36,Pemerintah Kab. Nabire,CPNS,UMUM (NON OAP),ASISTEN PELATIH OLAHRAGA PEMULA,PEMERINTAH KABUPATEN NABIRE | DINAS KEBUDAYAAN PARIWISATA PEMUDA DAN OLAH RAGA | BIDANG PENGEMBANGAN KEMITRAAN KEBUDAYAAN | SEKSI KEMITRAAN KEBUDAYAAN,2,1,2300000,3000000,61,0,0,0
8a0384c7915b4c4c01915e2063c31c0e,Pemerintah Kab. Nabire,CPNS,ORANG ASLI PAPUA (OAP),PEMADAM KEBAKARAN PEMULA,PEMERINTAH KABUPATEN NABIRE | BADAN PENANGGULANGAN BENCANA DAERAH | BIDANG PENCEGAHAN DAN KESIAPSIAGAAN | SUB BIDANG PENCEGAHAN,5,0,2300000,3000000,244,0,0,0
8d6a226f-eb25-4f8e-b2f8-ce1cd1c6af24,Pemerintah Kab. Nabire,CPNS,UMUM (NON OAP),PEMADAM KEBAKARAN PEMULA,PEMERINTAH KABUPATEN NABIRE | BADAN PENANGGULANGAN BENCANA DAERAH | BIDANG PENCEGAHAN DAN KESIAPSIAGAAN | SUB BIDANG PENCEGAHAN,1,1,2300000,3000000,134,0,0,0
250ef2a5-3cf9-4ffe-b939-285c967d7a08,Pemerintah Kab. Nabire,CPNS,ORANG ASLI PAPUA (OAP),PENATA LAKSANA BANGUNAN GEDUNG DAN KAWASAN PERMUKIMAN PEMULA,PEMERINTAH KABUPATEN NABIRE | DINAS PERUMAHAN RAKYAT DAN KAWASAN PERMUKIMAN | BIDANG PERENCANAAN PEMBANGUNAN PERUMAHAN DAN KAWASAN PERMUKIMAN | SEKSI PERENCANAAN DAN PEMBANGUNAN,1,0,2300000,3000000,43,0,0,0
59a0a674-fd6f-40dd-a39f-2c805ae7b925,Pemerintah Kab. Nabire,CPNS,ORANG ASLI PAPUA (OAP),PENATA LAKSANA JALAN DAN JEMBATAN PEMULA,PEMERINTAH KABUPATEN NABIRE | DINAS PEKERJAAN UMUM DAN PENATAAN RUANG | BIDANG BINA MARGA | SEKSI PEMELIHARAAN JALAN DAN JEMBATAN,1,1,2300000,3000000,58,0,0,0
8a0384c7915b4c4c01915e0d1c1b1720,Pemerintah Kab. Nabire,CPNS,ORANG ASLI PAPUA (OAP),PENATA LAKSANA PENYEHATAN LINGKUNGAN PEMULA,PEMERINTAH KABUPATEN NABIRE | DINAS LINGKUNGAN HIDUP | BIDANG PENGENDALIAN PENCEMARAN DAN KERUSAKAN LINGKUNGAN | SEKSI PENGENDALIAN KERUSAKAN LINGKUNGAN,1,1,2300000,3000000,51,0,0,0
58fe1184-62d6-4487-80d3-e775bcf69d0c,Pemerintah Kab. Nabire,CPNS,UMUM (NON OAP),PENATA LAKSANA PENYEHATAN LINGKUNGAN PEMULA,PEMERINTAH KABUPATEN NABIRE | DINAS LINGKUNGAN HIDUP | BIDANG PENGENDALIAN PENCEMARAN DAN KERUSAKAN LINGKUNGAN | SEKSI PENGENDALIAN KERUSAKAN LINGKUNGAN,1,1,2300000,3000000,66,0,0,0
8a0384c7915b4c4c01915e0ca8661719,Pemerintah Kab. Nabire,CPNS,ORANG ASLI PAPUA (OAP),PENGAMAT TERA PEMULA,PEMERINTAH KABUPATEN NABIRE | DINAS PERDAGANGAN | BIDANG BINA USAHA DAN SARANA PERDAGANGAN | SEKSI PERIZINAN DAN PENDAFTARAN,1,1,2300000,3000000,19,0,0,0
78daf31b-40b4-445e-88df-6496b3fee1ec,Pemerintah Kab. Nabire,CPNS,UMUM (NON OAP),PENGAMAT TERA PEMULA,PEMERINTAH KABUPATEN NABIRE | DINAS PERDAGANGAN | BIDANG BINA USAHA DAN SARANA PERDAGANGAN | SEKSI PERIZINAN DAN PENDAFTARAN,1,1,2300000,3000000,82,0,0,0
8a0384c7915b4c4c01915e1aaf5b1a2c,Pemerintah Kab. Nabire,CPNS,ORANG ASLI PAPUA (OAP),POLISI PAMONG PRAJA PEMULA,PEMERINTAH KABUPATEN NABIRE | DINAS SATUAN POLISI PAMONG PRAJA | BIDANG TRANTIB | SEKSI OPERASI DAN PENGENDALIAN,15,1,2300000,3000000,240,0,0,0
7c7113af-f77f-474a-a121-a07ad5e439e0,Pemerintah Kab. Nabire,CPNS,UMUM (NON OAP),POLISI PAMONG PRAJA PEMULA,PEMERINTAH KABUPATEN NABIRE | DINAS SATUAN POLISI PAMONG PRAJA | BIDANG TRANTIB | SEKSI OPERASI DAN PENGENDALIAN,4,1,2300000,3000000,137,0,0,0
8a0384c8915fa2df0191603f13cc17d0,Pemerintah Kab. Nduga,CPNS,ORANG ASLI PAPUA (OAP),ASISTEN PELATIH OLAHRAGA PEMULA,PEMERINTAH KABUPATEN NDUGA | DINAS PEMUDA DAN OLAH RAGA | BIDANG KEOLAHRAGAAN | SEKSI PEMBINAAN PRESTASI,6,1,2300000,3000000,20,0,0,0
8a02826391606efe0191606ffb1e000d,Pemerintah Kab. Nduga,CPNS,ORANG ASLI PAPUA (OAP),OPERATOR LAYANAN KESEHATAN,PEMERINTAH KABUPATEN NDUGA | DINAS KESEHATAN | PUSKESMAS KAB NDUGA | PUSKESMAS KERSPKURI,3,1,2300000,3000000,3,0,0,0
8a02826391606efe0191607062a90012,Pemerintah Kab. Nduga,CPNS,ORANG ASLI PAPUA (OAP),OPERATOR LAYANAN KESEHATAN,PEMERINTAH KABUPATEN NDUGA | DINAS KESEHATAN | PUSKESMAS KAB NDUGA | PUSKESMAS GESELEMA,2,1,2300000,3000000,3,0,0,0
8a02826391606efe01916070c695002e,Pemerintah Kab. Nduga,CPNS,ORANG ASLI PAPUA (OAP),OPERATOR LAYANAN KESEHATAN,PEMERINTAH KABUPATEN NDUGA | DINAS KESEHATAN | PUSKESMAS KAB NDUGA | PUSKESMAS YENGGELO,2,1,2300000,3000000,2,0,0,0
8a02826391606efe0191607147260045,Pemerintah Kab. Nduga,CPNS,ORANG ASLI PAPUA (OAP),OPERATOR LAYANAN KESEHATAN,PEMERINTAH KABUPATEN NDUGA | DINAS KESEHATAN | PUSKESMAS KAB NDUGA | PUSKESMAS PARO,1,1,2300000,3000000,1,0,0,0
8a02826391606efe0191607254460063,Pemerintah Kab. Nduga,CPNS,ORANG ASLI PAPUA (OAP),OPERATOR LAYANAN KESEHATAN,PEMERINTAH KABUPATEN NDUGA | DINAS KESEHATAN | PUSKESMAS KAB NDUGA | PUSKESMAS MUGI,1,1,2300000,3000000,1,0,0,0
8a02826391606efe01916072e450007f,Pemerintah Kab. Nduga,CPNS,ORANG ASLI PAPUA (OAP),OPERATOR LAYANAN KESEHATAN,PEMERINTAH KABUPATEN NDUGA | DINAS KESEHATAN | PUSKESMAS KAB NDUGA | PUSKESMAS EMBETPEN/ WENDAMA,1,1,2300000,3000000,1,0,0,0
8a02826391606efe01916073dab10094,Pemerintah Kab. Nduga,CPNS,ORANG ASLI PAPUA (OAP),OPERATOR LAYANAN KESEHATAN,PEMERINTAH KABUPATEN NDUGA | DINAS KESEHATAN | PUSKESMAS KAB NDUGA | PUSKESMAS KENYAM,3,1,2300000,3000000,4,0,0,0
8a02826391606efe019160743e9800a4,Pemerintah Kab. Nduga,CPNS,ORANG ASLI PAPUA (OAP),OPERATOR LAYANAN KESEHATAN,PEMERINTAH KABUPATEN NDUGA | DINAS KESEHATAN | PUSKESMAS KAB NDUGA | PUSKESMAS GEAREK,2,1,2300000,3000000,2,0,0,0
8a0384c8915fa2df01916040788e17ff,Pemerintah Kab. Nduga,CPNS,ORANG ASLI PAPUA (OAP),OPERATOR LAYANAN KESEHATAN,PEMERINTAH KABUPATEN NDUGA | DINAS KESEHATAN | PUSKESMAS KAB NDUGA | PUSKESMAS KROPTAK,1,1,2300000,3000000,1,0,0,0
8a0384c8915fa2df0191604a11951a34,Pemerintah Kab. Nduga,CPNS,ORANG ASLI PAPUA (OAP),OPERATOR LAYANAN KESEHATAN,PEMERINTAH KABUPATEN NDUGA | DINAS KESEHATAN | PUSKESMAS KAB NDUGA | PUSKESMAS MBUA,4,1,2300000,3000000,5,0,0,0
8a0384c8915fa2df0191604a56421a41,Pemerintah Kab. Nduga,CPNS,ORANG ASLI PAPUA (OAP),OPERATOR LAYANAN KESEHATAN,PEMERINTAH KABUPATEN NDUGA | DINAS KESEHATAN | PUSKESMAS KAB NDUGA | PUSKESMAS WUTPAGA,3,1,2300000,3000000,3,0,0,0
8a0384c8915fa2df0191604a92b71a4c,Pemerintah Kab. Nduga,CPNS,ORANG ASLI PAPUA (OAP),OPERATOR LAYANAN KESEHATAN,PEMERINTAH KABUPATEN NDUGA | DINAS KESEHATAN | PUSKESMAS KAB NDUGA | PUSKESMAS MBULMUYALAMA,2,1,2300000,3000000,2,0,0,0
8a0384c8915fa2df0191604ac2941a55,Pemerintah Kab. Nduga,CPNS,ORANG ASLI PAPUA (OAP),OPERATOR LAYANAN KESEHATAN,PEMERINTAH KABUPATEN NDUGA | DINAS KESEHATAN | PUSKESMAS KAB NDUGA | PUSKESMAS YIGI,4,1,2300000,3000000,4,0,0,0
8a0384c8915fa2df0191604af99b1a58,Pemerintah Kab. Nduga,CPNS,ORANG ASLI PAPUA (OAP),OPERATOR LAYANAN KESEHATAN,PEMERINTAH KABUPATEN NDUGA | DINAS KESEHATAN | PUSKESMAS KAB NDUGA | PUSKESMAS WUSI,2,1,2300000,3000000,2,0,0,0
8a0384c8915fa2df0191606bd4532349,Pemerintah Kab. Nduga,CPNS,ORANG ASLI PAPUA (OAP),OPERATOR LAYANAN KESEHATAN,PEMERINTAH KABUPATEN NDUGA | DINAS KESEHATAN | PUSKESMAS KAB NDUGA | PUSKESMAS MAPNDUMA,2,1,2300000,3000000,2,0,0,0
8a0384c8915fa2df0191606c659c237a,Pemerintah Kab. Nduga,CPNS,ORANG ASLI PAPUA (OAP),OPERATOR LAYANAN KESEHATAN,PEMERINTAH KABUPATEN NDUGA | DINAS KESEHATAN | RUMAH SAKIT UMUM DAERAH ELVRIDA SARA,5,1,2300000,3000000,5,0,0,0
43baf771-0044-42a4-bad6-4c55304f33c1,Pemerintah Kab. Nduga,CPNS,ORANG ASLI PAPUA (OAP),OPERATOR LAYANAN KESEHATAN,PEMERINTAH KABUPATEN NDUGA | DINAS KESEHATAN | PUSKESMAS KAB NDUGA | PUSKESMAS WOSAK,4,1,2300000,3000000,4,0,0,0
c0175774-edfd-4897-a24a-9a62889e43e9,Pemerintah Kab. Nduga,CPNS,UMUM (NON OAP),OPERATOR LAYANAN KESEHATAN,PEMERINTAH KABUPATEN NDUGA | DINAS KESEHATAN | PUSKESMAS KAB NDUGA | PUSKESMAS PARO,1,1,2300000,3000000,4,0,0,0
ee3f7650-f271-4603-bb37-e085f6f1261b,Pemerintah Kab. Nduga,CPNS,ORANG ASLI PAPUA (OAP),OPERATOR LAYANAN KESEHATAN,PEMERINTAH KABUPATEN NDUGA | DINAS KESEHATAN | PUSKESMAS KAB NDUGA | PUSKESMAS MBUA TENGAH,3,1,2300000,3000000,4,0,0,0
6a51979f-8e8f-41b9-9356-dd9e94ef9b27,Pemerintah Kab. Nduga,CPNS,ORANG ASLI PAPUA (OAP),PEMADAM KEBAKARAN PEMULA,PEMERINTAH KABUPATEN NDUGA | DINAS SATUAN POLISI PAMONG PRAJA | BIDANG KEBAKARAN | SEKSI PENCEGAHAN DAN PENANGGULANGAN,36,1,2300000,3000000,153,0,0,0
2ca2b5c8-e789-4eca-9189-e187f828ef97,Pemerintah Kab. Nduga,CPNS,ORANG ASLI PAPUA (OAP),PENATA LAKSANA BANGUNAN GEDUNG DAN KAWASAN PERMUKIMAN PEMULA,PEMERINTAH KABUPATEN NDUGA | DINAS PERUMAHAN DAN KAWASAN PERMUKIMAN | BIDANG KAWASAN PERMUKIMAN | SEKSI PENATAAN KAWASAN PERMUKIMAN,5,1,2300000,3000000,20,0,0,0
a64ede7e-ba2c-4f80-b99c-838072a181bf,Pemerintah Kab. Nduga,CPNS,ORANG ASLI PAPUA (OAP),PENATA LAKSANA BANGUNAN GEDUNG DAN KAWASAN PERMUKIMAN PEMULA,PEMERINTAH KABUPATEN NDUGA | DINAS PERUMAHAN DAN KAWASAN PERMUKIMAN | BIDANG PERUMAHAN | SEKSI PERENCANAAN PEMBANGUNAN DAN PENGEMBANGAN PERUMAHAN,6,1,2300000,3000000,21,0,0,0
ae632227-7460-4ccb-a52f-180a66690c7e,Pemerintah Kab. Nduga,CPNS,ORANG ASLI PAPUA (OAP),PENATA LAKSANA JALAN DAN JEMBATAN PEMULA,PEMERINTAH KABUPATEN NDUGA | DINAS PEKERJAAN UMUM | BIDANG BINA MARGA | SEKSI PEMBANGUNAN,9,1,2300000,3000000,34,0,0,0
8a4d498d-cb04-41a0-9243-99eec2dc32ee,Pemerintah Kab. Nduga,CPNS,ORANG ASLI PAPUA (OAP),PENATA LAKSANA PENYEHATAN LINGKUNGAN PEMULA,PEMERINTAH KABUPATEN NDUGA | DINAS LINGKUNGAN HIDUP | BIDANG PERENCANAAN DAN PENGAWASAN LINGKUNGAN | SEKSI PEMBINAAN DAN PENGAWASAN,6,1,2300000,3000000,16,0,0,0
4c56caa4-f11c-49d7-bbed-62773c05cb15,Pemerintah Kab. Nduga,CPNS,ORANG ASLI PAPUA (OAP),PENATA LAKSANA SUMBER DAYA AIR PEMULA,PEMERINTAH KABUPATEN NDUGA | DINAS PEKERJAAN UMUM | BIDANG PENGAIRAN DAN IRIGASI | SEKSI PENATAAN DAN PEMELIHARAAN SARANA PENGAIRAN,6,1,2300000,3000000,76,0,0,0
8d8cbee3-c933-4cc2-a428-8791b54171a0,Pemerintah Kab. Nduga,CPNS,ORANG ASLI PAPUA (OAP),PENGAMAT TERA PEMULA,"PEMERINTAH KABUPATEN NDUGA | DINAS PERINDUSTRIAN, PERDAGANGAN,KOPERASI DAN UMKM | BIDANG PERINDUSTRIAN | SEKSI BINA USAHA KERAJINAN",5,1,2300000,3000000,17,0,0,0
8a0384c8915fa2df0191603d6062174f,Pemerintah Kab. Nduga,CPNS,ORANG ASLI PAPUA (OAP),PRANATA PENCARIAN DAN PERTOLONGAN PEMULA,PEMERINTAH KABUPATEN NDUGA | BADAN PENANGGULANGAN BENCANA DAERAH | BIDANG KEDARURATAN DAN LOGISTIK | SEKSI KEDARURATAN,22,1,2300000,3000000,27,0,0,0
c2612bee-490d-481c-b5d2-4b57b6b38178,Pemerintah Kab. Nduga,CPNS,UMUM (NON OAP),PRANATA PENCARIAN DAN PERTOLONGAN PEMULA,PEMERINTAH KABUPATEN NDUGA | BADAN PENANGGULANGAN BENCANA DAERAH | BIDANG KEDARURATAN DAN LOGISTIK | SEKSI KEDARURATAN,1,1,2300000,3000000,25,0,0,0
0bebb88a-c693-4fca-9d2c-2ea6c5133dc5,Pemerintah Kab. Ngada,CPNS,UMUM,PETUGAS OPERASI DAN PEMELIHARAAN,"PEMERINTAH KABUPATEN NGADA | DINAS PEKERJAAN UMUM, PERUMAHAN RAKYAT DAN PERTANAHAN | BIDANG SUMBER DAYA AIR",1,0,2000000,2500000,73,0,0,0
693cef36-4645-4349-8f52-923e78cc381b,Pemerintah Kab. Nias Selatan,CPNS,UMUM,PEMADAM KEBAKARAN PEMULA,Pemerintah Kabupaten Nias Selatan | SATUAN POLISI PAMONG PRAJA DAN PERLINDUNGAN MASYARAKAT | BIDANG PEMBINAAN SATUAN LINMAS DAN PEMADAM KEBAKARAN | SEKSI PEMBINAAN SATUAN PEMADAM KEBAKARAN,5,1,2400000,3500000,729,0,0,0
7ff18751-37ba-47ef-8000-14b3cd3da77d,Pemerintah Kab. Nunukan,CPNS,UMUM,PENGAMAT TERA PEMULA,"PEMERINTAH KABUPATEN NUNUKAN                                           | DINAS KOPERASI, USAHA KECIL DAN MENENGAH, PERINDUSTRIAN DAN PERDAGANGAN",1,1,2022200,4000000,68,0,0,0
e58ff937-b64b-4cf6-8b31-956475cd68d1,Pemerintah Kab. Nunukan,CPNS,UMUM,POLISI PAMONG PRAJA PEMULA,PEMERINTAH KABUPATEN NUNUKAN                                           | SATUAN POLISI PAMONG PRAJA,2,1,2301800,4500000,135,0,0,0
4a445b3f-4a93-4846-8b22-e7587979f84e,Pemerintah Kab. Paniai,CPNS,ORANG ASLI PAPUA (OAP),ASISTEN PELATIH OLAHRAGA PEMULA,Pemerintah Kabupaten Paniai | DINAS PEMUDA DAN OLAHRAGA | BIDANG KEOLAHRAGAAN | Seksi Pembinaan dan Pengembangan Keolahragaan,3,1,2500000,3000000,19,0,0,0
5c761274-667d-4e03-a141-acfad02a0f55,Pemerintah Kab. Paniai,CPNS,ORANG ASLI PAPUA (OAP),OPERATOR LAYANAN KESEHATAN,Pemerintah Kabupaten Paniai | DINAS KESEHATAN | RUMAH SAKIT UMUM DAERAH | SUB BAGIAN PENUNJANG REKAM MEDIK,2,1,2500000,3000000,6,0,0,0
72fb0f1c-afeb-4832-9437-c9fddb961d82,Pemerintah Kab. Paniai,CPNS,ORANG ASLI PAPUA (OAP),OPERATOR LAYANAN KESEHATAN,Pemerintah Kabupaten Paniai | DINAS KESEHATAN | PUSKESMAS. | PUSKESMAS OBANO,2,1,2500000,3000000,11,0,0,0
c26224b3-8029-41b8-8068-e93f7f60c8d6,Pemerintah Kab. Paniai,CPNS,ORANG ASLI PAPUA (OAP),OPERATOR LAYANAN KESEHATAN,Pemerintah Kabupaten Paniai | DINAS KESEHATAN | RUMAH SAKIT UMUM DAERAH | SUB BAGIAN KEPERAWATAN,2,1,2500000,3000000,7,0,0,0
d6036e96-1192-4b27-ab12-3e3062d8d1d6,Pemerintah Kab. Paniai,CPNS,ORANG ASLI PAPUA (OAP),OPERATOR LAYANAN KESEHATAN,Pemerintah Kabupaten Paniai | DINAS KESEHATAN | RUMAH SAKIT UMUM DAERAH | SUB BAGIAN PELAYANAN MEDIK,2,1,2500000,3000000,5,0,0,0
8a0284b99173225701919162454f1f19,Pemerintah Kab. Paniai,CPNS,UMUM (NON OAP),PEMADAM KEBAKARAN PEMULA,Pemerintah Kabupaten Paniai | SATUAN POLISI PAMONG PRAJA | BIDANG PERLINDUNGAN MASYARAKAT | Seksi Penanggulangan Kebakaran,3,1,2500000,3000000,17,0,0,0
0bc83835-47b3-46ef-ad55-5dd4fde2cd41,Pemerintah Kab. Paniai,CPNS,ORANG ASLI PAPUA (OAP),PEMADAM KEBAKARAN PEMULA,"Pemerintah Kabupaten Paniai | BADAN PENANGGULANGAN BENCANA DAERAH | Bidang Pencegahan, Kesiapsiagaan dan Penanganan | Sub Bidang Penyelamatan Evakuasi dan Penanganan",10,1,2500000,3000000,381,0,0,0
3a2122b5-01e4-4938-b6ac-08a59efe9d34,Pemerintah Kab. Paniai,CPNS,ORANG ASLI PAPUA (OAP),PEMADAM KEBAKARAN PEMULA,Pemerintah Kabupaten Paniai | SATUAN POLISI PAMONG PRAJA | BIDANG PERLINDUNGAN MASYARAKAT | Seksi Penanggulangan Kebakaran,12,1,2500000,3000000,101,0,0,0
1b781b31-58ff-42ca-9100-034c0d05f5ae,Pemerintah Kab. Paniai,CPNS,ORANG ASLI PAPUA (OAP),PENATA LAKSANA BANGUNAN GEDUNG DAN KAWASAN PERMUKIMAN PEMULA,Pemerintah Kabupaten Paniai | DINAS PERUMAHAN DAN KAWASAN PERMUKIMAN | BIDANG KAWASAN PEMUKIMAN | Seksi Penataan Kawasan Pemukiman,6,1,2500000,3000000,64,0,0,0
e8d74911-5503-4470-878a-a7277064a5f1,Pemerintah Kab. Paniai,CPNS,ORANG ASLI PAPUA (OAP),PENATA LAKSANA JALAN DAN JEMBATAN PEMULA,Pemerintah Kabupaten Paniai | DINAS PEKERJAAN UMUM DAN PENATAAN RUANG | BIDANG BINA MARGA | Seksi Pembangunan Jalan dan Jembatan,6,1,2500000,3000000,35,0,0,0
8a0284b991732257019191dc3a7a22e8,Pemerintah Kab. Paniai,CPNS,UMUM (NON OAP),PENATA LAKSANA PENYEHATAN LINGKUNGAN PEMULA,Pemerintah Kabupaten Paniai | DINAS KESEHATAN | BIDANG KESEHATAN MASYARAKAT | SEKSI KESEHATAN LINGKUNGAN DAN KESEHATAN KERJA,2,1,2500000,3000000,5,0,0,0
480fdbe4-1fe1-400d-a678-541062b817b4,Pemerintah Kab. Paniai,CPNS,ORANG ASLI PAPUA (OAP),PENATA LAKSANA PENYEHATAN LINGKUNGAN PEMULA,Pemerintah Kabupaten Paniai | DINAS KESEHATAN | BIDANG KESEHATAN MASYARAKAT | SEKSI KESEHATAN LINGKUNGAN DAN KESEHATAN KERJA,3,1,2500000,3000000,12,0,0,0
a076d84b-4199-4e8b-b94d-0bbe7e2738d1,Pemerintah Kab. Paniai,CPNS,ORANG ASLI PAPUA (OAP),PENATA LAKSANA PENYEHATAN LINGKUNGAN PEMULA,Pemerintah Kabupaten Paniai | DINAS LINGKUNGAN HIDUP | Bidang Pencemaran dan Kerusakan Lingkungan | Seksi Kerusakan Lingkungan,1,1,2500000,3000000,14,0,0,0
8a0284b991732257019191daf50922d2,Pemerintah Kab. Paniai,CPNS,UMUM (NON OAP),PENATA LAKSANA SUMBER DAYA AIR PEMULA,Pemerintah Kabupaten Paniai | DINAS PEKERJAAN UMUM DAN PENATAAN RUANG | BIDANG SUMBER DAYA AIR | Seksi Pelaksanaan Sumber Daya Air,1,1,2500000,3000000,2,0,0,0
95e6e091-6531-4824-a0ce-656f1fa369a8,Pemerintah Kab. Paniai,CPNS,ORANG ASLI PAPUA (OAP),PENATA LAKSANA SUMBER DAYA AIR PEMULA,Pemerintah Kabupaten Paniai | DINAS PEKERJAAN UMUM DAN PENATAAN RUANG | BIDANG SUMBER DAYA AIR | Seksi Operasi dan Pemeliharaan Sumber Daya Air,2,1,2500000,3000000,33,0,0,0
ffb93822-392c-4114-bdd1-a1955d6e6a9d,Pemerintah Kab. Paniai,CPNS,ORANG ASLI PAPUA (OAP),PENATA LAKSANA SUMBER DAYA AIR PEMULA,Pemerintah Kabupaten Paniai | DINAS PEKERJAAN UMUM DAN PENATAAN RUANG | BIDANG SUMBER DAYA AIR | Seksi Pelaksanaan Sumber Daya Air,2,1,2500000,3000000,30,0,0,0
b4f79075-067e-467e-8514-d1648e88421c,Pemerintah Kab. Paniai,CPNS,ORANG ASLI PAPUA (OAP),PENGAMAT TERA PEMULA,Pemerintah Kabupaten Paniai | DINAS PERINDUSTRIAN DAN PERDAGANGAN | BIDANG PERDAGANGAN | Seksi Promosi Hasil Industri dan Perdagangan,1,1,2500000,3000000,4,0,0,0
8a0284b991732257019191d3c1702232,Pemerintah Kab. Paniai,CPNS,UMUM (NON OAP),PETUGAS OPERASI DAN PEMELIHARAAN,Pemerintah Kabupaten Paniai | DINAS PEKERJAAN UMUM DAN PENATAAN RUANG | BIDANG SUMBER DAYA AIR | Seksi Pelaksanaan Sumber Daya Air,1,1,2300000,3000000,4,0,0,0
1b3aadfa-f858-4ac7-bdf4-2a1cf31a1ec1,Pemerintah Kab. Paniai,CPNS,ORANG ASLI PAPUA (OAP),PETUGAS OPERASI DAN PEMELIHARAAN,Pemerintah Kabupaten Paniai | DINAS PEKERJAAN UMUM DAN PENATAAN RUANG | BIDANG BINA MARGA | Seksi Preservasi Jalan dan Jembatan,2,1,2300000,3000000,4,0,0,0
2e3998ec-e01a-4820-a756-b50d853ba450,Pemerintah Kab. Paniai,CPNS,ORANG ASLI PAPUA (OAP),PETUGAS OPERASI DAN PEMELIHARAAN,Pemerintah Kabupaten Paniai | DINAS PEKERJAAN UMUM DAN PENATAAN RUANG | BIDANG SUMBER DAYA AIR | Seksi Operasi dan Pemeliharaan Sumber Daya Air,2,1,2300000,3000000,7,0,0,0
34c96552-a078-4835-9bd5-74dea2586f4d,Pemerintah Kab. Paniai,CPNS,ORANG ASLI PAPUA (OAP),PETUGAS OPERASI DAN PEMELIHARAAN,Pemerintah Kabupaten Paniai | DINAS PEKERJAAN UMUM DAN PENATAAN RUANG | BIDANG BINA MARGA | Seksi Pembangunan Jalan dan Jembatan,2,1,2300000,3000000,23,0,0,0
459d4f62-be82-4d77-b7cf-7ae1900539b2,Pemerintah Kab. Paniai,CPNS,ORANG ASLI PAPUA (OAP),PETUGAS OPERASI DAN PEMELIHARAAN,Pemerintah Kabupaten Paniai | DINAS PEKERJAAN UMUM DAN PENATAAN RUANG | BIDANG CIPTA KARYA | Seksi Perencanaan Cipta Karya,2,1,2300000,3000000,6,0,0,0
68286221-792d-457c-98ef-9b9579cb5d2b,Pemerintah Kab. Paniai,CPNS,ORANG ASLI PAPUA (OAP),PETUGAS OPERASI DAN PEMELIHARAAN,"Pemerintah Kabupaten Paniai | DINAS PEKERJAAN UMUM DAN PENATAAN RUANG | Bidang Penataan Ruang dan Bina Konstruksi | Seksi Pengaturan, Pembinaan dan Pengendalian Penataan Ruang",2,1,2300000,3000000,3,0,0,0
6b168a98-945d-4cdb-aae4-95413694e551,Pemerintah Kab. Paniai,CPNS,ORANG ASLI PAPUA (OAP),PETUGAS OPERASI DAN PEMELIHARAAN,Pemerintah Kabupaten Paniai | DINAS PEKERJAAN UMUM DAN PENATAAN RUANG | Bidang Penataan Ruang dan Bina Konstruksi | Seksi Penertiban Pemanfaatan Ruang,2,1,2300000,3000000,2,0,0,0
7c063067-fad6-4174-ba50-7ce2b0325f3e,Pemerintah Kab. Paniai,CPNS,ORANG ASLI PAPUA (OAP),PETUGAS OPERASI DAN PEMELIHARAAN,Pemerintah Kabupaten Paniai | DINAS PEKERJAAN UMUM DAN PENATAAN RUANG | BIDANG SUMBER DAYA AIR | Seksi Pelaksanaan Sumber Daya Air,1,1,2300000,3000000,7,0,0,0
b2a35d32-d4d8-4feb-aa3a-db68b0e4ac4f,Pemerintah Kab. Paniai,CPNS,ORANG ASLI PAPUA (OAP),PETUGAS OPERASI DAN PEMELIHARAAN,Pemerintah Kabupaten Paniai | DINAS PEKERJAAN UMUM DAN PENATAAN RUANG | BIDANG BINA MARGA | Seksi Perencanaan Teknis Evaluasi Bina Marga,2,1,2300000,3000000,22,0,0,0
cfa76161-aa93-43ee-b30c-ab8e4d46c22d,Pemerintah Kab. Paniai,CPNS,ORANG ASLI PAPUA (OAP),PETUGAS OPERASI DAN PEMELIHARAAN,Pemerintah Kabupaten Paniai | DINAS PEKERJAAN UMUM DAN PENATAAN RUANG | BIDANG SUMBER DAYA AIR | Seksi Perencanaan Sumber Daya Air,2,1,2300000,3000000,18,0,0,0
da379168-98a2-4f67-8ab1-a84c1f1b1d19,Pemerintah Kab. Paniai,CPNS,ORANG ASLI PAPUA (OAP),PETUGAS OPERASI DAN PEMELIHARAAN,Pemerintah Kabupaten Paniai | DINAS PEKERJAAN UMUM DAN PENATAAN RUANG | BIDANG CIPTA KARYA | Seksi Pengembangan SPAM dan PLP,2,1,2300000,3000000,5,0,0,0
e5d92fc9-3efe-456a-b2fd-c175a94d0f71,Pemerintah Kab. Paniai,CPNS,ORANG ASLI PAPUA (OAP),PETUGAS OPERASI DAN PEMELIHARAAN,Pemerintah Kabupaten Paniai | DINAS PEKERJAAN UMUM DAN PENATAAN RUANG | BIDANG CIPTA KARYA | Seksi  Pengembangan Cipta Karya,2,1,2300000,3000000,2,0,0,0
8a0284b9917322570191917d81881ff2,Pemerintah Kab. Paniai,CPNS,UMUM (NON OAP),POLISI PAMONG PRAJA PEMULA,Pemerintah Kabupaten Paniai | SATUAN POLISI PAMONG PRAJA | BIDANG KETENTERAMAN DAN KETERTIBAN | Seksi Pembinaan Trantib,5,1,2500000,3000000,13,0,0,0
8a0284b9917322570191917e31f32001,Pemerintah Kab. Paniai,CPNS,UMUM (NON OAP),POLISI PAMONG PRAJA PEMULA,Pemerintah Kabupaten Paniai | SATUAN POLISI PAMONG PRAJA | BIDANG KETENTERAMAN DAN KETERTIBAN | Seksi Penertiban,5,1,2500000,3000000,11,0,0,0
81e5dc42-b5db-45d4-83e5-cbe08336c470,Pemerintah Kab. Paniai,CPNS,ORANG ASLI PAPUA (OAP),POLISI PAMONG PRAJA PEMULA,Pemerintah Kabupaten Paniai | SATUAN POLISI PAMONG PRAJA | BIDANG KETENTERAMAN DAN KETERTIBAN | Seksi Penertiban,15,1,2500000,3000000,195,0,0,0
9ef68373-8985-4bb0-9088-4d6dbac85d94,Pemerintah Kab. Paniai,CPNS,ORANG ASLI PAPUA (OAP),POLISI PAMONG PRAJA PEMULA,Pemerintah Kabupaten Paniai | SATUAN POLISI PAMONG PRAJA | BIDANG KETENTERAMAN DAN KETERTIBAN | Seksi Pembinaan Trantib,5,1,2500000,3000000,59,0,0,0
8a0284b9917322570191917ccdc41fec,Pemerintah Kab. Paniai,CPNS,UMUM (NON OAP),PRANATA PENCARIAN DAN PERTOLONGAN PEMULA,"Pemerintah Kabupaten Paniai | BADAN PENANGGULANGAN BENCANA DAERAH | Bidang Pencegahan, Kesiapsiagaan dan Penanganan | Sub Bidang Penyelamatan Evakuasi dan Penanganan",2,1,2500000,3000000,8,0,0,0
75eeec40-adc3-4cac-86d4-3ab735734f4e,Pemerintah Kab. Paniai,CPNS,ORANG ASLI PAPUA (OAP),PRANATA PENCARIAN DAN PERTOLONGAN PEMULA,"Pemerintah Kabupaten Paniai | BADAN PENANGGULANGAN BENCANA DAERAH | Bidang Pencegahan, Kesiapsiagaan dan Penanganan | Sub Bidang Penyelamatan Evakuasi dan Penanganan",3,1,2500000,3000000,13,0,0,0
cde9b7c8-bee4-4a85-8f01-5d3a33782d18,Pemerintah Kab. Parigi Moutong,CPNS,UMUM,ASISTEN PELATIH OLAHRAGA PEMULA,"BUPATI | DINAS PEMUDA, OLAHRAGA DAN PARIWISATA",1,0,2184000,4125600,36,0,0,0
77ea4c5c-fbdd-4bd0-8205-149fc7a561b9,Pemerintah Kab. Parigi Moutong,CPNS,UMUM,POLISI PAMONG PRAJA PEMULA,BUPATI | SATUAN POLISI PAMONG PRAJA DAN PEMADAM KEBAKARA,1,0,2184000,3643400,22,0,0,0
696dfa88-d6b6-4a76-b512-44c496d9273b,Pemerintah Kab. Pasuruan,CPNS,UMUM,POLISI PAMONG PRAJA PEMULA,PEMERINTAH KABUPATEN PASURUAN | SATUAN POLISI PAMONG PRAJA,19,1,3269432,4267632,2038,0,0,0
0c51a5cf-8ea0-4267-a1a4-abc456bb38b1,Pemerintah Kab. Pegunungan Arfak,CPNS,ORANG ASLI PAPUA (OAP),OPERATOR LAYANAN KESEHATAN,Pemerintah Kabupaten Pegunungan Arfak | Dinas Kesehatan | Bidang Pelayanan Kesehatan dan Sumber Daya Kesehatan | Puskesmas Catubouw,9,0,2511500,3511500,51,0,0,0
159da304-b3d0-4852-95a7-8f87f1d42f56,Pemerintah Kab. Pegunungan Arfak,CPNS,ORANG ASLI PAPUA (OAP),OPERATOR LAYANAN KESEHATAN,Pemerintah Kabupaten Pegunungan Arfak | Dinas Kesehatan | Bidang Pelayanan Kesehatan dan Sumber Daya Kesehatan | Puskesmas Taige,12,0,2511500,3511500,28,0,0,0
21873c76-12a5-42f5-bd6b-c76eb124748a,Pemerintah Kab. Pegunungan Arfak,CPNS,ORANG ASLI PAPUA (OAP),OPERATOR LAYANAN KESEHATAN,Pemerintah Kabupaten Pegunungan Arfak | Dinas Kesehatan | Bidang Pelayanan Kesehatan dan Sumber Daya Kesehatan | Puskesmas Testega,12,0,2511500,3511500,27,0,0,0
7511df3d-66dc-4d20-935a-580d23433828,Pemerintah Kab. Pegunungan Arfak,CPNS,ORANG ASLI PAPUA (OAP),OPERATOR LAYANAN KESEHATAN,Pemerintah Kabupaten Pegunungan Arfak | Dinas Kesehatan | Bidang Pelayanan Kesehatan dan Sumber Daya Kesehatan | Puskesmas Anggi Gida,12,0,2511500,3511500,55,0,0,0
75943d79-ff3d-4c18-b5dd-62c81d2fea0e,Pemerintah Kab. Pegunungan Arfak,CPNS,ORANG ASLI PAPUA (OAP),OPERATOR LAYANAN KESEHATAN,Pemerintah Kabupaten Pegunungan Arfak | Dinas Kesehatan | Bidang Pelayanan Kesehatan dan Sumber Daya Kesehatan | Puskesmas Didohu,9,0,2511500,3511500,36,0,0,0
85cd2555-56f2-4905-b5b1-54b0a8ca0338,Pemerintah Kab. Pegunungan Arfak,CPNS,ORANG ASLI PAPUA (OAP),OPERATOR LAYANAN KESEHATAN,Pemerintah Kabupaten Pegunungan Arfak | Dinas Kesehatan | Bidang Pelayanan Kesehatan dan Sumber Daya Kesehatan | Puskesmas Sururey,12,0,2511500,3511500,38,0,0,0
899f9efa-996e-4fbb-866a-500d83a0a3ec,Pemerintah Kab. Pegunungan Arfak,CPNS,ORANG ASLI PAPUA (OAP),OPERATOR LAYANAN KESEHATAN,Pemerintah Kabupaten Pegunungan Arfak | Dinas Kesehatan | Bidang Pelayanan Kesehatan dan Sumber Daya Kesehatan | Puskesmas Anggi,12,0,2511500,3511500,64,0,0,0
b6494fdc-c8c8-452d-b8b3-b7b2198168ce,Pemerintah Kab. Pegunungan Arfak,CPNS,ORANG ASLI PAPUA (OAP),OPERATOR LAYANAN KESEHATAN,"Pemerintah Kabupaten Pegunungan Arfak | Dinas Kesehatan | Sekretariat Dinas Kesehatan | Sub Bagian Umum, Kepegawaian, Keuangan dan Aset",12,0,2511500,3511500,58,0,0,0
b9885c0b-1e56-49be-b132-f3f60c8cdb19,Pemerintah Kab. Pegunungan Arfak,CPNS,ORANG ASLI PAPUA (OAP),OPERATOR LAYANAN KESEHATAN,Pemerintah Kabupaten Pegunungan Arfak | Dinas Kesehatan | Bidang Pelayanan Kesehatan dan Sumber Daya Kesehatan | Puskesmas Minyambouw,12,0,2511500,3511500,54,0,0,0
d7a8fdda-bf87-46e0-b525-a60ce30b49b3,Pemerintah Kab. Pegunungan Arfak,CPNS,ORANG ASLI PAPUA (OAP),OPERATOR LAYANAN KESEHATAN,Pemerintah Kabupaten Pegunungan Arfak | Dinas Kesehatan | Bidang Pelayanan Kesehatan dan Sumber Daya Kesehatan | Puskesmas Hingk,12,0,2511500,3511500,41,0,0,0
427ab2f6-b71a-4ad5-975c-0374a3c8fb36,Pemerintah Kab. Pegunungan Arfak,CPNS,ORANG ASLI PAPUA (OAP),POLISI PAMONG PRAJA PEMULA,Pemerintah Kabupaten Pegunungan Arfak | Satuan Polisi Pamong Praja dan Perlindungan Masyarakat,30,0,2511500,3511500,317,0,0,0
8a02826391606efe01916606c14d311a,Pemerintah Kab. Pegunungan Bintang,CPNS,ORANG ASLI PAPUA (OAP),ASISTEN PELATIH OLAHRAGA PEMULA,PEMERINTAH KAB. PEGUNUNGAN BINTANG | Dinas Pemuda dan Olahraga | Bidang Keolahragaan | Sub Bidang Pembudayaan Olahraga,11,1,2300000,3000000,23,0,0,0
32835ced-868e-4b8d-aace-263266a79c73,Pemerintah Kab. Pegunungan Bintang,CPNS,ORANG ASLI PAPUA (OAP),ASISTEN PELATIH OLAHRAGA PEMULA,PEMERINTAH KAB. PEGUNUNGAN BINTANG | Dinas Pemuda dan Olahraga | Bidang Keolahragaan | Sub Bidang Peningkatan Prestasi Olahraga,5,1,2300000,3000000,42,0,0,0
8a0282659168528c01916926b43e28e3,Pemerintah Kab. Pegunungan Bintang,CPNS,ORANG ASLI PAPUA (OAP),PEMADAM KEBAKARAN PEMULA,PEMERINTAH KAB. PEGUNUNGAN BINTANG | Satuan Polisi Pamong Praja dan Pemadam Kebakaran | Bidang Pemadam Kebakaran | Sub Bidang Operasional Pemadam Kebakaran,15,1,2300000,3000000,305,0,0,0
8a0282659168528c0191697b5d1c3853,Pemerintah Kab. Pegunungan Bintang,CPNS,ORANG ASLI PAPUA (OAP),PENATA LAKSANA BANGUNAN GEDUNG DAN KAWASAN PERMUKIMAN PEMULA,PEMERINTAH KAB. PEGUNUNGAN BINTANG | Dinas Pekerjaan Umum dan Perumahan | Bidang Perumahan dan Kawasan Pemukiman | Sub Bidang Kebersihan Kawasan Pemukiman,14,1,2300000,3000000,61,0,0,0
8a028264916626ca0191664778cd0326,Pemerintah Kab. Pegunungan Bintang,CPNS,ORANG ASLI PAPUA (OAP),PENATA LAKSANA JALAN DAN JEMBATAN PEMULA,PEMERINTAH KAB. PEGUNUNGAN BINTANG | Dinas Pekerjaan Umum dan Perumahan | Bidang Cipta Karya | Sub Bidang Perencanaan Teknis,8,1,2300000,3000000,74,0,0,0
8a02826391606efe0191656c12c61892,Pemerintah Kab. Pegunungan Bintang,CPNS,ORANG ASLI PAPUA (OAP),PENATA LAKSANA PENYEHATAN LINGKUNGAN PEMULA,PEMERINTAH KAB. PEGUNUNGAN BINTANG | Dinas Lingkungan Hidup | Bidang Pengendalian Dampak Lingkungan | Sub Bidang Analisis Dampak Lingkungan,3,1,2300000,3000000,42,0,0,0
6ebb90d1-e926-456f-b606-45c17280fe8a,Pemerintah Kab. Pegunungan Bintang,CPNS,ORANG ASLI PAPUA (OAP),PENATA LAKSANA PENYEHATAN LINGKUNGAN PEMULA,PEMERINTAH KAB. PEGUNUNGAN BINTANG | Dinas Lingkungan Hidup | Bidang Pengendalian Dampak Lingkungan | Sub Bidang Pengendalian dan Pencemaran Lingkungan,4,1,2300000,3000000,71,0,0,0
8a0282659168528c0191697d4fb13986,Pemerintah Kab. Pegunungan Bintang,CPNS,ORANG ASLI PAPUA (OAP),PENATA LAKSANA SUMBER DAYA AIR PEMULA,PEMERINTAH KAB. PEGUNUNGAN BINTANG | Dinas Pekerjaan Umum dan Perumahan | Bidang Sumber Daya Air dan Irigasi | Sub Bidang Irigasi,13,1,2300000,3000000,85,0,0,0
0750d3f2-e7d0-4009-a33d-0fd95db662ba,Pemerintah Kab. Pegunungan Bintang,CPNS,ORANG ASLI PAPUA (OAP),PETUGAS OPERASI DAN PEMELIHARAAN,PEMERINTAH KAB. PEGUNUNGAN BINTANG | Dinas Pekerjaan Umum dan Perumahan | Bidang Cipta Karya | Sub Bidang Pemeliharaan Gedung Pemerintahan,4,1,2300000,3000000,5,0,0,0
0c26d692-44fa-4571-a968-64f91a2e008f,Pemerintah Kab. Pegunungan Bintang,CPNS,ORANG ASLI PAPUA (OAP),PETUGAS OPERASI DAN PEMELIHARAAN,PEMERINTAH KAB. PEGUNUNGAN BINTANG | Dinas Pekerjaan Umum dan Perumahan | Bidang Bina Marga | Sub Bidang Pembangunan  Jalan dan Jembatan,2,1,2300000,3800000,49,0,0,0
17a235ac-0dd0-4fe8-97a5-04dd9bf6222e,Pemerintah Kab. Pegunungan Bintang,CPNS,ORANG ASLI PAPUA (OAP),PETUGAS OPERASI DAN PEMELIHARAAN,PEMERINTAH KAB. PEGUNUNGAN BINTANG | Dinas Pekerjaan Umum dan Perumahan | Bidang Penataan Ruang | Sub Bidang Tata Kota dan Penataan Ruang,2,1,2300000,3000000,2,0,0,0
1f3f3204-3c25-42e5-827c-2018f0a829a4,Pemerintah Kab. Pegunungan Bintang,CPNS,ORANG ASLI PAPUA (OAP),PETUGAS OPERASI DAN PEMELIHARAAN,PEMERINTAH KAB. PEGUNUNGAN BINTANG | Dinas Pekerjaan Umum dan Perumahan | Bidang Cipta Karya | Sub Bidang Pembangunan Gedung Pemerintahan,2,1,2300000,3000000,4,0,0,0
4be3ba9f-cca8-4ae6-86d9-6c940916285a,Pemerintah Kab. Pegunungan Bintang,CPNS,ORANG ASLI PAPUA (OAP),PETUGAS OPERASI DAN PEMELIHARAAN,PEMERINTAH KAB. PEGUNUNGAN BINTANG | Dinas Pekerjaan Umum dan Perumahan | Bidang Sumber Daya Air dan Irigasi | Sub Bidang Irigasi,2,1,2300000,3000000,2,0,0,0
68a8a1fb-5730-4ff5-a8cd-60eebb2b50e4,Pemerintah Kab. Pegunungan Bintang,CPNS,ORANG ASLI PAPUA (OAP),PETUGAS OPERASI DAN PEMELIHARAAN,PEMERINTAH KAB. PEGUNUNGAN BINTANG | Dinas Pekerjaan Umum dan Perumahan | Bidang Bina Marga | Sub Bidang Pemeliharaan Jalan dan Jembatan,2,1,2300000,3000000,8,0,0,0
8f598fb2-cae1-44ed-a57e-9d7295357156,Pemerintah Kab. Pegunungan Bintang,CPNS,ORANG ASLI PAPUA (OAP),PETUGAS OPERASI DAN PEMELIHARAAN,PEMERINTAH KAB. PEGUNUNGAN BINTANG | Dinas Pekerjaan Umum dan Perumahan | Bidang Perumahan dan Kawasan Pemukiman | Sub Bidang Kebersihan Kawasan Pemukiman,2,1,2300000,3000000,3,0,0,0
9677ac05-58b8-4d18-81d6-8ccecbf68fd7,Pemerintah Kab. Pegunungan Bintang,CPNS,ORANG ASLI PAPUA (OAP),PETUGAS OPERASI DAN PEMELIHARAAN,PEMERINTAH KAB. PEGUNUNGAN BINTANG | Dinas Pekerjaan Umum dan Perumahan | Bidang Bina Marga | Sub Bidang Perencanaan Teknis,4,1,2300000,3000000,19,0,0,0
bae68c25-7f5f-45d1-87bd-90be0f61eb08,Pemerintah Kab. Pegunungan Bintang,CPNS,ORANG ASLI PAPUA (OAP),PETUGAS OPERASI DAN PEMELIHARAAN,PEMERINTAH KAB. PEGUNUNGAN BINTANG | Dinas Pekerjaan Umum dan Perumahan | Bidang Perumahan dan Kawasan Pemukiman | Sub Bidang Perumahan Rakyat,2,1,2300000,3000000,6,0,0,0
e06b879e-7fd6-4e29-a9cc-4936dac2fa93,Pemerintah Kab. Pegunungan Bintang,CPNS,ORANG ASLI PAPUA (OAP),PETUGAS OPERASI DAN PEMELIHARAAN,PEMERINTAH KAB. PEGUNUNGAN BINTANG | Dinas Pekerjaan Umum dan Perumahan | Bidang Perumahan dan Kawasan Pemukiman | Sub Bidang Perencanaan Teknis,2,1,2300000,3000000,2,0,0,0
e124c666-1593-4bde-a5a0-60c990be6726,Pemerintah Kab. Pegunungan Bintang,CPNS,ORANG ASLI PAPUA (OAP),PETUGAS OPERASI DAN PEMELIHARAAN,PEMERINTAH KAB. PEGUNUNGAN BINTANG | Dinas Pekerjaan Umum dan Perumahan | Bidang Penataan Ruang | Sub Bidang Perencanaan Teknis,6,1,2300000,3000000,8,0,0,0
e1bfe6af-10f7-4856-ab36-7ef8dcd89a28,Pemerintah Kab. Pegunungan Bintang,CPNS,ORANG ASLI PAPUA (OAP),PETUGAS OPERASI DAN PEMELIHARAAN,PEMERINTAH KAB. PEGUNUNGAN BINTANG | Dinas Pekerjaan Umum dan Perumahan | Bidang Sumber Daya Air dan Irigasi | Sub Bidang Sumber Daya Air,2,1,2300000,3000000,15,0,0,0
f5287bd7-1528-4906-bd60-b47c34a55573,Pemerintah Kab. Pegunungan Bintang,CPNS,ORANG ASLI PAPUA (OAP),PETUGAS OPERASI DAN PEMELIHARAAN,PEMERINTAH KAB. PEGUNUNGAN BINTANG | Dinas Pekerjaan Umum dan Perumahan | Bidang Sumber Daya Air dan Irigasi | Sub Bidang Perencanaan Teknis,5,1,2300000,3000000,11,0,0,0
f9a0dd42-81e9-4262-8c28-5bfe3ce359f5,Pemerintah Kab. Pegunungan Bintang,CPNS,ORANG ASLI PAPUA (OAP),PETUGAS OPERASI DAN PEMELIHARAAN,PEMERINTAH KAB. PEGUNUNGAN BINTANG | Dinas Pekerjaan Umum dan Perumahan | Bidang Cipta Karya | Sub Bidang Perencanaan Teknis,2,1,2300000,3000000,3,0,0,0
fb0c507e-7476-4beb-820c-dce80b6e7582,Pemerintah Kab. Pegunungan Bintang,CPNS,ORANG ASLI PAPUA (OAP),PETUGAS OPERASI DAN PEMELIHARAAN,PEMERINTAH KAB. PEGUNUNGAN BINTANG | Dinas Pekerjaan Umum dan Perumahan | Bidang Penataan Ruang | Sub Bidang Perijinan dan IMB,2,1,2300000,3000000,6,0,0,0
8a0282659168528c019169ae800c4888,Pemerintah Kab. Pegunungan Bintang,CPNS,ORANG ASLI PAPUA (OAP),POLISI PAMONG PRAJA PEMULA,PEMERINTAH KAB. PEGUNUNGAN BINTANG | Satuan Polisi Pamong Praja dan Pemadam Kebakaran | Bidang Ketertiban Umum dan Ketentraman Masyarakat | Sub Bidang Ketertiban Umum dan Kewaspadaan Dini,30,1,2300000,3000000,255,0,0,0
8a0282659168528c01916971831f3408,Pemerintah Kab. Pegunungan Bintang,CPNS,ORANG ASLI PAPUA (OAP),PRANATA PENCARIAN DAN PERTOLONGAN PEMULA,PEMERINTAH KAB. PEGUNUNGAN BINTANG | Badan Penanggulangan Bencana Daerah | Bidang Kedaruratan dan Logistik | Sub Bidang Kedaruratan,12,1,2300000,3000000,51,0,0,0
baf3480b-539c-4f4a-a5a2-55bd0b648e16,Pemerintah Kab. Pegunungan Bintang,CPNS,ORANG ASLI PAPUA (OAP),TEKNISI MESIN ALAT BERAT,PEMERINTAH KAB. PEGUNUNGAN BINTANG | Dinas Pekerjaan Umum dan Perumahan | Bidang Bina Marga | Sub Bidang Pembangunan  Jalan dan Jembatan,4,1,2300000,3000000,29,0,0,0
b9b3939b-bab8-43f3-8edd-0253c6e4eebe,Pemerintah Kab. Pelalawan,CPNS,UMUM,PEMADAM KEBAKARAN PEMULA,"PEMERINTAH KABUPATEN PELALAWAN                                         | DINAS PEMADAM KEBAKARAN DAN PENYELAMATAN DAERAH | BIDANG PEMADAMAN, PENYELAMATAN DAN EVAKUASI",2,1,2184000,2800000,123,0,0,0
6bbbcdc8-3759-4c68-b571-c9164eefcd67,Pemerintah Kab. Pelalawan,CPNS,UMUM,POLISI PAMONG PRAJA PEMULA,"PEMERINTAH KABUPATEN PELALAWAN                                         | SATUAN POLISI PAMONG PRAJA | BIDANG PENEGAKAN PERATURAN PERUNDANG-UNDANGAN DAERAH | SEKSI PENGAWASAN, PENYELIDIKAN DAN PENYIDIKAN",1,1,2184000,2800000,65,0,0,0
6cdc5963-f655-4810-97d4-c59621f76398,Pemerintah Kab. Pelalawan,CPNS,UMUM,POLISI PAMONG PRAJA PEMULA,PEMERINTAH KABUPATEN PELALAWAN                                         | SATUAN POLISI PAMONG PRAJA | BIDANG KETENTRAMAN DAN KETERTIBAN UMUM | SEKSI OPERASIONAL DAN PENGENDALIAN,1,1,2184000,2800000,53,0,0,0
e80f6a94-8fd5-420c-817d-584ef0953b2c,Pemerintah Kab. Pemalang,CPNS,UMUM,PEMADAM KEBAKARAN PEMULA,Pemerintah Kabupaten Pemalang | Satuan Polisi Pamong Praja | Bidang Pelindungan Masyarakat dan Pemadam Kebakaran | Seksi Pemadam Kebakaran dan Penyelamatan,15,1,1700000,2000000,1546,0,0,0
7804f342-78da-4bc8-bc4e-9e5ac8495677,Pemerintah Kab. Penajam Paser Utara,CPNS,UMUM,PEMADAM KEBAKARAN PEMULA,KABUPATEN PENAJAM PASER UTARA | DINAS PENANGGULANGAN KEBAKARAN DAN PENYELAMATAN | BIDANG PENANGGULANGAN DAN PENYELAMATAN | SEKSI PENANGGULANGAN KEBAKARAN,28,0,2511500,4000000,623,0,0,0
7b95893b-865b-4744-ad6e-aa97a5fe16d3,Pemerintah Kab. Penajam Paser Utara,CPNS,UMUM,POLISI PAMONG PRAJA PEMULA,KABUPATEN PENAJAM PASER UTARA | SATUAN POLISI PAMONG PRAJA | BIDANG KETERTIBAN UMUM DAN KETENTRAMAN MASYARAKAT | SUB BIDANG PENGAWALAN DAN PENJAGAAN,20,0,2184000,4500000,15,0,0,0
2f04a3d0-e7e9-4912-9247-3b07a550d41f,Pemerintah Kab. Penukal Abab Lematang Ilir,CPNS,UMUM,OPERATOR LAYANAN KESEHATAN,PEMERINTAH KAB. PENUKAL ABAB LEMATANG ILIR. | RUMAH SAKIT UMUM DAERAH TALANG UBI | SEKSI PELAYANAN MEDIK DAN PENUNJANG,16,1,2511500,2631400,1034,0,0,0
889b6f09-8c4a-49b6-afbd-6d5808386b9d,Pemerintah Kab. Penukal Abab Lematang Ilir,CPNS,UMUM,POLISI KHUSUS CAGAR BUDAYA,PEMERINTAH KAB. PENUKAL ABAB LEMATANG ILIR. | DINAS KEBUDAYAAN DAN PARIWISATA | BIDANG KEBUDAYAAN,4,0,2511500,2631400,84,0,0,0
b70f5222-c793-4ca4-9752-ef58e11eb7bc,Pemerintah Kab. Penukal Abab Lematang Ilir,CPNS,UMUM,POLISI PAMONG PRAJA PEMULA,PEMERINTAH KAB. PENUKAL ABAB LEMATANG ILIR. | SATUAN POLISI PAMONG PRAJA,60,0,2511500,2631400,325,0,0,0
a652f338-515b-4767-a67c-a7577a602824,Pemerintah Kab. Pesisir Barat,CPNS,UMUM,PENGAMAT TERA PEMULA,"PEMERINTAH KABUPATEN PESISIR BARAT | DINAS KOPERASI, USAHA KECIL MENENGAH DAN PERDAGANGAN",1,1,1747200,3651101,153,0,0,0
ec1544b0-5ed5-429c-b332-a0485f680e40,Pemerintah Kab. Pesisir Barat,CPNS,UMUM,POLISI PAMONG PRAJA PEMULA,PEMERINTAH KABUPATEN PESISIR BARAT | SATUAN POLISI PAMONG PRAJA DAN PEMADAM KEBAKARAN,65,0,1747200,3651101,1950,0,0,0
5616c7b2-be70-464a-9308-df94eedee817,Pemerintah Kab. Polewali Mandar,CPNS,UMUM,PEMADAM KEBAKARAN PEMULA,PEMERINTAH KABUPATEN POLEWALI MANDAR | SATUAN POLISI PAMONG PRAJA | UPTD PEMADAM KEBAKARAN,7,0,2184000,3643400,282,0,0,0
1718c1fb-906f-40aa-85fe-e6bdd022040a,Pemerintah Kab. Polewali Mandar,CPNS,UMUM,POLISI PAMONG PRAJA PEMULA,PEMERINTAH KABUPATEN POLEWALI MANDAR | SATUAN POLISI PAMONG PRAJA,5,0,2184000,3643400,336,0,0,0
156260af-d99a-4812-ac9a-50be9f876561,Pemerintah Kab. Ponorogo,CPNS,UMUM,OPERATOR LAYANAN KESEHATAN,PEMERINTAH KABUPATEN PONOROGO | RSUD Dr. HARJONO S | WAKIL DIREKTUR PENUNJANG | BAGIAN PENUJANG NON MEDIS,3,1,2288200,3500000,1786,0,0,0
a393c38e-30cc-422a-8cdc-42b99c4ab41c,Pemerintah Kab. Pulau Taliabu,CPNS,UMUM,PEMADAM KEBAKARAN PEMULA,PEMERINTAH KABUPATEN PULAU TALIABU. | SATUAN POLISI PAMONG PRAJA | BIDANG KEBAKARAN,20,0,3000000,4000000,129,0,0,0
7b1434b9-895a-4164-bd3e-253146c6a7d1,Pemerintah Kab. Pulau Taliabu,CPNS,UMUM,POLISI PAMONG PRAJA PEMULA,PEMERINTAH KABUPATEN PULAU TALIABU. | SATUAN POLISI PAMONG PRAJA | BIDANG SATUAN POLISI PAMONG PRAJA,45,0,3000000,4000000,252,0,0,0
8a0384c7915b4c4c01915b9c123630eb,Pemerintah Kab. Puncak,CPNS,ORANG ASLI PAPUA (OAP),OPERATOR LAYANAN KESEHATAN,PEMERINTAH KABUPATEN PUNCAK | PUSKESMAS | PUSKESMAS  SINAK,1,0,2500000,3500000,29,0,0,0
0dc6596b-78b5-4a30-a33d-eedc80b6f309,Pemerintah Kab. Puncak,CPNS,ORANG ASLI PAPUA (OAP),OPERATOR LAYANAN KESEHATAN,PEMERINTAH KABUPATEN PUNCAK | PUSKESMAS | PUSKESMAS  BEOGA,2,0,2500000,3500000,19,0,0,0
38a2c2e5-f9cd-4915-bd53-eec57e59994f,Pemerintah Kab. Puncak,CPNS,ORANG ASLI PAPUA (OAP),OPERATOR LAYANAN KESEHATAN,PEMERINTAH KABUPATEN PUNCAK | PUSKESMAS | PUSKESMAS  ILAGA,1,0,2500000,3500000,20,0,0,0
ce330bf7-deda-4010-9282-7c4c59bcca95,Pemerintah Kab. Puncak,CPNS,UMUM (NON OAP),OPERATOR LAYANAN KESEHATAN,PEMERINTAH KABUPATEN PUNCAK | PUSKESMAS | PUSKESMAS  SINAK,1,0,2500000,3500000,22,0,0,0
d4f3cf0c-f4a9-4e9c-9bc9-4a5a36b5fc95,Pemerintah Kab. Puncak,CPNS,ORANG ASLI PAPUA (OAP),OPERATOR LAYANAN KESEHATAN,PEMERINTAH KABUPATEN PUNCAK | RUMAH SAKIT UMUM DAERAH ILAGA | BAGIAN TATA USAHA | SUB BAGIAN UMUM,2,0,2500000,3500000,21,0,0,0
8075a97e-68d8-4ddd-bcff-22a32c6734aa,Pemerintah Kab. Puncak,CPNS,ORANG ASLI PAPUA (OAP),PENATA LAKSANA BANGUNAN GEDUNG DAN KAWASAN PERMUKIMAN PEMULA,PEMERINTAH KABUPATEN PUNCAK | DINAS PEKERJAAN UMUM PERUMAHAN DAN KAWASAN PEMUKIMAN | BIDANG CIPTA KARYA PERUMAHAN DAN KAWASAN PEMUKIMAN PENDUDUK | SEKSI BANGUNAN GEDUNG,6,0,2500000,3500000,85,0,0,0
3e7948be-9f4b-491b-b51b-7578823ad5f6,Pemerintah Kab. Puncak,CPNS,ORANG ASLI PAPUA (OAP),POLISI PAMONG PRAJA PEMULA,PEMERINTAH KABUPATEN PUNCAK | DINAS SATUAN POLISI PAMONG PRAJA | BIDANG PENEGAKAN PERATURAN DAERAH DAN PERATURAN KEPALA DAERAH | SEKSI PENINDAKAN,4,0,2500000,3500000,42,0,0,0
463bfafb-bd19-49d6-82a1-3a05d57de509,Pemerintah Kab. Puncak,CPNS,ORANG ASLI PAPUA (OAP),POLISI PAMONG PRAJA PEMULA,PEMERINTAH KABUPATEN PUNCAK | DINAS SATUAN POLISI PAMONG PRAJA | BIDANG PERLINDUNGAN MASYARAKAT | SEKSI PENGERAHAN DAN PEMBERDAYAAN,3,0,2500000,3500000,10,0,0,0
4ec75744-5458-46a9-a6bb-442b33a73fcf,Pemerintah Kab. Puncak,CPNS,ORANG ASLI PAPUA (OAP),POLISI PAMONG PRAJA PEMULA,PEMERINTAH KABUPATEN PUNCAK | DINAS SATUAN POLISI PAMONG PRAJA | BIDANG KETERTIBAN UMUM DAN KETENTERAMAN MASYARAKAT | SEKSI PENERTIBAN,3,0,2500000,3500000,157,0,0,0
a7641c69-0b49-46d9-be36-cc859f85114c,Pemerintah Kab. Puncak Jaya,CPNS,ORANG ASLI PAPUA (OAP),ASISTEN PELATIH OLAHRAGA PEMULA,"PEMERINTAH KABUPATEN PUNCAK JAYA | DINAS PARIWISATA, PEMUDA DAN OLAHRAGA | BIDANG PEMUDA DAN OLAHRAGA | SEKSI PEMBINAAN KEPEMUDAAN",30,0,2000000,3000000,127,0,0,0
09a9f3e8-d6e2-46c9-81c4-84e305e7a3dd,Pemerintah Kab. Puncak Jaya,CPNS,ORANG ASLI PAPUA (OAP),OPERATOR LAYANAN KESEHATAN,PEMERINTAH KABUPATEN PUNCAK JAYA | DINAS KESEHATAN | BIDANG PELAYANAN KESEHATAN | PUSKESMAS TINGGINAMBUT,1,0,2000000,3000000,5,0,0,0
0f8f29ee-f78a-47fa-bdc7-08ea5db5574b,Pemerintah Kab. Puncak Jaya,CPNS,ORANG ASLI PAPUA (OAP),OPERATOR LAYANAN KESEHATAN,PEMERINTAH KABUPATEN PUNCAK JAYA | DINAS KESEHATAN | BIDANG PENCEGAHAN DAN PENGENDALIAN PENYAKIT | SEKSI SURVEILANS DAN IMUNISASI,5,0,2000000,3000000,9,0,0,0
201183cb-3a94-4e04-b855-77c5a003953a,Pemerintah Kab. Puncak Jaya,CPNS,ORANG ASLI PAPUA (OAP),OPERATOR LAYANAN KESEHATAN,"PEMERINTAH KABUPATEN PUNCAK JAYA | DINAS PEMBERDAYAAN PEREMPUAN, PERLINDUNGAN ANAK DAN KELUARGA BERENCANA | BIDANG KELUARGA BERENCANA",5,0,2000000,3000000,14,0,0,0
4b5a8b2e-5378-4b1d-8d97-a15a0bdfe40f,Pemerintah Kab. Puncak Jaya,CPNS,ORANG ASLI PAPUA (OAP),OPERATOR LAYANAN KESEHATAN,PEMERINTAH KABUPATEN PUNCAK JAYA | DINAS KESEHATAN | SEKRETARIAT | SUBBAG UMUM DAN KEPEGAWAIAN,1,0,2000000,3000000,2,0,0,0
5f7aea7d-99c1-4d0d-9b56-fc4987ca804b,Pemerintah Kab. Puncak Jaya,CPNS,ORANG ASLI PAPUA (OAP),OPERATOR LAYANAN KESEHATAN,PEMERINTAH KABUPATEN PUNCAK JAYA | DINAS KESEHATAN | BIDANG PELAYANAN KESEHATAN | PUSKESMAS JIGONIKME,2,0,2000000,3000000,21,0,0,0
61c8e776-b45f-47de-828e-f2a9dda18cb1,Pemerintah Kab. Puncak Jaya,CPNS,ORANG ASLI PAPUA (OAP),OPERATOR LAYANAN KESEHATAN,PEMERINTAH KABUPATEN PUNCAK JAYA | DINAS KESEHATAN | RUMAH SAKIT UMUM | SUB BAGIAN TATA USAHA,7,0,2000000,3000000,22,0,0,0
83ef917a-e52d-4f3e-b015-75ffe0f5cd1b,Pemerintah Kab. Puncak Jaya,CPNS,ORANG ASLI PAPUA (OAP),OPERATOR LAYANAN KESEHATAN,PEMERINTAH KABUPATEN PUNCAK JAYA | DINAS KESEHATAN | BIDANG PELAYANAN KESEHATAN | PUSKESMAS NIOGA,1,0,2000000,3000000,9,0,0,0
bfa9ff6c-6a1d-4309-b16a-1d14d9149d36,Pemerintah Kab. Puncak Jaya,CPNS,ORANG ASLI PAPUA (OAP),OPERATOR LAYANAN KESEHATAN,PEMERINTAH KABUPATEN PUNCAK JAYA | DINAS KESEHATAN | BIDANG PENGEMBANGAN SUMBER DAYA KESEHATAN,7,0,2000000,3000000,23,0,0,0
dafd6cca-b7fb-4dce-bdbb-b7da49f909f0,Pemerintah Kab. Puncak Jaya,CPNS,ORANG ASLI PAPUA (OAP),OPERATOR LAYANAN KESEHATAN,PEMERINTAH KABUPATEN PUNCAK JAYA | DINAS KESEHATAN | BIDANG PELAYANAN KESEHATAN | PUSKESMAS MULIA,5,0,2000000,3000000,34,0,0,0
260a7f61-3ba7-4395-a4a3-e3bb3387c3b3,Pemerintah Kab. Puncak Jaya,CPNS,ORANG ASLI PAPUA (OAP),PEMADAM KEBAKARAN PEMULA,"PEMERINTAH KABUPATEN PUNCAK JAYA | BADAN PENANGGULANGAN BENCANA DAERAH | BIDANG KEDARURATAN DAN LOGISTIK | SUB BIDANG TANGGAP DARURAT, EVAKUASI DAN KEBAKARAN",39,0,2000000,3000000,194,0,0,0
2f4f9137-b3c3-4c11-ba0a-4010fdf4c139,Pemerintah Kab. Puncak Jaya,CPNS,ORANG ASLI PAPUA (OAP),PEMADAM KEBAKARAN PEMULA,PEMERINTAH KABUPATEN PUNCAK JAYA | SATUAN POLISI PAMONG PRAJA | BIDANG PERLINDUNGAN MASYARAKAT | SEKSI PENANGGULANGAN BENCANA KEBAKARAN,50,0,2000000,3000000,103,0,0,0
b99f5316-ecdf-479a-a095-02349c0ff7e1,Pemerintah Kab. Puncak Jaya,CPNS,ORANG ASLI PAPUA (OAP),PEMELIHARA TUMBUHAN,PEMERINTAH KABUPATEN PUNCAK JAYA | DINAS PERTANIAN DAN PERIKANAN | BIDANG TANAMAN HOLTIKULTURA | SEKSI PEMELIHARAAN DAN PERLINDUNGAN TANAMAN HOLTIKULTURA,9,0,2000000,3000000,187,0,0,0
b95ad999-e51f-4bc2-a032-a4317317c73f,Pemerintah Kab. Puncak Jaya,CPNS,ORANG ASLI PAPUA (OAP),PENATA LAKSANA JALAN DAN JEMBATAN PEMULA,PEMERINTAH KABUPATEN PUNCAK JAYA | DINAS PEKERJAAN UMUM DAN PERUMAHAN RAKYAT | BIDANG BINA MARGA | SEKSI PEMELIHARAAN JALAN,2,0,2000000,3000000,54,0,0,0
910fe5de-1d65-4c02-9d2d-5c8e0d4f0dc3,Pemerintah Kab. Puncak Jaya,CPNS,ORANG ASLI PAPUA (OAP),PENATA LAKSANA SUMBER DAYA AIR PEMULA,PEMERINTAH KABUPATEN PUNCAK JAYA | DINAS PEKERJAAN UMUM DAN PERUMAHAN RAKYAT | BIDANG PENGAIRAN | SEKSI PEMBANGUNAN IRIGASI DAN DRAENASE,1,0,2000000,3000000,48,0,0,0
5b99f021-73f6-441a-85cb-fd10775f8077,Pemerintah Kab. Puncak Jaya,CPNS,ORANG ASLI PAPUA (OAP),PETUGAS OPERASI DAN PEMELIHARAAN,PEMERINTAH KABUPATEN PUNCAK JAYA | DINAS PEKERJAAN UMUM DAN PERUMAHAN RAKYAT | BIDANG BINA MARGA,10,0,2000000,3000000,124,0,0,0
32f44844-f5dd-4ff2-adeb-d00800d091b0,Pemerintah Kab. Puncak Jaya,CPNS,ORANG ASLI PAPUA (OAP),POLISI PAMONG PRAJA PEMULA,PEMERINTAH KABUPATEN PUNCAK JAYA | SATUAN POLISI PAMONG PRAJA | BIDANG PERLINDUNGAN MASYARAKAT | SEKSI PEMBINAAN KESAMAPTAAN,50,0,2000000,3000000,194,0,0,0
722446d3-d913-433e-9e64-2beff1835fb0,Pemerintah Kab. Puncak Jaya,CPNS,ORANG ASLI PAPUA (OAP),PRANATA PENCARIAN DAN PERTOLONGAN PEMULA,PEMERINTAH KABUPATEN PUNCAK JAYA | BADAN PENANGGULANGAN BENCANA DAERAH,40,0,2000000,3000000,184,0,0,0
4ab680b7-1846-462d-8ed7-073e48bd97a2,Pemerintah Kab. Purwakarta,CPNS,UMUM,POLISI PAMONG PRAJA PEMULA,PEMERINTAH KABUPATEN PURWAKARTA | SATUAN POLISI PAMONG PRAJA,1,0,2184000,4908000,132,0,0,0
8a0384ba915598f4019156fca0d073d5,Pemerintah Kab. Raja Ampat,CPNS,UMUM (NON OAP),OPERATOR LAYANAN KESEHATAN,PEMERINTAH KABUPATEN RAJA AMPAT | DINAS KESEHATAN | BIDANG PELAYANAN KESEHATAN | PUSKESMAS WEJIM,1,0,2184000,2800000,3,0,0,0
8a0384ba915598f4019156fdd9c5748f,Pemerintah Kab. Raja Ampat,CPNS,UMUM (NON OAP),OPERATOR LAYANAN KESEHATAN,PEMERINTAH KABUPATEN RAJA AMPAT | DINAS KESEHATAN | BIDANG PELAYANAN KESEHATAN | PUSKESMAS KABARE,1,0,2184000,2800000,9,0,0,0
8a0384ba915598f4019156fe472a7493,Pemerintah Kab. Raja Ampat,CPNS,UMUM (NON OAP),OPERATOR LAYANAN KESEHATAN,PEMERINTAH KABUPATEN RAJA AMPAT | DINAS KESEHATAN | BIDANG PELAYANAN KESEHATAN | PUSKESMAS URBINASOPEN,1,0,2184000,2800000,3,0,0,0
8a0384ba915598f4019156fed2ef7499,Pemerintah Kab. Raja Ampat,CPNS,UMUM (NON OAP),OPERATOR LAYANAN KESEHATAN,PEMERINTAH KABUPATEN RAJA AMPAT | DINAS KESEHATAN | BIDANG PELAYANAN KESEHATAN | PUSKESMAS YENSAWAI,2,0,2184000,2800000,30,0,0,0
8a0384ba915598f4019156ffa4e1749d,Pemerintah Kab. Raja Ampat,CPNS,UMUM (NON OAP),OPERATOR LAYANAN KESEHATAN,PEMERINTAH KABUPATEN RAJA AMPAT | DINAS KESEHATAN | RUMAH SAKIT UMUM DAERAH | SEKSI PELAYANAN DAN PENUNJANG MEDIK,1,0,2184000,2800000,29,0,0,0
8a0384ba915598f401915700033074a2,Pemerintah Kab. Raja Ampat,CPNS,UMUM (NON OAP),OPERATOR LAYANAN KESEHATAN,PEMERINTAH KABUPATEN RAJA AMPAT | DINAS KESEHATAN | BIDANG PELAYANAN KESEHATAN | PUSKESMAS YENANAS,1,0,2184000,2800000,4,0,0,0
8a0384ba915598f401915700724374ae,Pemerintah Kab. Raja Ampat,CPNS,UMUM (NON OAP),OPERATOR LAYANAN KESEHATAN,PEMERINTAH KABUPATEN RAJA AMPAT | DINAS KESEHATAN | BIDANG PELAYANAN KESEHATAN | PUSKESMAS YENBEKWAN,1,0,2184000,2800000,9,0,0,0
8a0384ba915598f401915700cd6074b2,Pemerintah Kab. Raja Ampat,CPNS,UMUM (NON OAP),OPERATOR LAYANAN KESEHATAN,PEMERINTAH KABUPATEN RAJA AMPAT | DINAS KESEHATAN | BIDANG PELAYANAN KESEHATAN | PUSKESMAS DOREHKAR,1,0,2184000,2800000,4,0,0,0
8a0384ba915598f401915701837674c9,Pemerintah Kab. Raja Ampat,CPNS,UMUM (NON OAP),OPERATOR LAYANAN KESEHATAN,PEMERINTAH KABUPATEN RAJA AMPAT | DINAS KESEHATAN | BIDANG PELAYANAN KESEHATAN | PUSKESMAS MANYAIFUN,1,0,2184000,2800000,7,0,0,0
8a0384ba915598f401915701df9574d2,Pemerintah Kab. Raja Ampat,CPNS,UMUM (NON OAP),OPERATOR LAYANAN KESEHATAN,PEMERINTAH KABUPATEN RAJA AMPAT | DINAS KESEHATAN | BIDANG PELAYANAN KESEHATAN | PUSKESMAS LILINTA,1,0,2184000,2800000,9,0,0,0
8a0384ba915598f401915702455374d6,Pemerintah Kab. Raja Ampat,CPNS,UMUM (NON OAP),OPERATOR LAYANAN KESEHATAN,PEMERINTAH KABUPATEN RAJA AMPAT | DINAS KESEHATAN | BIDANG PELAYANAN KESEHATAN | PUSKESMAS KALOBO,2,0,2184000,2800000,39,0,0,0
8a0384ba915598f401915702a1cd74e3,Pemerintah Kab. Raja Ampat,CPNS,UMUM (NON OAP),OPERATOR LAYANAN KESEHATAN,PEMERINTAH KABUPATEN RAJA AMPAT | DINAS KESEHATAN | BIDANG PELAYANAN KESEHATAN | PUSKESMAS WAIFOI,2,0,2184000,2800000,18,0,0,0
8a0384ba915598f401915702fc8274fb,Pemerintah Kab. Raja Ampat,CPNS,UMUM (NON OAP),OPERATOR LAYANAN KESEHATAN,PEMERINTAH KABUPATEN RAJA AMPAT | DINAS KESEHATAN | BIDANG PELAYANAN KESEHATAN | PUSKESMAS WAISILIP,1,0,2184000,2800000,4,0,0,0
8a0384ba915598f40191570386c47501,Pemerintah Kab. Raja Ampat,CPNS,UMUM (NON OAP),OPERATOR LAYANAN KESEHATAN,PEMERINTAH KABUPATEN RAJA AMPAT | DINAS KESEHATAN | BIDANG PELAYANAN KESEHATAN | PUSKESMAS SAMATE,1,0,2184000,2800000,11,0,0,0
8a0384ba915598f401915703f1cb7508,Pemerintah Kab. Raja Ampat,CPNS,UMUM (NON OAP),OPERATOR LAYANAN KESEHATAN,PEMERINTAH KABUPATEN RAJA AMPAT | DINAS KESEHATAN | BIDANG PELAYANAN KESEHATAN | PUSKESMAS WARSAMBIN,1,0,2184000,2800000,26,0,0,0
8a0384ba915598f401915704b1df7527,Pemerintah Kab. Raja Ampat,CPNS,UMUM (NON OAP),OPERATOR LAYANAN KESEHATAN,PEMERINTAH KABUPATEN RAJA AMPAT | DINAS KESEHATAN | BIDANG PELAYANAN KESEHATAN | PUSKESMAS SAONEK,1,0,2184000,2800000,20,0,0,0
8a0384ba915598f40191570532f6752b,Pemerintah Kab. Raja Ampat,CPNS,UMUM (NON OAP),OPERATOR LAYANAN KESEHATAN,PEMERINTAH KABUPATEN RAJA AMPAT | DINAS KESEHATAN | BIDANG PELAYANAN KESEHATAN | PUSKESMAS WAISAI,1,0,2184000,2800000,50,0,0,0
8a0384ba915598f401915705a0f2752f,Pemerintah Kab. Raja Ampat,CPNS,UMUM (NON OAP),OPERATOR LAYANAN KESEHATAN,PEMERINTAH KABUPATEN RAJA AMPAT | DINAS KESEHATAN | BIDANG PELAYANAN KESEHATAN | PUSKESMAS DEER,1,0,2184000,2800000,2,0,0,0
8a0384ba915598f4019157063a9e7533,Pemerintah Kab. Raja Ampat,CPNS,UMUM (NON OAP),OPERATOR LAYANAN KESEHATAN,PEMERINTAH KABUPATEN RAJA AMPAT | DINAS KESEHATAN | BIDANG PELAYANAN KESEHATAN | PUSKESMAS FOLLEY,1,0,2184000,2800000,12,0,0,0
8a0384ba915598f4019157075c0f757a,Pemerintah Kab. Raja Ampat,CPNS,UMUM (NON OAP),OPERATOR LAYANAN KESEHATAN,PEMERINTAH KABUPATEN RAJA AMPAT | DINAS KESEHATAN | BIDANG PELAYANAN KESEHATAN | PUSKESMAS WAIBON,2,0,2184000,2800000,9,0,0,0
8a0384ba915598f401915707e5787584,Pemerintah Kab. Raja Ampat,CPNS,UMUM (NON OAP),OPERATOR LAYANAN KESEHATAN,PEMERINTAH KABUPATEN RAJA AMPAT | DINAS KESEHATAN | BIDANG PELAYANAN KESEHATAN | PUSKESMAS DABATAN,1,0,2184000,2800000,13,0,0,0
8a0384ba915598f4019157083c2e7587,Pemerintah Kab. Raja Ampat,CPNS,UMUM (NON OAP),OPERATOR LAYANAN KESEHATAN,PEMERINTAH KABUPATEN RAJA AMPAT | DINAS KESEHATAN | BIDANG PELAYANAN KESEHATAN | PUSKESMAS SUPNIN,2,0,2184000,2800000,16,0,0,0
8a0384ba915598f4019157089c7b759a,Pemerintah Kab. Raja Ampat,CPNS,UMUM (NON OAP),OPERATOR LAYANAN KESEHATAN,PEMERINTAH KABUPATEN RAJA AMPAT | DINAS KESEHATAN | BIDANG PELAYANAN KESEHATAN | PUSKESMAS RENI,2,0,2184000,2800000,12,0,0,0
8a0384ba915598f401915708f9ae75a6,Pemerintah Kab. Raja Ampat,CPNS,UMUM (NON OAP),OPERATOR LAYANAN KESEHATAN,PEMERINTAH KABUPATEN RAJA AMPAT | DINAS KESEHATAN | BIDANG PELAYANAN KESEHATAN | PUSKESMAS WAIGAMA,1,0,2184000,2800000,6,0,0,0
0b232843-6e3d-4f34-a582-65f228b581fd,Pemerintah Kab. Raja Ampat,CPNS,ORANG ASLI PAPUA (OAP),OPERATOR LAYANAN KESEHATAN,PEMERINTAH KABUPATEN RAJA AMPAT | DINAS KESEHATAN | BIDANG PELAYANAN KESEHATAN | PUSKESMAS WEJIM,8,0,2184000,2800000,14,0,0,0
1cabbfac-0f80-41cf-9798-1d04d9f7b533,Pemerintah Kab. Raja Ampat,CPNS,ORANG ASLI PAPUA (OAP),OPERATOR LAYANAN KESEHATAN,PEMERINTAH KABUPATEN RAJA AMPAT | DINAS KESEHATAN | BIDANG PELAYANAN KESEHATAN | PUSKESMAS KABARE,3,0,2184000,2800000,12,0,0,0
334a5f95-7ddb-48ff-b840-333c97aad76d,Pemerintah Kab. Raja Ampat,CPNS,ORANG ASLI PAPUA (OAP),OPERATOR LAYANAN KESEHATAN,PEMERINTAH KABUPATEN RAJA AMPAT | DINAS KESEHATAN | BIDANG PELAYANAN KESEHATAN | PUSKESMAS URBINASOPEN,3,0,2184000,2800000,6,0,0,0
38c29180-3bc9-4b5d-9533-6411bc0b6329,Pemerintah Kab. Raja Ampat,CPNS,ORANG ASLI PAPUA (OAP),OPERATOR LAYANAN KESEHATAN,PEMERINTAH KABUPATEN RAJA AMPAT | DINAS KESEHATAN | BIDANG PELAYANAN KESEHATAN | PUSKESMAS YENSAWAI,6,0,2184000,2800000,11,0,0,0
390af976-623e-403e-a878-4662c4aa3527,Pemerintah Kab. Raja Ampat,CPNS,ORANG ASLI PAPUA (OAP),OPERATOR LAYANAN KESEHATAN,PEMERINTAH KABUPATEN RAJA AMPAT | DINAS KESEHATAN | BIDANG PELAYANAN KESEHATAN | PUSKESMAS YENANAS,6,0,2184000,2800000,23,0,0,0
4a0ff70b-2c0c-4ee4-8147-dc1dd1e705be,Pemerintah Kab. Raja Ampat,CPNS,ORANG ASLI PAPUA (OAP),OPERATOR LAYANAN KESEHATAN,PEMERINTAH KABUPATEN RAJA AMPAT | DINAS KESEHATAN | BIDANG PELAYANAN KESEHATAN | PUSKESMAS YENBEKWAN,6,0,2184000,2800000,35,0,0,0
4bd9cff6-a976-4064-870c-768abc77d7ea,Pemerintah Kab. Raja Ampat,CPNS,ORANG ASLI PAPUA (OAP),OPERATOR LAYANAN KESEHATAN,PEMERINTAH KABUPATEN RAJA AMPAT | DINAS KESEHATAN | BIDANG PELAYANAN KESEHATAN | PUSKESMAS DOREHKAR,8,0,2184000,2800000,28,0,0,0
6151df81-b351-4b7e-a1b4-cd2465d3a71a,Pemerintah Kab. Raja Ampat,CPNS,ORANG ASLI PAPUA (OAP),OPERATOR LAYANAN KESEHATAN,PEMERINTAH KABUPATEN RAJA AMPAT | DINAS KESEHATAN | BIDANG PELAYANAN KESEHATAN | PUSKESMAS MANYAIFUN,2,0,2184000,2800000,13,0,0,0
6189b0e6-3d95-4076-ad31-74bf6e970cc0,Pemerintah Kab. Raja Ampat,CPNS,ORANG ASLI PAPUA (OAP),OPERATOR LAYANAN KESEHATAN,PEMERINTAH KABUPATEN RAJA AMPAT | DINAS KESEHATAN | BIDANG PELAYANAN KESEHATAN | PUSKESMAS LILINTA,9,0,2184000,2800000,31,0,0,0
66858e3c-0edc-4aa3-9d15-1877f08cfcda,Pemerintah Kab. Raja Ampat,CPNS,ORANG ASLI PAPUA (OAP),OPERATOR LAYANAN KESEHATAN,PEMERINTAH KABUPATEN RAJA AMPAT | DINAS KESEHATAN | BIDANG PELAYANAN KESEHATAN | PUSKESMAS KALOBO,6,0,2184000,2800000,16,0,0,0
6a8e6ebd-2b51-47c4-9fb3-7eded5ffdb0c,Pemerintah Kab. Raja Ampat,CPNS,ORANG ASLI PAPUA (OAP),OPERATOR LAYANAN KESEHATAN,PEMERINTAH KABUPATEN RAJA AMPAT | DINAS KESEHATAN | BIDANG PELAYANAN KESEHATAN | PUSKESMAS WAIFOI,5,0,2184000,2800000,15,0,0,0
6a97ef12-bec4-4f5a-b2ab-20582753d63d,Pemerintah Kab. Raja Ampat,CPNS,ORANG ASLI PAPUA (OAP),OPERATOR LAYANAN KESEHATAN,PEMERINTAH KABUPATEN RAJA AMPAT | DINAS KESEHATAN | BIDANG PELAYANAN KESEHATAN | PUSKESMAS WAISILIP,2,0,2184000,2800000,10,0,0,0
6d6d2947-7363-402a-96bf-7dfe27eaf3f2,Pemerintah Kab. Raja Ampat,CPNS,ORANG ASLI PAPUA (OAP),OPERATOR LAYANAN KESEHATAN,PEMERINTAH KABUPATEN RAJA AMPAT | DINAS KESEHATAN | BIDANG PELAYANAN KESEHATAN | PUSKESMAS SAMATE,8,0,2184000,2800000,23,0,0,0
7d518751-494d-46d6-bca6-bd78cc9bc35f,Pemerintah Kab. Raja Ampat,CPNS,ORANG ASLI PAPUA (OAP),OPERATOR LAYANAN KESEHATAN,PEMERINTAH KABUPATEN RAJA AMPAT | DINAS KESEHATAN | BIDANG PELAYANAN KESEHATAN | PUSKESMAS WARSAMBIN,7,0,2184000,2800000,52,0,0,0
8946a252-e067-4969-b4ac-ac937af5e0ca,Pemerintah Kab. Raja Ampat,CPNS,ORANG ASLI PAPUA (OAP),OPERATOR LAYANAN KESEHATAN,PEMERINTAH KABUPATEN RAJA AMPAT | DINAS KESEHATAN | BIDANG PELAYANAN KESEHATAN | PUSKESMAS SAONEK,3,0,2184000,2800000,11,0,0,0
8b93161c-8f80-4ec5-8554-0e55f9ef1414,Pemerintah Kab. Raja Ampat,CPNS,ORANG ASLI PAPUA (OAP),OPERATOR LAYANAN KESEHATAN,PEMERINTAH KABUPATEN RAJA AMPAT | DINAS KESEHATAN | BIDANG PELAYANAN KESEHATAN | PUSKESMAS WAISAI,3,0,2184000,2800000,57,0,0,0
8bb6a84a-813d-4cd3-8d1f-bae912b57545,Pemerintah Kab. Raja Ampat,CPNS,ORANG ASLI PAPUA (OAP),OPERATOR LAYANAN KESEHATAN,PEMERINTAH KABUPATEN RAJA AMPAT | DINAS KESEHATAN | BIDANG PELAYANAN KESEHATAN | PUSKESMAS DEER,2,0,2184000,2800000,11,0,0,0
954ad960-54be-46d7-b3c2-9ee13276407e,Pemerintah Kab. Raja Ampat,CPNS,ORANG ASLI PAPUA (OAP),OPERATOR LAYANAN KESEHATAN,PEMERINTAH KABUPATEN RAJA AMPAT | DINAS KESEHATAN | BIDANG PELAYANAN KESEHATAN | PUSKESMAS FOLLEY,8,0,2184000,2800000,28,0,0,0
a5178dcf-babc-4220-a9e4-613bfdaa818f,Pemerintah Kab. Raja Ampat,CPNS,ORANG ASLI PAPUA (OAP),OPERATOR LAYANAN KESEHATAN,PEMERINTAH KABUPATEN RAJA AMPAT | DINAS KESEHATAN | BIDANG PELAYANAN KESEHATAN | PUSKESMAS WARWANAI,12,0,2184000,2800000,62,0,0,0
ae3709ad-289b-47a4-80ac-373b6b2a4b3a,Pemerintah Kab. Raja Ampat,CPNS,ORANG ASLI PAPUA (OAP),OPERATOR LAYANAN KESEHATAN,PEMERINTAH KABUPATEN RAJA AMPAT | DINAS KESEHATAN | BIDANG PELAYANAN KESEHATAN | PUSKESMAS WAIBON,5,0,2184000,2800000,11,0,0,0
befecb20-400f-4e4b-9762-377bfddb7e81,Pemerintah Kab. Raja Ampat,CPNS,ORANG ASLI PAPUA (OAP),OPERATOR LAYANAN KESEHATAN,PEMERINTAH KABUPATEN RAJA AMPAT | DINAS KESEHATAN | BIDANG PELAYANAN KESEHATAN | PUSKESMAS DABATAN,2,0,2184000,2800000,14,0,0,0
db653f20-3a84-430e-a2cc-e146edec8c4c,Pemerintah Kab. Raja Ampat,CPNS,ORANG ASLI PAPUA (OAP),OPERATOR LAYANAN KESEHATAN,PEMERINTAH KABUPATEN RAJA AMPAT | DINAS KESEHATAN | BIDANG PELAYANAN KESEHATAN | PUSKESMAS SUPNIN,5,0,2184000,2800000,9,0,0,0
e57f22d0-857b-4f47-926f-ced5ebe2ca31,Pemerintah Kab. Raja Ampat,CPNS,ORANG ASLI PAPUA (OAP),OPERATOR LAYANAN KESEHATAN,PEMERINTAH KABUPATEN RAJA AMPAT | DINAS KESEHATAN | RUMAH SAKIT UMUM DAERAH | SEKSI PELAYANAN DAN PENUNJANG MEDIK,1,0,2184000,2800000,8,0,0,0
e586ceac-efdf-4cc4-b7eb-46e71bad5b94,Pemerintah Kab. Raja Ampat,CPNS,ORANG ASLI PAPUA (OAP),OPERATOR LAYANAN KESEHATAN,PEMERINTAH KABUPATEN RAJA AMPAT | DINAS KESEHATAN | BIDANG PELAYANAN KESEHATAN | PUSKESMAS RENI,6,0,2184000,2800000,16,0,0,0
f1c165fd-4952-4da9-8b63-494a40fc71d5,Pemerintah Kab. Raja Ampat,CPNS,ORANG ASLI PAPUA (OAP),OPERATOR LAYANAN KESEHATAN,PEMERINTAH KABUPATEN RAJA AMPAT | DINAS KESEHATAN | BIDANG PELAYANAN KESEHATAN | PUSKESMAS WAIGAMA,6,0,2184000,2800000,27,0,0,0
8b5125ee-b730-46c0-972e-7aa2a79a4c8c,Pemerintah Kab. Raja Ampat,CPNS,ORANG ASLI PAPUA (OAP),PEMADAM KEBAKARAN PEMULA,PEMERINTAH KABUPATEN RAJA AMPAT | SATUAN POLISI PAMONG PRAJA | BIDANG PERLINDUNGAN MASYARAKAT DAN PEMADAM KEBAKARAN | SEKSI PEMADAM KEBAKARAN,229,0,2184000,2800000,430,0,0,0
13240b81-fba8-4d54-9d63-276f6a436bc8,Pemerintah Kab. Raja Ampat,CPNS,ORANG ASLI PAPUA (OAP),POLISI PAMONG PRAJA PEMULA,PEMERINTAH KABUPATEN RAJA AMPAT | SATUAN POLISI PAMONG PRAJA | BIDANG PENEGAKAN PERUNDANG-UNDANGAN DAERAH | SEKSI PENINDAKAN INTERNAL,267,0,2184000,3100000,735,0,0,0
6107bbcc-2a53-4e70-8768-e69dc46606d3,Pemerintah Kab. Sambas,CPNS,UMUM,PEMADAM KEBAKARAN PEMULA,Pemerintah Kabupaten Sambas | Badan Penanggulangan Bencana Daerah | Bidang Kedaruratan Dan Logistik | Seksi Kedaruratan,2,0,2500000,6000000,307,0,0,0
3ef93387-705e-42f8-ae1d-6dc44278d53b,Pemerintah Kab. Sambas,CPNS,UMUM,POLISI PAMONG PRAJA PEMULA,Pemerintah Kabupaten Sambas | Satuan Polisi Pamong Praja | Bidang Perlindungan Masyarakat,2,0,2184000,4000000,111,0,0,0
90d478be-d3b4-4fda-bc9b-18d49768cbc7,Pemerintah Kab. Sambas,CPNS,UMUM,POLISI PAMONG PRAJA PEMULA,Pemerintah Kabupaten Sambas | Satuan Polisi Pamong Praja | Bidang Ketertiban Umum Dan Ketenteraman Masyarakat,8,0,2184000,4000000,553,0,0,0
c730ee79-e40c-45b5-8828-7a955f29c006,Pemerintah Kab. Sarmi,CPNS,ORANG ASLI PAPUA (OAP),ASISTEN PELATIH OLAHRAGA PEMULA,Pemerintah Kab. Sarmi | DINAS PEMUDA DAN OLAHRAGA | BIDANG KEOLAHRAGAAN | SEKSI PEMBINAAN DAN PENGEMBANGAN KEOLAHRAGAAN,3,0,2300000,2700000,80,0,0,0
8a0186cc9159ace501915a1ef00a3df2,Pemerintah Kab. Sarmi,CPNS,ORANG ASLI PAPUA (OAP),OPERATOR LAYANAN KESEHATAN,Pemerintah Kab. Sarmi | DINAS KESEHATAN | PUSKESMAS ARBAIS,3,0,2300000,2700000,12,0,0,0
8a0186cc9159ace501915a23df28406d,Pemerintah Kab. Sarmi,CPNS,ORANG ASLI PAPUA (OAP),OPERATOR LAYANAN KESEHATAN,Pemerintah Kab. Sarmi | DINAS KESEHATAN | PUSKESMAS BETAF,2,0,2300000,2700000,10,0,0,0
8a0186cc9159ace501915a27b0ac42cf,Pemerintah Kab. Sarmi,CPNS,UMUM (NON OAP),OPERATOR LAYANAN KESEHATAN,Pemerintah Kab. Sarmi | DINAS KESEHATAN | PUSKESMAS BONGGO TIMUR,1,0,2300000,2700000,8,0,0,0
8a0186cc9159ace501915a28f88b43b0,Pemerintah Kab. Sarmi,CPNS,ORANG ASLI PAPUA (OAP),OPERATOR LAYANAN KESEHATAN,Pemerintah Kab. Sarmi | DINAS KESEHATAN | PUSKESMAS BONGGO,3,0,2900000,3800000,9,0,0,0
8a0186cc9159ace501915a2b4c9a4585,Pemerintah Kab. Sarmi,CPNS,ORANG ASLI PAPUA (OAP),OPERATOR LAYANAN KESEHATAN,Pemerintah Kab. Sarmi | DINAS KESEHATAN | PUSKESMAS SAMANENTE,3,0,2300000,2700000,18,0,0,0
8a0186cc9159ace501915a2cfa614697,Pemerintah Kab. Sarmi,CPNS,ORANG ASLI PAPUA (OAP),OPERATOR LAYANAN KESEHATAN,Pemerintah Kab. Sarmi | DINAS KESEHATAN | PUSKESMAS BURTIN,1,0,2300000,2700000,10,0,0,0
8a0186cc9159ace501915a3f33c152fa,Pemerintah Kab. Sarmi,CPNS,ORANG ASLI PAPUA (OAP),OPERATOR LAYANAN KESEHATAN,Pemerintah Kab. Sarmi | DINAS KESEHATAN | PUSTU KASUKWE,1,0,2300000,2700000,1,0,0,0
11d5fea5-33db-4cd1-9933-229a62dd185d,Pemerintah Kab. Sarmi,CPNS,ORANG ASLI PAPUA (OAP),OPERATOR LAYANAN KESEHATAN,Pemerintah Kab. Sarmi | DINAS KESEHATAN | PUSKESMAS BAGAISERWAR,2,0,2300000,2700000,6,0,0,0
4f3dae1f-e318-4e35-9072-1ba34fd9705d,Pemerintah Kab. Sarmi,CPNS,UMUM (NON OAP),OPERATOR LAYANAN KESEHATAN,Pemerintah Kab. Sarmi | DINAS KESEHATAN | PUSKESMAS BETAF,1,0,2300000,2700000,1,0,0,0
6b1ebae9-4fd1-4b6c-95ff-1212c6f73ee1,Pemerintah Kab. Sarmi,CPNS,UMUM (NON OAP),OPERATOR LAYANAN KESEHATAN,Pemerintah Kab. Sarmi | DINAS KESEHATAN | PUSKESMAS BURTIN,1,0,2300000,2700000,5,0,0,0
6c25aff3-1aa0-427c-a4b9-428f46c2276a,Pemerintah Kab. Sarmi,CPNS,ORANG ASLI PAPUA (OAP),OPERATOR LAYANAN KESEHATAN,Pemerintah Kab. Sarmi | DINAS KESEHATAN | PUSKESMAS PETAM,2,0,2300000,2700000,2,0,0,0
84acf97f-858b-4c2b-8a09-89460f5390e1,Pemerintah Kab. Sarmi,CPNS,ORANG ASLI PAPUA (OAP),OPERATOR LAYANAN KESEHATAN,Pemerintah Kab. Sarmi | DINAS KESEHATAN | PUSKESMAS BONGGO TIMUR,2,0,2300000,2700000,2,0,0,0
86694acb-7c71-4c18-b9a5-7ef8b444747e,Pemerintah Kab. Sarmi,CPNS,ORANG ASLI PAPUA (OAP),OPERATOR LAYANAN KESEHATAN,Pemerintah Kab. Sarmi | DINAS KESEHATAN | PUSTU LIKI,3,0,2300000,2700000,15,0,0,0
b6ab9158-d9cf-43ec-a472-047713481e85,Pemerintah Kab. Sarmi,CPNS,UMUM (NON OAP),OPERATOR LAYANAN KESEHATAN,Pemerintah Kab. Sarmi | DINAS KESEHATAN | PUSKESMAS SAMANENTE,1,0,2300000,2700000,12,0,0,0
c9d1b4d1-492a-42f8-bd56-5dad868fb194,Pemerintah Kab. Sarmi,CPNS,UMUM (NON OAP),OPERATOR LAYANAN KESEHATAN,Pemerintah Kab. Sarmi | DINAS KESEHATAN | PUSKESMAS ARBAIS,1,0,2300000,2700000,6,0,0,0
d2ead6b4-4b04-4b28-852f-b48cd27b6a81,Pemerintah Kab. Sarmi,CPNS,ORANG ASLI PAPUA (OAP),OPERATOR LAYANAN KESEHATAN,Pemerintah Kab. Sarmi | DINAS KESEHATAN | SEKRETARIAT,4,0,2300000,2700000,13,0,0,0
e1e63387-dcd1-4432-814f-c0777bb4dfaa,Pemerintah Kab. Sarmi,CPNS,ORANG ASLI PAPUA (OAP),OPERATOR LAYANAN KESEHATAN,Pemerintah Kab. Sarmi | DINAS KESEHATAN | PUSKESMAS SARMI,3,0,2900000,3800000,5,0,0,0
e8482c90-8ca9-4ada-b8f4-632e5205af3e,Pemerintah Kab. Sarmi,CPNS,UMUM (NON OAP),OPERATOR LAYANAN KESEHATAN,Pemerintah Kab. Sarmi | DINAS KESEHATAN | PUSTU KASUKWE,1,0,2300000,2700000,8,0,0,0
fea8c11d-d5a7-4b30-b3ca-b720dc0e8318,Pemerintah Kab. Sarmi,CPNS,UMUM (NON OAP),OPERATOR LAYANAN KESEHATAN,Pemerintah Kab. Sarmi | DINAS KESEHATAN | PUSKESMAS BONGGO,1,0,2900000,3800000,3,0,0,0
8a0186ce915e61b701915f761dfc60e4,Pemerintah Kab. Sarmi,CPNS,UMUM (NON OAP),PEMADAM KEBAKARAN PEMULA,Pemerintah Kab. Sarmi | BADAN PENANGGULANGAN BENCANA DAERAH | BIDANG PENCEGAHAN DAN KESIAPSIAGAAN | SEKSI KESIAPSIAGAAN,1,0,2300000,2700000,25,0,0,0
7a37b697-355b-419b-b2f8-6fc8c83925b7,Pemerintah Kab. Sarmi,CPNS,ORANG ASLI PAPUA (OAP),PEMADAM KEBAKARAN PEMULA,Pemerintah Kab. Sarmi | BADAN PENANGGULANGAN BENCANA DAERAH | BIDANG PENCEGAHAN DAN KESIAPSIAGAAN | SEKSI KESIAPSIAGAAN,5,0,2300000,2700000,278,0,0,0
89a2ec67-43c3-4ea3-8ec7-dd2600c41765,Pemerintah Kab. Sarmi,CPNS,ORANG ASLI PAPUA (OAP),PEMADAM KEBAKARAN PEMULA,Pemerintah Kab. Sarmi | SATUAN POLISI PAMONG PRAJA | BIDANG PERLINDUNGAN MASYARAKAT,6,0,2300000,2700000,36,0,0,0
11ff43f8-3b42-42b5-9607-4ccc0febd1ec,Pemerintah Kab. Sarmi,CPNS,ORANG ASLI PAPUA (OAP),PENATA LAKSANA BANGUNAN GEDUNG DAN KAWASAN PERMUKIMAN PEMULA,"Pemerintah Kab. Sarmi | DINAS PERUMAHAN DAN KAWASAN PEMUKIMAN | BIDANG PERUMAHAN | SEKSI PRASARANA,SARANA DAN UTILITAS UMUM",4,0,2300000,2700000,127,0,0,0
38fb7884-0608-4f2e-8282-3b71807751e6,Pemerintah Kab. Sarmi,CPNS,ORANG ASLI PAPUA (OAP),PENATA LAKSANA PENYEHATAN LINGKUNGAN PEMULA,Pemerintah Kab. Sarmi | DINAS LINGKUNGAN HIDUP | Bidang Perlindungandan Pengelolaan Lingkungan Hidup | SEKSI PENGADUAN DAN PENEGAKAN HUKUM,4,0,2300000,2700000,69,0,0,0
8a0186cc9159ace501915a42a2075679,Pemerintah Kab. Sarmi,CPNS,ORANG ASLI PAPUA (OAP),PENATA LAKSANA SUMBER DAYA AIR PEMULA,Pemerintah Kab. Sarmi | DINAS PEKERJAAN UMUM DAN PENATAAN RUANG | BIDANG SUMBER DAYA AIR | SEKSI PELAKSANAAN SUMBER DAYA AIR,5,0,2300000,2700000,134,0,0,0
a3faf065-72da-486d-bc6d-a6fad398ba43,Pemerintah Kab. Sarmi,CPNS,UMUM (NON OAP),PENATA LAKSANA SUMBER DAYA AIR PEMULA,Pemerintah Kab. Sarmi | DINAS PEKERJAAN UMUM DAN PENATAAN RUANG | BIDANG SUMBER DAYA AIR | SEKSI PELAKSANAAN SUMBER DAYA AIR,1,0,2300000,2700000,33,0,0,0
061c1201-aecc-436f-a60b-eb0c5afb8eb8,Pemerintah Kab. Sarmi,CPNS,ORANG ASLI PAPUA (OAP),PENGAMAT TERA PEMULA,"Pemerintah Kab. Sarmi | DINAS PERINDUSTRIAN,PERDAGANGAN KOPERASI DAN UKM | BIDANG PERINDUSTRIAN | SEKSI INDUSTRI  HASIL HUTAN DAN AGRO",4,0,2300000,2700000,34,0,0,0
100f1579-4f24-4977-abf3-b825d2c37bc8,Pemerintah Kab. Sarmi,CPNS,ORANG ASLI PAPUA (OAP),POLISI PAMONG PRAJA PEMULA,Pemerintah Kab. Sarmi | SATUAN POLISI PAMONG PRAJA | BIDANG PENEGAKAN PRODUK HUKUM DAERAH | SEKSI PEMBINAAN DAN PENGAWASAN,4,0,2300000,2700000,109,0,0,0
809e74ff-ca30-4f81-9b6b-0056e06f414a,Pemerintah Kab. Sekadau,CPNS,UMUM,POLISI PAMONG PRAJA PEMULA,"Pemerintah Kabupaten Sekadau | Satuan Polisi Pamong Praja Kabupaten Sekadau | Bidang Ketentraman, Ketertiban Umum dan Perlingungan Masyarakat | Seksi Pengendalian Operasional",8,1,2000000,3500000,901,0,0,0
9041ef4d-e2db-45d5-9334-04fc93cf3a5d,Pemerintah Kab. Seluma,CPNS,UMUM,ASISTEN PELATIH OLAHRAGA PEMULA,"PEMERINTAH KABUPATEN SELUMA | DINAS PARIWISATA, PEMUDA DAN OLAHRAGA | BIDANG PEMUDA DAN OLAHRAGA",3,0,3200000,5000000,150,0,0,0
6a3f01f6-52b1-464c-8dff-88a094522dbc,Pemerintah Kab. Seluma,CPNS,UMUM,PEMADAM KEBAKARAN PEMULA,PEMERINTAH KABUPATEN SELUMA | SATUAN POLISI PAMONG PRAJA DAN PEMADAM KEBAKARAN | BIDANG PEMADAM KEBAKARAN,40,0,2000000,3500000,2634,0,0,0
21255e97-08a2-41db-9100-8de63a3af6ed,Pemerintah Kab. Seluma,CPNS,UMUM,PENATA LAKSANA BANGUNAN GEDUNG DAN KAWASAN PERMUKIMAN PEMULA,"PEMERINTAH KABUPATEN SELUMA | DINAS PERUMAHAN KAWASAN, PERMUKIMAN DAN PERHUBUNGAN | BIDANG KAWASAN PERMUKIMAN DAN PERTANAHAN",10,0,2000000,3000000,545,0,0,0
6855e06f-e960-4dfb-939d-61531e24e529,Pemerintah Kab. Seluma,CPNS,UMUM,PENATA LAKSANA JALAN DAN JEMBATAN PEMULA,PEMERINTAH KABUPATEN SELUMA | DINAS PEKERJAAN UMUM DAN PENATAAN RUANG | BIDANG BINA MARGA,3,0,2500000,5000000,98,0,0,0
511d8ca3-fa84-4b01-8e31-2749b4f4d939,Pemerintah Kab. Seluma,CPNS,UMUM,PENATA LAKSANA PENYEHATAN LINGKUNGAN PEMULA,"PEMERINTAH KABUPATEN SELUMA | DINAS PERUMAHAN KAWASAN, PERMUKIMAN DAN PERHUBUNGAN | BIDANG KAWASAN PERMUKIMAN DAN PERTANAHAN",1,0,2000000,3000000,40,0,0,0
5b950b26-6fe9-4bae-b1a2-9f0aeb842f4c,Pemerintah Kab. Seluma,CPNS,UMUM,PENATA LAKSANA SUMBER DAYA AIR PEMULA,PEMERINTAH KABUPATEN SELUMA | DINAS KETENAGAKERJAAN DAN TRANSMIGRASI | BIDANG KETRANSMIGRASIAN DAN ENERGI SUMBER DAYA MINERAL,3,0,2500000,5000000,112,0,0,0
bada6d82-5e56-46aa-8e19-d9520ed143a2,Pemerintah Kab. Seluma,CPNS,UMUM,PENATA LAKSANA SUMBER DAYA AIR PEMULA,"PEMERINTAH KABUPATEN SELUMA | DINAS PERUMAHAN KAWASAN, PERMUKIMAN DAN PERHUBUNGAN | BIDANG KAWASAN PERMUKIMAN DAN PERTANAHAN",5,0,2000000,3000000,410,0,0,0
0da9f541-c6f6-464d-8dc7-c4d6f23b7f14,Pemerintah Kab. Seluma,CPNS,UMUM,PENGAMAT TERA PEMULA,"PEMERINTAH KABUPATEN SELUMA | DINAS PERINDUSTRIAN, PERDAGANGAN, KOPERASI, USAHA KECIL DAN MENENGAH | BIDANG PERINDUSTRIAN DAN PERDAGANGAN",4,0,2500000,5000000,299,0,0,0
fb81684a-6cb0-4ced-91b4-1294b23bd410,Pemerintah Kab. Seluma,CPNS,UMUM,PETUGAS OPERASI DAN PEMELIHARAAN,PEMERINTAH KABUPATEN SELUMA | DINAS PEKERJAAN UMUM DAN PENATAAN RUANG | BIDANG SUMBER DAYA AIR,5,0,2500000,5000000,305,0,0,0
a0c0579a-9754-4dd2-934e-54c5b851a89c,Pemerintah Kab. Seluma,CPNS,UMUM,POLISI PAMONG PRAJA PEMULA,PEMERINTAH KABUPATEN SELUMA | SATUAN POLISI PAMONG PRAJA DAN PEMADAM KEBAKARAN | BIDANG KETERTIBAN UMUM DAN KETENTERAMAN MASYARAKAT,10,0,2000000,3500000,399,0,0,0
d1bf05fa-366d-497d-b592-d3d8e7aaef18,Pemerintah Kab. Seluma,CPNS,UMUM,PRANATA PENCARIAN DAN PERTOLONGAN PEMULA,PEMERINTAH KABUPATEN SELUMA | BADAN PENANGGULANGAN BENCANA DAERAH | BIDANG KEDARURATAN DAN LOGISTIK | SEKSI TANGGAP DARURAT,10,0,2000000,3500000,328,0,0,0
ae4fa96b-5cd3-4385-b29f-d877c84dcece,Pemerintah Kab. Seram Bagian Barat,CPNS,UMUM,POLISI PAMONG PRAJA PEMULA,PEMERINTAH KABUPATEN SERAM BAGIAN BARAT | SATUAN POLISI PAMONG PRAJA DAN KEBAKARAN,2,0,1988720,3352880,5,0,0,0
7e107707-dd77-46a8-a558-a35b97b4e7c6,Pemerintah Kab. Seram Bagian Timur,CPNS,UMUM,PEMADAM KEBAKARAN PEMULA,PEMERINTAH KABUPATEN SERAM BAGIAN TIMUR | DINAS PEMADAM KEBAKARAN DAN PENYELEMATAN | BIDANG PEMADAMAN DAN PENYELAMATAN | SEKSI PEMADAMAN DAN INVESTIGASI,1,1,2300000,3500000,47,0,0,0
14a13523-50f2-456e-bd43-ba979d20cc75,Pemerintah Kab. Seram Bagian Timur,CPNS,UMUM,PRANATA PENCARIAN DAN PERTOLONGAN PEMULA,PEMERINTAH KABUPATEN SERAM BAGIAN TIMUR | BUPATI SERAM BAGIAN TIMUR | BADAN PENANGGULANGAN BENCANA DAERAH | BIDANG REHABILITASI DAN REKONSTRUKSI | JF. Analis Kebijakan Ahli Muda / Sub Koordinator Rekontruksi,1,1,2500000,4000000,44,0,0,0
81debc9d-5988-42cd-8407-c8d43436fb06,Pemerintah Kab. Seram Bagian Timur,CPNS,UMUM,TEKNISI MESIN ALAT BERAT,PEMERINTAH KABUPATEN SERAM BAGIAN TIMUR | DINAS PERHUBUNGAN | Bidang Angkutan Darat | Seksi Lalu Lintas,2,1,2300000,3500000,52,0,0,0
6f6929e2-eef6-41a4-86d7-821d72771364,Pemerintah Kab. Sijunjung,CPNS,UMUM,ASISTEN PELATIH OLAHRAGA PEMULA,"PEMERINTAH KABUPATEN SIJUNJUNG | DINAS PARIWISATA, PEMUDA DAN OLAHRAGA | BIDANG PEMUDA DAN OLAHRAGA",7,1,1500000,3000000,509,0,0,0
1714be48-eb0b-4cd3-a7b9-c56d1a59ee42,Pemerintah Kab. Sijunjung,CPNS,UMUM,OPERATOR LAYANAN KESEHATAN,PEMERINTAH KABUPATEN SIJUNJUNG | DINAS KESEHATAN | UPTD PUSKESMAS SUNGAI LANSEK | SUB BAGIAN TATA USAHA UPTD PUSKESMAS SUNGAI LANSEK,4,1,1500000,3000000,270,0,0,0
1f98bc63-ccab-4f53-a993-014869c6d8d9,Pemerintah Kab. Sijunjung,CPNS,UMUM,OPERATOR LAYANAN KESEHATAN,PEMERINTAH KABUPATEN SIJUNJUNG | DINAS KESEHATAN | UPTD PUSKESMAS PADANG LAWEH | SUB BAGIAN TATA USAHA UPTD PUSKESMAS PADANG LAWEH,2,1,1500000,3000000,168,0,0,0
2f7387ba-46f6-4c2c-83ff-834e36d1b5bd,Pemerintah Kab. Sijunjung,CPNS,UMUM,OPERATOR LAYANAN KESEHATAN,"PEMERINTAH KABUPATEN SIJUNJUNG | DINAS KESEHATAN | SEKRETARIAT DINAS KESEHATAN | SUB BAGIAN KEUANGAN, KEPEGAWAIAN DAN UMUM",1,1,1500000,3000000,73,0,0,0
35a6f1cf-6994-41b3-aa09-f844753f32b1,Pemerintah Kab. Sijunjung,CPNS,UMUM,OPERATOR LAYANAN KESEHATAN,PEMERINTAH KABUPATEN SIJUNJUNG | DINAS KESEHATAN | UPTD PUSKESMAS SIJUNJUNG | SUB BAGIAN TATA USAHA UPTD PUSKESMAS SIJUNJUNG,6,1,1500000,3000000,1118,0,0,0
37dfbc72-0f1d-471a-a60e-b6924b694b3a,Pemerintah Kab. Sijunjung,CPNS,UMUM,OPERATOR LAYANAN KESEHATAN,PEMERINTAH KABUPATEN SIJUNJUNG | DINAS KESEHATAN | BIDANG PELAYANAN KESEHATAN DAN SUMBER DAYA KESEHATAN,2,1,1500000,3000000,160,0,0,0
3821215b-9cfa-41f6-b88d-0999e014059e,Pemerintah Kab. Sijunjung,CPNS,UMUM,OPERATOR LAYANAN KESEHATAN,PEMERINTAH KABUPATEN SIJUNJUNG | DINAS KESEHATAN | UPTD PUSKESMAS AIR AMO | SUB BAGIAN TATA USAHA UPTD PUSKESMAS AIR AMO,4,1,1500000,3000000,263,0,0,0
3dd68f56-9b6f-497e-b62a-6f3d83125520,Pemerintah Kab. Sijunjung,CPNS,UMUM,OPERATOR LAYANAN KESEHATAN,PEMERINTAH KABUPATEN SIJUNJUNG | DINAS KESEHATAN | UPTD PUSKESMAS KAMANG | SUB BAGIAN TATA USAHA UPTD PUSKESMAS KAMANG BARU,4,1,1500000,3000000,215,0,0,0
4165adb9-ea72-4474-839c-c0a85d89f9cc,Pemerintah Kab. Sijunjung,CPNS,UMUM,OPERATOR LAYANAN KESEHATAN,PEMERINTAH KABUPATEN SIJUNJUNG | RUMAH SAKIT UMUM DAERAH KAMANG BARU | KASUBAG ADMINISTRASI UMUM,17,1,1500000,3000000,4465,0,0,0
8f2a6545-6ba8-491c-a9f0-ba0c5293323f,Pemerintah Kab. Sijunjung,CPNS,UMUM,OPERATOR LAYANAN KESEHATAN,PEMERINTAH KABUPATEN SIJUNJUNG | DINAS KESEHATAN | UPTD PUSKESMAS MUARO BODI | SUB BAGIAN TATA USAHA UPTD PUSKESMAS MUARO BODI,1,1,1500000,3000000,55,0,0,0
33d87a80-9219-4a71-8ddd-efc740ed02d2,Pemerintah Kab. Sijunjung,CPNS,UMUM,PEMADAM KEBAKARAN PEMULA,PEMERINTAH KABUPATEN SIJUNJUNG | SATUAN POLISI PAMONG PRAJA DAN PEMADAM KEBAKARAN | BIDANG PEMADAM KEBAKARAN,32,1,1500000,3000000,1808,0,0,0
342242d6-6e2d-4747-b91c-f0bced16b5b9,Pemerintah Kab. Sijunjung,CPNS,UMUM,PENATA LAKSANA SUMBER DAYA AIR PEMULA,PEMERINTAH KABUPATEN SIJUNJUNG | DINAS PEKERJAAN UMUM DAN PENATAAN RUANG | BIDANG PENGELOLAAN SUMBER DAYA AIR,3,1,1500000,3000000,1099,0,0,0
80791700-3d6e-4273-8ac1-e3824baf067a,Pemerintah Kab. Sijunjung,CPNS,UMUM,PETUGAS OPERASI DAN PEMELIHARAAN,PEMERINTAH KABUPATEN SIJUNJUNG | DINAS PEKERJAAN UMUM DAN PENATAAN RUANG | BIDANG PENGELOLAAN SUMBER DAYA AIR,3,1,1500000,3000000,169,0,0,0
0e3bbfa4-be66-495c-b808-7380bc2cdb52,Pemerintah Kab. Sijunjung,CPNS,UMUM,POLISI PAMONG PRAJA PEMULA,PEMERINTAH KABUPATEN SIJUNJUNG | SATUAN POLISI PAMONG PRAJA DAN PEMADAM KEBAKARAN | BIDANG KETERTIBAN UMUM DAN KETENTRAMAN MASYARAKAT,3,1,1500000,3000000,116,0,0,0
30ff4c6e-d015-4b42-b20f-40d53c7dc435,Pemerintah Kab. Sijunjung,CPNS,UMUM,POLISI PAMONG PRAJA PEMULA,PEMERINTAH KABUPATEN SIJUNJUNG | SATUAN POLISI PAMONG PRAJA DAN PEMADAM KEBAKARAN | BIDANG PENEGAKAN PERATURAN DAERAH,3,1,1500000,3000000,53,0,0,0
a5ca34e2-4e96-418a-b0df-d2273a834cf8,Pemerintah Kab. Sijunjung,CPNS,UMUM,POLISI PAMONG PRAJA PEMULA,PEMERINTAH KABUPATEN SIJUNJUNG | SATUAN POLISI PAMONG PRAJA DAN PEMADAM KEBAKARAN | BIDANG BIMBINGAN DAN PERLINDUNGAN MASYARAKAT,2,1,1500000,3000000,28,0,0,0
4b767e3c-ee94-4b4f-8135-baa6d47e1e51,Pemerintah Kab. Sijunjung,CPNS,UMUM,PRANATA PENCARIAN DAN PERTOLONGAN PEMULA,PEMERINTAH KABUPATEN SIJUNJUNG | BADAN PENANGGULANGAN BENCANA DAERAH | BIDANG KEDARURATAN DAN LOGISTIK | SEKSI KEDARURATAN,1,1,1500000,3000000,42,0,0,0
fd124b97-1c58-4df7-a698-d7c0b5538e5d,Pemerintah Kab. Sijunjung,CPNS,UMUM,PRANATA PENCARIAN DAN PERTOLONGAN PEMULA,"PEMERINTAH KABUPATEN SIJUNJUNG | DINAS SOSIAL, PEMBERDAYAAN PEREMPUAN DAN PERLINDUNGAN ANAK | BIDANG PERLINDUNGAN DAN JAMINAN SOSIAL",1,1,1500000,3000000,61,0,0,0
39c668f0-fd43-4b9d-8c7e-1a6432aa0da1,Pemerintah Kab. Sikka,CPNS,UMUM,PEMADAM KEBAKARAN PEMULA,PEMERINTAH KABUPATEN SIKKA | SATUAN POLISI PAMONG PRAJA DAN PEMADAM KEBAKARAN KABUPATEN SIKKA | BIDANG PEMADAM KEBAKARAN | SEKSI PENGENDALIAN KEBAKARAN,3,0,2184000,3643400,225,0,0,0
a9085792-240a-41e0-a997-3f4e3d2b95d2,Pemerintah Kab. Sikka,CPNS,UMUM,PEMADAM KEBAKARAN PEMULA,PEMERINTAH KABUPATEN SIKKA | SATUAN POLISI PAMONG PRAJA DAN PEMADAM KEBAKARAN KABUPATEN SIKKA | BIDANG PEMADAM KEBAKARAN | SEKSI PENCEGAHAN BENCANA KEBAKARAN,3,0,2184000,3643400,362,0,0,0
7cf5032a-f7a0-4bfd-a9cd-b0cc19b1bfc1,Pemerintah Kab. Simalungun,CPNS,UMUM,PETUGAS OPERASI DAN PEMELIHARAAN,PEMERINTAH KABUPATEN SIMALUNGUN | DINAS PEKERJAAN UMUM DAN TATA RUANG | BIDANG SUMBER DAYA AIR,1,1,2184000,4800000,68,0,0,0
f93a0fdf-170d-4f74-91c0-778b77334e00,Pemerintah Kab. Simalungun,CPNS,UMUM,PETUGAS OPERASI DAN PEMELIHARAAN,PEMERINTAH KABUPATEN SIMALUNGUN | DINAS PEKERJAAN UMUM DAN TATA RUANG | BIDANG BINA MARGA,3,1,2184000,4800000,817,0,0,0
4fb26898-678a-4650-b53c-08aa945c1568,Pemerintah Kab. Simalungun,CPNS,UMUM,POLISI KHUSUS CAGAR BUDAYA,"PEMERINTAH KABUPATEN SIMALUNGUN | DINAS KEBUDAYAAN, PARIWISATA DAN EKONOMI KREATIF | BIDANG KEBUDAYAAN",3,1,2184000,4800000,351,0,0,0
5db9a636-cc4f-4989-8bfb-a67aef002afb,Pemerintah Kab. Simeulue,CPNS,UMUM,OPERATOR LAYANAN KESEHATAN,PEMERINTAH KABUPATEN SIMEULUE | DINAS KESEHATAN KABUPATEN SIMEULUE | UPTD RUMAH SAKIT UMUM DAERAH KABUPATEN SIMEULUE | BIDANG PELAYANAN MEDIS | SEKSI PELAYANAN DAN RUJUKAN,1,1,2511500,3013800,116,0,0,0
3b1a0953-9921-4cf0-ba86-d6fae61c8aff,Pemerintah Kab. Simeulue,CPNS,UMUM,POLISI PAMONG PRAJA PEMULA,PEMERINTAH KABUPATEN SIMEULUE | SATUAN POLISI PAMONG PRAJA DAN WILAYATUL HISBAH KABUPATEN SIMEULUE | KELOMPOK JABATAN FUNGSIONAL SATPOL PP DAN WH,9,1,2511500,3013800,642,0,0,0
18c66c7f-b8cf-4058-b6cc-f7ae6ce6a00a,Pemerintah Kab. Sorong,CPNS,ORANG ASLI PAPUA (OAP),OPERATOR LAYANAN KESEHATAN,PEMERINTAH DAERAH KABUPATEN SORONG | DINAS KESEHATAN | PUSKESMAS MAKBON | SUB BAGIAN TATA USAHA PUSKESMAS MAKBON,2,0,2184000,3643400,10,0,0,0
1910b6dd-a8ff-4110-951f-bd535f862b5f,Pemerintah Kab. Sorong,CPNS,ORANG ASLI PAPUA (OAP),OPERATOR LAYANAN KESEHATAN,PEMERINTAH DAERAH KABUPATEN SORONG | DINAS KESEHATAN | PUSKESMAS KLASO | SUB BAGIAN TATA USAHA PUSKESMAS KLASOUW,2,0,2184000,3643400,9,0,0,0
1a15626f-7112-4c20-839b-b79f8adbace2,Pemerintah Kab. Sorong,CPNS,ORANG ASLI PAPUA (OAP),OPERATOR LAYANAN KESEHATAN,PEMERINTAH DAERAH KABUPATEN SORONG | DINAS KESEHATAN | PUSKESMAS SEGET | SUB BAGIAN TATA USAHA PUSKESMAS SEGET,2,0,2184000,3643400,10,0,0,0
1df85d11-4806-4383-9fd6-a5b9a2652e0a,Pemerintah Kab. Sorong,CPNS,ORANG ASLI PAPUA (OAP),OPERATOR LAYANAN KESEHATAN,PEMERINTAH DAERAH KABUPATEN SORONG | DINAS KESEHATAN | PUSKESMAS MARIAT | SUB BAGIAN TATA USAHA PUSKESMAS MARIAT DINAS KESEHTAN,2,0,2184000,3643400,13,0,0,0
29b97b10-e779-49b0-a10e-4e76803b5696,Pemerintah Kab. Sorong,CPNS,ORANG ASLI PAPUA (OAP),OPERATOR LAYANAN KESEHATAN,PEMERINTAH DAERAH KABUPATEN SORONG | DINAS KESEHATAN | PUSKESMAS KLABOT | SUB BAGIAN TATA USAHA PUSKESMAS KLABOT,2,0,2184000,3643400,12,0,0,0
2e872079-a2a3-4831-9fdb-b1b98e7a6ff0,Pemerintah Kab. Sorong,CPNS,ORANG ASLI PAPUA (OAP),OPERATOR LAYANAN KESEHATAN,PEMERINTAH DAERAH KABUPATEN SORONG | DINAS KESEHATAN | BIDANG PELAYANAN KESEHATAN | SEKSI PELAYANAN KESEHATAN RUJUKAN,2,0,2184000,3643400,17,0,0,0
335156ae-b313-4cbe-bd75-2dcb42969195,Pemerintah Kab. Sorong,CPNS,ORANG ASLI PAPUA (OAP),OPERATOR LAYANAN KESEHATAN,PEMERINTAH DAERAH KABUPATEN SORONG | DINAS KESEHATAN | PUSKESMAS KLAWAK | SUB BAGIAN TATA USAHA PUSKESMAS KLAWAK,1,0,2184000,3643400,16,0,0,0
352949b9-1021-4745-b879-55df59c7d24f,Pemerintah Kab. Sorong,CPNS,ORANG ASLI PAPUA (OAP),OPERATOR LAYANAN KESEHATAN,PEMERINTAH DAERAH KABUPATEN SORONG | RUMAH SAKIT UMUM DAERAH | BAGIAN UMUM DAN KEUANGAN | SUB BAGIAN KESEKRETARIATAN DAN REKAM MEDIS,1,0,2184000,3643400,4,0,0,0
352be3a8-350e-4549-b5fb-f01454dfbcb1,Pemerintah Kab. Sorong,CPNS,ORANG ASLI PAPUA (OAP),OPERATOR LAYANAN KESEHATAN,PEMERINTAH DAERAH KABUPATEN SORONG | DINAS KESEHATAN | PUSKESMAS KLAYILI | SUB BAGIAN TATA USAHA PUSKESMAS KLAYILI,1,0,2184000,3643400,9,0,0,0
49ba597c-3a3a-446e-b006-38b835bcc345,Pemerintah Kab. Sorong,CPNS,ORANG ASLI PAPUA (OAP),OPERATOR LAYANAN KESEHATAN,PEMERINTAH DAERAH KABUPATEN SORONG | DINAS KESEHATAN | PUSKESMAS PUSKESMAS KONHIR | SUB BAGIAN TATA USAHA,2,0,2184000,3643400,16,0,0,0
4a036015-d20d-405a-8885-fa9ad7bf5b73,Pemerintah Kab. Sorong,CPNS,ORANG ASLI PAPUA (OAP),OPERATOR LAYANAN KESEHATAN,PEMERINTAH DAERAH KABUPATEN SORONG | DINAS KESEHATAN | PUSKESMAS BERAUR | SUB BAGIAN TATA USAHA PUSKESMAS BERAUR,2,0,2184000,3643400,13,0,0,0
4befcf98-715e-4f38-a916-a0bac4d0db3a,Pemerintah Kab. Sorong,CPNS,ORANG ASLI PAPUA (OAP),OPERATOR LAYANAN KESEHATAN,PEMERINTAH DAERAH KABUPATEN SORONG | DINAS KESEHATAN | PUSKESMAS MALAWILI | SUB BAGIAN TATA USAHA PUSKESMAS MALAWILI DISTRIK AIMAS KABUPATEN SORONG,1,0,2184000,3643400,7,0,0,0
5055361c-1b4b-4ceb-863a-23c1903e4f94,Pemerintah Kab. Sorong,CPNS,ORANG ASLI PAPUA (OAP),OPERATOR LAYANAN KESEHATAN,PEMERINTAH DAERAH KABUPATEN SORONG | DINAS KESEHATAN | PUSKESMAS KLASAFET | SUB BAGIAN TATA USAHA PUSKESMAS KLASAFET,1,0,2184000,3643400,12,0,0,0
5f317f53-145d-43aa-bab4-31017a6071b6,Pemerintah Kab. Sorong,CPNS,ORANG ASLI PAPUA (OAP),OPERATOR LAYANAN KESEHATAN,PEMERINTAH DAERAH KABUPATEN SORONG | RUMAH SAKIT UMUM DAERAH | BIDANG PENUNJANG MEDIS | SEKSI PENUNJANG MEDIS,2,0,2184000,3643400,4,0,0,0
689a9b5d-df45-47cd-be68-e80f6aa080ab,Pemerintah Kab. Sorong,CPNS,ORANG ASLI PAPUA (OAP),OPERATOR LAYANAN KESEHATAN,PEMERINTAH DAERAH KABUPATEN SORONG | DINAS KESEHATAN | PUSKESMAS MAYAMUK | SUB BAGIAN TATA USAHA PUSKESMAS MAYAMUK,1,0,2184000,3643400,16,0,0,0
6e9c16ec-f624-418a-9a91-476fcdc62ee4,Pemerintah Kab. Sorong,CPNS,ORANG ASLI PAPUA (OAP),OPERATOR LAYANAN KESEHATAN,PEMERINTAH DAERAH KABUPATEN SORONG | DINAS KESEHATAN | PUSKESMAS KLAWREN | SUB BAGIAN TATA USAHA PUSKESMAS KLAWREN,1,0,2184000,3643400,8,0,0,0
6fef3873-b57b-4ca2-9046-fc9741a6a58b,Pemerintah Kab. Sorong,CPNS,ORANG ASLI PAPUA (OAP),OPERATOR LAYANAN KESEHATAN,PEMERINTAH DAERAH KABUPATEN SORONG | DINAS KESEHATAN | PUSKESMAS SALAWATI SELATAN | SUB BAGIAN TATA USAHA PUSKESMAS SAILOLOF,2,0,2184000,3643400,9,0,0,0
77c55408-ba44-4e3a-a948-f73588d4a00c,Pemerintah Kab. Sorong,CPNS,ORANG ASLI PAPUA (OAP),OPERATOR LAYANAN KESEHATAN,PEMERINTAH DAERAH KABUPATEN SORONG | DINAS KESEHATAN | PUSKESMAS MAUDUS | SUB BAGIAN TATA USAHA PUSKESMAS MAUDUS,1,0,2184000,3643400,12,0,0,0
77cbb49d-5a23-4161-a855-f4e9ef377748,Pemerintah Kab. Sorong,CPNS,ORANG ASLI PAPUA (OAP),OPERATOR LAYANAN KESEHATAN,PEMERINTAH DAERAH KABUPATEN SORONG | DINAS KESEHATAN | PUSKESMAS Puskesmas Salawati Tengah | SALAWATI TENGAH | SUB BAGIAN TATA USAHA,1,0,2184000,3643400,11,0,0,0
78857dd5-9fcb-4911-a3fb-90e68ca00722,Pemerintah Kab. Sorong,CPNS,ORANG ASLI PAPUA (OAP),OPERATOR LAYANAN KESEHATAN,PEMERINTAH DAERAH KABUPATEN SORONG | DINAS KESEHATAN | PUSKESMAS KLAMONO | SUB BAGIAN TATA USAHA PUSKESMAS KLAMONO,1,0,1918700,2783700,9,0,0,0
797dd68a-2c38-4258-8de1-2c78a463f55d,Pemerintah Kab. Sorong,CPNS,ORANG ASLI PAPUA (OAP),OPERATOR LAYANAN KESEHATAN,PEMERINTAH DAERAH KABUPATEN SORONG | DINAS KESEHATAN | PUSKESMAS BUK | SUB BAGIAN TATA USAHA,1,0,2184000,3643400,10,0,0,0
7d790c88-8d99-4fc5-a2b3-34d02714face,Pemerintah Kab. Sorong,CPNS,ORANG ASLI PAPUA (OAP),OPERATOR LAYANAN KESEHATAN,PEMERINTAH DAERAH KABUPATEN SORONG | DINAS KESEHATAN | PUSKESMAS SORONG | SUB BAGIAN TATA USAHA PUSKESMAS SORONG,1,0,2184000,3643400,8,0,0,0
9b117611-f989-4aad-9cea-4425f3ac3b2f,Pemerintah Kab. Sorong,CPNS,ORANG ASLI PAPUA (OAP),OPERATOR LAYANAN KESEHATAN,PEMERINTAH DAERAH KABUPATEN SORONG | DINAS KESEHATAN | PUSKESMAS SEGUN | SUB BAGIAN TATA USAHA PUSKESMAS SEGUN,1,0,2184000,3643400,12,0,0,0
a2ada085-e217-4c94-beab-fd216cb4eb7c,Pemerintah Kab. Sorong,CPNS,ORANG ASLI PAPUA (OAP),OPERATOR LAYANAN KESEHATAN,PEMERINTAH DAERAH KABUPATEN SORONG | DINAS KESEHATAN | PUSKESMAS HOBARD | SUB BAGIAN TATA USAHA PUSKESMAS HOBARD,1,0,2184000,3643400,10,0,0,0
a347db3e-1931-4a92-a052-f38a9fd0a015,Pemerintah Kab. Sorong,CPNS,ORANG ASLI PAPUA (OAP),OPERATOR LAYANAN KESEHATAN,PEMERINTAH DAERAH KABUPATEN SORONG | DINAS KESEHATAN | PUSKESMAS SAYOSA | SUB BAGIAN TATA USAHA PUSKESMAS SAYOSA,1,0,2184000,3643400,16,0,0,0
b4b9edc7-e248-4a2d-9253-ae507eac5440,Pemerintah Kab. Sorong,CPNS,ORANG ASLI PAPUA (OAP),OPERATOR LAYANAN KESEHATAN,PEMERINTAH DAERAH KABUPATEN SORONG | DINAS KESEHATAN | PUSKESMAS MAJARAN | SUB BAGIAN TATA USAHA PUSKESMAS MAJARAN,2,0,2184000,3643400,12,0,0,0
dc88b43e-87ff-4630-a585-ef6419f844bf,Pemerintah Kab. Sorong,CPNS,ORANG ASLI PAPUA (OAP),OPERATOR LAYANAN KESEHATAN,PEMERINTAH DAERAH KABUPATEN SORONG | RUMAH SAKIT UMUM DAERAH | BIDANG KEPERAWATAN DAN PENDIDIKAN | SEKSI KEPERAWATAN,1,0,2184000,3643400,5,0,0,0
e4db8c36-722f-41dc-8aa1-3e9e7870a292,Pemerintah Kab. Sorong,CPNS,ORANG ASLI PAPUA (OAP),OPERATOR LAYANAN KESEHATAN,PEMERINTAH DAERAH KABUPATEN SORONG | DINAS KESEHATAN | PUSKESMAS ASBAKEN | SUB BAGIAN TATA USAHA PUSKESMAS ASBAKEN,2,0,2184000,3643400,22,0,0,0
e61bf8f9-d3ff-4b91-8753-588646412957,Pemerintah Kab. Sorong,CPNS,ORANG ASLI PAPUA (OAP),OPERATOR LAYANAN KESEHATAN,PEMERINTAH DAERAH KABUPATEN SORONG | DINAS KESEHATAN | PUSKESMAS SAYOSA TIMUR | SUB BAGIAN TATA USAHA,2,0,2184000,3643400,10,0,0,0
ed810414-b6bf-4146-a910-f20d17fa2a38,Pemerintah Kab. Sorong,CPNS,ORANG ASLI PAPUA (OAP),OPERATOR LAYANAN KESEHATAN,PEMERINTAH DAERAH KABUPATEN SORONG | RUMAH SAKIT UMUM DAERAH | BIDANG PELAYANAN MEDIS | SEKSI PELAYANAN MEDIS,2,0,2184000,3643400,4,0,0,0
fbb6cac0-3c6f-448e-9491-1a497566a7c4,Pemerintah Kab. Sorong,CPNS,ORANG ASLI PAPUA (OAP),OPERATOR LAYANAN KESEHATAN,PEMERINTAH DAERAH KABUPATEN SORONG | DINAS KESEHATAN | PUSKESMAS MEGA | SUB BAGIAN TATA USAHA PUSKESMAS MEGA,1,0,2184000,3643400,24,0,0,0
ef50a1de-a98c-4fa7-ace8-1dd39e5fa67a,Pemerintah Kab. Sorong,CPNS,ORANG ASLI PAPUA (OAP),PEMADAM KEBAKARAN PEMULA,PEMERINTAH DAERAH KABUPATEN SORONG | SATUAN POLISI PAMONG PRAJA,2,0,2511500,4189900,38,0,0,0
a0e26f61-8527-47c9-b1f3-6ef871a46e7a,Pemerintah Kab. Sorong,CPNS,ORANG ASLI PAPUA (OAP),PETUGAS OPERASI DAN PEMELIHARAAN,PEMERINTAH DAERAH KABUPATEN SORONG | DINAS PEKERJAAN UMUM DAN PENATAAN RUANG | UPTD AIR MINUM | SUB BAGIAN TATA USAHA UPTD AIR BERSIH,1,0,2184000,3643400,198,0,0,0
2678b0a0-36a3-4d2d-8262-dfa033ffb768,Pemerintah Kab. Sorong,CPNS,ORANG ASLI PAPUA (OAP),POLISI PAMONG PRAJA PEMULA,PEMERINTAH DAERAH KABUPATEN SORONG | SATUAN POLISI PAMONG PRAJA,3,0,2184000,3643400,84,0,0,0
8a0384ba915598f4019155a6a888065c,Pemerintah Kab. Sorong Selatan,CPNS,ORANG ASLI PAPUA (OAP),OPERATOR LAYANAN KESEHATAN,PEMERINTAH KABUPATEN SORONG SELATAN | DINAS KESEHATAN | PUSKESMAS INANWATAN,2,0,2511500,3511500,10,0,0,0
8a0384ba915598f4019155aa522e084b,Pemerintah Kab. Sorong Selatan,CPNS,ORANG ASLI PAPUA (OAP),OPERATOR LAYANAN KESEHATAN,PEMERINTAH KABUPATEN SORONG SELATAN | DINAS KESEHATAN | PUSKESMAS KAIS DARAT,2,0,2511500,3511500,12,0,0,0
8a0384ba915598f4019155ac1ecb0980,Pemerintah Kab. Sorong Selatan,CPNS,ORANG ASLI PAPUA (OAP),OPERATOR LAYANAN KESEHATAN,PEMERINTAH KABUPATEN SORONG SELATAN | DINAS KESEHATAN | PUSKESMA SALKMA,2,0,2511500,3511500,11,0,0,0
8a0384ba915598f4019155aee9590b76,Pemerintah Kab. Sorong Selatan,CPNS,ORANG ASLI PAPUA (OAP),OPERATOR LAYANAN KESEHATAN,PEMERINTAH KABUPATEN SORONG SELATAN | DINAS KESEHATAN | PUSKESMAS TEMINABUAN,2,0,2511500,3511500,8,0,0,0
8a0384ba915598f4019155b037810c72,Pemerintah Kab. Sorong Selatan,CPNS,ORANG ASLI PAPUA (OAP),OPERATOR LAYANAN KESEHATAN,PEMERINTAH KABUPATEN SORONG SELATAN | DINAS KESEHATAN | PUSKESMAS KONDA,2,0,2511500,3511500,6,0,0,0
8a0384ba915598f4019155b32ee50f6d,Pemerintah Kab. Sorong Selatan,CPNS,ORANG ASLI PAPUA (OAP),OPERATOR LAYANAN KESEHATAN,PEMERINTAH KABUPATEN SORONG SELATAN | BADAN LAYANAN UMUM DAERAH RSUD SCHOLOO KEYEN | BAGIAN TATA USAHA BADAN LAYANAN UMUM DAERAH RSUD SCHOLOO KEYEN,7,0,2511500,3511500,52,0,0,0
8a0384ba915598f4019155b67c9212a2,Pemerintah Kab. Sorong Selatan,CPNS,ORANG ASLI PAPUA (OAP),OPERATOR LAYANAN KESEHATAN,PEMERINTAH KABUPATEN SORONG SELATAN | DINAS KESEHATAN | PUSKESMAS KOKODA,2,0,2511500,3511500,13,0,0,0
8a0384ba915598f4019155b7bf0613b3,Pemerintah Kab. Sorong Selatan,CPNS,ORANG ASLI PAPUA (OAP),OPERATOR LAYANAN KESEHATAN,PEMERINTAH KABUPATEN SORONG SELATAN | DINAS KESEHATAN | PUSKESMAS KAIS DINAS KESEHATAN,2,0,2511500,3511500,12,0,0,0
8a0384ba915598f4019155b8e4e014c9,Pemerintah Kab. Sorong Selatan,CPNS,ORANG ASLI PAPUA (OAP),OPERATOR LAYANAN KESEHATAN,PEMERINTAH KABUPATEN SORONG SELATAN | DINAS KESEHATAN | PUSKESMAS KOKODA UTARA,2,0,2511500,3511500,16,0,0,0
1fabb186-97e6-49a3-a023-24f864661c79,Pemerintah Kab. Sorong Selatan,CPNS,UMUM (NON OAP),OPERATOR LAYANAN KESEHATAN,PEMERINTAH KABUPATEN SORONG SELATAN | DINAS KESEHATAN | PUSKESMAS INANWATAN,1,0,2511500,3511500,8,0,0,0
2a7b3545-8c1b-4c72-ae4a-d941a034c093,Pemerintah Kab. Sorong Selatan,CPNS,ORANG ASLI PAPUA (OAP),OPERATOR LAYANAN KESEHATAN,PEMERINTAH KABUPATEN SORONG SELATAN | DINAS KESEHATAN | PUSKESMAS SEREMUK,3,0,2511500,3511500,21,0,0,0
355ee9be-26e5-4d71-8e6b-e53f1009c92c,Pemerintah Kab. Sorong Selatan,CPNS,ORANG ASLI PAPUA (OAP),OPERATOR LAYANAN KESEHATAN,PEMERINTAH KABUPATEN SORONG SELATAN | DINAS KESEHATAN | PUSKESMAS FKOUR,3,0,2511500,3511500,20,0,0,0
4500ab08-fefa-47c7-b36c-b4b4a468a182,Pemerintah Kab. Sorong Selatan,CPNS,ORANG ASLI PAPUA (OAP),OPERATOR LAYANAN KESEHATAN,PEMERINTAH KABUPATEN SORONG SELATAN | DINAS KESEHATAN | PUSKESMAS SAWIAT,3,0,2511500,3511500,12,0,0,0
591ddd2b-c1ef-43b0-92ff-d74d5f18f379,Pemerintah Kab. Sorong Selatan,CPNS,UMUM (NON OAP),OPERATOR LAYANAN KESEHATAN,PEMERINTAH KABUPATEN SORONG SELATAN | DINAS KESEHATAN | PUSKESMAS KAIS DARAT,1,0,2511500,3511500,6,0,0,0
69a253a8-f5a9-4b66-8c2c-09ac053ade83,Pemerintah Kab. Sorong Selatan,CPNS,UMUM (NON OAP),OPERATOR LAYANAN KESEHATAN,PEMERINTAH KABUPATEN SORONG SELATAN | DINAS KESEHATAN | PUSKESMA SALKMA,1,0,2511500,3511500,8,0,0,0
731143bf-f888-4e7b-83b4-89baa0fbfb31,Pemerintah Kab. Sorong Selatan,CPNS,ORANG ASLI PAPUA (OAP),OPERATOR LAYANAN KESEHATAN,PEMERINTAH KABUPATEN SORONG SELATAN | DINAS KESEHATAN | PUSKESMAS WERNAS,3,0,2511500,3511500,3,0,0,0
848948d7-39c6-4a5b-8dc0-49fa8d92c9b4,Pemerintah Kab. Sorong Selatan,CPNS,ORANG ASLI PAPUA (OAP),OPERATOR LAYANAN KESEHATAN,PEMERINTAH KABUPATEN SORONG SELATAN | DINAS KESEHATAN | PUSKESMAS WAYER,3,0,2511500,3511500,3,0,0,0
90775446-06ca-4ba4-b514-982afef840f2,Pemerintah Kab. Sorong Selatan,CPNS,ORANG ASLI PAPUA (OAP),OPERATOR LAYANAN KESEHATAN,PEMERINTAH KABUPATEN SORONG SELATAN | DINAS KESEHATAN | PUSKESMAS MOSWAREN,3,0,2511500,3511500,9,0,0,0
9dff05f6-89cb-4ec1-9b15-29c49179c826,Pemerintah Kab. Sorong Selatan,CPNS,UMUM (NON OAP),OPERATOR LAYANAN KESEHATAN,PEMERINTAH KABUPATEN SORONG SELATAN | DINAS KESEHATAN | PUSKESMAS TEMINABUAN,1,0,2511500,3511500,11,0,0,0
ac72edd8-9e7f-4be8-a6e7-7d607ad87776,Pemerintah Kab. Sorong Selatan,CPNS,UMUM (NON OAP),OPERATOR LAYANAN KESEHATAN,PEMERINTAH KABUPATEN SORONG SELATAN | DINAS KESEHATAN | PUSKESMAS KONDA,1,0,2511500,3511500,9,0,0,0
b1ea4e93-54c3-43b9-9bc4-5d3e409dedd9,Pemerintah Kab. Sorong Selatan,CPNS,ORANG ASLI PAPUA (OAP),OPERATOR LAYANAN KESEHATAN,PEMERINTAH KABUPATEN SORONG SELATAN | DINAS KESEHATAN | PUSKESMAS METEMANI,3,0,2511500,3511500,33,0,0,0
b232d6a1-4753-4a3f-9ca7-37e6584effe9,Pemerintah Kab. Sorong Selatan,CPNS,UMUM (NON OAP),OPERATOR LAYANAN KESEHATAN,PEMERINTAH KABUPATEN SORONG SELATAN | BADAN LAYANAN UMUM DAERAH RSUD SCHOLOO KEYEN | BAGIAN TATA USAHA BADAN LAYANAN UMUM DAERAH RSUD SCHOLOO KEYEN,3,0,2511500,3511500,23,0,0,0
bd7762f7-ac49-4687-a73d-27e07ff7c560,Pemerintah Kab. Sorong Selatan,CPNS,ORANG ASLI PAPUA (OAP),OPERATOR LAYANAN KESEHATAN,PEMERINTAH KABUPATEN SORONG SELATAN | DINAS KESEHATAN | PUSKESMAS SAIFI,3,0,2511500,3511500,21,0,0,0
cd25ae1f-cf5a-4d45-bfce-5682f23d553f,Pemerintah Kab. Sorong Selatan,CPNS,UMUM (NON OAP),OPERATOR LAYANAN KESEHATAN,PEMERINTAH KABUPATEN SORONG SELATAN | DINAS KESEHATAN | PUSKESMAS KOKODA,1,0,2511500,3511500,9,0,0,0
d6845a13-033b-4c8b-b4e0-c70695d1f283,Pemerintah Kab. Sorong Selatan,CPNS,UMUM (NON OAP),OPERATOR LAYANAN KESEHATAN,PEMERINTAH KABUPATEN SORONG SELATAN | DINAS KESEHATAN | PUSKESMAS KAIS DINAS KESEHATAN,1,0,2511500,3511500,6,0,0,0
e5b4a542-b5d7-4931-bb7c-6e13d738366c,Pemerintah Kab. Sorong Selatan,CPNS,UMUM (NON OAP),OPERATOR LAYANAN KESEHATAN,PEMERINTAH KABUPATEN SORONG SELATAN | DINAS KESEHATAN | PUSKESMAS KOKODA UTARA,1,0,2511500,3511500,6,0,0,0
8a018692915486670191553f48ab6db6,Pemerintah Kab. Sorong Selatan,CPNS,ORANG ASLI PAPUA (OAP),PEMADAM KEBAKARAN PEMULA,PEMERINTAH KABUPATEN SORONG SELATAN | SATUAN POLISI PAMONG PRAJA DAN PEMADAM KEBAKARAN,24,0,2511500,3511500,190,0,0,0
f64cc55e-4d4a-4030-b9ac-d69d16a3afe3,Pemerintah Kab. Sorong Selatan,CPNS,UMUM (NON OAP),PEMADAM KEBAKARAN PEMULA,PEMERINTAH KABUPATEN SORONG SELATAN | SATUAN POLISI PAMONG PRAJA DAN PEMADAM KEBAKARAN,6,0,2511500,3511500,46,0,0,0
8a01869291548667019155410be671c7,Pemerintah Kab. Sorong Selatan,CPNS,ORANG ASLI PAPUA (OAP),PEMELIHARA TUMBUHAN,PEMERINTAH KABUPATEN SORONG SELATAN | DINAS LINGKUNGAN HIDUP | SEKRETARIAT DINAS LINGKUNGAN HIDUP,24,0,2511500,3511500,670,0,0,0
87444bd9-565a-41e2-8ebb-38981b9d5414,Pemerintah Kab. Sorong Selatan,CPNS,UMUM (NON OAP),PEMELIHARA TUMBUHAN,PEMERINTAH KABUPATEN SORONG SELATAN | DINAS LINGKUNGAN HIDUP | SEKRETARIAT DINAS LINGKUNGAN HIDUP,6,0,2511500,3511500,113,0,0,0
8a018692915486670191549c14af0c7d,Pemerintah Kab. Sorong Selatan,CPNS,ORANG ASLI PAPUA (OAP),PETUGAS OPERASI DAN PEMELIHARAAN,PEMERINTAH KABUPATEN SORONG SELATAN | DINAS PEKERJAAN UMUM DAN PERUMAHAN RAKYAT | BIDANG CIPTA KARYA DINAS PEKERJAAN UMUM DAN PERUMAHAN RAKYAT,7,0,2511500,3511500,613,0,0,0
4219d5e9-87ed-498f-81d4-9382615cb751,Pemerintah Kab. Sorong Selatan,CPNS,UMUM (NON OAP),PETUGAS OPERASI DAN PEMELIHARAAN,PEMERINTAH KABUPATEN SORONG SELATAN | DINAS PEKERJAAN UMUM DAN PERUMAHAN RAKYAT | BIDANG CIPTA KARYA DINAS PEKERJAAN UMUM DAN PERUMAHAN RAKYAT,3,0,2511500,3511500,97,0,0,0
8a01869291548667019155290cf559c8,Pemerintah Kab. Sorong Selatan,CPNS,ORANG ASLI PAPUA (OAP),POLISI PAMONG PRAJA PEMULA,PEMERINTAH KABUPATEN SORONG SELATAN | SATUAN POLISI PAMONG PRAJA DAN PEMADAM KEBAKARAN,50,0,2511500,3511500,656,0,0,0
45010f2b-1a09-4923-92c3-9b88b58257ed,Pemerintah Kab. Sorong Selatan,CPNS,UMUM (NON OAP),POLISI PAMONG PRAJA PEMULA,PEMERINTAH KABUPATEN SORONG SELATAN | SATUAN POLISI PAMONG PRAJA DAN PEMADAM KEBAKARAN,10,0,2511500,3511500,84,0,0,0
7c0243be-a2d2-42df-8211-549db3660eea,Pemerintah Kab. Sragen,CPNS,UMUM,PRANATA PENCARIAN DAN PERTOLONGAN PEMULA,Pemerintah Kabupaten Sragen | Badan Penanggulangan Bencana Daerah | Seksi Kedaruratan dan Logistik,1,0,2184000,3184000,534,0,0,0
24b485da-00a4-4132-b1db-7ba38c6cb012,Pemerintah Kab. Sukabumi,CPNS,UMUM,PENATA LAKSANA JALAN DAN JEMBATAN PEMULA,PEMERINTAH KABUPATEN SUKABUMI                                          | DINAS PEKERJAAN UMUM | UPTD Pekerjaan Umum Wilayah Cicurug | Sub Bagian Tata Usaha UPTD Pekerjaan Umum Wilayah Cicurug,1,0,1516742,2976661,53,0,0,0
18b1fbb5-b8e7-46cd-bfaa-ace5c1cadc24,Pemerintah Kab. Sukabumi,CPNS,UMUM,PETUGAS OPERASI DAN PEMELIHARAAN,PEMERINTAH KABUPATEN SUKABUMI                                          | DINAS PEKERJAAN UMUM | UPTD Pekerjaan Umum Wilayah Sukabumi | Sub Bagian Tata Usaha UPTD Pekerjaan Umum Wilayah Sukabumi,1,0,1516742,2976661,95,0,0,0
ec940ec9-26c8-4410-b513-37a565dfefd4,Pemerintah Kab. Sukabumi,CPNS,UMUM,PETUGAS OPERASI DAN PEMELIHARAAN,PEMERINTAH KABUPATEN SUKABUMI                                          | DINAS PEKERJAAN UMUM | UPTD Pekerjaan Umum Wilayah Sagaranten | Sub Bagian Tata Usaha UPTD Pekerjaan Umum Wilayah Sagaranten,1,0,1516742,2976661,24,0,0,0
154b0d2c-81be-472e-96f7-2285913dad86,Pemerintah Kab. Sukabumi,CPNS,UMUM,POLISI PAMONG PRAJA PEMULA,PEMERINTAH KABUPATEN SUKABUMI                                          | SATUAN POLISI PAMONG PRAJA | Bidang Ketertiban Umum dan Ketentraman Masyarakat,1,0,1516742,2976661,8,0,0,0
b10b8df8-52ed-4d9a-90f6-0a1e1eb64b1d,Pemerintah Kab. Sukabumi,CPNS,UMUM,POLISI PAMONG PRAJA PEMULA,PEMERINTAH KABUPATEN SUKABUMI                                          | SATUAN POLISI PAMONG PRAJA | BIDANG PEMBINAAN PERSONIL DAN PELINDUNGAN MASYARAKAT,1,0,1516742,2976661,19,0,0,0
d475d577-b7e4-4dda-affd-a0704a2b525e,Pemerintah Kab. Sumba Barat,CPNS,UMUM,OPERATOR ALAT BERAT,PEMERINTAH KABUPATEN SUMBA BARAT | DINAS LINGKUNGAN HIDUP | UPTD PENYELENGGARAAN PENGOLAHAN SAMPAH,1,0,2184000,3643400,5,0,0,0
52aec6e4-4364-4ae2-aba8-ca6fddb1be61,Pemerintah Kab. Sumba Barat,CPNS,UMUM,OPERATOR LAYANAN KESEHATAN,PEMERINTAH KABUPATEN SUMBA BARAT | DINAS KESEHATAN | UPTD RUMAH SAKIT UMUM DAERAH WAIKABUBAK | BIDANG PENUNJANG PELAYANAN | SEKSI PENUNJANG PELAYANAN NON MEDIK,4,0,2184000,3643400,32,0,0,0
76b3bfda-7ae4-4d5a-9269-0a2c817e940c,Pemerintah Kab. Sumba Barat,CPNS,UMUM,PEMADAM KEBAKARAN PEMULA,PEMERINTAH KABUPATEN SUMBA BARAT | SATUAN POLISI PAMONG PRAJA DAN PEMADAM KEBAKARAN | BIDANG PEMADAM  KEBAKARAN,6,0,2184000,3643400,50,0,0,0
40777adc-05be-4c14-b446-f886c8ac91aa,Pemerintah Kab. Sumba Barat,CPNS,UMUM,PETUGAS OPERASI DAN PEMELIHARAAN,PEMERINTAH KABUPATEN SUMBA BARAT | DINAS PEKERJAAN UMUM DAN PENATAAN RUANG | UPTD PENGELOLAAN AIR MINUM,10,0,2184000,3643400,92,0,0,0
8a0384ba915598f4019158d39ae022f7,Pemerintah Kab. Sumba Tengah,CPNS,PUTRA/PUTRI DAERAH TERTINGGAL,ASISTEN PELATIH OLAHRAGA PEMULA,"PEMERINTAH KABUPATEN SUMBA TENGAH | SEKRETARIAT DAERAH | DINAS PENDIDIKAN, PEMUDA DAN OLAHRAGA | BIDANG PEMUDA DAN OLAHRAGA",1,1,1500000,3000000,8,0,0,0
1f46c9ee-515f-4d7e-9715-da2e6c1cdae6,Pemerintah Kab. Sumba Tengah,CPNS,UMUM,ASISTEN PELATIH OLAHRAGA PEMULA,"PEMERINTAH KABUPATEN SUMBA TENGAH | SEKRETARIAT DAERAH | DINAS PENDIDIKAN, PEMUDA DAN OLAHRAGA | BIDANG PEMUDA DAN OLAHRAGA",9,1,1500000,3000000,183,0,0,0
13e0d697-6125-45c0-910d-a48510459862,Pemerintah Kab. Sumba Tengah,CPNS,UMUM,OPERATOR LAYANAN KESEHATAN,PEMERINTAH KABUPATEN SUMBA TENGAH | SEKRETARIAT DAERAH | DINAS KESEHATAN | PUSKESMAS PAHAR,2,1,1500000,3000000,14,0,0,0
3631abf5-f5fd-4dba-932f-ad5b22036c87,Pemerintah Kab. Sumba Tengah,CPNS,UMUM,OPERATOR LAYANAN KESEHATAN,PEMERINTAH KABUPATEN SUMBA TENGAH | SEKRETARIAT DAERAH | DINAS KESEHATAN | PUSKESMAS LINDIWACU,2,1,1500000,3000000,26,0,0,0
37f811ad-71da-42b2-8d2f-35bcfb911fbc,Pemerintah Kab. Sumba Tengah,CPNS,UMUM,OPERATOR LAYANAN KESEHATAN,PEMERINTAH KABUPATEN SUMBA TENGAH | SEKRETARIAT DAERAH | DINAS KESEHATAN | PUSKESMAS WEELURI,2,1,1500000,3000000,21,0,0,0
482ac7b2-3145-4e2b-8311-3800369d362f,Pemerintah Kab. Sumba Tengah,CPNS,UMUM,OPERATOR LAYANAN KESEHATAN,PEMERINTAH KABUPATEN SUMBA TENGAH | SEKRETARIAT DAERAH | DINAS KESEHATAN | PUSKESMAS LAWONDA,2,1,1500000,3000000,17,0,0,0
5044ad3f-d697-4a67-9cf3-346f1f10cb04,Pemerintah Kab. Sumba Tengah,CPNS,UMUM,OPERATOR LAYANAN KESEHATAN,PEMERINTAH KABUPATEN SUMBA TENGAH | SEKRETARIAT DAERAH | DINAS KESEHATAN | PUSKESMAS MALINJAK,2,1,1500000,3000000,28,0,0,0
8d8cd3aa-fe5f-4c7d-b950-10d20889f440,Pemerintah Kab. Sumba Tengah,CPNS,UMUM,OPERATOR LAYANAN KESEHATAN,PEMERINTAH KABUPATEN SUMBA TENGAH | SEKRETARIAT DAERAH | DINAS KESEHATAN | BIDANG SUMBER DAYA KESEHATAN,2,1,1500000,3000000,16,0,0,0
b3746455-8427-4862-9fbe-ef7922efe2d3,Pemerintah Kab. Sumba Tengah,CPNS,UMUM,OPERATOR LAYANAN KESEHATAN,PEMERINTAH KABUPATEN SUMBA TENGAH | SEKRETARIAT DAERAH | DINAS KESEHATAN | PUSKESMAS MANANGA,2,1,1500000,3000000,14,0,0,0
b572bf97-49e9-4f3f-b578-ebb3c0faec7c,Pemerintah Kab. Sumba Tengah,CPNS,UMUM,OPERATOR LAYANAN KESEHATAN,PEMERINTAH KABUPATEN SUMBA TENGAH | SEKRETARIAT DAERAH | DINAS KESEHATAN | PUSKESMAS WAIRASA,2,1,1500000,3000000,18,0,0,0
ca4dd33a-ce10-4830-8667-da29fcf3f020,Pemerintah Kab. Sumba Tengah,CPNS,UMUM,OPERATOR LAYANAN KESEHATAN,PEMERINTAH KABUPATEN SUMBA TENGAH | SEKRETARIAT DAERAH | DINAS KESEHATAN | PUSKESMAS UMBU RIRI,2,1,1500000,3000000,18,0,0,0
dab808ba-18c7-4ad2-87d1-1b0c795514e1,Pemerintah Kab. Sumba Tengah,CPNS,UMUM,OPERATOR LAYANAN KESEHATAN,PEMERINTAH KABUPATEN SUMBA TENGAH | SEKRETARIAT DAERAH | DINAS KESEHATAN | PUSKESMAS MARADESA,2,1,1500000,3000000,16,0,0,0
feab5868-92b2-44fc-bf72-b4ff04fcab97,Pemerintah Kab. Sumba Tengah,CPNS,UMUM,OPERATOR LAYANAN KESEHATAN,PEMERINTAH KABUPATEN SUMBA TENGAH | SEKRETARIAT DAERAH | DINAS KESEHATAN | RUMAH SAKIT UMUM DAERAH WAIBAKUL | SEKSI PENUNJANG MEDIS,2,1,1500000,3000000,21,0,0,0
470af19f-f6d2-44fa-b4b8-b2189bb1f4f4,Pemerintah Kab. Sumba Tengah,CPNS,UMUM,PEMADAM KEBAKARAN PEMULA,PEMERINTAH KABUPATEN SUMBA TENGAH | SEKRETARIAT DAERAH | DINAS SATUAN POLISI PAMONG PRAJA DAN KEBAKARAN | BIDANG KEBAKARAN,15,1,1500000,3000000,528,0,0,0
1044405d-15ce-4f87-92e0-58f9eea2d530,Pemerintah Kab. Sumba Tengah,CPNS,UMUM,PENATA LAKSANA BANGUNAN GEDUNG DAN KAWASAN PERMUKIMAN PEMULA,PEMERINTAH KABUPATEN SUMBA TENGAH | SEKRETARIAT DAERAH | DINAS PEKERJAAN UMUM DAN PERUMAHAN RAKYAT | BIDANG PERUMAHAN DAN KAWASAN PERMUKIMAN,9,1,1500000,3000000,156,0,0,0
8a018692915486670191555471511b3a,Pemerintah Kab. Sumba Tengah,CPNS,PENYANDANG DISABILITAS,PENATA LAKSANA PENYEHATAN LINGKUNGAN PEMULA,"PEMERINTAH KABUPATEN SUMBA TENGAH | SEKRETARIAT DAERAH | DINAS LINGKUNGAN HIDUP | BIDANG PENATAAN, PENAATAN DAN PENINGKATAN KAPASITAS",4,1,1500000,3000000,17,0,0,0
8a0384ba915598f4019158d0a3a0204e,Pemerintah Kab. Sumba Tengah,CPNS,PUTRA/PUTRI DAERAH TERTINGGAL,PENATA LAKSANA PENYEHATAN LINGKUNGAN PEMULA,"PEMERINTAH KABUPATEN SUMBA TENGAH | SEKRETARIAT DAERAH | DINAS LINGKUNGAN HIDUP | BIDANG PENATAAN, PENAATAN DAN PENINGKATAN KAPASITAS",4,1,1500000,3000000,38,0,0,0
711929ad-7b52-435e-9b90-1e5b8fefba77,Pemerintah Kab. Sumba Tengah,CPNS,UMUM,PENATA LAKSANA PENYEHATAN LINGKUNGAN PEMULA,"PEMERINTAH KABUPATEN SUMBA TENGAH | SEKRETARIAT DAERAH | DINAS LINGKUNGAN HIDUP | BIDANG PENATAAN, PENAATAN DAN PENINGKATAN KAPASITAS",12,1,1500000,3000000,536,0,0,0
8a0384ba915598f4019158d11d6a2071,Pemerintah Kab. Sumba Tengah,CPNS,PUTRA/PUTRI DAERAH TERTINGGAL,PENATA LAKSANA SUMBER DAYA AIR PEMULA,PEMERINTAH KABUPATEN SUMBA TENGAH | SEKRETARIAT DAERAH | DINAS PEKERJAAN UMUM DAN PERUMAHAN RAKYAT | UPTD SPAM AIR,4,1,1500000,3000000,50,0,0,0
81f4c4c3-9366-45cb-af82-30387366a52d,Pemerintah Kab. Sumba Tengah,CPNS,UMUM,PENATA LAKSANA SUMBER DAYA AIR PEMULA,PEMERINTAH KABUPATEN SUMBA TENGAH | SEKRETARIAT DAERAH | DINAS PEKERJAAN UMUM DAN PERUMAHAN RAKYAT | UPTD SPAM AIR,6,1,1500000,3000000,308,0,0,0
93f8c71c-1c7b-4bbf-a105-ec43d2fdd5fe,Pemerintah Kab. Sumba Tengah,CPNS,UMUM,PETUGAS OPERASI DAN PEMELIHARAAN,PEMERINTAH KABUPATEN SUMBA TENGAH | SEKRETARIAT DAERAH | DINAS PEKERJAAN UMUM DAN PERUMAHAN RAKYAT | BIDANG SUMBER DAYA AIR,1,1,1500000,3000000,27,0,0,0
8a0384ba915598f4019158db74b928db,Pemerintah Kab. Sumba Tengah,CPNS,PUTRA/PUTRI DAERAH TERTINGGAL,POLISI PAMONG PRAJA PEMULA,PEMERINTAH KABUPATEN SUMBA TENGAH | SEKRETARIAT DAERAH | DINAS SATUAN POLISI PAMONG PRAJA DAN KEBAKARAN | BIDANG KETENTRAMAN DAN KETERTIBAN UMUM | SEKSI OPERASIONAL KETENTRAMAN DAN KETERTIBAN UMUM,5,1,1500000,3000000,37,0,0,0
b1ed8f3f-2233-4af4-9151-6c81f8f63c71,Pemerintah Kab. Sumba Tengah,CPNS,UMUM,POLISI PAMONG PRAJA PEMULA,PEMERINTAH KABUPATEN SUMBA TENGAH | SEKRETARIAT DAERAH | DINAS SATUAN POLISI PAMONG PRAJA DAN KEBAKARAN | BIDANG KETENTRAMAN DAN KETERTIBAN UMUM | SEKSI OPERASIONAL KETENTRAMAN DAN KETERTIBAN UMUM,45,1,1500000,3000000,940,0,0,0
558190a9-5d13-4def-acca-a79bcdc2f8cd,Pemerintah Kab. Sumba Tengah,CPNS,UMUM,PRANATA PENCARIAN DAN PERTOLONGAN PEMULA,PEMERINTAH KABUPATEN SUMBA TENGAH | SEKRETARIAT DAERAH | BADAN  PENANGGULANGAN BENCANA DAERAH | SEKSI PENCEGAHAN DAN KESIAPSIAGAAN,5,1,1500000,3000000,54,0,0,0
d0c95763-e540-42e9-be78-26459d0f9eb2,Pemerintah Kab. Sumba Tengah,CPNS,UMUM,PRANATA PENCARIAN DAN PERTOLONGAN PEMULA,PEMERINTAH KABUPATEN SUMBA TENGAH | SEKRETARIAT DAERAH | BADAN  PENANGGULANGAN BENCANA DAERAH | SEKSI KEDARURATAN DAN LOGISTIK,5,1,1500000,3000000,52,0,0,0
d61f892b-6ea7-4d68-a953-beea3e0fec91,Pemerintah Kab. Sumbawa Barat,CPNS,UMUM,POLISI PAMONG PRAJA PEMULA,Pemerintah Kab. Sumbawa Barat | SATUAN POLISI PAMONG PRAJA,20,1,2400000,4000000,489,0,0,0
05c6a48f-4e71-4718-84e0-85c9c0648aa4,Pemerintah Kab. Tana Toraja,CPNS,UMUM,OPERATOR LAYANAN KESEHATAN,Pemerintah Kabupaten Tana Toraja | Dinas Kesehatan | Sekretariat Dinas Kesehatan | Sub Bagian Umum,1,1,2184000,4039900,1,0,0,0
3516cc15-5631-46c8-ad0d-3be2810bcb83,Pemerintah Kab. Tana Toraja,CPNS,UMUM,OPERATOR LAYANAN KESEHATAN,Pemerintah Kabupaten Tana Toraja | Dinas Kesehatan | UPT Puskesmas Kondodewata | Sub Bagian Tata Usaha,1,1,2184000,4039900,1,0,0,0
567d74ed-0b41-45eb-9d9b-5c27bbe4c981,Pemerintah Kab. Tana Toraja,CPNS,UMUM,OPERATOR LAYANAN KESEHATAN,Pemerintah Kabupaten Tana Toraja | Dinas Kesehatan | UPT RSUD Lakipadada | BAGIAN ADMINISTRASI UMUM,1,1,2184000,4039900,1,0,0,0
b8cc8fbb-dd6d-404d-b2b3-d65e72ff3085,Pemerintah Kab. Tana Toraja,CPNS,UMUM,OPERATOR LAYANAN KESEHATAN,Pemerintah Kabupaten Tana Toraja | Dinas Kesehatan | UPT Puskesmas Lekke | Sub Bagian Tata Usaha,1,1,2184000,4039900,4,0,0,0
dc9facd7-2927-4292-a15b-949fdb19cb41,Pemerintah Kab. Tana Toraja,CPNS,UMUM,PEMADAM KEBAKARAN PEMULA,"Pemerintah Kabupaten Tana Toraja | Satuan Polisi Pamong Praja, Pemadam Kebakaran dan Penyelamatan | Bidang Pemadam Kebakaran dan Penyelamatan",2,1,2184000,4039900,46,0,0,0
cbc29746-b8d6-4957-b94e-6bd5accad5d9,Pemerintah Kab. Tana Toraja,CPNS,UMUM,PETUGAS OPERASI DAN PEMELIHARAAN,Pemerintah Kabupaten Tana Toraja | Sekretariat Daerah | Asisten Administrasi Umum | Bagian Umum | Sub Bagian Rumah Tangga,11,1,2184000,4039900,62,0,0,0
f710f84c-65c8-423e-a0a4-069bec247562,Pemerintah Kab. Tana Toraja,CPNS,UMUM,PETUGAS OPERASI DAN PEMELIHARAAN,Pemerintah Kabupaten Tana Toraja | Badan Pengelolaan Keuangan dan Pendapatan Daerah | Bidang Aset | Sub Bidang Pengawasan dan Pengendalian Aset,2,1,2184000,4039900,281,0,0,0
6e8293fc-eff2-4f67-9e7e-f3bb15734d72,Pemerintah Kab. Tanah Bumbu,CPNS,UMUM,PEMADAM KEBAKARAN PEMULA,PEMERINTAH KAB. TANAH BUMBU | SATUAN POLISI PAMONG PRAJA DAN PEMADAM KEBAKARAN | BIDANG PEMADAM KEBAKARAN | SEKSI PEMADAMAN DAN PENYELAMATAN,10,0,2300000,3800000,171,0,0,0
b5b69a2d-ca86-4ff8-8c3f-558b6d273de9,Pemerintah Kab. Tanah Bumbu,CPNS,UMUM,POLISI PAMONG PRAJA PEMULA,PEMERINTAH KAB. TANAH BUMBU | SATUAN POLISI PAMONG PRAJA DAN PEMADAM KEBAKARAN | BIDANG PENEGAKAN PERATURAN PERUNDANG-UNDANGAN | SEKSI PENINDAKAN DAN PENGEMBANGAN PPNS,10,0,2300000,3800000,172,0,0,0
b7b24005-c5e0-4437-94e3-a30bea9ebd9f,Pemerintah Kab. Tanah Bumbu,CPNS,UMUM,POLISI PAMONG PRAJA PEMULA,"PEMERINTAH KAB. TANAH BUMBU | SATUAN POLISI PAMONG PRAJA DAN PEMADAM KEBAKARAN | BIDANG KETENTRAMAN, KETERTIBAN UMUM DAN PERLINDUNGAN MASYARAKAT | SEKSI KETENTRAMAN DAN KETERTIBAN UMUM",19,0,2300000,3800000,540,0,0,0
1d5d17f0-b350-458b-9e63-1a4dfd7fd3af,Pemerintah Kab. Tangerang,CPNS,UMUM,PEMADAM KEBAKARAN PEMULA,PEMERINTAH KAB. TANGERANG | BADAN PENANGGULANGAN BENCANA DAERAH | BIDANG PEMADAMAN DAN PENYELAMATAN,3,0,2256000,8093555,405,0,0,0
2e862510-5cbe-48f7-9b6b-57e171850e23,Pemerintah Kab. Tangerang,CPNS,UMUM,POLISI PAMONG PRAJA PEMULA,PEMERINTAH KAB. TANGERANG | SATUAN POLISI PAMONG PRAJA | BIDANG PEMBINAAN MASYARAKAT DAN APARATUR,1,0,2256000,8093555,41,0,0,0
3fda7e0b-b93d-4203-a07b-51282a703218,Pemerintah Kab. Tangerang,CPNS,UMUM,POLISI PAMONG PRAJA PEMULA,PEMERINTAH KAB. TANGERANG | SATUAN POLISI PAMONG PRAJA | BIDANG PENEGAKAN PERATURAN PERUNDANG-UNDANGAN DAERAH,2,0,2256000,8093555,36,0,0,0
686d545d-c3e6-42fb-b3b4-96d0fb5cf78b,Pemerintah Kab. Tangerang,CPNS,UMUM,POLISI PAMONG PRAJA PEMULA,PEMERINTAH KAB. TANGERANG | SATUAN POLISI PAMONG PRAJA | BIDANG PERLINDUNGAN MASYARAKAT,2,0,2256000,8093555,72,0,0,0
ab2c75d6-85bd-4921-877e-857083c7f8c4,Pemerintah Kab. Tangerang,CPNS,UMUM,POLISI PAMONG PRAJA PEMULA,"PEMERINTAH KAB. TANGERANG | SATUAN POLISI PAMONG PRAJA | BIDANG OPERASIONAL, KETERTIBAN UMUM DAN KETENTERAMAN MASYARAKAT",5,0,2256000,8093555,363,0,0,0
a0311823-7a6e-4887-b5a5-7c7c4f0cc419,Pemerintah Kab. Tanggamus,CPNS,UMUM,PENATA LAKSANA JALAN DAN JEMBATAN PEMULA,PEMERINTAH KABUPATEN TANGGAMUS | DINAS PEKERJAAN UMUM DAN PERUMAHAN RAKYAT | BIDANG BINA MARGA DINAS PEKERJAAN UMUM DAN PERUMAHAN RAKYAT,1,1,2100000,3600000,189,0,0,0
bd00fb9a-1962-43cc-aed8-6dfc6dfb46e9,Pemerintah Kab. Tanggamus,CPNS,UMUM,POLISI PAMONG PRAJA PEMULA,PEMERINTAH KABUPATEN TANGGAMUS | SATUAN POLISI PAMONG PRAJA,3,1,2100000,3600000,101,0,0,0
8717e5aa-2ec2-4eeb-8a30-2c321ddca603,Pemerintah Kab. Tapanuli Selatan,CPNS,UMUM,PENATA LAKSANA JALAN DAN JEMBATAN PEMULA,"Pemerintah Kabupaten Tapanuli Selatan | DINAS PERUMAHAN RAKYAT DAN KAWASAN PERMUKIMAN DAERAH | BIDANG PRASARANA, SARANA DAN UTILITAS UMUM",1,1,2184000,4189900,104,0,0,0
b82e8098-f836-4f42-9fc2-84eeb2f6d3e7,Pemerintah Kab. Tapanuli Selatan,CPNS,UMUM,PENATA LAKSANA PENYEHATAN LINGKUNGAN PEMULA,Pemerintah Kabupaten Tapanuli Selatan | DINAS PERUMAHAN RAKYAT DAN KAWASAN PERMUKIMAN DAERAH | BIDANG KAWASAN PERMUKIMAN,1,1,2184000,4189900,208,0,0,0
efb9f191-a4c5-4506-8d47-c0915657ad51,Pemerintah Kab. Tapanuli Selatan,CPNS,UMUM,PETUGAS PENGAMAN HUTAN DAN HASIL HUTAN,"Pemerintah Kabupaten Tapanuli Selatan | DINAS LINGKUNGAN HIDUP DAERAH | BIDANG PENGELOLAAN TAHURA, HUTAN KOTA DAN PENGHIJAUAN LINGKUNGAN",1,1,2184000,4189900,314,0,0,0
cd315bee-16f8-4945-93d3-09e429dd6f49,Pemerintah Kab. Tapanuli Selatan,CPNS,UMUM,POLISI PAMONG PRAJA PEMULA,Pemerintah Kabupaten Tapanuli Selatan | SATUAN POLISI PAMONG PRAJA DAERAH | BIDANG KETERTIBAN UMUM DAN KETENTERAMAN MASYARAKAT,1,1,2184000,4189900,33,0,0,0
126d740c-eb49-4baf-a263-513a9a715af6,Pemerintah Kab. Tebo,CPNS,UMUM,PEMADAM KEBAKARAN PEMULA,Pemerintah Kabupaten Tebo | Dinas Pemadam Kebakaran dan Penyelamatan | Bidang Pemadaman dan Penyelamatan,3,1,2184000,2779800,192,0,0,0
8a008569919c300701919c93c8c604b9,Pemerintah Kab. Teluk Bintuni,CPNS,ORANG ASLI PAPUA (OAP),OPERATOR LAYANAN KESEHATAN,Pemerintah Kabupaten Teluk Bintuni | Dinas Kesehatan | UPTD | PUSKESMAS KURI,1,0,2511500,3511500,24,0,0,0
8a008569919c300701919c98681c04e1,Pemerintah Kab. Teluk Bintuni,CPNS,ORANG ASLI PAPUA (OAP),OPERATOR LAYANAN KESEHATAN,Pemerintah Kabupaten Teluk Bintuni | Dinas Kesehatan | UPTD | PUSKESMAS KALITAMI,1,0,2511500,3511500,22,0,0,0
8a008569919c300701919c9919fa04ed,Pemerintah Kab. Teluk Bintuni,CPNS,ORANG ASLI PAPUA (OAP),OPERATOR LAYANAN KESEHATAN,Pemerintah Kabupaten Teluk Bintuni | Dinas Kesehatan | UPTD | PUSKESMAS BABO,1,0,2511500,3511500,40,0,0,0
8a008569919c300701919c9a34800502,Pemerintah Kab. Teluk Bintuni,CPNS,ORANG ASLI PAPUA (OAP),OPERATOR LAYANAN KESEHATAN,Pemerintah Kabupaten Teluk Bintuni | Dinas Kesehatan | UPTD | PUSKESMAS MERDEY,1,0,2511500,3511500,38,0,0,0
8a008569919c300701919c9ce54c053c,Pemerintah Kab. Teluk Bintuni,CPNS,ORANG ASLI PAPUA (OAP),OPERATOR LAYANAN KESEHATAN,Pemerintah Kabupaten Teluk Bintuni | Dinas Kesehatan | UPTD | PUSKESMAS ARANDAY,1,0,2511500,3511500,52,0,0,0
8a008569919c300701919ca0222b0588,Pemerintah Kab. Teluk Bintuni,CPNS,ORANG ASLI PAPUA (OAP),OPERATOR LAYANAN KESEHATAN,Pemerintah Kabupaten Teluk Bintuni | Dinas Kesehatan | UPTD | PUSKESMAS MEYERGA,1,0,2511500,3511500,40,0,0,0
8a008569919c300701919ca0d33c059d,Pemerintah Kab. Teluk Bintuni,CPNS,ORANG ASLI PAPUA (OAP),OPERATOR LAYANAN KESEHATAN,Pemerintah Kabupaten Teluk Bintuni | Dinas Kesehatan | UPTD | PUSKESMAS BINTUNI,1,0,2511500,3511500,54,0,0,0
8a008569919c300701919ca1744a05b3,Pemerintah Kab. Teluk Bintuni,CPNS,ORANG ASLI PAPUA (OAP),OPERATOR LAYANAN KESEHATAN,Pemerintah Kabupaten Teluk Bintuni | Dinas Kesehatan | UPTD | PUSKESMAS MANIMERI,1,0,2511500,3511500,46,0,0,0
8a028487919cdb310191a8a525a629ca,Pemerintah Kab. Teluk Bintuni,CPNS,UMUM (NON OAP),OPERATOR LAYANAN KESEHATAN,Pemerintah Kabupaten Teluk Bintuni | Dinas Kesehatan | UPTD | PUSKESMAS DATARAN BEIMES,1,0,2511500,3511500,50,0,0,0
8a028487919cdb310191a8aa465429f6,Pemerintah Kab. Teluk Bintuni,CPNS,UMUM (NON OAP),OPERATOR LAYANAN KESEHATAN,Pemerintah Kabupaten Teluk Bintuni | Dinas Kesehatan | UPTD | PUSKESMAS FAFURWAR,1,0,2511500,3511500,26,0,0,0
8a028487919cdb310191a8adc1f32a02,Pemerintah Kab. Teluk Bintuni,CPNS,UMUM (NON OAP),OPERATOR LAYANAN KESEHATAN,Pemerintah Kabupaten Teluk Bintuni | Dinas Kesehatan | UPTD | PUSKESMAS IDOOR,1,0,2511500,3511500,21,0,0,0
8a028487919cdb310191a8b20fab2a0b,Pemerintah Kab. Teluk Bintuni,CPNS,UMUM (NON OAP),OPERATOR LAYANAN KESEHATAN,Pemerintah Kabupaten Teluk Bintuni | Dinas Kesehatan | UPTD | PUSKESMAS KAITARO,1,0,2511500,3511500,23,0,0,0
8a038450919cdb3c01919d023bd00054,Pemerintah Kab. Teluk Bintuni,CPNS,UMUM (NON OAP),OPERATOR LAYANAN KESEHATAN,Pemerintah Kabupaten Teluk Bintuni | Dinas Kesehatan | UPTD | PUSKESMAS MEYADO,1,0,2511500,3511500,71,0,0,0
060e38a9-7a3a-4a7d-b0bf-ae9b9fce6021,Pemerintah Kab. Teluk Bintuni,CPNS,ORANG ASLI PAPUA (OAP),OPERATOR LAYANAN KESEHATAN,Pemerintah Kabupaten Teluk Bintuni | Dinas Kesehatan | UPTD | PUSKESMAS MEYADO,1,0,2511500,3511500,27,0,0,0
09dbde6d-c2a6-4e3b-88ac-5154fd6e4ed1,Pemerintah Kab. Teluk Bintuni,CPNS,ORANG ASLI PAPUA (OAP),OPERATOR LAYANAN KESEHATAN,Pemerintah Kabupaten Teluk Bintuni | Dinas Kesehatan | UPTD | PUSKESMAS TOFOI,2,0,2511500,3511500,48,0,0,0
14da1293-c25f-4aff-9955-6df7f2eb7823,Pemerintah Kab. Teluk Bintuni,CPNS,UMUM (NON OAP),OPERATOR LAYANAN KESEHATAN,Pemerintah Kabupaten Teluk Bintuni | Dinas Kesehatan | UPTD | PUSKESMAS KURI,1,0,2511500,3511500,34,0,0,0
1a810e88-4e01-4e5f-bd96-1d81319a002e,Pemerintah Kab. Teluk Bintuni,CPNS,ORANG ASLI PAPUA (OAP),OPERATOR LAYANAN KESEHATAN,Pemerintah Kabupaten Teluk Bintuni | Dinas Kesehatan | UPTD | PUSKESMAS TUHIBA,2,0,2511500,3511500,56,0,0,0
1f193e60-1605-4074-b83b-5d09caebad33,Pemerintah Kab. Teluk Bintuni,CPNS,ORANG ASLI PAPUA (OAP),OPERATOR LAYANAN KESEHATAN,Pemerintah Kabupaten Teluk Bintuni | Dinas Kesehatan | UPTD | PUSKESMAS TEMBUNI,2,0,2511500,3511500,66,0,0,0
57641705-b702-4f07-9045-0011ba2e431c,Pemerintah Kab. Teluk Bintuni,CPNS,UMUM (NON OAP),OPERATOR LAYANAN KESEHATAN,Pemerintah Kabupaten Teluk Bintuni | Dinas Kesehatan | UPTD | PUSKESMAS KALITAMI,1,0,2511500,3511500,24,0,0,0
57bc0773-670f-4061-9313-894cb3a64d86,Pemerintah Kab. Teluk Bintuni,CPNS,UMUM (NON OAP),OPERATOR LAYANAN KESEHATAN,Pemerintah Kabupaten Teluk Bintuni | Dinas Kesehatan | UPTD | PUSKESMAS BABO,1,0,2511500,3511500,48,0,0,0
5ad1e628-a412-4023-bd62-17fff1194c4c,Pemerintah Kab. Teluk Bintuni,CPNS,UMUM (NON OAP),OPERATOR LAYANAN KESEHATAN,Pemerintah Kabupaten Teluk Bintuni | Dinas Kesehatan | UPTD | PUSKESMAS MERDEY,1,0,2511500,3511500,35,0,0,0
6c070d62-454f-477b-9dd6-3ad4ed6e7bfe,Pemerintah Kab. Teluk Bintuni,CPNS,ORANG ASLI PAPUA (OAP),OPERATOR LAYANAN KESEHATAN,Pemerintah Kabupaten Teluk Bintuni | Dinas Kesehatan | UPTD | PUSKESMAS MOSKONA UTARA,2,0,2511500,3511500,75,0,0,0
6cefb937-88eb-4457-8092-39bbf2097e0c,Pemerintah Kab. Teluk Bintuni,CPNS,ORANG ASLI PAPUA (OAP),OPERATOR LAYANAN KESEHATAN,Pemerintah Kabupaten Teluk Bintuni | Dinas Kesehatan | UPTD | PUSKESMAS TANAH MERAH,2,0,2511500,3511500,54,0,0,0
896186c4-a270-4821-ad2d-933f24667f92,Pemerintah Kab. Teluk Bintuni,CPNS,ORANG ASLI PAPUA (OAP),OPERATOR LAYANAN KESEHATAN,Pemerintah Kabupaten Teluk Bintuni | Dinas Kesehatan | UPTD | PUSKESMAS DATARAN BEIMES,1,0,2511500,3511500,32,0,0,0
8e43630d-e40a-46f2-8004-1e450e0d1826,Pemerintah Kab. Teluk Bintuni,CPNS,ORANG ASLI PAPUA (OAP),OPERATOR LAYANAN KESEHATAN,Pemerintah Kabupaten Teluk Bintuni | Dinas Kesehatan | UPTD | PUSKESMAS MOSKONA SELATAN,2,0,2511500,3511500,48,0,0,0
9ba3ff36-8cb9-4f27-9aea-4b37938c14bc,Pemerintah Kab. Teluk Bintuni,CPNS,ORANG ASLI PAPUA (OAP),OPERATOR LAYANAN KESEHATAN,Pemerintah Kabupaten Teluk Bintuni | Dinas Kesehatan | UPTD | PUSKESMAS WERIAGAR,2,0,2511500,3511500,57,0,0,0
ad3b3b0c-e804-4a4d-969b-bc6b7667ca56,Pemerintah Kab. Teluk Bintuni,CPNS,UMUM (NON OAP),OPERATOR LAYANAN KESEHATAN,Pemerintah Kabupaten Teluk Bintuni | Dinas Kesehatan | UPTD | PUSKESMAS ARANDAY,1,0,2511500,3511500,39,0,0,0
b5a72ee2-554b-4b51-b51b-98c6870c5454,Pemerintah Kab. Teluk Bintuni,CPNS,ORANG ASLI PAPUA (OAP),OPERATOR LAYANAN KESEHATAN,Pemerintah Kabupaten Teluk Bintuni | Dinas Kesehatan | UPTD | PUSKESMAS FAFURWAR,1,0,2511500,3511500,31,0,0,0
c095c51e-abc6-4032-88c6-cb8ff374e0b5,Pemerintah Kab. Teluk Bintuni,CPNS,ORANG ASLI PAPUA (OAP),OPERATOR LAYANAN KESEHATAN,Pemerintah Kabupaten Teluk Bintuni | Dinas Kesehatan | UPTD | PUSKESMAS KAITARO,1,0,2511500,3511500,28,0,0,0
c5bbf460-77c1-4fae-9c91-57d0d0734155,Pemerintah Kab. Teluk Bintuni,CPNS,ORANG ASLI PAPUA (OAP),OPERATOR LAYANAN KESEHATAN,Pemerintah Kabupaten Teluk Bintuni | Dinas Kesehatan | UPTD | PUSKESMAS IDOOR,1,0,2511500,3511500,35,0,0,0
e9fa5d24-247b-4af4-bf8e-b82efc6450ac,Pemerintah Kab. Teluk Bintuni,CPNS,UMUM (NON OAP),OPERATOR LAYANAN KESEHATAN,Pemerintah Kabupaten Teluk Bintuni | Dinas Kesehatan | UPTD | PUSKESMAS MEYERGA,1,0,2511500,3511500,35,0,0,0
ef744abb-7a7a-4428-8d0a-9d958d886e1b,Pemerintah Kab. Teluk Bintuni,CPNS,UMUM (NON OAP),OPERATOR LAYANAN KESEHATAN,Pemerintah Kabupaten Teluk Bintuni | Dinas Kesehatan | UPTD | PUSKESMAS BINTUNI,1,0,2511500,3511500,136,0,0,0
efec8925-e902-4eab-9504-7f6f986c1a6b,Pemerintah Kab. Teluk Bintuni,CPNS,UMUM (NON OAP),OPERATOR LAYANAN KESEHATAN,Pemerintah Kabupaten Teluk Bintuni | Dinas Kesehatan | UPTD | PUSKESMAS MANIMERI,1,0,2511500,3511500,108,0,0,0
8f134593-fc40-4268-9207-211a34074771,Pemerintah Kab. Teluk Bintuni,CPNS,ORANG ASLI PAPUA (OAP),POLISI PAMONG PRAJA PEMULA,Pemerintah Kabupaten Teluk Bintuni | SATUAN POLISI PAMONG PRAJA,25,0,2511500,3511500,672,0,0,0
41e4c666-9d2b-45b1-9f3b-378685822579,Pemerintah Kab. Teluk Wondama,CPNS,ORANG ASLI PAPUA (OAP),PEMADAM KEBAKARAN PEMULA,PEMERINTAH KAB. TELUK WONDAMA                                          | DINAS SATUAN POLISI PAMONG PRAJA | SEKRETARIAT | SUB BAGIAN UMUM DAN KEPEGAWAIAN,45,1,2000000,3000000,633,0,0,0
35ba581a-9903-4f13-a2f5-2e0f52df72bb,Pemerintah Kab. Teluk Wondama,CPNS,ORANG ASLI PAPUA (OAP),POLISI PAMONG PRAJA PEMULA,PEMERINTAH KAB. TELUK WONDAMA                                          | DINAS SATUAN POLISI PAMONG PRAJA | SEKRETARIAT | SUB BAGIAN UMUM DAN KEPEGAWAIAN,70,1,2000000,3000000,662,0,0,0
061d0ef8-4a58-45bf-90f2-7a6f5e2e8306,Pemerintah Kab. Timor Tengah Selatan,CPNS,UMUM,ASISTEN PELATIH OLAHRAGA PEMULA,PEMERINTAH KABUPATEN TIMOR TENGAH SELATAN | DINAS KEPEMUDAAN DAN OLAH RAGA,9,1,2400000,2900000,220,0,0,0
8a0186c79158f6d4019159056f460a47,Pemerintah Kab. Timor Tengah Selatan,CPNS,PUTRA/PUTRI DAERAH TERTINGGAL,PEMADAM KEBAKARAN PEMULA,PEMERINTAH KABUPATEN TIMOR TENGAH SELATAN | SATUAN POLISI PAMONG PRAJA,13,1,2100000,2600000,244,0,0,0
18fd7620-d124-4a4c-b91e-d3c40344f523,Pemerintah Kab. Timor Tengah Selatan,CPNS,UMUM,PEMADAM KEBAKARAN PEMULA,PEMERINTAH KABUPATEN TIMOR TENGAH SELATAN | SATUAN POLISI PAMONG PRAJA,17,1,2100000,2600000,784,0,0,0
8a0186c79158f6d40191590b5f381009,Pemerintah Kab. Timor Tengah Selatan,CPNS,PUTRA/PUTRI DAERAH TERTINGGAL,POLISI PAMONG PRAJA PEMULA,PEMERINTAH KABUPATEN TIMOR TENGAH SELATAN | SATUAN POLISI PAMONG PRAJA,14,1,2100000,2600000,307,0,0,0
6b863152-fd85-4c41-9eb3-2a3be129121f,Pemerintah Kab. Timor Tengah Selatan,CPNS,UMUM,POLISI PAMONG PRAJA PEMULA,PEMERINTAH KABUPATEN TIMOR TENGAH SELATAN | SATUAN POLISI PAMONG PRAJA,16,1,2100000,2600000,1096,0,0,0
75d9e90c-8793-4748-8da2-71e6ded16f5c,Pemerintah Kab. Timor Tengah Selatan,CPNS,UMUM,PRANATA PENCARIAN DAN PERTOLONGAN PEMULA,PEMERINTAH KABUPATEN TIMOR TENGAH SELATAN | BADAN PENANGGULANGAN BENCANA DAERAH,7,1,2000000,3000000,200,0,0,0
f4402d5d-99f0-478b-bda1-025b86aa6eb1,Pemerintah Kab. Timor Tengah Utara,CPNS,UMUM,PEMADAM KEBAKARAN PEMULA,PEMERINTAH KABUPATEN TIMOR TENGAH UTARA | BADAN PENANGGULANGAN BENCANA DAERAH | BIDANG PENCEGAHAN DAN KESIAPSIAGAAN,1,0,2100000,4000000,54,0,0,0
6b4f3602-3b20-400b-b42c-1944eb8bf131,Pemerintah Kab. Timor Tengah Utara,CPNS,UMUM,POLISI PAMONG PRAJA PEMULA,PEMERINTAH KABUPATEN TIMOR TENGAH UTARA | SATUAN POLISI PAMONG PRAJA | BIDANG PENEGAKAN PRODUK HUKUM DAERAH,10,0,2100000,4000000,400,0,0,0
7108fe24-6597-45a5-9be0-856a542910cf,Pemerintah Kab. Tolikara,CPNS,ORANG ASLI PAPUA (OAP),ASISTEN PELATIH OLAHRAGA PEMULA,Pemerintah Kabupaten Tolikara | DINAS PEMUDA DAN OLAHRAGA | BIDANG KEOLAHRAGAAN | SEKSI PEMBINAAN DAN PENGEMBANGAN KEOLAHRAGAAN,1,1,2500000,3000000,21,0,0,0
364908a9-8887-400b-812c-a1f83f5546d7,Pemerintah Kab. Tolikara,CPNS,ORANG ASLI PAPUA (OAP),OPERATOR LAYANAN KESEHATAN,Pemerintah Kabupaten Tolikara | DINAS KESEHATAN | PUSKESMAS WINA,1,1,2300000,3000000,3,0,0,0
70cb4052-15da-4d92-906a-8f5d1dcd33e8,Pemerintah Kab. Tolikara,CPNS,ORANG ASLI PAPUA (OAP),OPERATOR LAYANAN KESEHATAN,Pemerintah Kabupaten Tolikara | DINAS KESEHATAN | PUSKESMAS EGIAM,1,1,2300000,3000000,4,0,0,0
7511a35d-b64c-48de-addb-6a832ce87867,Pemerintah Kab. Tolikara,CPNS,ORANG ASLI PAPUA (OAP),OPERATOR LAYANAN KESEHATAN,Pemerintah Kabupaten Tolikara | DINAS KESEHATAN | PUSKESMAS KUBU,2,1,2300000,3000000,4,0,0,0
7f3a3a22-85dc-4204-9a10-2d0a269d3e67,Pemerintah Kab. Tolikara,CPNS,ORANG ASLI PAPUA (OAP),OPERATOR LAYANAN KESEHATAN,Pemerintah Kabupaten Tolikara | DINAS KESEHATAN | PUSKESMAS DOW,1,1,2300000,3000000,2,0,0,0
8cc469ff-3d63-4d3d-981e-500efb16ca6b,Pemerintah Kab. Tolikara,CPNS,ORANG ASLI PAPUA (OAP),OPERATOR LAYANAN KESEHATAN,Pemerintah Kabupaten Tolikara | DINAS KESEHATAN | PUSKESMAS TAIYEVE II,2,1,2300000,3000000,3,0,0,0
99b25be7-221c-4098-8052-29699610f105,Pemerintah Kab. Tolikara,CPNS,ORANG ASLI PAPUA (OAP),OPERATOR LAYANAN KESEHATAN,Pemerintah Kabupaten Tolikara | DINAS KESEHATAN | PUSKESMAS YUNERI,2,1,2300000,3000000,4,0,0,0
dcbd1df9-74df-4b16-a6d6-defdddb03763,Pemerintah Kab. Tolikara,CPNS,ORANG ASLI PAPUA (OAP),OPERATOR LAYANAN KESEHATAN,Pemerintah Kabupaten Tolikara | DINAS KESEHATAN | PUSKESMAS POGANERI,2,1,2300000,3000000,2,0,0,0
e91ac94e-c857-407b-8201-92785f62d22f,Pemerintah Kab. Tolikara,CPNS,ORANG ASLI PAPUA (OAP),PEMADAM KEBAKARAN PEMULA,Pemerintah Kabupaten Tolikara | SATUAN POLISI PAMONGPRAJA | BIDANG PERLINDUNGAN MASYARAT | SEKSI PENANGGULANGAN KEBAKARAN,3,1,2500000,3000000,123,0,0,0
cdca3c5a-1e6d-4cdd-ac36-e7fd91d163cf,Pemerintah Kab. Tolikara,CPNS,ORANG ASLI PAPUA (OAP),PENATA LAKSANA BANGUNAN GEDUNG DAN KAWASAN PERMUKIMAN PEMULA,Pemerintah Kabupaten Tolikara | DINAS PEKERJAAN UMUM DAN PENATAAN RUANG | BIDANG CIPTA KARYA DAN SUMBER DAYA AIR | SEKSI PERENCANAAN DAN KONSTRUKSI BANGUNAN DAN GEDUNG,5,1,2300000,3000000,33,0,0,0
d9301270-c72f-45ef-a31b-465b51d45a22,Pemerintah Kab. Tolikara,CPNS,ORANG ASLI PAPUA (OAP),PENATA LAKSANA JALAN DAN JEMBATAN PEMULA,Pemerintah Kabupaten Tolikara | DINAS PEKERJAAN UMUM DAN PENATAAN RUANG | BIDANG CIPTA KARYA DAN SUMBER DAYA AIR | SEKSI PERENCANAAN DAN KONSTRUKSI BANGUNAN DAN GEDUNG,5,1,2300000,3000000,16,0,0,0
333a7a88-164f-4671-8f0d-3adb232af2ea,Pemerintah Kab. Tolikara,CPNS,ORANG ASLI PAPUA (OAP),PENATA LAKSANA PENYEHATAN LINGKUNGAN PEMULA,"Pemerintah Kabupaten Tolikara | DINAS LINGKUNGAN HIDUP | BIDANG PENATAAN, DAN PENINGKATAN KAPASITAS LINGKUNGAN | SEKSI PENINGKATAN KAPASITAS",5,1,2300000,3000000,26,0,0,0
bc5e5e58-1e5d-49cb-8241-704a1b52ccc9,Pemerintah Kab. Tolikara,CPNS,ORANG ASLI PAPUA (OAP),PENATA LAKSANA SUMBER DAYA AIR PEMULA,Pemerintah Kabupaten Tolikara | DINAS PEKERJAAN UMUM DAN PENATAAN RUANG | BIDANG CIPTA KARYA DAN SUMBER DAYA AIR | SEKSI PERENCANAAN DAN PELAKSANAAN SUMBERDAYA AIR DAN SPAM,5,1,2300000,3000000,34,0,0,0
0d3a3a3c-5274-4220-9cfa-ec2b80ebcfd5,Pemerintah Kab. Tolikara,CPNS,ORANG ASLI PAPUA (OAP),PETUGAS OPERASI DAN PEMELIHARAAN,Pemerintah Kabupaten Tolikara | DINAS PEKERJAAN UMUM DAN PENATAAN RUANG | BIDANG PENATAAN RUANG | SEKSI PERENCANAAN PENATAAN RUANG,4,1,2300000,3000000,33,0,0,0
41b4e298-10a8-429c-a2f5-fdcdb2ac7b3d,Pemerintah Kab. Tolikara,CPNS,ORANG ASLI PAPUA (OAP),PETUGAS OPERASI DAN PEMELIHARAAN,Pemerintah Kabupaten Tolikara | DINAS PEKERJAAN UMUM DAN PENATAAN RUANG | BIDANG PENATAAN RUANG | SEKSI PENGOLAHAN WILAYAH TATA RUANG,4,1,2300000,3000000,43,0,0,0
7a868b53-6d15-4d88-99eb-4eb06a77bdc2,Pemerintah Kab. Tolikara,CPNS,ORANG ASLI PAPUA (OAP),PETUGAS OPERASI DAN PEMELIHARAAN,Pemerintah Kabupaten Tolikara | DINAS PEKERJAAN UMUM DAN PENATAAN RUANG | BIDANG CIPTA KARYA DAN SUMBER DAYA AIR | SEKSI PERENCANAAN DAN PELAKSANAAN SUMBERDAYA AIR DAN SPAM,2,1,2300000,3000000,4,0,0,0
8f1d446d-2804-4c45-9153-250a13e446e7,Pemerintah Kab. Tolikara,CPNS,ORANG ASLI PAPUA (OAP),PETUGAS OPERASI DAN PEMELIHARAAN,Pemerintah Kabupaten Tolikara | DINAS PEKERJAAN UMUM DAN PENATAAN RUANG | BIDANG CIPTA KARYA DAN SUMBER DAYA AIR | SEKSI PERENCANAAN DAN KONSTRUKSI BANGUNAN DAN GEDUNG,2,1,2300000,3000000,4,0,0,0
a86af3b1-3484-4c8a-9128-5011339931eb,Pemerintah Kab. Tolikara,CPNS,ORANG ASLI PAPUA (OAP),PETUGAS OPERASI DAN PEMELIHARAAN,Pemerintah Kabupaten Tolikara | DINAS PEKERJAAN UMUM DAN PENATAAN RUANG | BIDANG PENATAAN RUANG | SEKSI PENGENDALIAN PEMANFAATN RUANG,4,1,2300000,3000000,38,0,0,0
f47e7bf3-8083-4da9-97f8-3cdfb5cafb78,Pemerintah Kab. Tolikara,CPNS,ORANG ASLI PAPUA (OAP),PETUGAS OPERASI DAN PEMELIHARAAN,Pemerintah Kabupaten Tolikara | DINAS PEKERJAAN UMUM DAN PENATAAN RUANG | BIDANG BINA MARGA | SEKSI PERENCANAAN TEKNIS DAN EVALUASI,2,1,2300000,3000000,4,0,0,0
f97f8ba2-a29d-4160-a094-7ee76f9fb158,Pemerintah Kab. Tolikara,CPNS,ORANG ASLI PAPUA (OAP),PETUGAS OPERASI DAN PEMELIHARAAN,Pemerintah Kabupaten Tolikara | DINAS PEKERJAAN UMUM DAN PENATAAN RUANG | BIDANG CIPTA KARYA DAN SUMBER DAYA AIR | SEKSI PERENCANAAN DAN PENGEMBANGAN PLP,2,1,2300000,3000000,2,0,0,0
fee17297-92a3-4697-9e62-4b974e40950c,Pemerintah Kab. Tolikara,CPNS,ORANG ASLI PAPUA (OAP),PETUGAS OPERASI DAN PEMELIHARAAN,Pemerintah Kabupaten Tolikara | DINAS PEKERJAAN UMUM DAN PENATAAN RUANG | BIDANG BINA MARGA | SEKSI PEMBANGUNAN JALAN DAN JEMBATAN,1,1,2300000,3000000,5,0,0,0
ec9ff23c-ec32-40ca-b668-f414003ab66f,Pemerintah Kab. Tolikara,CPNS,ORANG ASLI PAPUA (OAP),POLISI PAMONG PRAJA PEMULA,Pemerintah Kabupaten Tolikara | SATUAN POLISI PAMONGPRAJA | BIDANG KETENTRAMAN DAN KETERTIBAN UMUM | SEKSI PENERTIBAN,2,1,2500000,3000000,80,0,0,0
9c5b0d5b-fbe8-4fd8-8c9d-81854f7877ad,Pemerintah Kab. Toraja Utara,CPNS,UMUM,ASISTEN PELATIH OLAHRAGA PEMULA,PEMERINTAH KABUPATEN TORAJA UTARA | DINAS KEPEMUDAAN DAN OLAHRAGA | BIDANG PENINGKATAN PRESTASI OLAHRAGA,1,1,2184700,2437200,38,0,0,0
cf30ef5b-1c76-431a-a2a9-9606d38ad483,Pemerintah Kab. Toraja Utara,CPNS,UMUM,PENATA LAKSANA JALAN DAN JEMBATAN PEMULA,PEMERINTAH KABUPATEN TORAJA UTARA | DINAS PEKERJAAN UMUM DAN TATA RUANG | BIDANG BINA MARGA,1,1,2184700,2437200,49,0,0,0
8d548183-2121-468c-8bc6-9c0f1766bcb6,Pemerintah Kab. Toraja Utara,CPNS,UMUM,PENGAMAT TERA PEMULA,"PEMERINTAH KABUPATEN TORAJA UTARA | DINAS PERINDUSTRIAN, PERDAGANGAN, KOPERASI, USAHA KECIL DAN MENENGAH | BIDANG KEMETROLOGIAN",1,1,2184700,2764000,83,0,0,0
3fd3680b-a077-42e8-8878-6f12294bfa3b,Pemerintah Kab. Toraja Utara,CPNS,UMUM,POLISI KHUSUS CAGAR BUDAYA,PEMERINTAH KABUPATEN TORAJA UTARA | DINAS KEBUDAYAAN DAN PARIWISATA | UPT. MUSEUM,1,1,2184700,2437200,21,0,0,0
aa45c390-b33d-4e33-bcae-02eaa6bf6131,Pemerintah Kab. Toraja Utara,CPNS,UMUM,POLISI PAMONG PRAJA PEMULA,"PEMERINTAH KABUPATEN TORAJA UTARA | SATUAN POLISI PAMONG PRAJA, PEMADAM KEBAKARAN DAN PENYELAMATAN",5,1,2184700,2437200,87,0,0,0
5f7b7266-7936-4036-9773-4daf9e5420c1,Pemerintah Kab. Wakatobi,CPNS,UMUM,POLISI PAMONG PRAJA PEMULA,PEMERINTAH KABUPATEN WAKATOBI | SATUAN POLISI PAMONG PRAJA DAN PEMADAM KEBAKARAN,10,1,2184000,3643400,569,0,0,0
12afc6cb-da96-4ca4-affc-fa6a3f172acb,Pemerintah Kab. Waropen,CPNS,ORANG ASLI PAPUA (OAP),ASISTEN PELATIH OLAHRAGA PEMULA,PEMERINTAH KAB. WAROPEN | DINAS PEMUDA DAN OLAH RAGA,5,0,2000000,3000000,340,0,0,0
0a7eaf79-fdca-4f7e-a32c-8d2fe16caee4,Pemerintah Kab. Waropen,CPNS,ORANG ASLI PAPUA (OAP),OPERATOR LAYANAN KESEHATAN,PEMERINTAH KAB. WAROPEN | DINAS KESEHATAN | PUSKESMAS INGGERUS,1,0,2000000,3000000,26,0,0,0
4070a0fc-1bbf-4f78-9b1b-38c23d2fa256,Pemerintah Kab. Waropen,CPNS,ORANG ASLI PAPUA (OAP),OPERATOR LAYANAN KESEHATAN,PEMERINTAH KAB. WAROPEN | DINAS KESEHATAN,1,0,2000000,4000000,29,0,0,0
4640e3f6-aac8-4cdf-ae3a-dff5598e0d24,Pemerintah Kab. Waropen,CPNS,ORANG ASLI PAPUA (OAP),OPERATOR LAYANAN KESEHATAN,PEMERINTAH KAB. WAROPEN | DINAS KESEHATAN | PUSKESMAS WAREN,1,0,2000000,3000000,18,0,0,0
5b35eab6-0062-403d-a3c3-6324e449e5c5,Pemerintah Kab. Waropen,CPNS,ORANG ASLI PAPUA (OAP),OPERATOR LAYANAN KESEHATAN,PEMERINTAH KAB. WAROPEN | DINAS KESEHATAN | PUSKESMAS KOWEDA,1,0,2000000,3000000,20,0,0,0
73af3881-6d86-4951-acf1-797e87e35e52,Pemerintah Kab. Waropen,CPNS,ORANG ASLI PAPUA (OAP),OPERATOR LAYANAN KESEHATAN,PEMERINTAH KAB. WAROPEN | DINAS KESEHATAN | PUSKESMAS KHEMON JAYA,1,0,2000000,3000000,10,0,0,0
a964862e-e14b-456f-b79c-210f1897be48,Pemerintah Kab. Waropen,CPNS,ORANG ASLI PAPUA (OAP),OPERATOR LAYANAN KESEHATAN,PEMERINTAH KAB. WAROPEN | DINAS KESEHATAN | PUSKESMAS FAFADO,1,0,2000000,3000000,28,0,0,0
b1e57a0f-f63d-4d20-8fc4-3d32fbbbe85a,Pemerintah Kab. Waropen,CPNS,ORANG ASLI PAPUA (OAP),OPERATOR LAYANAN KESEHATAN,PEMERINTAH KAB. WAROPEN | DINAS KESEHATAN | PUSKESMAS DOKIS,1,0,2000000,3000000,27,0,0,0
b3e08f45-1c9f-492d-9681-9cc2ae50f618,Pemerintah Kab. Waropen,CPNS,ORANG ASLI PAPUA (OAP),OPERATOR LAYANAN KESEHATAN,PEMERINTAH KAB. WAROPEN | DINAS KESEHATAN | PUSKESMAS URFAS,1,0,2000000,3000000,15,0,0,0
d63e84a1-8fcc-4c2c-81fd-57845f390175,Pemerintah Kab. Waropen,CPNS,ORANG ASLI PAPUA (OAP),OPERATOR LAYANAN KESEHATAN,PEMERINTAH KAB. WAROPEN | DINAS KESEHATAN | PUSKESMAS OUDATE,1,0,2000000,3000000,28,0,0,0
d83c339c-1841-4941-b612-7291d9a23f4f,Pemerintah Kab. Waropen,CPNS,ORANG ASLI PAPUA (OAP),OPERATOR LAYANAN KESEHATAN,PEMERINTAH KAB. WAROPEN | DINAS KESEHATAN | PUSKESMAS DEMBA,1,0,2000000,3000000,30,0,0,0
fa189ac2-db3c-4cb7-9d00-9964f2d39387,Pemerintah Kab. Waropen,CPNS,ORANG ASLI PAPUA (OAP),OPERATOR LAYANAN KESEHATAN,PEMERINTAH KAB. WAROPEN | DINAS KESEHATAN | RSUD Rodo Fabo,2,0,2000000,3000000,31,0,0,0
689bebb2-53da-457e-90c7-3609061d8d9d,Pemerintah Kab. Yahukimo,CPNS,ORANG ASLI PAPUA (OAP),ASISTEN PELATIH OLAHRAGA PEMULA,Pemerintah Kabupaten Yahukimo | Dinas Pemuda dan Olah Raga | Bidang Olah Raga | Seksi Sarana Prasarana Olahraga,2,0,2300000,3000000,11,0,0,0
8a02826391606efe0191609b05ba13b2,Pemerintah Kab. Yahukimo,CPNS,UMUM (NON OAP),PEMADAM KEBAKARAN PEMULA,Pemerintah Kabupaten Yahukimo | Satuan Polisi Pamong Praja | Bidang Pemadam Kebakaran | Seksi Pemadam dan Penanggulangan Kebakaran,3,0,2300000,3000000,4,0,0,0
9c9b74f9-e611-440f-bace-82f94ba3ff87,Pemerintah Kab. Yahukimo,CPNS,ORANG ASLI PAPUA (OAP),PEMADAM KEBAKARAN PEMULA,Pemerintah Kabupaten Yahukimo | Satuan Polisi Pamong Praja | Bidang Pemadam Kebakaran | Seksi Pemadam dan Penanggulangan Kebakaran,4,0,2300000,3000000,207,0,0,0
8a02826391606efe0191609badef1446,Pemerintah Kab. Yahukimo,CPNS,UMUM (NON OAP),PEMELIHARA TUMBUHAN,Pemerintah Kabupaten Yahukimo | Dinas Pertanian dan Perikanan | Bidang Tanaman Pangan dan Holtikultura | Seksi Tanaman Pangan dan Serealia,2,0,2300000,3000000,4,0,0,0
1152b3a0-911e-4160-9e4d-00b9c4781c68,Pemerintah Kab. Yahukimo,CPNS,ORANG ASLI PAPUA (OAP),PEMELIHARA TUMBUHAN,Pemerintah Kabupaten Yahukimo | Dinas Pertanian dan Perikanan | Bidang Tanaman Pangan dan Holtikultura | Seksi Tanaman Pangan dan Serealia,3,0,2300000,3000000,103,0,0,0
8a02826391606efe019160a0a3ae189d,Pemerintah Kab. Yahukimo,CPNS,UMUM (NON OAP),PENATA LAKSANA BANGUNAN GEDUNG DAN KAWASAN PERMUKIMAN PEMULA,Pemerintah Kabupaten Yahukimo | Dinas Perumahan dan Kawasan Permukiman | Bidang Kawasan Permukiman Dan Pertanahan | Seksi Perencanaan Kawasan Permukiman Dan Pertanahan,1,0,2300000,3000000,2,0,0,0
2f68fc2a-e2f5-4c66-8068-10f35d402de7,Pemerintah Kab. Yahukimo,CPNS,ORANG ASLI PAPUA (OAP),PENATA LAKSANA BANGUNAN GEDUNG DAN KAWASAN PERMUKIMAN PEMULA,Pemerintah Kabupaten Yahukimo | Dinas Perumahan dan Kawasan Permukiman | Bidang Kawasan Permukiman Dan Pertanahan | Seksi Perencanaan Kawasan Permukiman Dan Pertanahan,1,0,2300000,3000000,19,0,0,0
ebd20b09-4b47-40df-8cba-4faee4133b59,Pemerintah Kab. Yahukimo,CPNS,ORANG ASLI PAPUA (OAP),PENATA LAKSANA JALAN DAN JEMBATAN PEMULA,Pemerintah Kabupaten Yahukimo | Dinas Pekerjaan Umum dan Penataan Ruang | Bidang Bina Marga | Seksi Pembangunan Jalan dan Jembatan,1,0,2300000,3000000,36,0,0,0
705b6e12-24de-41d5-8779-9730448a5002,Pemerintah Kab. Yahukimo,CPNS,ORANG ASLI PAPUA (OAP),PENATA LAKSANA PENYEHATAN LINGKUNGAN PEMULA,Pemerintah Kabupaten Yahukimo | Dinas Lingkungan Hidup | Bidang Pengendalian Pencemaran dan Kerusakan Lingkungan Hidup | Seksi Pemeliharaan Lingkungan,1,0,2300000,3000000,16,0,0,0
8a02826391606efe019160a12bac18ee,Pemerintah Kab. Yahukimo,CPNS,UMUM (NON OAP),PENATA LAKSANA SUMBER DAYA AIR PEMULA,Pemerintah Kabupaten Yahukimo | Dinas Pekerjaan Umum dan Penataan Ruang | Bidang Pengairan dan SPAM | Seksi SDA dan Irigasi,1,0,2300000,3000000,1,0,0,0
652d3747-59d8-466e-9475-d58b675a2b7b,Pemerintah Kab. Yahukimo,CPNS,ORANG ASLI PAPUA (OAP),PENATA LAKSANA SUMBER DAYA AIR PEMULA,Pemerintah Kabupaten Yahukimo | Dinas Pekerjaan Umum dan Penataan Ruang | Bidang Pengairan dan SPAM | Seksi SDA dan Irigasi,1,0,2300000,3000000,41,0,0,0
300e9069-78a0-44bf-94b1-4399b4782f54,Pemerintah Kab. Yahukimo,CPNS,ORANG ASLI PAPUA (OAP),PETUGAS OPERASI DAN PEMELIHARAAN,Pemerintah Kabupaten Yahukimo | Dinas Pekerjaan Umum dan Penataan Ruang | Bidang Tata Ruang | Seksi Perencanaan Tata Kota,2,0,2300000,3000000,20,0,0,0
3dc68e1b-f7ca-4538-84c9-11310882378a,Pemerintah Kab. Yahukimo,CPNS,ORANG ASLI PAPUA (OAP),PETUGAS OPERASI DAN PEMELIHARAAN,Pemerintah Kabupaten Yahukimo | Dinas Pekerjaan Umum dan Penataan Ruang | Bidang Tata Ruang | Seksi Penataan Bangunan dan Gedung,2,0,2300000,3000000,10,0,0,0
813d7676-853c-45fa-af9a-9bb260af3d6f,Pemerintah Kab. Yahukimo,CPNS,ORANG ASLI PAPUA (OAP),PETUGAS OPERASI DAN PEMELIHARAAN,Pemerintah Kabupaten Yahukimo | Dinas Pekerjaan Umum dan Penataan Ruang | Bidang Cipta Karya | Seksi  Perizinan dan Pengawasan Konstruksi,2,0,2300000,3000000,19,0,0,0
b2654d54-cfdc-47a3-9585-ec259236d61b,Pemerintah Kab. Yahukimo,CPNS,ORANG ASLI PAPUA (OAP),PETUGAS OPERASI DAN PEMELIHARAAN,Pemerintah Kabupaten Yahukimo | Dinas Pekerjaan Umum dan Penataan Ruang | Bidang Cipta Karya | Seksi Bangunan dan Gedung,2,0,2300000,3000000,17,0,0,0
eda487c0-b857-4883-a18e-e584ec1d8893,Pemerintah Kab. Yahukimo,CPNS,ORANG ASLI PAPUA (OAP),PETUGAS OPERASI DAN PEMELIHARAAN,Pemerintah Kabupaten Yahukimo | Dinas Pekerjaan Umum dan Penataan Ruang | Bidang Tata Ruang | Seksi Pertamanan,2,0,2300000,3000000,31,0,0,0
00277771-ce09-4eba-a022-9f175debe1dd,Pemerintah Kab. Yahukimo,CPNS,ORANG ASLI PAPUA (OAP),POLISI PAMONG PRAJA PEMULA,Pemerintah Kabupaten Yahukimo | Satuan Polisi Pamong Praja | Bidang Perlindungan Masyarakat | Seksi Satuan Linmas,2,0,2300000,3000000,161,0,0,0
1ca3de67-d97c-4608-92ec-46a9c0d782c3,Pemerintah Kab. Yahukimo,CPNS,ORANG ASLI PAPUA (OAP),PRANATA PENCARIAN DAN PERTOLONGAN PEMULA,Pemerintah Kabupaten Yahukimo | Badan Penanggulangan Bencana Daerah | Bidang Kedaruratan dan Logistik | Sub Bidang Kedaruratan,2,0,2300000,3000000,15,0,0,0
42439f1d-38d5-456e-8483-7140ed8ebc4d,Pemerintah Kab. Yalimo,CPNS,ORANG ASLI PAPUA (OAP),OPERATOR LAYANAN KESEHATAN,PEMERINTAH KABUPATEN YALIMO | DINAS KESEHATAN | PUSKESMAS LANDIKMA,2,0,2500000,4000000,41,0,0,0
7cf37d99-dd7b-4a23-80cf-75f79c7bfe6b,Pemerintah Kab. Yalimo,CPNS,ORANG ASLI PAPUA (OAP),PEMADAM KEBAKARAN PEMULA,PEMERINTAH KABUPATEN YALIMO | KANTOR SATUAN POLISI PAMONG PRAJA DAN KEBAKARAN | BIDANG PERLINDUNGAN MASYARAKAT DAN KEBAKARAN | SEKSI KEBAKARAN,25,1,2000000,4000000,67,0,0,0
88b80629-4cda-437e-a419-290e752ca679,Pemerintah Kab. Yalimo,CPNS,ORANG ASLI PAPUA (OAP),PEMELIHARA TUMBUHAN,PEMERINTAH KABUPATEN YALIMO | DINAS LINGKUNGAN HIDUP | BIDANG PENGENDALIAN DAMPAK LINGKUNGAN DAN KONSERVASI SUMBER DAYA ALAM | SEKSI KONSERVASI SDA,3,0,2000000,4000000,32,0,0,0
d95dd52f-8846-4be6-9320-91816d5ef931,Pemerintah Kab. Yalimo,CPNS,ORANG ASLI PAPUA (OAP),PEMELIHARA TUMBUHAN,PEMERINTAH KABUPATEN YALIMO | DINAS LINGKUNGAN HIDUP | BIDANG ANALISIS DAMPAK LINGKUNGAN DAN PENATAAN LINGKUNGAN | SEKSI KEBERSIHAN DAN PERSAMPAHAN,3,0,2000000,4000000,47,0,0,0
ec0e361e-bb91-40cd-a18a-245ed0a7e490,Pemerintah Kab. Yalimo,CPNS,ORANG ASLI PAPUA (OAP),PEMELIHARA TUMBUHAN,PEMERINTAH KABUPATEN YALIMO | DINAS LINGKUNGAN HIDUP | BIDANG ANALISIS DAMPAK LINGKUNGAN DAN PENATAAN LINGKUNGAN | SEKSI PENILAIAN MENGENAI DAMPAK LINGKUNGAN,3,0,2000000,4000000,26,0,0,0
f50f3ff8-c141-430a-9331-8221af0b5117,Pemerintah Kab. Yalimo,CPNS,ORANG ASLI PAPUA (OAP),PENATA LAKSANA JALAN DAN JEMBATAN PEMULA,PEMERINTAH KABUPATEN YALIMO | DINAS PEKERJAAN UMUM DAN PENATAAN RUANG | BIDANG BINA MARGA | SEKSI JALAN DAN JEMBATAN,7,0,2000000,4000000,102,0,0,0
2fa62ab8-0646-44f7-a10c-4b9a0ebf4b2f,Pemerintah Kab. Yalimo,CPNS,ORANG ASLI PAPUA (OAP),PENATA LAKSANA PENYEHATAN LINGKUNGAN PEMULA,PEMERINTAH KABUPATEN YALIMO | DINAS LINGKUNGAN HIDUP | BIDANG ANALISIS DAMPAK LINGKUNGAN DAN PENATAAN LINGKUNGAN | SEKSI PEMANTAUAN ANALISIS MENGENAI DAMPAK LINGKUNGAN,6,0,2000000,4000000,114,0,0,0
b9eec7c9-447e-44d3-99cd-222934571080,Pemerintah Kab. Yalimo,CPNS,ORANG ASLI PAPUA (OAP),PENATA LAKSANA SUMBER DAYA AIR PEMULA,PEMERINTAH KABUPATEN YALIMO | DINAS PEKERJAAN UMUM DAN PENATAAN RUANG | BIDANG PENATAAN RUANG | SEKSI PERTAMANAN,4,0,2000000,3000000,113,0,0,0
d56854e3-15a3-4089-b684-64a7da042b34,Pemerintah Kab. Yalimo,CPNS,ORANG ASLI PAPUA (OAP),PETUGAS OPERASI DAN PEMELIHARAAN,PEMERINTAH KABUPATEN YALIMO | DINAS PEKERJAAN UMUM DAN PENATAAN RUANG | BIDANG PENATAAN RUANG | SEKSI PERTAMANAN,4,0,2000000,4000000,147,0,0,0
9f3faac5-e1b9-4d74-b243-bb94289c10dc,Pemerintah Kab. Yalimo,CPNS,ORANG ASLI PAPUA (OAP),POLISI PAMONG PRAJA PEMULA,PEMERINTAH KABUPATEN YALIMO | KANTOR SATUAN POLISI PAMONG PRAJA DAN KEBAKARAN | BIDANG KETENTRAMAN DAN KETERTIBAN UMUM | SEKSI KETENTRAMAN MASYARAKAT DAN KETERTIBAN UMUM,48,0,2000000,4000000,65,0,0,0
56211b55-6442-4030-b3bb-210b2c3be34b,Pemerintah Kota Ambon,CPNS,UMUM,PEMADAM KEBAKARAN PEMULA,PEMERINTAH KOTA AMBON                                                  | DINAS PEMADAM KEBAKARAN DAN PENYELAMATAN | BIDANG PENGENDALIAN OPERASI PEMADAM DAN  PENYELAMATAN,45,1,2184000,3643400,1304,0,0,0
14b6a1c5-7b10-4d27-8c11-7c6b998acef1,Pemerintah Kota Ambon,CPNS,UMUM,POLISI PAMONG PRAJA PEMULA,PEMERINTAH KOTA AMBON                                                  | SATUAN POLISI PAMONG PRAJA | BIDANG KETERTIBAN UMUM DAN KETENTRAMAN MASYARAKAT,88,1,2184000,3643400,1642,0,0,0
d59c76be-4c19-4b74-b6b2-71ef5beb8b97,Pemerintah Kota Baubau,CPNS,UMUM,PEMELIHARA TUMBUHAN,Pemerintah Kota Bau Bau | SEKRETARIAT DAERAH | DINAS LINGKUNGAN HIDUP | Bidang Tata Lingkungan Evaluasi dan Pelaporan | SEKSI PERTAMANAN DAN PEMELIHARAAN LINGKUNGAN HIDUP,1,0,2200000,3200000,295,0,0,0
0009eef3-b46e-44ed-8e1c-ddb7d2ad45dc,Pemerintah Kota Baubau,CPNS,UMUM,POLISI PAMONG PRAJA PEMULA,Pemerintah Kota Bau Bau | SEKRETARIAT DAERAH | SATUAN POLISI PAMONG PRAJA | BIDANG KETERTIBAN UMUM DAN KETENTRAMAN MASYARAKAT,2,0,2200000,3200000,199,0,0,0
1009a86b-860c-4700-b360-a669a0737164,Pemerintah Kota Bengkulu,CPNS,UMUM,OPERATOR LAYANAN KESEHATAN,Pemerintah Kota Bengkulu | Dinas Kesehatan Kota Bengkulu | UPTD Puskesmas Perawatan Muara Bangkahulu | Sub Bagian Tata Usaha UPTD Puskesmas Perawatan Muara Bangkahulu,1,1,2184000,2184000,14,0,0,0
250f02e5-af6c-4036-8f6c-0d743f3eb775,Pemerintah Kota Bengkulu,CPNS,UMUM,OPERATOR LAYANAN KESEHATAN,Pemerintah Kota Bengkulu | Dinas Kesehatan Kota Bengkulu | UPTD Puskesmas Betungan | Sub Bagian Tata Usaha UPTD Puskesmas Betungan,1,1,2184000,2184000,17,0,0,0
464b0a46-3a6e-4037-aef4-9d99ade11b11,Pemerintah Kota Bengkulu,CPNS,UMUM,OPERATOR LAYANAN KESEHATAN,Pemerintah Kota Bengkulu | Dinas Kesehatan Kota Bengkulu | UPTD Puskesmas Penurunan | Sub Bagian Tata Usaha UPTD Puskesmas Penurunan,1,1,2184000,2184000,9,0,0,0
470167fb-9589-48ad-9751-06ed5b51e2a9,Pemerintah Kota Bengkulu,CPNS,UMUM,OPERATOR LAYANAN KESEHATAN,Pemerintah Kota Bengkulu | Dinas Kesehatan Kota Bengkulu | UPTD Puskesmas Padang Serai | Sub Bagian Tata Usaha UPTD Puskesmas Padang Serai,1,1,2184000,2184000,15,0,0,0
50a4eba3-0858-4c5a-b695-344c7d9f2dd0,Pemerintah Kota Bengkulu,CPNS,UMUM,OPERATOR LAYANAN KESEHATAN,Pemerintah Kota Bengkulu | Dinas Kesehatan Kota Bengkulu | UPTD Puskesmas Lingkar Barat | Sub Bagian Tata Usaha UPTD Puskesmas Lingkar Barat,1,1,2184000,2184000,16,0,0,0
61cb71a1-e0e3-41b3-b474-ec82ade3ee89,Pemerintah Kota Bengkulu,CPNS,UMUM,OPERATOR LAYANAN KESEHATAN,Pemerintah Kota Bengkulu | Dinas Kesehatan Kota Bengkulu | UPTD Puskesmas Kandang | Sub Bagian Tata Usaha UPTD Puskesmas Kandang,1,1,2184000,2184000,17,0,0,0
75d4210f-4617-4ee5-a1ec-7a656dddc092,Pemerintah Kota Bengkulu,CPNS,UMUM,OPERATOR LAYANAN KESEHATAN,Pemerintah Kota Bengkulu | Dinas Kesehatan Kota Bengkulu | UPTD Puskesmas Telaga Dewa | Sub Bagian Tata Usaha UPTD Puskesmas Telaga Dewa,1,1,2184000,2184000,13,0,0,0
95d7bb87-fdc5-41b8-a63d-bdf945e992fd,Pemerintah Kota Bengkulu,CPNS,UMUM,OPERATOR LAYANAN KESEHATAN,Pemerintah Kota Bengkulu | Dinas Kesehatan Kota Bengkulu | UPTD Puskesmas Beringin Raya | Sub Bagian Tata Usaha UPTD Puskesmas Beringin Raya,1,1,2184000,2184000,13,0,0,0
a2c96688-37fc-4690-91d4-1e1d7a298a98,Pemerintah Kota Bengkulu,CPNS,UMUM,OPERATOR LAYANAN KESEHATAN,Pemerintah Kota Bengkulu | Dinas Kesehatan Kota Bengkulu | UPTD Puskesmas Nusa Indah | Sub Bagian Tata Usaha UPTD Puskesmas Nusa Indah,1,1,2184000,2184000,13,0,0,0
bfa10ba2-aff9-4c8d-a666-5c8322d67fc1,Pemerintah Kota Bengkulu,CPNS,UMUM,OPERATOR LAYANAN KESEHATAN,Pemerintah Kota Bengkulu | Dinas Kesehatan Kota Bengkulu | UPTD Puskesmas Suka Merindu | Sub Bagian Tata Usaha UPTD Puskesmas Suka Merindu,1,1,2184000,2184000,13,0,0,0
cc592571-c535-42ab-9869-f94c66ff1a65,Pemerintah Kota Bengkulu,CPNS,UMUM,OPERATOR LAYANAN KESEHATAN,Pemerintah Kota Bengkulu | Dinas Kesehatan Kota Bengkulu | UPTD Puskesmas Pasar Ikan | Sub Bagian Tata Usaha UPTD Puskesmas Pasar Ikan,1,1,2184000,2184000,10,0,0,0
cf4d1b11-a236-4451-b23b-ae33afbd433e,Pemerintah Kota Bengkulu,CPNS,UMUM,OPERATOR LAYANAN KESEHATAN,Pemerintah Kota Bengkulu | Dinas Kesehatan Kota Bengkulu | UPTD Puskesmas Lingkar Timur | Sub Bagian Tata Usaha UPTD Puskesmas Lingkar Timur,1,1,2184000,2184000,10,0,0,0
cfb69a74-ab35-4761-9275-855bdda00882,Pemerintah Kota Bengkulu,CPNS,UMUM,OPERATOR LAYANAN KESEHATAN,Pemerintah Kota Bengkulu | Dinas Kesehatan Kota Bengkulu | UPTD Puskesmas Sawah Lebar | Sub Bagian Tata Usaha UPTD Puskesmas Sawah Lebar,1,1,2184000,2184000,9,0,0,0
ecd2e5f9-fac4-4ab7-9cb4-d9b0e7e42eec,Pemerintah Kota Bengkulu,CPNS,UMUM,OPERATOR LAYANAN KESEHATAN,Pemerintah Kota Bengkulu | Dinas Kesehatan Kota Bengkulu | UPTD Puskesmas Jembatan Kecil | Sub Bagian Tata Usaha UPTD Pusekesmas Jembatan Kecil,1,1,2184000,2184000,13,0,0,0
fecb16b9-3ab1-4a00-b36e-7c645b288762,Pemerintah Kota Bengkulu,CPNS,UMUM,OPERATOR LAYANAN KESEHATAN,Pemerintah Kota Bengkulu | Dinas Kesehatan Kota Bengkulu | UPTD Puskesmas Jalan Gedang | Sub Bagian Tata Usaha UPTD Puskesmas Jalan Gedang,1,1,2184000,2184000,7,0,0,0
8a02826391606efe019165990f951d2f,Pemerintah Kota Bengkulu,CPNS,PENYANDANG DISABILITAS,PEMELIHARA TUMBUHAN,Pemerintah Kota Bengkulu | Dinas Lingkungan Hidup Kota Bengkulu | UPTD Pertamanan,1,1,2184000,2184000,8,0,0,0
610d325f-3cc8-4b70-b7ae-8df737941da6,Pemerintah Kota Bengkulu,CPNS,UMUM,PEMELIHARA TUMBUHAN,Pemerintah Kota Bengkulu | Dinas Lingkungan Hidup Kota Bengkulu | UPTD Pertamanan,9,1,2184000,2184000,332,0,0,0
8a0384b491502874019153e1dc5719f4,Pemerintah Kota Bima,CPNS,PENYANDANG DISABILITAS,OPERATOR LAYANAN KESEHATAN,Walikota Bima | Dinas Kesehatan | Rumah Sakit Umum Daerah | Sub Bagian Tata Usaha,1,1,2500000,3500000,7,0,0,0
2da6cb76-fd76-4e79-a8d8-cd4e89a3cb0e,Pemerintah Kota Bima,CPNS,UMUM,OPERATOR LAYANAN KESEHATAN,Walikota Bima | Dinas Kesehatan | Rumah Sakit Umum Daerah | Seksi Pelayanan Medis dan Keperawatan,1,1,2500000,3500000,65,0,0,0
53f430bf-bbf8-417f-84c6-813dc24b89cd,Pemerintah Kota Bima,CPNS,UMUM,OPERATOR LAYANAN KESEHATAN,Walikota Bima | Dinas Kesehatan | Bidang Pelayanan dan Sumber Daya Kesehatan,1,1,2500000,3500000,72,0,0,0
5617f61c-b04f-4026-93f1-2d80e991a832,Pemerintah Kota Bima,CPNS,UMUM,OPERATOR LAYANAN KESEHATAN,Walikota Bima | Dinas Kesehatan | Rumah Sakit Umum Daerah | Sub Bagian Tata Usaha,1,1,2500000,3500000,168,0,0,0
9f7ca7b8-9049-49da-8415-3764f3d32ea0,Pemerintah Kota Bima,CPNS,UMUM,OPERATOR LAYANAN KESEHATAN,"Walikota Bima | Dinas Kesehatan | Bidang Pencegahan, Pengendalian Penyakit dan Penyehatan Lingkungan",1,1,2500000,3500000,44,0,0,0
ac33c305-13b9-48ff-802b-6468f904ae58,Pemerintah Kota Bima,CPNS,UMUM,OPERATOR LAYANAN KESEHATAN,Walikota Bima | Dinas Kesehatan | Rumah Sakit Umum Daerah | Seksi Penunjang Medis dan Non Medis,2,1,2500000,3500000,366,0,0,0
d2f527db-f238-4d49-8843-ae7e2642734b,Pemerintah Kota Bima,CPNS,UMUM,OPERATOR LAYANAN KESEHATAN,Walikota Bima | Dinas Kesehatan | Bidang Kesehatan Masyarakat,1,1,2500000,4000000,117,0,0,0
7ac22312-90af-4a45-8573-05dab173919a,Pemerintah Kota Bima,CPNS,UMUM,PEMADAM KEBAKARAN PEMULA,Walikota Bima | Dinas Pemadam Kebakaran dan Penyelamatan | Bidang Pencegahan,2,0,2500000,4000000,170,0,0,0
b4f14220-bfaf-430e-9f91-a1c7e957f0e5,Pemerintah Kota Bima,CPNS,UMUM,PEMADAM KEBAKARAN PEMULA,"Walikota Bima | Dinas Pemadam Kebakaran dan Penyelamatan | Bidang Pemadaman, Penyelamatan dan Sarana Prasarana",2,0,2500000,4000000,152,0,0,0
c00d2f07-f15a-4815-b934-f2051d4283b6,Pemerintah Kota Bima,CPNS,UMUM,PETUGAS OPERASI DAN PEMELIHARAAN,Walikota Bima | Dinas Pekerjaan Umum dan Penataan Ruang | Unit Pelaksana Teknis Air Minum,1,1,2500000,4500000,157,0,0,0
58ea2326-5c7c-4225-8037-02b9909a49d0,Pemerintah Kota Bima,CPNS,UMUM,POLISI PAMONG PRAJA PEMULA,Walikota Bima | Satuan Polisi Pamong Praja | Bidang Ketertiban Umum dan Ketentraman Masyarakat,2,0,2500000,4500000,120,0,0,0
80c69700-89e2-4cee-af3c-ddb6beabdba9,Pemerintah Kota Bima,CPNS,UMUM,POLISI PAMONG PRAJA PEMULA,Walikota Bima | Satuan Polisi Pamong Praja | Bidang Penegakan Perundang-Undangan Daerah,2,0,2500000,4500000,66,0,0,0
f70c3ef6-8cc5-4f0e-97e4-9f27556ff356,Pemerintah Kota Bima,CPNS,UMUM,POLISI PAMONG PRAJA PEMULA,"Walikota Bima | Satuan Polisi Pamong Praja | Bidang Perlindungan Masyarakat, Sumber Daya Manusia dan Sarana Prasarana",2,0,2500000,4500000,121,0,0,0
05c0cb79-2400-40a4-85a1-b9d94f44abc0,Pemerintah Kota Blitar,CPNS,UMUM,PEMADAM KEBAKARAN PEMULA,Kota Blitar | Satuan Polisi Pamong Praja,1,0,2098726,4906178,190,0,0,0
d381902e-6a5d-4a32-90b8-8bfcefcc5fac,Pemerintah Kota Bukittinggi,CPNS,UMUM,PELATIH DAN PERAWAT SATWA LIAR,Pemerintah Kota Bukittinggi | DINAS PARIWISATA | BIDANG DAYA TARIK WISATA KAWASAN KONSERVASI,1,0,2184000,3620860,220,0,0,0
9bdf4045-a46c-4960-9221-51cbbd747dea,Pemerintah Kota Cirebon,CPNS,UMUM,POLISI PAMONG PRAJA PEMULA,PEMERINTAH DAERAH KOTA CIREBON | SATUAN POLISI PAMONG PRAJA,3,0,2500000,2800000,267,0,0,0
1b5a3eca-d297-4ae2-9064-74ba58774934,Pemerintah Kota Depok,CPNS,UMUM,POLISI PAMONG PRAJA PEMULA,PEMERINTAH KOTA DEPOK | SATUAN POLISI PAMONG PRAJA | BIDANG PEMBINAAN SUMBER DAYA DAN PERLINDUNGAN MASYARAKAT | SEKSI PERLINDUNGAN MASYARAKAT,2,0,2184000,4263000,11,0,0,0
432a501c-ee34-40dd-ade9-b71888cf3407,Pemerintah Kota Depok,CPNS,UMUM,POLISI PAMONG PRAJA PEMULA,"PEMERINTAH KOTA DEPOK | SATUAN POLISI PAMONG PRAJA | BIDANG KETENTRAMAN, KETERTIBAN UMUM DAN PENGAMANAN PENGAWALAN | SEKSI KETENTRAMAN MASYARAKAT DAN KETERTIBAN UMUM",2,0,2184000,4263000,9,0,0,0
9e1e270f-564f-4e9a-b469-de2518d5c42d,Pemerintah Kota Depok,CPNS,UMUM,POLISI PAMONG PRAJA PEMULA,PEMERINTAH KOTA DEPOK | SATUAN POLISI PAMONG PRAJA | BIDANG PENEGAKAN PERATURAN DAERAH | SEKSI PENYELIDIKAN DAN PENYIDIKAN,3,0,2184000,4263000,17,0,0,0
2c367076-85e8-4591-b916-219198cfe78c,Pemerintah Kota Gunung Sitoli,CPNS,UMUM,PETUGAS OPERASI DAN PEMELIHARAAN,Pemerintah Kota Gunungsitoli | DINAS PEKERJAAN UMUM DAN TATA RUANG | UPTD PENGELOLA SISTEM PENYEDIAAN AIR MINUM | SUB BAGIAN TATA USAHA,1,1,2200000,3700000,270,0,0,0
456201cd-8cd9-44f1-9fc1-4985c2596766,Pemerintah Kota Gunung Sitoli,CPNS,UMUM,POLISI PAMONG PRAJA PEMULA,Pemerintah Kota Gunungsitoli | SATUAN POLISI PAMONG PRAJA,5,1,2200000,3700000,1517,0,0,0
b8777bc5-dc51-4b8e-b771-9896e6aeb215,Pemerintah Kota Jambi,CPNS,UMUM,POLISI PAMONG PRAJA PEMULA,PEMERINTAH KOTA JAMBI | Satuan Polisi Pamong Praja,2,0,1800000,2800000,302,0,0,0
46007b23-6e26-4a27-a4b2-32d5926db808,Pemerintah Kota Lhokseumawe,CPNS,UMUM,ASISTEN PELATIH OLAHRAGA PEMULA,"Pemerintah Kota Lhokseumawe | DINAS PEMUDA, OLAH RAGA DAN PARIWISATA | BIDANG KEOLAHRAGAAN",1,0,2511500,4189900,111,0,0,0
8a01849d91446dd8019144a35c5d0cdf,Pemerintah Kota Lhokseumawe,CPNS,PENYANDANG DISABILITAS,OPERATOR LAYANAN KESEHATAN,Pemerintah Kota Lhokseumawe | DINAS KESEHATAN | PUSKESMAS BANDA SAKTI,1,1,2511500,4189900,17,0,0,0
8a01849d91446dd8019144b5da87110c,Pemerintah Kota Lhokseumawe,CPNS,PENYANDANG DISABILITAS,OPERATOR LAYANAN KESEHATAN,Pemerintah Kota Lhokseumawe | DINAS KESEHATAN | PUSKESMAS BLANG MANGAT,1,1,2511500,4189900,7,0,0,0
0cb86bfe-a30b-473a-a9bb-bc7020220e5a,Pemerintah Kota Lhokseumawe,CPNS,UMUM,OPERATOR LAYANAN KESEHATAN,Pemerintah Kota Lhokseumawe | DINAS KESEHATAN | PUSKESMAS KANDANG,1,0,2511500,4189900,68,0,0,0
2e7ec3cd-b1f9-41d7-8d28-76753b3889bf,Pemerintah Kota Lhokseumawe,CPNS,UMUM,OPERATOR LAYANAN KESEHATAN,Pemerintah Kota Lhokseumawe | DINAS KESEHATAN | PUSKESMAS MUARA DUA,3,1,2000000,4000000,941,0,0,0
8b7cc98c-32c4-41e8-9d19-67b90fe37f49,Pemerintah Kota Lhokseumawe,CPNS,UMUM,OPERATOR LAYANAN KESEHATAN,Pemerintah Kota Lhokseumawe | DINAS KESEHATAN | PUSKESMAS BANDA SAKTI,2,1,2511500,4189900,351,0,0,0
8f29b34e-9c0d-41e4-8ec1-c0453b525536,Pemerintah Kota Lhokseumawe,CPNS,UMUM,OPERATOR LAYANAN KESEHATAN,Pemerintah Kota Lhokseumawe | DINAS KESEHATAN | PUSKESMAS MON GEUDONG,1,1,2511500,4189900,49,0,0,0
a9323fd6-6b4d-4eb9-93fa-47bbbb215411,Pemerintah Kota Lhokseumawe,CPNS,UMUM,OPERATOR LAYANAN KESEHATAN,Pemerintah Kota Lhokseumawe | DINAS KESEHATAN | PUSKESMAS BLANG MANGAT,3,1,2511500,4189900,1100,0,0,0
c02db09a-9dc3-4493-b1ec-1b881e4e9c3f,Pemerintah Kota Lhokseumawe,CPNS,UMUM,OPERATOR LAYANAN KESEHATAN,Pemerintah Kota Lhokseumawe | DINAS KESEHATAN | BIDANG PENCEGAHAN DAN PENGENDALIAN PENYAKIT,1,1,2511500,4189900,52,0,0,0
d705fbaf-7e92-439b-a0cc-2db7f1bf8a28,Pemerintah Kota Lhokseumawe,CPNS,UMUM,OPERATOR LAYANAN KESEHATAN,Pemerintah Kota Lhokseumawe | DINAS KESEHATAN | PUSKESMAS MUARA SATU,1,1,2511500,4189900,87,0,0,0
f3968fb2-537e-40ff-8f35-b25a2eeed4b8,Pemerintah Kota Lhokseumawe,CPNS,UMUM,OPERATOR LAYANAN KESEHATAN,"Pemerintah Kota Lhokseumawe | DINAS KESEHATAN | SEKRETARIAT DINAS KESEHATAN | SUB BAGIAN KEUANGAN, KEPEGAWAIAN DAN UMUM",1,1,2511500,4189900,174,0,0,0
f3c4f59b-a70f-447b-bb8b-dcc69c697daa,Pemerintah Kota Lhokseumawe,CPNS,UMUM,OPERATOR LAYANAN KESEHATAN,Pemerintah Kota Lhokseumawe | DINAS KESEHATAN | PUSKESMAS BLANG CUT,1,1,2511500,4189900,46,0,0,0
5a32f308-74fc-45d8-897f-40a372686139,Pemerintah Kota Lhokseumawe,CPNS,UMUM,PEMELIHARA TUMBUHAN,Pemerintah Kota Lhokseumawe | DINAS LINGKUNGAN HIDUP | BIDANG PERTAMANAN DAN PENGHIJAUAN,2,0,2511500,4189900,517,0,0,0
51c912b9-b404-4a09-85f1-e208688908ac,Pemerintah Kota Padang,CPNS,UMUM,ASISTEN PELATIH OLAHRAGA PEMULA,Pemerintah Kota Padang | DINAS PEMUDA DAN OLAH RAGA | BIDANG OLAHRAGA,2,0,2400000,4100000,79,0,0,0
5022fd4d-8477-45e0-b6f6-e00b95385e93,Pemerintah Kota Padang,CPNS,UMUM,POLISI KHUSUS CAGAR BUDAYA,Pemerintah Kota Padang | DINAS PENDIDIKAN DAN KEBUDAYAAN | BIDANG KEBUDAYAAN,2,0,2400000,4100000,99,0,0,0
a099ce65-7fdf-4d3c-9f76-8e5a27270977,Pemerintah Kota Padangsidimpuan,CPNS,UMUM,PEMADAM KEBAKARAN PEMULA,"PEMERINTAH KOTA PADANG SIDEMPUAN | DINAS PEMADAM KEBAKARAN DAN PENYELAMATAN | BIDANG PEMADAMAN, PENYELAMATAN DAN SARANA PRASARANA",7,1,2000000,3000000,1356,0,0,0
e18299e8-0034-4c08-b712-1518d4d27efa,Pemerintah Kota Padangsidimpuan,CPNS,UMUM,POLISI PAMONG PRAJA PEMULA,PEMERINTAH KOTA PADANG SIDEMPUAN | SATUAN POLISI PAMONG PRAJA DAERAH | BIDANG PENEGAKAN PERUNDANG-UNDANGAN DAERAH,7,1,2000000,3000000,1234,0,0,0
2d54ba20-71ef-4111-81ce-7305610c14cd,Pemerintah Kota Pontianak,CPNS,UMUM,POLISI PAMONG PRAJA PEMULA,PEMERINTAH KOTA PONTIANAK | SATUAN POLISI PAMONG PRAJA | BIDANG PENEGAKAN PERUNDANG-UNDANGAN DAERAH | SEKSI PENYELIDIKAN DAN PENYIDIKAN,20,0,2184000,5617430,273,0,0,0
90e5957a-77cd-461b-8185-99ae94196627,Pemerintah Kota Pontianak,CPNS,UMUM,POLISI PAMONG PRAJA PEMULA,PEMERINTAH KOTA PONTIANAK | SATUAN POLISI PAMONG PRAJA | BIDANG PERLINDUNGAN MASYARAKAT,10,0,2184000,5617430,44,0,0,0
ab18f247-94b5-49cd-ad02-6ba7b1536470,Pemerintah Kota Pontianak,CPNS,UMUM,POLISI PAMONG PRAJA PEMULA,PEMERINTAH KOTA PONTIANAK | SATUAN POLISI PAMONG PRAJA | BIDANG OPERASI DAN KETERTIBAN UMUM | SEKSI KETERTIBAN UMUM DAN KETENTRAMAN MASYARAKAT,20,0,2184000,5617430,273,0,0,0
f7d27758-b18a-47c0-aa7d-71c4f8360852,Pemerintah Kota Pontianak,CPNS,UMUM,POLISI PAMONG PRAJA PEMULA,PEMERINTAH KOTA PONTIANAK | SATUAN POLISI PAMONG PRAJA | BIDANG OPERASI DAN KETERTIBAN UMUM | SEKSI OPERASI DAN PENGENDALIAN,20,0,2184000,5617430,200,0,0,0
239d4c25-f9dd-4a59-bfe2-e7abc26f89fa,Pemerintah Kota Serang,CPNS,UMUM,PEMELIHARA TUMBUHAN,Pemerintah Kota Serang | DINAS LINGKUNGAN HIDUP | BIDANG PENGENDALIAN PENCEMARAN DAN KERUSAKAN LINGKUNGAN HIDUP,20,0,2004600,2527560,1538,0,0,0
7e5ab674-6fef-464f-af08-0c84d432b4ae,Pemerintah Kota Serang,CPNS,UMUM,POLISI PAMONG PRAJA PEMULA,Pemerintah Kota Serang | SATUAN POLISI PAMONG PRAJA,15,0,2004600,2527560,281,0,0,0
52181454-7a2a-48de-907e-63dc591b02a1,Pemerintah Kota Serang,CPNS,UMUM,TEKNISI MESIN ALAT BERAT,Pemerintah Kota Serang | DINAS LINGKUNGAN HIDUP | UPTD PERLENGKAPAN DAN PERBEKALAN,2,0,2004600,2527560,35,0,0,0
1ab9a3e5-0880-4a7c-9b48-59f1649673f9,Pemerintah Kota Sorong,CPNS,ORANG ASLI PAPUA (OAP),PEMADAM KEBAKARAN PEMULA,PEMERINTAH KOTA SORONG | DINAS PEMADAM KEBAKARAN DAN PENYELAMATAN | BIDANG  PEMADAMAN DAN PENYELAMATAN | SEKSI PENGENDALIAN DAN OPERASI PEMADAMAN,2,1,2184000,3643400,45,0,0,0
8a0384b491502874019153dd22361821,Pemerintah Kota Sorong,CPNS,ORANG ASLI PAPUA (OAP),PENATA LAKSANA BANGUNAN GEDUNG DAN KAWASAN PERMUKIMAN PEMULA,PEMERINTAH KOTA SORONG | DINAS PERUMAHAN DAN KAWASAN PERMUKIMAN | BIDANG PERUMAHAN | SEKSI PENYEDIAAN PERUMAHAN SWADAYA MASYARAKAT DAN RUMAH KOMERSIAL,8,1,2184000,3643400,36,0,0,0
9ebcda81-408a-4717-95a6-276f3f81643d,Pemerintah Kota Sorong,CPNS,UMUM (NON OAP),PENATA LAKSANA BANGUNAN GEDUNG DAN KAWASAN PERMUKIMAN PEMULA,PEMERINTAH KOTA SORONG | DINAS PERUMAHAN DAN KAWASAN PERMUKIMAN | BIDANG PERUMAHAN | SEKSI PENYEDIAAN PERUMAHAN SWADAYA MASYARAKAT DAN RUMAH KOMERSIAL,2,1,2184000,3643400,57,0,0,0
8a0384b491502874019153ded5d318df,Pemerintah Kota Sorong,CPNS,ORANG ASLI PAPUA (OAP),PENATA LAKSANA JALAN DAN JEMBATAN PEMULA,PEMERINTAH KOTA SORONG | DINAS BINA MARGA DAN SUMBER DAYA AIR | BIDANG BINA MARGA | SEKSI JALAN,9,1,2184000,3643400,31,0,0,0
5e578bb6-7ca1-4540-ae6d-5dd8677d4eae,Pemerintah Kota Sorong,CPNS,UMUM (NON OAP),PENATA LAKSANA JALAN DAN JEMBATAN PEMULA,PEMERINTAH KOTA SORONG | DINAS BINA MARGA DAN SUMBER DAYA AIR | BIDANG BINA MARGA | SEKSI JALAN,3,1,2184000,3643400,81,0,0,0
8a0384b491502874019153e2a0981a36,Pemerintah Kota Sorong,CPNS,ORANG ASLI PAPUA (OAP),PENATA LAKSANA PENYEHATAN LINGKUNGAN PEMULA,PEMERINTAH KOTA SORONG | DINAS PERLINDUNGAN DAN PENGELOLAAN LINGKUNGAN HIDUP | BIDANG PENATAAN DAN PENINGKATAN KAPASITAS LINGKUNGAN HIDUP | Seksi Peningkatan Kapasitas Lingkungan Hidup,8,1,2184000,3643400,84,0,0,0
53b34c14-526b-41ce-9fa9-9d2570279c16,Pemerintah Kota Sorong,CPNS,UMUM (NON OAP),PENATA LAKSANA PENYEHATAN LINGKUNGAN PEMULA,PEMERINTAH KOTA SORONG | DINAS PERLINDUNGAN DAN PENGELOLAAN LINGKUNGAN HIDUP | BIDANG PENATAAN DAN PENINGKATAN KAPASITAS LINGKUNGAN HIDUP | Seksi Peningkatan Kapasitas Lingkungan Hidup,2,1,2184000,3643400,131,0,0,0
8a01869291548667019154c40ba83e05,Pemerintah Kota Sorong,CPNS,ORANG ASLI PAPUA (OAP),POLISI PAMONG PRAJA PEMULA,PEMERINTAH KOTA SORONG | SATUAN POLISI PAMONG PRAJA | BIDANG KETERTIBAN UMUM DAN KETENTRAMAN MASYARAKAT | SEKSI OPERASI,10,0,2184000,3643400,157,0,0,0
87b4151a-e69a-427d-8927-cb915f364fff,Pemerintah Kota Sorong,CPNS,UMUM (NON OAP),POLISI PAMONG PRAJA PEMULA,PEMERINTAH KOTA SORONG | SATUAN POLISI PAMONG PRAJA | BIDANG KETERTIBAN UMUM DAN KETENTRAMAN MASYARAKAT | SEKSI OPERASI,1,0,2184000,3643400,136,0,0,0
057f02fc-3951-4a4e-ba97-d3b40dd3171e,Pemerintah Kota Subulussalam,CPNS,UMUM,PEMADAM KEBAKARAN PEMULA,PEMERINTAH KOTA SUBULUSSALAM | BADAN PENANGGULANGAN BENCANA DAERAH | BIDANG PENCEGAHAN | SEKSI PEMADAM KEBAKARAN,15,0,2184000,2620800,433,0,0,0
81e3c4ac-7ea5-4d04-a118-4c2cfba32899,Pemerintah Kota Sungai Penuh,CPNS,UMUM,PETUGAS OPERASI DAN PEMELIHARAAN,PEMERINTAH KOTA SUNGAI PENUH | DINAS PEKERJAAN UMUM DAN PENATAAN RUANG | BIDANG SUMBER DAYA AIR,9,0,2000000,4000000,954,0,0,0
d4a0191a-4c9d-4a99-9155-8b8b0f853764,Pemerintah Kota Tual,CPNS,UMUM,ASISTEN PELATIH OLAHRAGA PEMULA,WALIKOTA TUAL | SEKRETARIAT DAERAH KOTA TUAL | DINAS KEPEMUDAAN DAN OLAHRAGA | BIDANG PENGEMBANGAN OLAHRAGA,4,0,2000000,5000000,112,0,0,0
36e6f407-d3c5-4672-9c0f-b0963f8aff96,Pemerintah Kota Tual,CPNS,UMUM,PEMADAM KEBAKARAN PEMULA,WALIKOTA TUAL | SEKRETARIAT DAERAH KOTA TUAL | DINAS PEMADAM KEBAKARAN | DINAS PEMADAM KEBAKARAN,10,0,2000000,5000000,605,0,0,0
e9ade624-57e5-4ca7-8d29-4d62f2bb47b3,Pemerintah Kota Tual,CPNS,UMUM,PENGAMAT TERA PEMULA,WALIKOTA TUAL | SEKRETARIAT DAERAH KOTA TUAL | DINAS PERDAGANGAN DAN PERINDUSTRIAN | UPTD METROLOGI LEGAL,3,1,2000000,5000000,187,0,0,0
0bde59c5-5b7a-4cee-abb5-b66410597e63,Pemerintah Provinsi Daerah Khusus Ibukota Jakarta,CPNS,UMUM,PEMADAM KEBAKARAN PEMULA,PEMERINTAH PROVINSI DKI JAKARTA | DINAS PENANGGULANGAN KEBAKARAN DAN PENYELAMATAN | SUKU DINAS PENANGGULANGAN KEBAKARAN DAN PENYELAMATAN KOTA ADM. JAKARTA SELATAN | SEKTOR PENANGGULANGAN KEBAKARAN DAN PENYELAMATAN KEC. KEBAYORAN LAMA,1,0,6607200,15144000,16,0,0,0
0ea5388f-88a4-40e3-8621-1d3ccbd3aecb,Pemerintah Provinsi Daerah Khusus Ibukota Jakarta,CPNS,UMUM,PEMADAM KEBAKARAN PEMULA,PEMERINTAH PROVINSI DKI JAKARTA | DINAS PENANGGULANGAN KEBAKARAN DAN PENYELAMATAN | SUKU DINAS PENANGGULANGAN KEBAKARAN DAN PENYELAMATAN KOTA ADM. JAKARTA TIMUR | SEKTOR PENANGGULANGAN KEBAKARAN DAN PENYELAMATAN KEC. DUREN SAWIT,6,0,6607200,15144000,136,0,0,0
137bc97f-9d7d-43c0-84f3-97796aaaa299,Pemerintah Provinsi Daerah Khusus Ibukota Jakarta,CPNS,UMUM,PEMADAM KEBAKARAN PEMULA,PEMERINTAH PROVINSI DKI JAKARTA | DINAS PENANGGULANGAN KEBAKARAN DAN PENYELAMATAN | SUKU DINAS PENANGGULANGAN KEBAKARAN DAN PENYELAMATAN KOTA ADM. JAKARTA BARAT | SEKTOR PENANGGULANGAN KEBAKARAN DAN PENYELAMATAN KEC. PALMERAH,7,0,6607200,15144000,57,0,0,0
18f018cd-76b0-4386-8b44-5aaab6a8e768,Pemerintah Provinsi Daerah Khusus Ibukota Jakarta,CPNS,UMUM,PEMADAM KEBAKARAN PEMULA,PEMERINTAH PROVINSI DKI JAKARTA | DINAS PENANGGULANGAN KEBAKARAN DAN PENYELAMATAN | SUKU DINAS PENANGGULANGAN KEBAKARAN DAN PENYELAMATAN KOTA ADM. JAKARTA UTARA | SEKTOR PENANGGULANGAN KEBAKARAN DAN PENYELAMATAN KEC. PENJARINGAN,5,0,6607200,15144000,21,0,0,0
20625146-fd10-4441-8067-da1cad8c8e05,Pemerintah Provinsi Daerah Khusus Ibukota Jakarta,CPNS,UMUM,PEMADAM KEBAKARAN PEMULA,PEMERINTAH PROVINSI DKI JAKARTA | DINAS PENANGGULANGAN KEBAKARAN DAN PENYELAMATAN | SUKU DINAS PENANGGULANGAN KEBAKARAN DAN PENYELAMATAN KOTA ADM. JAKARTA TIMUR | SEKTOR PENANGGULANGAN KEBAKARAN DAN PENYELAMATAN KEC. CIPAYUNG,8,0,6607200,15144000,348,0,0,0
249898ed-223a-4b37-a12c-3c699646d7b6,Pemerintah Provinsi Daerah Khusus Ibukota Jakarta,CPNS,UMUM,PEMADAM KEBAKARAN PEMULA,PEMERINTAH PROVINSI DKI JAKARTA | DINAS PENANGGULANGAN KEBAKARAN DAN PENYELAMATAN | SUKU DINAS PENANGGULANGAN KEBAKARAN DAN PENYELAMATAN KOTA ADM. JAKARTA PUSAT | SEKTOR PENANGGULANGAN KEBAKARAN DAN PENYELAMATAN KEC. SENEN,5,0,6607200,15144000,83,0,0,0
27e2b041-44ae-4a7f-aa51-8860a0696de3,Pemerintah Provinsi Daerah Khusus Ibukota Jakarta,CPNS,UMUM,PEMADAM KEBAKARAN PEMULA,PEMERINTAH PROVINSI DKI JAKARTA | DINAS PENANGGULANGAN KEBAKARAN DAN PENYELAMATAN | SUKU DINAS PENANGGULANGAN KEBAKARAN DAN PENYELAMATAN KOTA ADM. JAKARTA UTARA | SEKTOR PENANGGULANGAN KEBAKARAN DAN PENYELAMATAN KEC. KEP. SERIBU SELATAN,8,0,6607200,15144000,184,0,0,0
2af6839a-82a8-417d-a483-debb54a05fb0,Pemerintah Provinsi Daerah Khusus Ibukota Jakarta,CPNS,UMUM,PEMADAM KEBAKARAN PEMULA,PEMERINTAH PROVINSI DKI JAKARTA | DINAS PENANGGULANGAN KEBAKARAN DAN PENYELAMATAN | SUKU DINAS PENANGGULANGAN KEBAKARAN DAN PENYELAMATAN KOTA ADM. JAKARTA UTARA | SEKTOR PENANGGULANGAN KEBAKARAN DAN PENYELAMATAN KEC. CILINCING,6,0,6607200,15144000,59,0,0,0
2b28e872-3612-4af5-9b3a-464b74fd5680,Pemerintah Provinsi Daerah Khusus Ibukota Jakarta,CPNS,UMUM,PEMADAM KEBAKARAN PEMULA,PEMERINTAH PROVINSI DKI JAKARTA | DINAS PENANGGULANGAN KEBAKARAN DAN PENYELAMATAN | SUKU DINAS PENANGGULANGAN KEBAKARAN DAN PENYELAMATAN KOTA ADM. JAKARTA SELATAN | SEKTOR PENANGGULANGAN KEBAKARAN DAN PENYELAMATAN KEC. PESANGGRAHAN,8,0,6607200,15144000,196,0,0,0
2d2b22db-e2e6-4d10-b9ea-32d4989ee976,Pemerintah Provinsi Daerah Khusus Ibukota Jakarta,CPNS,UMUM,PEMADAM KEBAKARAN PEMULA,PEMERINTAH PROVINSI DKI JAKARTA | DINAS PENANGGULANGAN KEBAKARAN DAN PENYELAMATAN | SUKU DINAS PENANGGULANGAN KEBAKARAN DAN PENYELAMATAN KOTA ADM. JAKARTA PUSAT | SEKTOR PENANGGULANGAN KEBAKARAN DAN PENYELAMATAN KEC. TANAH ABANG,5,0,6607200,15144000,41,0,0,0
33a35f7f-4e07-437a-af03-1324aa9ff608,Pemerintah Provinsi Daerah Khusus Ibukota Jakarta,CPNS,UMUM,PEMADAM KEBAKARAN PEMULA,PEMERINTAH PROVINSI DKI JAKARTA | DINAS PENANGGULANGAN KEBAKARAN DAN PENYELAMATAN | SUKU DINAS PENANGGULANGAN KEBAKARAN DAN PENYELAMATAN KOTA ADM. JAKARTA TIMUR | SEKTOR PENANGGULANGAN KEBAKARAN DAN PENYELAMATAN KEC. JATINEGARA,8,0,6607200,15144000,266,0,0,0
37b1065b-a746-4060-90ce-28f7745d0ded,Pemerintah Provinsi Daerah Khusus Ibukota Jakarta,CPNS,UMUM,PEMADAM KEBAKARAN PEMULA,PEMERINTAH PROVINSI DKI JAKARTA | DINAS PENANGGULANGAN KEBAKARAN DAN PENYELAMATAN | SUKU DINAS PENANGGULANGAN KEBAKARAN DAN PENYELAMATAN KOTA ADM. JAKARTA SELATAN | SEKTOR PENANGGULANGAN KEBAKARAN DAN PENYELAMATAN KEC. SETIA BUDI,8,0,6607200,15144000,208,0,0,0
46b0adfd-6873-4f37-a53f-7bbd21a4ff1d,Pemerintah Provinsi Daerah Khusus Ibukota Jakarta,CPNS,UMUM,PEMADAM KEBAKARAN PEMULA,PEMERINTAH PROVINSI DKI JAKARTA | DINAS PENANGGULANGAN KEBAKARAN DAN PENYELAMATAN | SUKU DINAS PENANGGULANGAN KEBAKARAN DAN PENYELAMATAN KOTA ADM. JAKARTA SELATAN | SEKTOR PENANGGULANGAN KEBAKARAN DAN PENYELAMATAN KEC. KEBAYORAN BARU,6,0,6607200,15144000,57,0,0,0
4f7326dd-79bf-4a20-929f-e91d7bf93926,Pemerintah Provinsi Daerah Khusus Ibukota Jakarta,CPNS,UMUM,PEMADAM KEBAKARAN PEMULA,PEMERINTAH PROVINSI DKI JAKARTA | DINAS PENANGGULANGAN KEBAKARAN DAN PENYELAMATAN | SUKU DINAS PENANGGULANGAN KEBAKARAN DAN PENYELAMATAN KOTA ADM. JAKARTA BARAT | SEKTOR PENANGGULANGAN KEBAKARAN DAN PENYELAMATAN KEC. KALIDERES,8,0,6607200,15144000,164,0,0,0
52711af0-ac18-4763-a0ff-2e87986d4c5a,Pemerintah Provinsi Daerah Khusus Ibukota Jakarta,CPNS,UMUM,PEMADAM KEBAKARAN PEMULA,PEMERINTAH PROVINSI DKI JAKARTA | DINAS PENANGGULANGAN KEBAKARAN DAN PENYELAMATAN | SUKU DINAS PENANGGULANGAN KEBAKARAN DAN PENYELAMATAN KOTA ADM. JAKARTA TIMUR | SEKTOR PENANGGULANGAN KEBAKARAN DAN PENYELAMATAN KEC. PASAR REBO,1,0,6607200,15144000,22,0,0,0
55cbfcd5-99bd-4164-a0b5-e18ad5e5ab8f,Pemerintah Provinsi Daerah Khusus Ibukota Jakarta,CPNS,UMUM,PEMADAM KEBAKARAN PEMULA,PEMERINTAH PROVINSI DKI JAKARTA | DINAS PENANGGULANGAN KEBAKARAN DAN PENYELAMATAN | SUKU DINAS PENANGGULANGAN KEBAKARAN DAN PENYELAMATAN KOTA ADM. JAKARTA PUSAT | SEKTOR PENANGGULANGAN KEBAKARAN DAN PENYELAMATAN KEC. SAWAH BESAR,1,0,6607200,15144000,12,0,0,0
5a345daf-f5a2-4548-8b56-dc03df2ed864,Pemerintah Provinsi Daerah Khusus Ibukota Jakarta,CPNS,UMUM,PEMADAM KEBAKARAN PEMULA,PEMERINTAH PROVINSI DKI JAKARTA | DINAS PENANGGULANGAN KEBAKARAN DAN PENYELAMATAN | SUKU DINAS PENANGGULANGAN KEBAKARAN DAN PENYELAMATAN KOTA ADM. JAKARTA SELATAN | SEKTOR PENANGGULANGAN KEBAKARAN DAN PENYELAMATAN KEC. JAGAKARSA,5,0,6607200,15144000,159,0,0,0
5aba9c34-d691-43eb-bf7c-6f5cdc5614dc,Pemerintah Provinsi Daerah Khusus Ibukota Jakarta,CPNS,UMUM,PEMADAM KEBAKARAN PEMULA,PEMERINTAH PROVINSI DKI JAKARTA | DINAS PENANGGULANGAN KEBAKARAN DAN PENYELAMATAN | SUKU DINAS PENANGGULANGAN KEBAKARAN DAN PENYELAMATAN KOTA ADM. JAKARTA BARAT | SEKTOR PENANGGULANGAN KEBAKARAN DAN PENYELAMATAN KEC. TAMBORA,8,0,6607200,15144000,56,0,0,0
5bedf99a-531f-4cdc-b5d2-0956557419d6,Pemerintah Provinsi Daerah Khusus Ibukota Jakarta,CPNS,UMUM,PEMADAM KEBAKARAN PEMULA,PEMERINTAH PROVINSI DKI JAKARTA | DINAS PENANGGULANGAN KEBAKARAN DAN PENYELAMATAN | SUKU DINAS PENANGGULANGAN KEBAKARAN DAN PENYELAMATAN KOTA ADM. JAKARTA BARAT | SEKTOR PENANGGULANGAN KEBAKARAN DAN PENYELAMATAN KEC. CENGKARENG,8,0,6607200,15144000,210,0,0,0
611c1a40-31c1-41c9-9777-614eb79ea035,Pemerintah Provinsi Daerah Khusus Ibukota Jakarta,CPNS,UMUM,PEMADAM KEBAKARAN PEMULA,PEMERINTAH PROVINSI DKI JAKARTA | DINAS PENANGGULANGAN KEBAKARAN DAN PENYELAMATAN | SUKU DINAS PENANGGULANGAN KEBAKARAN DAN PENYELAMATAN KOTA ADM. JAKARTA UTARA | SEKTOR PENANGGULANGAN KEBAKARAN DAN PENYELAMATAN KEC. KOJA,8,0,6607200,15144000,122,0,0,0
68b7ecb1-2490-407f-b3a0-8593017aa651,Pemerintah Provinsi Daerah Khusus Ibukota Jakarta,CPNS,UMUM,PEMADAM KEBAKARAN PEMULA,PEMERINTAH PROVINSI DKI JAKARTA | DINAS PENANGGULANGAN KEBAKARAN DAN PENYELAMATAN | SUKU DINAS PENANGGULANGAN KEBAKARAN DAN PENYELAMATAN KOTA ADM. JAKARTA UTARA | SEKTOR PENANGGULANGAN KEBAKARAN DAN PENYELAMATAN KEC. KELAPA GADING,7,0,6607200,15144000,87,0,0,0
758ac3d6-b9f5-4e21-99d0-09f5780bc430,Pemerintah Provinsi Daerah Khusus Ibukota Jakarta,CPNS,UMUM,PEMADAM KEBAKARAN PEMULA,PEMERINTAH PROVINSI DKI JAKARTA | DINAS PENANGGULANGAN KEBAKARAN DAN PENYELAMATAN | SUKU DINAS PENANGGULANGAN KEBAKARAN DAN PENYELAMATAN KOTA ADM. JAKARTA UTARA | SEKTOR PENANGGULANGAN KEBAKARAN DAN PENYELAMATAN KEC. TANJUNG PRIOK,8,0,6607200,15144000,122,0,0,0
785cbbf7-7986-4661-b04b-24c912834014,Pemerintah Provinsi Daerah Khusus Ibukota Jakarta,CPNS,UMUM,PEMADAM KEBAKARAN PEMULA,PEMERINTAH PROVINSI DKI JAKARTA | DINAS PENANGGULANGAN KEBAKARAN DAN PENYELAMATAN | SUKU DINAS PENANGGULANGAN KEBAKARAN DAN PENYELAMATAN KOTA ADM. JAKARTA TIMUR | SEKTOR PENANGGULANGAN KEBAKARAN DAN PENYELAMATAN KEC. CAKUNG,6,0,6607200,15144000,160,0,0,0
832c51e7-470a-496f-937d-d8cec78bbe4a,Pemerintah Provinsi Daerah Khusus Ibukota Jakarta,CPNS,UMUM,PEMADAM KEBAKARAN PEMULA,PEMERINTAH PROVINSI DKI JAKARTA | DINAS PENANGGULANGAN KEBAKARAN DAN PENYELAMATAN | SUKU DINAS PENANGGULANGAN KEBAKARAN DAN PENYELAMATAN KOTA ADM. JAKARTA TIMUR | SEKTOR PENANGGULANGAN KEBAKARAN DAN PENYELAMATAN KEC. KRAMATJATI,8,0,6607200,15144000,236,0,0,0
884d5ec2-97a0-4b90-bc01-8c32f41ecadd,Pemerintah Provinsi Daerah Khusus Ibukota Jakarta,CPNS,UMUM,PEMADAM KEBAKARAN PEMULA,PEMERINTAH PROVINSI DKI JAKARTA | DINAS PENANGGULANGAN KEBAKARAN DAN PENYELAMATAN | SUKU DINAS PENANGGULANGAN KEBAKARAN DAN PENYELAMATAN KOTA ADM. JAKARTA SELATAN | SEKTOR PENANGGULANGAN KEBAKARAN DAN PENYELAMATAN KEC. CILANDAK,3,0,6607200,15144000,32,0,0,0
8cf9e5b6-5706-4c0e-82db-70bea33b4226,Pemerintah Provinsi Daerah Khusus Ibukota Jakarta,CPNS,UMUM,PEMADAM KEBAKARAN PEMULA,PEMERINTAH PROVINSI DKI JAKARTA | DINAS PENANGGULANGAN KEBAKARAN DAN PENYELAMATAN | SUKU DINAS PENANGGULANGAN KEBAKARAN DAN PENYELAMATAN KOTA ADM. JAKARTA BARAT | SEKTOR PENANGGULANGAN KEBAKARAN DAN PENYELAMATAN KEC. KEBON JERUK,8,0,6607200,15144000,157,0,0,0
915f77bf-37e4-447e-a3ee-d260561cc4ef,Pemerintah Provinsi Daerah Khusus Ibukota Jakarta,CPNS,UMUM,PEMADAM KEBAKARAN PEMULA,PEMERINTAH PROVINSI DKI JAKARTA | DINAS PENANGGULANGAN KEBAKARAN DAN PENYELAMATAN | SUKU DINAS PENANGGULANGAN KEBAKARAN DAN PENYELAMATAN KOTA ADM. JAKARTA BARAT | SEKTOR PENANGGULANGAN KEBAKARAN DAN PENYELAMATAN KEC. GROGOL PETAMBURAN,8,0,6607200,15144000,91,0,0,0
996b1c6e-40b4-4f08-881e-b39d5c102548,Pemerintah Provinsi Daerah Khusus Ibukota Jakarta,CPNS,UMUM,PEMADAM KEBAKARAN PEMULA,PEMERINTAH PROVINSI DKI JAKARTA | DINAS PENANGGULANGAN KEBAKARAN DAN PENYELAMATAN | SUKU DINAS PENANGGULANGAN KEBAKARAN DAN PENYELAMATAN KOTA ADM. JAKARTA TIMUR | SEKTOR PENANGGULANGAN KEBAKARAN DAN PENYELAMATAN KEC. MAKASAR,3,0,6607200,15144000,23,0,0,0
b86050b2-c150-471b-bb6b-c4f5587a3ce8,Pemerintah Provinsi Daerah Khusus Ibukota Jakarta,CPNS,UMUM,PEMADAM KEBAKARAN PEMULA,PEMERINTAH PROVINSI DKI JAKARTA | DINAS PENANGGULANGAN KEBAKARAN DAN PENYELAMATAN | SUKU DINAS PENANGGULANGAN KEBAKARAN DAN PENYELAMATAN KOTA ADM. JAKARTA TIMUR | SEKTOR PENANGGULANGAN KEBAKARAN DAN PENYELAMATAN KEC. PULO GADUNG,1,0,6607200,15144000,23,0,0,0
c1c860c9-785e-45c3-9585-f534cbeaa4f6,Pemerintah Provinsi Daerah Khusus Ibukota Jakarta,CPNS,UMUM,PEMADAM KEBAKARAN PEMULA,PEMERINTAH PROVINSI DKI JAKARTA | DINAS PENANGGULANGAN KEBAKARAN DAN PENYELAMATAN | SUKU DINAS PENANGGULANGAN KEBAKARAN DAN PENYELAMATAN KOTA ADM. JAKARTA UTARA | SEKTOR PENANGGULANGAN KEBAKARAN DAN PENYELAMATAN KEC. KEP. SERIBU UTARA,8,0,6607200,15144000,138,0,0,0
c26a656d-21df-4178-b0d4-4aa8c3e981c3,Pemerintah Provinsi Daerah Khusus Ibukota Jakarta,CPNS,UMUM,PEMADAM KEBAKARAN PEMULA,PEMERINTAH PROVINSI DKI JAKARTA | DINAS PENANGGULANGAN KEBAKARAN DAN PENYELAMATAN | SUKU DINAS PENANGGULANGAN KEBAKARAN DAN PENYELAMATAN KOTA ADM. JAKARTA TIMUR | SEKTOR PENANGGULANGAN KEBAKARAN DAN PENYELAMATAN KEC. CIRACAS,7,0,6607200,15144000,206,0,0,0
e1174cfc-a492-4037-a833-ade95ccb9e2d,Pemerintah Provinsi Daerah Khusus Ibukota Jakarta,CPNS,UMUM,PEMADAM KEBAKARAN PEMULA,PEMERINTAH PROVINSI DKI JAKARTA | DINAS PENANGGULANGAN KEBAKARAN DAN PENYELAMATAN | SUKU DINAS PENANGGULANGAN KEBAKARAN DAN PENYELAMATAN KOTA ADM. JAKARTA PUSAT | SEKTOR PENANGGULANGAN KEBAKARAN DAN PENYELAMATAN KEC. JOHAR BARU,1,0,6607200,15144000,14,0,0,0
e3f64d2f-478a-4798-9180-280b2b7711e6,Pemerintah Provinsi Daerah Khusus Ibukota Jakarta,CPNS,UMUM,PEMADAM KEBAKARAN PEMULA,PEMERINTAH PROVINSI DKI JAKARTA | DINAS PENANGGULANGAN KEBAKARAN DAN PENYELAMATAN | SUKU DINAS PENANGGULANGAN KEBAKARAN DAN PENYELAMATAN KOTA ADM. JAKARTA BARAT | SEKTOR PENANGGULANGAN KEBAKARAN DAN PENYELAMATAN KEC. TAMANSARI,6,0,6607200,15144000,24,0,0,0
e5693a62-84d9-4785-8b94-10708583060d,Pemerintah Provinsi Daerah Khusus Ibukota Jakarta,CPNS,UMUM,PEMADAM KEBAKARAN PEMULA,PEMERINTAH PROVINSI DKI JAKARTA | DINAS PENANGGULANGAN KEBAKARAN DAN PENYELAMATAN | SUKU DINAS PENANGGULANGAN KEBAKARAN DAN PENYELAMATAN KOTA ADM. JAKARTA TIMUR | SEKTOR PENANGGULANGAN KEBAKARAN DAN PENYELAMATAN KEC. MATRAMAN,7,0,6607200,15144000,113,0,0,0
e72da5d6-12fb-46ae-9f48-12edc8419bcc,Pemerintah Provinsi Daerah Khusus Ibukota Jakarta,CPNS,UMUM,PEMADAM KEBAKARAN PEMULA,PEMERINTAH PROVINSI DKI JAKARTA | DINAS PENANGGULANGAN KEBAKARAN DAN PENYELAMATAN | SUKU DINAS PENANGGULANGAN KEBAKARAN DAN PENYELAMATAN KOTA ADM. JAKARTA UTARA | SEKTOR PENANGGULANGAN KEBAKARAN DAN PENYELAMATAN KEC. PADEMANGAN,8,0,6607200,15144000,79,0,0,0
f2a5a708-4187-4ea6-8cb4-c62fc7095d14,Pemerintah Provinsi Daerah Khusus Ibukota Jakarta,CPNS,UMUM,PEMADAM KEBAKARAN PEMULA,PEMERINTAH PROVINSI DKI JAKARTA | DINAS PENANGGULANGAN KEBAKARAN DAN PENYELAMATAN | SUKU DINAS PENANGGULANGAN KEBAKARAN DAN PENYELAMATAN KOTA ADM. JAKARTA BARAT | SEKTOR PENANGGULANGAN KEBAKARAN DAN PENYELAMATAN KEC. KEMBANGAN,5,0,6607200,15144000,50,0,0,0
f3effbec-5e17-482f-915a-77b5f73bf1da,Pemerintah Provinsi Daerah Khusus Ibukota Jakarta,CPNS,UMUM,PEMADAM KEBAKARAN PEMULA,PEMERINTAH PROVINSI DKI JAKARTA | DINAS PENANGGULANGAN KEBAKARAN DAN PENYELAMATAN | SUKU DINAS PENANGGULANGAN KEBAKARAN DAN PENYELAMATAN KOTA ADM. JAKARTA SELATAN | SEKTOR PENANGGULANGAN KEBAKARAN DAN PENYELAMATAN KEC. MAMPANG PRAPATAN,1,0,6607200,15144000,12,0,0,0
b1c5e022-0eaa-4da2-bb23-c5bd84c1d4e0,Pemerintah Provinsi Jawa Barat,CPNS,UMUM,OPERATOR LAYANAN KESEHATAN,PEMERINTAH DAERAH PROVINSI JAWA BARAT | DINAS KESEHATAN | UNIT ORGANISASI BERSIFAT KHUSUS RUMAH SAKIT PARU PROVINSI JAWA BARAT | KEPALA BIDANG PELAYANAN MEDIS | KEPALA SEKSI PENUNJANG MEDIS,4,1,3000000,5000000,120,0,0,0
339d1aea-f6f5-4634-a941-f913172b564d,Pemerintah Provinsi Jawa Barat,CPNS,UMUM,POLISI PAMONG PRAJA PEMULA,PEMERINTAH DAERAH PROVINSI JAWA BARAT | SATUAN POLISI PAMONG PRAJA | BIDANG KETENTRAMAN DAN KETERTIBAN UMUM,6,1,3000000,5000000,34,0,0,0
8a02826391606efe019160eefcf23f4c,Pemerintah Provinsi Kalimantan Barat,CPNS,PENYANDANG DISABILITAS,POLISI PAMONG PRAJA PEMULA,PEMERINTAH PROVINSI KALIMANTAN BARAT | SATUAN POLISI PAMONG PRAJA | BIDANG KETERTIBAN UMUM DAN KETENTRAMAN | SEKSI OPERASIONAL DAN PENGENDALIAN,1,1,2511500,5338007,14,0,0,0
03f10dfa-91b2-4b7f-9b4b-8444dd9177b0,Pemerintah Provinsi Kalimantan Barat,CPNS,UMUM,POLISI PAMONG PRAJA PEMULA,PEMERINTAH PROVINSI KALIMANTAN BARAT | SATUAN POLISI PAMONG PRAJA | BIDANG KETERTIBAN UMUM DAN KETENTRAMAN | SEKSI OPERASIONAL DAN PENGENDALIAN,9,1,2511500,5338007,275,0,0,0
52ce7b54-6dc1-41e9-92cb-e87ed60e93b0,Pemerintah Provinsi Kalimantan Barat,CPNS,UMUM,POLISI PAMONG PRAJA PEMULA,PEMERINTAH PROVINSI KALIMANTAN BARAT | SATUAN POLISI PAMONG PRAJA | BIDANG KETERTIBAN UMUM DAN KETENTRAMAN | SEKSI KETERTIBAN UMUM,8,1,2511500,5338007,123,0,0,0
f5bc3593-2ed5-4238-aeeb-0aea71686799,Pemerintah Provinsi Kalimantan Tengah,CPNS,UMUM,POLISI PAMONG PRAJA PEMULA,Pemerintah Provinsi Kalimantan Tengah | SATUAN POLISI PAMONG PRAJA,15,0,2184000,3643400,565,0,0,0
0b1d19ec-cab1-49fb-8ffa-df5b8adfbe5b,Pemerintah Provinsi Kalimantan Timur,CPNS,UMUM,POLISI PAMONG PRAJA PEMULA,PEMERINTAH PROPINSI KALIMANTAN TIMUR | SEKRETARIAT DAERAH | SATUAN POLISI PAMONG PRAJA | BIDANG PERLINDUNGAN MASYARAKAT,10,1,7000000,13000000,114,0,0,0
114126a2-462e-4111-9194-82d8a4505b55,Pemerintah Provinsi Kalimantan Timur,CPNS,UMUM,POLISI PAMONG PRAJA PEMULA,PEMERINTAH PROPINSI KALIMANTAN TIMUR | SEKRETARIAT DAERAH | SATUAN POLISI PAMONG PRAJA | BIDANG KETERTIBAN UMUM DAN KETENTRAMAN MASYARAKAT,30,1,7000000,13000000,942,0,0,0
1f09019b-ca44-4c21-a5a5-9bf2effc7444,Pemerintah Provinsi NTT,CPNS,UMUM,ASISTEN PELATIH OLAHRAGA PEMULA,Pemerintah Provinsi NTT | DINAS KEPEMUDAAN DAN OLAHRAGA PROVINSI NTT | BIDANG PENINGKATAN PRESTASI OLAHRAGA,4,1,2184000,3643400,42,0,0,0
f7f769e6-4480-4b87-990c-4d08d92969fc,Pemerintah Provinsi NTT,CPNS,UMUM,ASISTEN PELATIH OLAHRAGA PEMULA,Pemerintah Provinsi NTT | DINAS KEPEMUDAAN DAN OLAHRAGA PROVINSI NTT | BIDANG PEMBUDAYAAN OLAHRAGA,5,1,2184000,3643400,131,0,0,0
8a0384b4915028740191544e0678671a,Pemerintah Provinsi NTT,CPNS,PENYANDANG DISABILITAS,OPERATOR LAYANAN KESEHATAN,"Pemerintah Provinsi NTT | DINAS KESEHATAN,KEPENDUDUKAN DAN PENCATATAN SIPIL PROVINSI NTT | BIDANG PENCEGAHAN DAN PENGENDALIAN PENYAKIT",3,1,2184000,3643400,40,0,0,0
0acaac12-9a10-4d83-afc3-1b18f047e944,Pemerintah Provinsi NTT,CPNS,UMUM,OPERATOR LAYANAN KESEHATAN,"Pemerintah Provinsi NTT | DINAS KESEHATAN,KEPENDUDUKAN DAN PENCATATAN SIPIL PROVINSI NTT | BIDANG PELAYANAN KESEHATAN | SEKSI PELAYANAN KESEHATAN PRIMER DAN TRADISIONAL",4,1,2184000,3643400,40,0,0,0
307e2eb3-cb7c-4492-bfed-db1e9fb4d912,Pemerintah Provinsi NTT,CPNS,UMUM,OPERATOR LAYANAN KESEHATAN,"Pemerintah Provinsi NTT | DINAS KESEHATAN,KEPENDUDUKAN DAN PENCATATAN SIPIL PROVINSI NTT | BIDANG KESEHATAN MASYARAKAT | SEKSI KESEHATAN LINGKUNGAN, KESEHATAN KERJA DAN OLAH RAGA",3,1,2184000,3643400,46,0,0,0
48ecbf19-e3ca-4fa0-b86f-43cbcb69847c,Pemerintah Provinsi NTT,CPNS,UMUM,OPERATOR LAYANAN KESEHATAN,"Pemerintah Provinsi NTT | DINAS KESEHATAN,KEPENDUDUKAN DAN PENCATATAN SIPIL PROVINSI NTT | BIDANG PENCEGAHAN DAN PENGENDALIAN PENYAKIT | SEKSI PENCEGAHAN DAN PENGENDALIAN PENYAKIT TIDAK MENULAR SERTA KESEHATAN JIWA",6,1,2184000,3643400,121,0,0,0
596f670b-8e48-4a84-97fb-ace924f0fe73,Pemerintah Provinsi NTT,CPNS,UMUM,OPERATOR LAYANAN KESEHATAN,"Pemerintah Provinsi NTT | DINAS KESEHATAN,KEPENDUDUKAN DAN PENCATATAN SIPIL PROVINSI NTT | BIDANG PENCEGAHAN DAN PENGENDALIAN PENYAKIT",10,1,2184000,3643400,562,0,0,0
5e114f14-9bbc-4788-9b61-8d0cc9c3ff9a,Pemerintah Provinsi NTT,CPNS,UMUM,OPERATOR LAYANAN KESEHATAN,"Pemerintah Provinsi NTT | DINAS KESEHATAN,KEPENDUDUKAN DAN PENCATATAN SIPIL PROVINSI NTT | BIDANG PENCEGAHAN DAN PENGENDALIAN PENYAKIT | SEKSI PENCEGAHAN DAN PENGENDALIAN PENYAKIT MENULAR",10,1,2184000,3643400,380,0,0,0
708150d7-3caf-4b03-848c-be4ea8184f68,Pemerintah Provinsi NTT,CPNS,UMUM,OPERATOR LAYANAN KESEHATAN,"Pemerintah Provinsi NTT | DINAS KESEHATAN,KEPENDUDUKAN DAN PENCATATAN SIPIL PROVINSI NTT | BIDANG PELAYANAN KESEHATAN | SEKSI PELAYANAN KESEHATAN RUJUKAN",4,1,2184000,3643400,63,0,0,0
c9933cf7-2b69-4ade-a292-ac4ff8f735e3,Pemerintah Provinsi NTT,CPNS,UMUM,OPERATOR LAYANAN KESEHATAN,"Pemerintah Provinsi NTT | DINAS KESEHATAN,KEPENDUDUKAN DAN PENCATATAN SIPIL PROVINSI NTT | BIDANG KESEHATAN MASYARAKAT",3,1,2184000,3643400,90,0,0,0
caf29606-0f40-4a00-8c96-ea9012511022,Pemerintah Provinsi NTT,CPNS,UMUM,OPERATOR LAYANAN KESEHATAN,"Pemerintah Provinsi NTT | DINAS KESEHATAN,KEPENDUDUKAN DAN PENCATATAN SIPIL PROVINSI NTT | BIDANG KESEHATAN MASYARAKAT | SEKSI KESEHATAN KELUARGA, GIZI DAN KELUARGA BERENCANA",10,1,2184000,3643400,1232,0,0,0
ad9310cd-3ffa-459d-a9a1-7f138bf2e4a1,Pemerintah Provinsi NTT,CPNS,UMUM,PENATA LAKSANA BANGUNAN GEDUNG DAN KAWASAN PERMUKIMAN PEMULA,Pemerintah Provinsi NTT | DINAS PEKERJAAN UMUM DAN PERUMAHAN RAKYAT PROVINSI NTT | BIDANG PERUMAHAN DAN PERMUKIMAN,6,1,2184000,3643400,232,0,0,0
75261133-d392-4f4c-85a8-efb09a947fe6,Pemerintah Provinsi NTT,CPNS,UMUM,PENATA LAKSANA JALAN DAN JEMBATAN PEMULA,Pemerintah Provinsi NTT | DINAS PEKERJAAN UMUM DAN PERUMAHAN RAKYAT PROVINSI NTT | BIDANG BINA MARGA,6,1,2184000,3643400,215,0,0,0
bb0d0ce7-55dd-4051-ab1c-8cd1b7a4e850,Pemerintah Provinsi NTT,CPNS,UMUM,PETUGAS OPERASI DAN PEMELIHARAAN,Pemerintah Provinsi NTT | DINAS PEKERJAAN UMUM DAN PERUMAHAN RAKYAT PROVINSI NTT | BIDANG SUMBER DAYA AIR | SEKSI PELAKSANAAN SUMBER DAYA AIR,1,1,2184000,3643400,292,0,0,0
8a0384ba915598f4019155ea04e637bd,Pemerintah Provinsi Papua Barat Daya,CPNS,ORANG ASLI PAPUA (OAP),OPERATOR LAYANAN KESEHATAN,"PEMERINTAH PROVINSI PAPUA BARAT DAYA | DINAS KESEHATAN, PENGENDALIAN PENDUDUK DAN KELUARGA BERENCANA | BIDANG PELAYANAN SUMBER DAYA KESEHATAN | SEKSI PELAYANAN KESEHATAN",2,0,2498200,3498200,228,0,0,0
516754c6-e3ea-4e1f-9d35-c84c9909ff3a,Pemerintah Provinsi Papua Barat Daya,CPNS,UMUM (NON OAP),OPERATOR LAYANAN KESEHATAN,"PEMERINTAH PROVINSI PAPUA BARAT DAYA | DINAS KESEHATAN, PENGENDALIAN PENDUDUK DAN KELUARGA BERENCANA | BIDANG PELAYANAN SUMBER DAYA KESEHATAN | SEKSI PELAYANAN KESEHATAN",1,0,2498200,3498200,219,0,0,0
8a0384ba915598f4019155fa581e3d6d,Pemerintah Provinsi Papua Barat Daya,CPNS,ORANG ASLI PAPUA (OAP),PEMADAM KEBAKARAN PEMULA,"PEMERINTAH PROVINSI PAPUA BARAT DAYA | DINAS KEBAKARAN DAN PENYELAMATAN, PENANGGULANGAN BENCANA  DAN SATUAN POLISI PAMONG PRAJA | BIDANG PENANGGULANGAN BENCANA | SEKSI PENCEGAHAN DAN KESIAPSIAGAAN",3,0,2498200,3498200,188,0,0,0
8a0384ba915598f40191560c463c4c43,Pemerintah Provinsi Papua Barat Daya,CPNS,ORANG ASLI PAPUA (OAP),PEMADAM KEBAKARAN PEMULA,"PEMERINTAH PROVINSI PAPUA BARAT DAYA | DINAS KEBAKARAN DAN PENYELAMATAN, PENANGGULANGAN BENCANA  DAN SATUAN POLISI PAMONG PRAJA | BIDANG PENANGGULANGAN KEBAKARAN DAN PENYELAMATAN | SEKSI PENANGGULANGAN KEBAKARAN",3,0,2498200,3498200,133,0,0,0
9b5f9155-f9b8-40d9-9544-12730f27c84d,Pemerintah Provinsi Papua Barat Daya,CPNS,UMUM (NON OAP),PEMADAM KEBAKARAN PEMULA,"PEMERINTAH PROVINSI PAPUA BARAT DAYA | DINAS KEBAKARAN DAN PENYELAMATAN, PENANGGULANGAN BENCANA  DAN SATUAN POLISI PAMONG PRAJA | BIDANG PENANGGULANGAN KEBAKARAN DAN PENYELAMATAN | SEKSI PENANGGULANGAN KEBAKARAN",1,0,2498200,3498200,65,0,0,0
a7a87245-15cf-4ab9-b137-ade023210a4c,Pemerintah Provinsi Papua Barat Daya,CPNS,UMUM (NON OAP),PEMADAM KEBAKARAN PEMULA,"PEMERINTAH PROVINSI PAPUA BARAT DAYA | DINAS KEBAKARAN DAN PENYELAMATAN, PENANGGULANGAN BENCANA  DAN SATUAN POLISI PAMONG PRAJA | BIDANG PENANGGULANGAN BENCANA | SEKSI PENCEGAHAN DAN KESIAPSIAGAAN",1,0,2498200,3498200,68,0,0,0
943c6b91-e255-467b-8952-6665c69dc3a4,Pemerintah Provinsi Papua Barat Daya,CPNS,ORANG ASLI PAPUA (OAP),PENATA LAKSANA SUMBER DAYA AIR PEMULA,PEMERINTAH PROVINSI PAPUA BARAT DAYA | DINAS PEKERJAAN UMUM DAN PERUMAHAN RAKYAT | BIDANG SUMBER DAYA AIR | SEKSI OPERASI DAN PEMELIHARAAN,1,0,2708200,3708200,108,0,0,0
671baddb-0f30-4869-af83-2d8c1b5622cd,Pemerintah Provinsi Papua Barat Daya,CPNS,ORANG ASLI PAPUA (OAP),PETUGAS OPERASI DAN PEMELIHARAAN,PEMERINTAH PROVINSI PAPUA BARAT DAYA | DINAS PEKERJAAN UMUM DAN PERUMAHAN RAKYAT | BIDANG PERUMAHAN RAKYAT DAN BINA KONSTRUKSI | SEKSI BINA KONSTRUKSI,1,0,2498200,3498200,664,0,0,0
8a0384ba915598f4019155d7f65d2b8b,Pemerintah Provinsi Papua Barat Daya,CPNS,ORANG ASLI PAPUA (OAP),POLISI PAMONG PRAJA PEMULA,"PEMERINTAH PROVINSI PAPUA BARAT DAYA | DINAS KEBAKARAN DAN PENYELAMATAN, PENANGGULANGAN BENCANA  DAN SATUAN POLISI PAMONG PRAJA",8,0,2498200,3498200,862,0,0,0
cdfedc1d-6795-4e01-8ce1-c8fa17ef9b7d,Pemerintah Provinsi Papua Barat Daya,CPNS,UMUM (NON OAP),POLISI PAMONG PRAJA PEMULA,"PEMERINTAH PROVINSI PAPUA BARAT DAYA | DINAS KEBAKARAN DAN PENYELAMATAN, PENANGGULANGAN BENCANA  DAN SATUAN POLISI PAMONG PRAJA",2,0,2498200,3498200,255,0,0,0
71cb4498-e4da-4071-8c8f-f10ed809e5f2,Pemerintah Provinsi Papua Barat Daya,CPNS,ORANG ASLI PAPUA (OAP),PRANATA PENCARIAN DAN PERTOLONGAN PEMULA,PEMERINTAH PROVINSI PAPUA BARAT DAYA | BADAN KESATUAN BANGSA DAN POLITIK | BIDANG KESATUAN BANGSA | SUB BIDANG KEWASPADAAN DINI DAN PENANGANAN KONFLIK,2,0,2498200,3498200,112,0,0,0
8a02826391606efe0191613badb75dae,Pemerintah Provinsi Papua Pegunungan,CPNS,ORANG ASLI PAPUA (OAP),ASISTEN PELATIH OLAHRAGA PEMULA,"Pemerintah Provinsi Papua Pegunungan | DINAS KEPEMUDAAN, OLAHRAGA, PARIWISATA, DAN EKONOMI KREATIF",29,0,2300000,5600000,89,0,0,0
db61bc30-d582-438f-8286-85476c35e057,Pemerintah Provinsi Papua Pegunungan,CPNS,ORANG ASLI PAPUA (OAP),ASISTEN PELATIH OLAHRAGA PEMULA,"Pemerintah Provinsi Papua Pegunungan | DINAS KEPEMUDAAN, OLAHRAGA, PARIWISATA, DAN EKONOMI KREATIF",1,1,2300000,5600000,53,0,0,0
8a0186ce915e61b701915f18b3093074,Pemerintah Provinsi Papua Pegunungan,CPNS,ORANG ASLI PAPUA (OAP),PEMADAM KEBAKARAN PEMULA,Pemerintah Provinsi Papua Pegunungan | DINAS KEBAKARAN DAN PENYELAMATAN PENANGGULANGAN BENCANA DAN SATUAN POLISI PAMONG PRAJA,39,0,2080000,5600000,827,0,0,0
0df7a6a9-bfe2-4d94-979c-5d31cea10e7f,Pemerintah Provinsi Papua Pegunungan,CPNS,UMUM (NON OAP),PEMADAM KEBAKARAN PEMULA,Pemerintah Provinsi Papua Pegunungan | DINAS KEBAKARAN DAN PENYELAMATAN PENANGGULANGAN BENCANA DAN SATUAN POLISI PAMONG PRAJA,1,0,2080000,5600000,40,0,0,0
8a02826391606efe0191613216445bf9,Pemerintah Provinsi Papua Pegunungan,CPNS,ORANG ASLI PAPUA (OAP),PENATA LAKSANA BANGUNAN GEDUNG DAN KAWASAN PERMUKIMAN PEMULA,Pemerintah Provinsi Papua Pegunungan | DINAS PEKERJAAN UMUM DAN PERUMAHAN RAKYAT,29,0,2080000,5600000,192,0,0,0
e0c40cee-c45b-4521-967e-dd7f69c9490c,Pemerintah Provinsi Papua Pegunungan,CPNS,UMUM (NON OAP),PENATA LAKSANA BANGUNAN GEDUNG DAN KAWASAN PERMUKIMAN PEMULA,Pemerintah Provinsi Papua Pegunungan | DINAS PEKERJAAN UMUM DAN PERUMAHAN RAKYAT,1,0,2080000,5600000,19,0,0,0
8a02826391606efe0191609fbfab181f,Pemerintah Provinsi Papua Pegunungan,CPNS,ORANG ASLI PAPUA (OAP),PENATA LAKSANA JALAN DAN JEMBATAN PEMULA,Pemerintah Provinsi Papua Pegunungan | DINAS PEKERJAAN UMUM DAN PERUMAHAN RAKYAT,29,0,2080000,5600000,182,0,0,0
61723094-f28c-4113-bb88-b1707b544f9f,Pemerintah Provinsi Papua Pegunungan,CPNS,UMUM (NON OAP),PENATA LAKSANA JALAN DAN JEMBATAN PEMULA,Pemerintah Provinsi Papua Pegunungan | DINAS PEKERJAAN UMUM DAN PERUMAHAN RAKYAT,1,0,2080000,5600000,5,0,0,0
8a02826391606efe01916094ea990f1f,Pemerintah Provinsi Papua Pegunungan,CPNS,ORANG ASLI PAPUA (OAP),PENATA LAKSANA PENYEHATAN LINGKUNGAN PEMULA,Pemerintah Provinsi Papua Pegunungan | DINAS PEKERJAAN UMUM DAN PERUMAHAN RAKYAT,29,0,2080000,5600000,167,0,0,0
59ca016b-f9fa-4066-a37c-d19e19504ba6,Pemerintah Provinsi Papua Pegunungan,CPNS,UMUM (NON OAP),PENATA LAKSANA PENYEHATAN LINGKUNGAN PEMULA,Pemerintah Provinsi Papua Pegunungan | DINAS PEKERJAAN UMUM DAN PERUMAHAN RAKYAT,1,0,2080000,5600000,11,0,0,0
8a02826391606efe0191613ed1325e71,Pemerintah Provinsi Papua Pegunungan,CPNS,ORANG ASLI PAPUA (OAP),PENATA LAKSANA SUMBER DAYA AIR PEMULA,Pemerintah Provinsi Papua Pegunungan | DINAS PEKERJAAN UMUM DAN PERUMAHAN RAKYAT,19,0,2080000,5600000,180,0,0,0
d9e7f510-3be0-4e92-b023-f7d4fec92e4c,Pemerintah Provinsi Papua Pegunungan,CPNS,UMUM (NON OAP),PENATA LAKSANA SUMBER DAYA AIR PEMULA,Pemerintah Provinsi Papua Pegunungan | DINAS PEKERJAAN UMUM DAN PERUMAHAN RAKYAT,1,0,2080000,5600000,1,0,0,0
8a0186ce915e61b701915f7df24164ee,Pemerintah Provinsi Papua Pegunungan,CPNS,ORANG ASLI PAPUA (OAP),PENGAMAT TERA PEMULA,"Pemerintah Provinsi Papua Pegunungan | Dinas Koperasi, Usaha Kecil Menengah, Perindustrian Dan Perdagangan",35,0,2080000,5600000,122,0,0,0
22edc3bf-bd4b-4b03-91d9-a0c0084b6168,Pemerintah Provinsi Papua Pegunungan,CPNS,UMUM (NON OAP),PENGAMAT TERA PEMULA,"Pemerintah Provinsi Papua Pegunungan | Dinas Koperasi, Usaha Kecil Menengah, Perindustrian Dan Perdagangan",1,0,2080000,5600000,6,0,0,0
6924f68b-6e40-4e16-b0cb-1bade3d08628,Pemerintah Provinsi Papua Pegunungan,CPNS,ORANG ASLI PAPUA (OAP),PETUGAS OPERASI DAN PEMELIHARAAN,Pemerintah Provinsi Papua Pegunungan | DINAS PEKERJAAN UMUM DAN PERUMAHAN RAKYAT | BIDANG SUMBER DAYA AIR | Seksi Operasi dan Pemeliharaan,10,0,2184000,5165649,111,0,0,0
8a0186ce915e61b701915f3104dd3bf2,Pemerintah Provinsi Papua Pegunungan,CPNS,ORANG ASLI PAPUA (OAP),POLISI PAMONG PRAJA PEMULA,Pemerintah Provinsi Papua Pegunungan | DINAS KEBAKARAN DAN PENYELAMATAN PENANGGULANGAN BENCANA DAN SATUAN POLISI PAMONG PRAJA,45,0,2080000,5600000,839,0,0,0
1c67c619-1549-4556-81e1-936d22ea3353,Pemerintah Provinsi Papua Pegunungan,CPNS,UMUM (NON OAP),POLISI PAMONG PRAJA PEMULA,Pemerintah Provinsi Papua Pegunungan | DINAS KEBAKARAN DAN PENYELAMATAN PENANGGULANGAN BENCANA DAN SATUAN POLISI PAMONG PRAJA,1,0,2080000,5600000,14,0,0,0
8a0186ce915e61b701915ef1a7ec2097,Pemerintah Provinsi Papua Pegunungan,CPNS,ORANG ASLI PAPUA (OAP),PRANATA PENCARIAN DAN PERTOLONGAN PEMULA,Pemerintah Provinsi Papua Pegunungan | DINAS KEBAKARAN DAN PENYELAMATAN PENANGGULANGAN BENCANA DAN SATUAN POLISI PAMONG PRAJA,9,0,2080000,5600000,14,0,0,0
8a0384c8915fa2df01915fa833cc007e,Pemerintah Provinsi Papua Pegunungan,CPNS,ORANG ASLI PAPUA (OAP),PRANATA PENCARIAN DAN PERTOLONGAN PEMULA,"Pemerintah Provinsi Papua Pegunungan | DINAS SOSIAL, PEMBERDAYAAN PEREMPUAN DAN PERLINDUNGAN ANAK",31,0,2080000,5600000,150,0,0,0
01c447e5-3a25-4f80-98ad-1fd426f796cd,Pemerintah Provinsi Papua Pegunungan,CPNS,UMUM (NON OAP),PRANATA PENCARIAN DAN PERTOLONGAN PEMULA,Pemerintah Provinsi Papua Pegunungan | DINAS KEBAKARAN DAN PENYELAMATAN PENANGGULANGAN BENCANA DAN SATUAN POLISI PAMONG PRAJA,1,0,2080000,5600000,3,0,0,0
36c98e46-8e52-49d3-a254-558019287f88,Pemerintah Provinsi Papua Pegunungan,CPNS,UMUM (NON OAP),PRANATA PENCARIAN DAN PERTOLONGAN PEMULA,"Pemerintah Provinsi Papua Pegunungan | DINAS SOSIAL, PEMBERDAYAAN PEREMPUAN DAN PERLINDUNGAN ANAK",1,0,2080000,5600000,13,0,0,0
8a0384c7915b4c4c01915e26d7c01d28,Pemerintah Provinsi Papua Selatan,CPNS,UMUM (NON OAP),ASISTEN PELATIH OLAHRAGA PEMULA,"PEMERINTAH PROVINSI PAPUA SELATAN | SEKRETARIAT DAERAH | DINAS KEPEMUDAAN, OLAHRAGA, PARIWISATA DAN EKONOMI KREATIF | BIDANG KEOLAHRAGAAN | SEKSI PENINGKATAN PRESTASI OLAHRAGA",2,0,2184000,3643400,51,0,0,0
a7922614-d1cf-4e78-a5bb-6f9a679ce65b,Pemerintah Provinsi Papua Selatan,CPNS,ORANG ASLI PAPUA (OAP),ASISTEN PELATIH OLAHRAGA PEMULA,"PEMERINTAH PROVINSI PAPUA SELATAN | SEKRETARIAT DAERAH | DINAS KEPEMUDAAN, OLAHRAGA, PARIWISATA DAN EKONOMI KREATIF | BIDANG KEOLAHRAGAAN | SEKSI PENINGKATAN PRESTASI OLAHRAGA",8,0,2184000,3643400,149,0,0,0
d79e02f8-d6a4-452a-a77a-5a3e0ae1505e,Pemerintah Provinsi Papua Selatan,CPNS,ORANG ASLI PAPUA (OAP),OPERATOR LAYANAN KESEHATAN,"PEMERINTAH PROVINSI PAPUA SELATAN | SEKRETARIAT DAERAH | DINAS KESEHATAN, PENGENDALIAN PENDUDUK DAN KELUARGA BERENCANA | BIDANG PELAYANAN SUMBER DAYA KESEHATAN | SEKSI PELAYANAN KESEHATAN",5,0,2184000,3643400,122,0,0,0
03ac2330-bd29-4db0-bb73-b33b03fd307a,Pemerintah Provinsi Papua Selatan,CPNS,ORANG ASLI PAPUA (OAP),PEMADAM KEBAKARAN PEMULA,"PEMERINTAH PROVINSI PAPUA SELATAN | SEKRETARIAT DAERAH | DINAS KEBAKARAN DAN PENYELAMATAN, PENANGGULANGAN BENCANA DAN SATUAN POLISI PAMONG PRAJA | BIDANG PENANGGULANGAN KEBAKARAN DAN PENYELAMATAN | SEKSI PENCEGAHAN DAN KESIAPSIAGAAN BAHAYA KEBAKARAN",20,0,2184000,3643400,292,0,0,0
9ba60145-d817-4622-9638-405e77e0e8c4,Pemerintah Provinsi Papua Selatan,CPNS,ORANG ASLI PAPUA (OAP),PEMADAM KEBAKARAN PEMULA,"PEMERINTAH PROVINSI PAPUA SELATAN | SEKRETARIAT DAERAH | DINAS KEBAKARAN DAN PENYELAMATAN, PENANGGULANGAN BENCANA DAN SATUAN POLISI PAMONG PRAJA | BIDANG PENANGGULANGAN KEBAKARAN DAN PENYELAMATAN | SEKSI PENANGGULANGAN KEBAKARAN",20,0,2184000,3643400,409,0,0,0
ff9674d2-7fdd-4f61-a96b-9ef3b9a83f79,Pemerintah Provinsi Papua Selatan,CPNS,ORANG ASLI PAPUA (OAP),PEMADAM KEBAKARAN PEMULA,"PEMERINTAH PROVINSI PAPUA SELATAN | SEKRETARIAT DAERAH | DINAS KEBAKARAN DAN PENYELAMATAN, PENANGGULANGAN BENCANA DAN SATUAN POLISI PAMONG PRAJA | BIDANG PENANGGULANGAN KEBAKARAN DAN PENYELAMATAN | SEKSI DATA INFORMASI DAN PENGAWASAN SISTEM PROTEKSI KEBAKARAN",20,0,2184000,3643400,185,0,0,0
8a0384c7915b4c4c01915e17cb9b1964,Pemerintah Provinsi Papua Selatan,CPNS,UMUM (NON OAP),PENATA LAKSANA JALAN DAN JEMBATAN PEMULA,PEMERINTAH PROVINSI PAPUA SELATAN | SEKRETARIAT DAERAH | DINAS PEKERJAAN UMUM DAN PERUMAHAN RAKYAT | BIDANG BINA MARGA | SEKSI PEMBANGUNAN JALAN DAN JEMBATAN,3,0,2184000,3643400,170,0,0,0
f0570e84-3886-4146-b485-ce4aabbf29c0,Pemerintah Provinsi Papua Selatan,CPNS,ORANG ASLI PAPUA (OAP),PENATA LAKSANA JALAN DAN JEMBATAN PEMULA,PEMERINTAH PROVINSI PAPUA SELATAN | SEKRETARIAT DAERAH | DINAS PEKERJAAN UMUM DAN PERUMAHAN RAKYAT | BIDANG BINA MARGA | SEKSI PEMBANGUNAN JALAN DAN JEMBATAN,15,0,2184000,3643400,335,0,0,0
8a0384c7915b4c4c01915e0da4821730,Pemerintah Provinsi Papua Selatan,CPNS,UMUM (NON OAP),PENATA LAKSANA SUMBER DAYA AIR PEMULA,PEMERINTAH PROVINSI PAPUA SELATAN | SEKRETARIAT DAERAH | DINAS PEKERJAAN UMUM DAN PERUMAHAN RAKYAT | BIDANG SUMBER DAYA AIR | SEKSI PELAKSANAAN SDA,5,0,2184000,3643400,490,0,0,0
8a0384c7915b4c4c01915e15436d18d3,Pemerintah Provinsi Papua Selatan,CPNS,UMUM (NON OAP),PENATA LAKSANA SUMBER DAYA AIR PEMULA,PEMERINTAH PROVINSI PAPUA SELATAN | SEKRETARIAT DAERAH | DINAS PEKERJAAN UMUM DAN PERUMAHAN RAKYAT | BIDANG CIPTA KARYA DAN TATA RUANG | SEKSI PENYEHATAN LINGKUNGAN PERMUKIMAN DAN AIR MINUM,3,0,2184000,3643400,163,0,0,0
a3a0078e-c3e4-4282-90ae-3bb42d7bc654,Pemerintah Provinsi Papua Selatan,CPNS,ORANG ASLI PAPUA (OAP),PENATA LAKSANA SUMBER DAYA AIR PEMULA,PEMERINTAH PROVINSI PAPUA SELATAN | SEKRETARIAT DAERAH | DINAS PEKERJAAN UMUM DAN PERUMAHAN RAKYAT | BIDANG SUMBER DAYA AIR | SEKSI PELAKSANAAN SDA,10,0,2184000,3643400,272,0,0,0
f5b53c6b-21fd-42e4-94e4-c0e5fbac8365,Pemerintah Provinsi Papua Selatan,CPNS,ORANG ASLI PAPUA (OAP),PENATA LAKSANA SUMBER DAYA AIR PEMULA,PEMERINTAH PROVINSI PAPUA SELATAN | SEKRETARIAT DAERAH | DINAS PEKERJAAN UMUM DAN PERUMAHAN RAKYAT | BIDANG CIPTA KARYA DAN TATA RUANG | SEKSI PENYEHATAN LINGKUNGAN PERMUKIMAN DAN AIR MINUM,12,0,2184000,3643400,366,0,0,0
21933315-e8ae-4145-8170-4927e6b5ea0d,Pemerintah Provinsi Papua Selatan,CPNS,ORANG ASLI PAPUA (OAP),PETUGAS PENGAMAN HUTAN DAN HASIL HUTAN,"PEMERINTAH PROVINSI PAPUA SELATAN | SEKRETARIAT DAERAH | DINAS LINGKUNGAN HIDUP, KEHUTANAN DAN PERTANAHAN | BIDANG PERENCANAAN DAN PENGELOLAAN HUTAN | SEKSI PEMANFAATAN SUMBER DAYA HUTAN",38,0,2184000,3643400,959,0,0,0
93e6e9ea-8a6b-4879-8b8c-afd561d0d86f,Pemerintah Provinsi Papua Selatan,CPNS,UMUM (NON OAP),PRANATA PENCARIAN DAN PERTOLONGAN PEMULA,"PEMERINTAH PROVINSI PAPUA SELATAN | SEKRETARIAT DAERAH | DINAS KEBAKARAN DAN PENYELAMATAN, PENANGGULANGAN BENCANA DAN SATUAN POLISI PAMONG PRAJA | BIDANG PENANGGULANGAN KEBAKARAN DAN PENYELAMATAN | SEKSI PENCEGAHAN DAN KESIAPSIAGAAN BAHAYA KEBAKARAN",20,0,2184000,3643400,410,0,0,0
baed3fb1-a9a1-43ec-bfd8-2b09c9f4b6bf,Pemerintah Provinsi Papua Tengah,CPNS,ORANG ASLI PAPUA (OAP),OPERATOR LAYANAN KESEHATAN,"Pemerintah Provinsi Papua Tengah | DINAS KESEHATAN, PENGENDALIAN PENDUDUK DAN KELUARGA BERENCANA | Bidang Pelayanan Sumber Daya Kesehatan | Seksi Pelayanan Kesehatan",15,0,3000000,6000000,369,0,0,0
56ce370d-85fb-4607-be51-58af4892b67e,Pemerintah Provinsi Papua Tengah,CPNS,ORANG ASLI PAPUA (OAP),PEMADAM KEBAKARAN PEMULA,"Pemerintah Provinsi Papua Tengah | DINAS KEBAKARAN DAN PENYELAMATAN, PENANGGULANGAN BENCANA DAN SATUAN POLISI PAMONG PRAJA",20,0,3000000,6000000,735,0,0,0
8389556f-872e-4d6f-9d2f-478c7e56a6ee,Pemerintah Provinsi Papua Tengah,CPNS,ORANG ASLI PAPUA (OAP),PENATA LAKSANA BANGUNAN GEDUNG DAN KAWASAN PERMUKIMAN PEMULA,Pemerintah Provinsi Papua Tengah | DINAS PEKERJAAN UMUM DAN PERUMAHAN RAKYAT,22,0,3000000,6000000,951,0,0,0
84c8be76-f7f9-4cef-ac54-d8da0072c503,Pemerintah Provinsi Papua Tengah,CPNS,ORANG ASLI PAPUA (OAP),PENATA LAKSANA JALAN DAN JEMBATAN PEMULA,Pemerintah Provinsi Papua Tengah | DINAS PEKERJAAN UMUM DAN PERUMAHAN RAKYAT,25,0,3000000,6000000,711,0,0,0
b8c040c8-1981-4a81-ba19-c57f14f1e8b2,Pemerintah Provinsi Papua Tengah,CPNS,ORANG ASLI PAPUA (OAP),PENATA LAKSANA SUMBER DAYA AIR PEMULA,Pemerintah Provinsi Papua Tengah | DINAS PEKERJAAN UMUM DAN PERUMAHAN RAKYAT,15,0,3000000,6000000,1197,0,0,0
0db86a64-340c-4cd0-b62f-fb33595e140a,Pemerintah Provinsi Papua Tengah,CPNS,ORANG ASLI PAPUA (OAP),POLISI PAMONG PRAJA PEMULA,"Pemerintah Provinsi Papua Tengah | DINAS KEBAKARAN DAN PENYELAMATAN, PENANGGULANGAN BENCANA DAN SATUAN POLISI PAMONG PRAJA",74,0,3000000,6000000,553,0,0,0
583536ce-6a3f-4cd1-9b17-b6f4d45cc8e7,Pemerintah Provinsi Sulawesi Tengah,CPNS,UMUM,PETUGAS OPERASI DAN PEMELIHARAAN,PEMERINTAH PROVINSI SULAWESI TENGAH | SEKRETARIAT DAERAH | DINAS CIPTA KARYA DAN SUMBER DAYA AIR PROVINSI | UPT PENGELOLAAN SUMBER DAYA AIR WILAYAH II | SEKSI OPERASI DAN PEMELIHARAAN,15,1,2511500,4189900,1172,0,0,0
d9295af4-ea27-403f-bfd7-c595dc53413d,Pemerintah Provinsi Sulawesi Tengah,CPNS,UMUM,PETUGAS OPERASI DAN PEMELIHARAAN,PEMERINTAH PROVINSI SULAWESI TENGAH | SEKRETARIAT DAERAH | DINAS CIPTA KARYA DAN SUMBER DAYA AIR PROVINSI | UPT PENGELOLAAN SUMBER DAYA AIR WILAYAH I | SEKSI OPERASI DAN PEMELIHARAAN,15,1,2511500,4189900,2592,0,0,0
514f2940-d794-41a3-92ab-48505abb9764,Pemerintah Provinsi Sulawesi Tenggara,CPNS,UMUM,OPERATOR LAYANAN KESEHATAN,Pemerintah Sulawesi Tenggara | Sekretariat Daerah | Dinas Kesehatan | Bidang Bina Pengembangan Program dan SDK | Seksi Bimdal Pengembangan SDM Kesehatan,2,1,2000000,5000000,143,0,0,0
6623887d-ad9d-40e2-b301-9c7dfe693c74,Pemerintah Provinsi Sulawesi Tenggara,CPNS,UMUM,OPERATOR LAYANAN KESEHATAN,Pemerintah Sulawesi Tenggara | Sekretariat Daerah | Dinas Kesehatan | Bidang Bina Pelayanan Kesehatan Ke Farmasian | Seksi Bimdal Kefarmasian dan Alat Kesehatan,2,1,2000000,5000000,115,0,0,0
9980db54-4d5c-45bd-a6a5-5ae8cb92754c,Pemerintah Provinsi Sulawesi Tenggara,CPNS,UMUM,OPERATOR LAYANAN KESEHATAN,Pemerintah Sulawesi Tenggara | Sekretariat Daerah | Dinas Kesehatan | Bidang Bina Kesehatan Masyarakat | Seksi Bimdal Pelayanan Kesehatan Keluarga,10,1,2000000,5000000,1848,0,0,0
9fa3bff7-8869-48d3-8e8c-536452718f35,Pemerintah Provinsi Sulawesi Tenggara,CPNS,UMUM,OPERATOR LAYANAN KESEHATAN,Pemerintah Sulawesi Tenggara | Sekretariat Daerah | Dinas Kesehatan | Bidang Bina Pencegahan dan Penanggulangan Penyakit | Seksi Bimdal Surveilans Epidemiologi dan Imunisasi,3,1,2000000,5000000,300,0,0,0
e877b5ea-08c7-458e-8799-182895b32f46,Pemerintah Provinsi Sulawesi Tenggara,CPNS,UMUM,OPERATOR LAYANAN KESEHATAN,Pemerintah Sulawesi Tenggara | Sekretariat Daerah | Dinas Kesehatan | Bidang Bina Pelayanan Kesehatan Ke Farmasian | Seksi Bimdal Yankes Primer Rujukan Tradisional dan Komplementer,2,1,2000000,5000000,40,0,0,0
2ce75ba8-1e64-47f8-a1d3-9a01bcd8f748,Pemerintah Provinsi Sulawesi Tenggara,CPNS,UMUM,POLISI PAMONG PRAJA PEMULA,Pemerintah Sulawesi Tenggara | Sekretariat Daerah | Satuan Polisi Pamong Praja | Bidang Pembinaan Masyarakat,22,1,2000000,5000000,760,0,0,0
43ab1179-2ed0-490f-94f6-8cfa45d20246,Pemerintah Provinsi Sulawesi Tenggara,CPNS,UMUM,POLISI PAMONG PRAJA PEMULA,Pemerintah Sulawesi Tenggara | Sekretariat Daerah | Satuan Polisi Pamong Praja | Bidang Penegakan Peraturan Daerah,23,1,2000000,5000000,988,0,0,0
2db245e8-8e29-483e-b161-6954d4ced035,Pemerintah Provinsi Sumatera Barat,CPNS,UMUM,PELATIH DAN PERAWAT SATWA LIAR,PEMERINTAH PROVINSI SUMATERA BARAT | DINAS PETERNAKAN DAN KESEHATAN HEWAN | UPTD TERNAK RUMINANSIA | SEKSI PRODUKSI,3,0,2184000,2489760,136,0,0,0
f0e1720c-ee60-4cc0-9ae7-3217881f895f,Pemerintah Provinsi Sumatera Barat,CPNS,UMUM,PELATIH DAN PERAWAT SATWA LIAR,PEMERINTAH PROVINSI SUMATERA BARAT | DINAS PETERNAKAN DAN KESEHATAN HEWAN | UPTD TERNAK RUMINANSIA | SEKSI PAKAN,3,0,2184000,2489760,187,0,0,0
