formasi_id,ins_nm,jp_nama,formasi_nm,jabatan_nm,lokasi_nm,jumlah_formasi,disable,gaji_min,gaji_max,jumlah_ms,jumlah_submit_t2,jumlah_ms_t2,is_periode_daftar
4340f7e3-aca4-441a-8104-424d3bee7a60,Badan Informasi Geospasial,CPNS,UMUM,MANGGALA INFORMATIKA AHLI PERTAMA,Badan Informasi Geospasial | DEPUTI BIDANG INFRASTRUKTUR INFORMASI GEOSPASIAL | DIREKTORAT STANDAR DAN TEKNOLOGI INFORMASI GEOSPASIAL,1,1,5500000,7800000,30,0,0,0
1abff6b7-d07d-4f99-8d33-92210c4df8bc,Badan Intelijen Negara,CPNS,UMUM,PENELAAH TEKNIS INTELIJEN,BADAN INTELIJEN NEGARA | DEPUTI BIDANG INTELIJEN SIBER | DIREKTORAT ANALISIS DAN FORENSIK | SUB DIREKTORAT ANALISIS PERTAHANAN,1,0,3500000,7500000,1,0,0,0
482a0954-8ecb-416f-8d1b-9ab7f8b45ac6,Badan Intelijen Negara,CPNS,UMUM,PENELAAH TEKNIS INTELIJEN,BADAN INTELIJEN NEGARA | DEPUTI BIDANG INTELIJEN SIBER | DIREKTORAT RESPON ANCAMAN | SUB DIREKTORAT MITIGASI,2,0,3500000,7500000,9,0,0,0
49f170eb-6888-4d71-8ff2-b6411e2470ee,Badan Intelijen Negara,CPNS,UMUM,PENELAAH TEKNIS INTELIJEN,BADAN INTELIJEN NEGARA | SEKRETARIAT UTAMA | BIRO LOGISTIK | BAGIAN PERENCANAAN LOGISTIK | SUBBAGIAN PERENCANAAN PENGADAAN LOGISTIK,1,0,3500000,7500000,3,0,0,0
5faac7e4-7306-4f8c-87bf-4c96f6234313,Badan Intelijen Negara,CPNS,UMUM,PENELAAH TEKNIS INTELIJEN,BADAN INTELIJEN NEGARA | DEPUTI BIDANG INTELIJEN SIBER | DIREKTORAT PERENCANAAN PENGENDALIAN KEGIATAN DAN OPERASI | SUB DIREKTORAT ANALISIS DAN EVALUASI,1,0,3500000,7500000,1,0,0,0
c28bf0f3-93a4-452f-a4a7-7eaa21d3000e,Badan Intelijen Negara,CPNS,UMUM,PENELAAH TEKNIS INTELIJEN,BADAN INTELIJEN NEGARA | DEPUTI BIDANG INTELIJEN SIBER | DIREKTORAT PERENCANAAN PENGENDALIAN KEGIATAN DAN OPERASI,2,0,3500000,7500000,4,0,0,0
d1cdd655-c7bc-4233-8503-9059cc715e78,Badan Intelijen Negara,CPNS,UMUM,PENELAAH TEKNIS INTELIJEN,"BADAN INTELIJEN NEGARA | DEPUTI BIDANG INTELIJEN EKONOMI | DIREKTORAT ENERGI, SUMBER DAYA MINERAL DAN KEPENDUDUKAN | SUB DIREKTORAT KELISTRIKAN",1,0,3500000,7500000,23,0,0,0
daad333b-b49f-487b-b2cd-c7c7d129561a,Badan Intelijen Negara,CPNS,UMUM,PENELAAH TEKNIS INTELIJEN,BADAN INTELIJEN NEGARA | DEPUTI BIDANG INTELIJEN SIBER | DIREKTORAT DETEKSI DINI | SUB DIREKTORAT ASET PENTING,1,0,3500000,7500000,0,0,0,0
ec133c1b-bc38-40b7-986a-bb196914958f,Badan Intelijen Negara,CPNS,UMUM,PENELAAH TEKNIS INTELIJEN,BADAN INTELIJEN NEGARA | DEPUTI BIDANG INTELIJEN SIBER | DIREKTORAT KONTRA | SUB DIREKTORAT KEAMANAN JARINGAN,2,0,3500000,7500000,3,0,0,0
053fbfe7-13a0-4e2c-8353-11b76c796e78,Badan Keamanan Laut RI,CPNS,UMUM,TEKNISI SARANA DAN PRASARANA,"BADAN KEAMANAN LAUT | DEPUTI BIDANG INFORMASI, HUKUM DAN KERJASAMA | STASIUN PEMANTAUAN KEAMANAN DAN KESELAMATAN LAUT KEMA",1,0,6000000,8400000,2,0,0,0
0d1b342e-b9af-48ec-ac42-8a991284e62e,Badan Keamanan Laut RI,CPNS,UMUM,TEKNISI SARANA DAN PRASARANA,"BADAN KEAMANAN LAUT | DEPUTI BIDANG INFORMASI, HUKUM DAN KERJASAMA | STASIUN PEMANTAUAN KEAMANAN DAN KESELAMATAN LAUT TUAL",1,0,6000000,8400000,1,0,0,0
1004aa85-d830-45a5-872f-342aac27ce0a,Badan Keamanan Laut RI,CPNS,UMUM,TEKNISI SARANA DAN PRASARANA,BADAN KEAMANAN LAUT | KANTOR KEAMANAN LAUT ZONA MARITIM BARAT | BAGIAN UMUM | SUBBAGIAN TU DAN RUMAH TANGGA,1,0,6000000,8400000,2,0,0,0
137ca1e5-501e-445e-81d2-e809b2df7f41,Badan Keamanan Laut RI,CPNS,UMUM,TEKNISI SARANA DAN PRASARANA,BADAN KEAMANAN LAUT | DEPUTI BIDANG OPERASI DAN LATIHAN | PANGKALAN ARMADA KEAMANAN LAUT AMBON | SUB BAGIAN UMUM,1,0,6000000,8400000,1,0,0,0
2398152c-3d79-4cda-9498-1850bee02ff0,Badan Keamanan Laut RI,CPNS,UMUM,TEKNISI SARANA DAN PRASARANA,"BADAN KEAMANAN LAUT | DEPUTI BIDANG INFORMASI, HUKUM DAN KERJASAMA | STASIUN BUMI MANEMBO-NEMBO",1,0,6000000,8400000,2,0,0,0
49e52a22-d819-41bc-ac2c-d394f916e2b4,Badan Keamanan Laut RI,CPNS,UMUM,TEKNISI SARANA DAN PRASARANA,"BADAN KEAMANAN LAUT | DEPUTI BIDANG INFORMASI, HUKUM DAN KERJASAMA | STASIUN PEMANTAUAN KEAMANAN DAN KESELAMATAN LAUT SAMBAS",1,0,6000000,8400000,1,0,0,0
4cda34a1-3515-4d2b-b047-8e68267038b3,Badan Keamanan Laut RI,CPNS,UMUM,TEKNISI SARANA DAN PRASARANA,"BADAN KEAMANAN LAUT | DEPUTI BIDANG INFORMASI, HUKUM DAN KERJASAMA | STASIUN PEMANTAUAN KEAMANAN DAN KESELAMATAN LAUT ACEH",1,0,6000000,8400000,10,0,0,0
529cda1c-9d99-4618-af52-dbe319380a71,Badan Keamanan Laut RI,CPNS,UMUM,TEKNISI SARANA DAN PRASARANA,"BADAN KEAMANAN LAUT | DEPUTI BIDANG INFORMASI, HUKUM DAN KERJASAMA | STASIUN PEMANTAUAN KEAMANAN DAN KESELAMATAN LAUT KUPANG",1,0,6000000,8400000,2,0,0,0
57c755d0-e2bc-449f-bfb0-ff55a099ce25,Badan Keamanan Laut RI,CPNS,UMUM,TEKNISI SARANA DAN PRASARANA,"BADAN KEAMANAN LAUT | DEPUTI BIDANG INFORMASI, HUKUM DAN KERJASAMA | STASIUN PEMANTAUAN KEAMANAN DAN KESELAMATAN LAUT NATUNA",1,0,6000000,8400000,3,0,0,0
5933e560-c79f-48c3-b49b-edc66db9b024,Badan Keamanan Laut RI,CPNS,UMUM,TEKNISI SARANA DAN PRASARANA,"BADAN KEAMANAN LAUT | DEPUTI BIDANG INFORMASI, HUKUM DAN KERJASAMA | STASIUN PEMANTAUAN KEAMANAN DAN KESELAMATAN LAUT TELUK MATA IKAN",1,0,6000000,8400000,3,0,0,0
61436849-3cb0-4e89-935d-c860c9adb588,Badan Keamanan Laut RI,CPNS,UMUM,TEKNISI SARANA DAN PRASARANA,"BADAN KEAMANAN LAUT | DEPUTI BIDANG INFORMASI, HUKUM DAN KERJASAMA | STASIUN PEMANTAUAN KEAMANAN DAN KESELAMATAN LAUT KARANGASEM",1,0,6000000,8400000,3,0,0,0
7b9f2ce6-9fea-44c5-aa2b-f6a74958efad,Badan Keamanan Laut RI,CPNS,UMUM,TEKNISI SARANA DAN PRASARANA,BADAN KEAMANAN LAUT | KANTOR KEAMANAN LAUT ZONA MARITIM TIMUR | BAGIAN UMUM | SUB BAGIAN TU DAN RUMAH TANGGA,1,0,6000000,8400000,2,0,0,0
a1a32ad0-d79b-4e8b-bf2c-f3b1794e5b66,Badan Keamanan Laut RI,CPNS,UMUM,TEKNISI SARANA DAN PRASARANA,"BADAN KEAMANAN LAUT | DEPUTI BIDANG INFORMASI, HUKUM DAN KERJASAMA | STASIUN PEMANTAUAN KEAMANAN DAN KESELAMATAN LAUT MERAUKE",1,0,6000000,8400000,1,0,0,0
acf62d1e-e928-4068-83af-e1a0c611de82,Badan Keamanan Laut RI,CPNS,UMUM,TEKNISI SARANA DAN PRASARANA,"BADAN KEAMANAN LAUT | DEPUTI BIDANG INFORMASI, HUKUM DAN KERJASAMA | STASIUN PEMANTAUAN KEAMANAN DAN KESELAMATAN LAUT MANEMBO-NEMBO",1,0,6000000,8400000,1,0,0,0
ce206b68-08d6-4e39-aeb3-04b05e093909,Badan Keamanan Laut RI,CPNS,UMUM,TEKNISI SARANA DAN PRASARANA,BADAN KEAMANAN LAUT | KANTOR KEAMANAN LAUT ZONA MARITIM TENGAH | BAGIAN UMUM | SUB BAGIAN TU DAN RUMAH TANGGA,1,0,6000000,8400000,1,0,0,0
d21c9adf-f038-428f-bf2e-7931e5b6aa95,Badan Keamanan Laut RI,CPNS,UMUM,TEKNISI SARANA DAN PRASARANA,"BADAN KEAMANAN LAUT | DEPUTI BIDANG INFORMASI, HUKUM DAN KERJASAMA | STASIUN PEMANTAUAN KEAMANAN DAN KESELAMATAN LAUT AMBON",1,0,6000000,8400000,0,0,0,0
d68043d6-bc4f-4102-9a33-49d578d7c969,Badan Keamanan Laut RI,CPNS,UMUM,TEKNISI SARANA DAN PRASARANA,"BADAN KEAMANAN LAUT | DEPUTI BIDANG INFORMASI, HUKUM DAN KERJASAMA | STASIUN PEMANTAUAN KEAMANAN DAN KESELAMATAN LAUT TANJUNG BALAI KARIMUN",1,0,6000000,8400000,0,0,0,0
d862c71a-0c1a-4d48-b23b-21f653cc92d2,Badan Keamanan Laut RI,CPNS,UMUM,TEKNISI SARANA DAN PRASARANA,"BADAN KEAMANAN LAUT | DEPUTI BIDANG INFORMASI, HUKUM DAN KERJASAMA | STASIUN BUMI PANGKAL PINANG",1,0,6000000,8400000,6,0,0,0
dc3e2efb-6869-47e4-aead-11b913e58349,Badan Keamanan Laut RI,CPNS,UMUM,TEKNISI SARANA DAN PRASARANA,BADAN KEAMANAN LAUT | DEPUTI BIDANG OPERASI DAN LATIHAN | PANGKALAN ARMADA KEAMANAN LAUT BATAM | SUB BAGIAN UMUM,1,0,6000000,8400000,4,0,0,0
e5bbddbc-8919-4e09-968f-b501b98eb047,Badan Keamanan Laut RI,CPNS,UMUM,TEKNISI SARANA DAN PRASARANA,"BADAN KEAMANAN LAUT | DEPUTI BIDANG INFORMASI, HUKUM DAN KERJASAMA | STASIUN PEMANTAUAN KEAMANAN DAN KESELAMATAN LAUT JAYAPURA",1,0,6000000,8400000,4,0,0,0
f138f3f4-0ba3-4024-aa6b-1a38f2623778,Badan Keamanan Laut RI,CPNS,UMUM,TEKNISI SARANA DAN PRASARANA,BADAN KEAMANAN LAUT | DEPUTI BIDANG OPERASI DAN LATIHAN | PANGKALAN ARMADA KEAMANAN LAUT SERAI | SUB BAGIAN UMUM,1,0,6000000,8400000,1,0,0,0
f38dd878-002c-41c7-a3a5-a88b1274c604,Badan Keamanan Laut RI,CPNS,UMUM,TEKNISI SARANA DAN PRASARANA,"BADAN KEAMANAN LAUT | DEPUTI BIDANG INFORMASI, HUKUM DAN KERJASAMA | STASIUN PEMANTAUAN KEAMANAN DAN KESELAMATAN LAUT TARAKAN",1,0,6000000,8400000,1,0,0,0
0e73041b-ae9b-4552-b10d-741b05d6d127,Badan Kepegawaian Negara,CPNS,UMUM,PRANATA KOMPUTER AHLI PERTAMA,Badan Kepegawaian Negara | Deputi Bidang Sistem Informasi Kepegawaian | Direktorat Infrastruktur Teknologi Informasi,2,0,7920850,8734850,4,0,0,0
8a028492914fb63b01914ff240115722,Badan Kepegawaian Negara,CPNS,PUTRA/PUTRI PAPUA DAN PAPUA BARAT,TEKNISI SARANA DAN PRASARANA,Badan Kepegawaian Negara | Kantor Regional IX BKN Jayapura | Bagian Tata Usaha Kantor Regional IX BKN Jayapura | Subbagian Umum Kantor Regional IX BKN Jayapura,1,0,7311650,8125650,2,0,0,0
8a028492914fb63b01914ff320e757ba,Badan Kepegawaian Negara,CPNS,PUTRA/PUTRI PAPUA DAN PAPUA BARAT,TEKNISI SARANA DAN PRASARANA,Badan Kepegawaian Negara | Kantor Regional XIV BKN Manokwari | Bagian Tata Usaha Kantor Regional XIV BKN Manokwari | Subbagian Umum Kantor Regional XIV BKN Manokwari,1,0,7311650,8125650,1,0,0,0
0a7fd6b3-8ad7-49ca-83d9-3f279ffad4fc,Badan Kepegawaian Negara,CPNS,UMUM,TEKNISI SARANA DAN PRASARANA,Badan Kepegawaian Negara | Kantor Regional VII BKN Palembang | Unit Penyelenggara Seleksi Calon dan Penilaian Kompetensi Pegawai Aparatur Sipil Negara Bengkulu,1,0,6886650,7700650,7,0,0,0
12296c07-86b3-4061-bff6-b7c42f2a30d9,Badan Kepegawaian Negara,CPNS,UMUM,TEKNISI SARANA DAN PRASARANA,Badan Kepegawaian Negara | Kantor Regional IV BKN Makassar | Unit Penyelenggara Seleksi Calon dan Penilaian Kompetensi Pegawai Aparatur Sipil Negara Palu,1,0,6886650,7700650,1,0,0,0
27668c70-ba36-4c3b-b7d3-ddb1cb1fa163,Badan Kepegawaian Negara,CPNS,UMUM,TEKNISI SARANA DAN PRASARANA,Badan Kepegawaian Negara | Kantor Regional XII BKN Pekanbaru | Bagian Tata Usaha Kantor Regional XII BKN Pekanbaru | Subbagian Umum Kantor Regional XII BKN Pekanbaru,2,0,6886650,7700650,20,0,0,0
2be55442-498d-4212-b48a-2a806650cb67,Badan Kepegawaian Negara,CPNS,UMUM,TEKNISI SARANA DAN PRASARANA,Badan Kepegawaian Negara | Kantor Regional IV BKN Makassar | Bagian Tata Usaha Kantor Regional IV BKN Makassar | Subbagian Umum Kantor Regional IV BKN Makassar,2,0,6886650,7700650,24,0,0,0
2ff14d9e-437f-47f5-92f6-29ba8789c4ef,Badan Kepegawaian Negara,CPNS,UMUM,TEKNISI SARANA DAN PRASARANA,Badan Kepegawaian Negara | Kantor Regional VIII BKN Banjarmasin | Unit Penyelenggara Seleksi Calon dan Penilaian Kompetensi Pegawai Aparatur Sipil Negara Palangkaraya,1,0,6886650,7700650,1,0,0,0
3180352f-d77f-4281-bf7c-9cde372598ea,Badan Kepegawaian Negara,CPNS,UMUM,TEKNISI SARANA DAN PRASARANA,Badan Kepegawaian Negara | Kantor Regional III BKN Bandung | Unit Penyelenggara Seleksi Calon dan Penilaian Kompetensi Pegawai Aparatur Sipil Negara Serang,1,0,6886650,7700650,1,0,0,0
3d8e1a3d-6e3c-4d09-88bf-76aaae6fba64,Badan Kepegawaian Negara,CPNS,UMUM,TEKNISI SARANA DAN PRASARANA,Badan Kepegawaian Negara | Kantor Regional X BKN Denpasar | Unit Penyelenggara Seleksi Calon dan Penilaian Kompetensi Pegawai Aparatur Sipil Negara Mataram,1,0,6886650,7700650,5,0,0,0
40867a8f-3e62-4904-9861-60dd850feb39,Badan Kepegawaian Negara,CPNS,UMUM,TEKNISI SARANA DAN PRASARANA,Badan Kepegawaian Negara | Pusat Pengembangan Kepegawaian Aparatur Sipil Negara | Bagian Tata Usaha Pusat Pengembangan Kepegawaian Aparatur Sipil Negara | Subbagian Umum,1,0,6886650,7700650,2,0,0,0
4330608f-47dc-4b9a-b4c8-40652cb3c961,Badan Kepegawaian Negara,CPNS,UMUM,TEKNISI SARANA DAN PRASARANA,Badan Kepegawaian Negara | Kantor Regional VII BKN Palembang | Unit Penyelenggara Seleksi Calon dan Penilaian Kompetensi Pegawai Aparatur Sipil Negara Pangkal Pinang,1,0,6886650,7700650,3,0,0,0
45d5c251-b3a6-43d1-b10a-6848e4830d09,Badan Kepegawaian Negara,CPNS,UMUM,TEKNISI SARANA DAN PRASARANA,Badan Kepegawaian Negara | Kantor Regional XI BKN Manado | Unit Penyelenggara Seleksi Calon dan Penilaian Kompetensi Pegawai Aparatur Sipil Negara Ternate,1,0,6886650,7700650,3,0,0,0
46f64249-82dc-4d2e-a482-43d32618613c,Badan Kepegawaian Negara,CPNS,UMUM,TEKNISI SARANA DAN PRASARANA,Badan Kepegawaian Negara | Kantor Regional IX BKN Jayapura | Bagian Tata Usaha Kantor Regional IX BKN Jayapura | Subbagian Umum Kantor Regional IX BKN Jayapura,1,0,7311650,8125650,1,0,0,0
491f475e-2880-44b0-ac2e-1b988a6d4833,Badan Kepegawaian Negara,CPNS,UMUM,TEKNISI SARANA DAN PRASARANA,Badan Kepegawaian Negara | Kantor Regional I BKN Yogyakarta | Unit Penyelenggara Seleksi Calon dan Penilaian Kompetensi Pegawai Aparatur Sipil Negara Semarang,1,0,6886650,7700650,5,0,0,0
4f7dff75-c66d-4c09-8483-496382fd41b7,Badan Kepegawaian Negara,CPNS,UMUM,TEKNISI SARANA DAN PRASARANA,Badan Kepegawaian Negara | Kantor Regional VII BKN Palembang | Bagian Tata Usaha Kantor Regional VII BKN Palembang | Subbagian Umum Kantor Regional VII BKN Palembang,2,0,6886650,7700650,42,0,0,0
58d56016-c182-4afc-afaf-5138ac80f5f8,Badan Kepegawaian Negara,CPNS,UMUM,TEKNISI SARANA DAN PRASARANA,Badan Kepegawaian Negara | Kantor Regional X BKN Denpasar | Bagian Tata Usaha Kantor Regional X BKN Denpasar | Subbagian Umum Kantor Regional X BKN Denpasar,2,0,6886650,7700650,16,0,0,0
59e4b67b-92b6-411d-8c14-709b6cd9fed6,Badan Kepegawaian Negara,CPNS,UMUM,TEKNISI SARANA DAN PRASARANA,Badan Kepegawaian Negara | Kantor Regional VIII BKN Banjarmasin | Bagian Tata Usaha Kantor Regional VIII BKN Banjarmasin | Subbagian Umum Kantor Regional VIII BKN Banjarmasin,2,0,6886650,7700650,8,0,0,0
5a4de6a1-b95d-4283-a555-4bd8a8163fba,Badan Kepegawaian Negara,CPNS,UMUM,TEKNISI SARANA DAN PRASARANA,Badan Kepegawaian Negara | Kantor Regional XIV BKN Manokwari | Unit Penyelenggara Seleksi Calon Dan Penilaian Kompetensi Pegawai Aparatur Sipil Negara Sorong,1,0,7311650,8125650,3,0,0,0
5ce49eb9-1667-42d0-81bc-75ecadb25f3d,Badan Kepegawaian Negara,CPNS,UMUM,TEKNISI SARANA DAN PRASARANA,Badan Kepegawaian Negara | Kantor Regional XIV BKN Manokwari | Bagian Tata Usaha Kantor Regional XIV BKN Manokwari | Subbagian Umum Kantor Regional XIV BKN Manokwari,1,0,7311650,8125650,1,0,0,0
62a64079-d5a8-4a6b-a099-f706bdceac86,Badan Kepegawaian Negara,CPNS,UMUM,TEKNISI SARANA DAN PRASARANA,Badan Kepegawaian Negara | Kantor Regional XIII BKN Banda Aceh | Bagian Tata Usaha Kantor Regional XIII BKN Banda Aceh | Subbagian Umum Kantor Regional XIII BKN Banda Aceh,2,0,6886650,7700650,14,0,0,0
6d58ae06-3d69-4812-bb48-707f44803224,Badan Kepegawaian Negara,CPNS,UMUM,TEKNISI SARANA DAN PRASARANA,Badan Kepegawaian Negara | Kantor Regional II BKN Surabaya | Bagian Tata Usaha Kantor Regional II BKN Surabaya | Subbagian Umum Kantor Regional II BKN Surabaya,2,0,6886650,7700650,24,0,0,0
7013e2fe-33ba-406e-ad04-b7298bbcb03d,Badan Kepegawaian Negara,CPNS,UMUM,TEKNISI SARANA DAN PRASARANA,Badan Kepegawaian Negara | Kantor Regional III BKN Bandung | Bagian Tata Usaha Kantor Regional III BKN Bandung | Subbagian Umum Kantor Regional III BKN Bandung,2,0,6886650,7700650,25,0,0,0
71036904-6721-4872-88d7-73f9485a1329,Badan Kepegawaian Negara,CPNS,UMUM,TEKNISI SARANA DAN PRASARANA,Badan Kepegawaian Negara | Kantor Regional IV BKN Makassar | Unit Penyelenggara Seleksi Calon dan Penilaian Kompetensi Pegawai Aparatur Sipil Negara Kendari,1,0,6886650,7700650,1,0,0,0
7d46e103-805a-4f03-9fb2-a0dcbb725d0a,Badan Kepegawaian Negara,CPNS,UMUM,TEKNISI SARANA DAN PRASARANA,Badan Kepegawaian Negara | Kantor Regional V BKN Jakarta | Bagian Tata Usaha Kantor Regional V BKN Jakarta | Subbagian Umum Kantor Regional V BKN Jakarta,2,0,6886650,7700650,16,0,0,0
827ca63c-3209-47b1-960e-1af21b89b042,Badan Kepegawaian Negara,CPNS,UMUM,TEKNISI SARANA DAN PRASARANA,Badan Kepegawaian Negara | Kantor Regional I BKN Yogyakarta | Bagian Tata Usaha Kantor Regional I BKN Yogyakarta | Subbagian Umum Kantor Regional I BKN Yogyakarta,2,0,6886650,7700650,43,0,0,0
976977be-12a4-4b65-a07c-526e4f3b2cce,Badan Kepegawaian Negara,CPNS,UMUM,TEKNISI SARANA DAN PRASARANA,Badan Kepegawaian Negara | Kantor Regional VIII BKN Banjarmasin | Unit Penyelenggara Seleksi Calon dan Penilaian Kompetensi Pegawai Aparatur Sipil Negara Tarakan,1,0,6886650,7700650,2,0,0,0
a4eab93e-dbf8-4062-86d6-54fab2e41180,Badan Kepegawaian Negara,CPNS,UMUM,TEKNISI SARANA DAN PRASARANA,Badan Kepegawaian Negara | Kantor Regional IV BKN Makassar | Unit Penyelenggara Seleksi Calon dan Penilaian Kompetensi Pegawai Aparatur Sipil Negara Ambon,1,0,6886650,7700650,4,0,0,0
a717ecb5-804b-4e04-ab52-561a89b7cd2b,Badan Kepegawaian Negara,CPNS,UMUM,TEKNISI SARANA DAN PRASARANA,Badan Kepegawaian Negara | Kantor Regional XI BKN Manado | Unit Penyelenggara Seleksi Calon dan Penilaian Kompetensi Pegawai Aparatur Sipil Negara Gorontalo,1,0,6886650,7700650,3,0,0,0
a7fabc88-5895-4663-af74-6bcde5545375,Badan Kepegawaian Negara,CPNS,UMUM,TEKNISI SARANA DAN PRASARANA,Badan Kepegawaian Negara | Kantor Regional IV BKN Makassar | Unit Penyelenggara Seleksi Calon dan Penilaian Kompetensi Pegawai Aparatur Sipil Negara Mamuju,1,0,6886650,7700650,2,0,0,0
b69d92be-5108-412b-877b-6a85342aa09d,Badan Kepegawaian Negara,CPNS,UMUM,TEKNISI SARANA DAN PRASARANA,Badan Kepegawaian Negara | Kantor Regional XII BKN Pekanbaru | Unit Penyelenggara Seleksi Calon dan Penilaian Kompetensi Pegawai Aparatur Sipil Negara Batam,1,0,6886650,7700650,3,0,0,0
b8a91b77-5180-40f1-b30e-e6fc01c037ae,Badan Kepegawaian Negara,CPNS,UMUM,TEKNISI SARANA DAN PRASARANA,Badan Kepegawaian Negara | Kantor Regional V BKN Jakarta | Unit Penyelenggara Seleksi Calon dan Penilaian Kompetensi Pegawai Aparatur Sipil Negara Pontianak,1,0,6886650,7700650,2,0,0,0
c4e114b9-123d-4076-9686-53853c7cf653,Badan Kepegawaian Negara,CPNS,UMUM,TEKNISI SARANA DAN PRASARANA,Badan Kepegawaian Negara | Kantor Regional VII BKN Palembang | Unit Penyelenggara Seleksi Calon dan Penilaian Kompetensi Pegawai Aparatur Sipil Negara Jambi,1,0,6886650,7700650,3,0,0,0
d3a2de76-beed-445a-b6e6-cb73232a478a,Badan Kepegawaian Negara,CPNS,UMUM,TEKNISI SARANA DAN PRASARANA,Badan Kepegawaian Negara | Sekretariat Utama | Biro Umum | Bagian Pengelolaan Barang Milik Negara | Subbagian Pemeliharaan,2,0,6886650,7700650,5,0,0,0
d570e9fc-4e60-483c-a4be-d02d046d838e,Badan Kepegawaian Negara,CPNS,UMUM,TEKNISI SARANA DAN PRASARANA,Badan Kepegawaian Negara | Kantor Regional V BKN Jakarta | Unit Penyelenggara Seleksi Calon dan Penilaian Kompetensi Pegawai Aparatur Sipil Negara Bandar Lampung,1,0,6886650,7700650,3,0,0,0
d9303376-3702-4501-89a4-2536860dded3,Badan Kepegawaian Negara,CPNS,UMUM,TEKNISI SARANA DAN PRASARANA,Badan Kepegawaian Negara | Kantor Regional XI BKN Manado | Bagian Tata Usaha Kantor Regional XI BKN Manado | Subbagian Umum Kantor Regional XI BKN Manado,2,0,6886650,7700650,13,0,0,0
db17122d-6e5c-4db0-9869-8e687a696a9d,Badan Kepegawaian Negara,CPNS,UMUM,TEKNISI SARANA DAN PRASARANA,Badan Kepegawaian Negara | Kantor Regional VIII BKN Banjarmasin | Unit Penyelenggara Seleksi Calon dan Penilaian Kompetensi Pegawai Aparatur Sipil Negara Balikpapan,1,0,6886650,7700650,4,0,0,0
db3df21f-6ddd-4a51-8d03-4ffdca58fb12,Badan Kepegawaian Negara,CPNS,UMUM,TEKNISI SARANA DAN PRASARANA,Badan Kepegawaian Negara | Kantor Regional X BKN Denpasar | Unit Penyelenggara Seleksi Calon dan Penilaian Kompetensi Pegawai Aparatur Sipil Negara Kupang,1,0,6886650,7700650,2,0,0,0
e88125e5-5266-407d-9369-d77fa6b8cae3,Badan Kepegawaian Negara,CPNS,UMUM,TEKNISI SARANA DAN PRASARANA,Badan Kepegawaian Negara | Kantor Regional XII BKN Pekanbaru | Unit Penyelenggara Seleksi Calon dan Penilaian Kompetensi Pegawai Aparatur Sipil Negara Padang,1,0,6886650,7700650,5,0,0,0
fd09a695-2052-48f6-ae2d-3810c5be4a92,Badan Kepegawaian Negara,CPNS,UMUM,TEKNISI SARANA DAN PRASARANA,Badan Kepegawaian Negara | Kantor Regional VI BKN Medan | Bagian Tata Usaha Kantor Regional VI BKN Medan | Subbagian Umum Kantor Regional VI BKN Medan,2,0,6886650,7700650,12,0,0,0
8a0384c5915a83e001915a979c3c120e,"Badan Meteorologi, Klimatologi dan Geofisika",CPNS,PUTRA/PUTRI KALIMANTAN,PENGAMAT METEOROLOGI DAN GEOFISIKA AHLI PERTAMA,Badan Meteorologi Klimatologi dan Geofisika | Deputi Bidang Klimatologi | Pusat Layanan Informasi Iklim Terapan,1,0,5500000,8500000,2,0,0,0
aa11b179-7360-4eb0-95ec-0b9f0dfbed41,"Badan Meteorologi, Klimatologi dan Geofisika",CPNS,UMUM,PENGAMAT METEOROLOGI DAN GEOFISIKA AHLI PERTAMA,"Badan Meteorologi Klimatologi dan Geofisika | Deputi Bidang Instrumentasi, Kalibrasi, Rekayasa dan Jaringan Komunikasi | Pusat Instrumentasi, Kalibrasi, dan Rekayasa",4,0,5500000,8500000,108,0,0,0
c021c776-085f-44ab-819f-3d5a7596f095,"Badan Meteorologi, Klimatologi dan Geofisika",CPNS,UMUM,PENGAMAT METEOROLOGI DAN GEOFISIKA AHLI PERTAMA,Badan Meteorologi Klimatologi dan Geofisika | Deputi Bidang Klimatologi | Pusat Layanan Informasi Iklim Terapan,5,0,5500000,8500000,61,0,0,0
088c3cac-c8c5-4775-b322-21dfcfdbcdd2,Badan Pelindungan Pekerja Migran Indonesia,CPNS,UMUM,ANALIS KEBIJAKAN AHLI PERTAMA,Badan Pelindungan Pekerja Migran Indonesia | DEPUTI BIDANG PENEMPATAN DAN PELINDUNGAN KAWASAN EROPA DAN TIMUR TENGAH | DIREKTORAT SISTEM DAN STRATEGI PENEMPATAN DAN PELINDUNGAN KAWASAN EROPA DAN TIMUR TENGAH,2,1,6862100,7746358,311,0,0,0
7980e585-a33e-4fb1-9fcc-bff894a56310,Badan Pelindungan Pekerja Migran Indonesia,CPNS,UMUM,ANALIS KEBIJAKAN AHLI PERTAMA,Badan Pelindungan Pekerja Migran Indonesia | DEPUTI BIDANG PENEMPATAN DAN PELINDUNGAN KAWASAN ASIA DAN AFRIKA | DIREKTORAT SISTEM DAN STRATEGI PENEMPATAN DAN PELINDUNGAN KAWASAN ASIA DAN AFRIKA,1,1,6862100,7746358,51,0,0,0
06eedcaf-adfc-4021-a3bd-07996cf72349,Badan Pelindungan Pekerja Migran Indonesia,CPNS,UMUM,ARSIPARIS AHLI PERTAMA,Badan Pelindungan Pekerja Migran Indonesia | BALAI PELAYANAN PELINDUNGAN PEKERJA MIGRAN INDONESIA DKI JAKARTA,1,1,6862100,7726358,197,0,0,0
1d81f097-cb0a-4a40-9b51-7ceb159938a1,Badan Pelindungan Pekerja Migran Indonesia,CPNS,UMUM,ARSIPARIS AHLI PERTAMA,Badan Pelindungan Pekerja Migran Indonesia | BALAI PELAYANAN PELINDUNGAN PEKERJA MIGRAN INDONESIA KEPULAUAN RIAU,2,1,6862100,7726358,111,0,0,0
2b69b7c4-72d4-40bd-9a2c-e4967656f7e3,Badan Pelindungan Pekerja Migran Indonesia,CPNS,UMUM,ARSIPARIS AHLI PERTAMA,Badan Pelindungan Pekerja Migran Indonesia | PUSAT PENGEMBANGAN SUMBER DAYA MANUSIA,1,1,6862100,7726358,63,0,0,0
af5dc60d-2c19-46b1-9b94-d55d9b71d840,Badan Pelindungan Pekerja Migran Indonesia,CPNS,UMUM,ARSIPARIS AHLI PERTAMA,Badan Pelindungan Pekerja Migran Indonesia | BALAI PELAYANAN PELINDUNGAN PEKERJA MIGRAN INDONESIA SUMATERA SELATAN,1,1,6862100,7746358,37,0,0,0
c2217cf9-f7a1-40b0-8658-d2b4501e6fd8,Badan Pelindungan Pekerja Migran Indonesia,CPNS,UMUM,ARSIPARIS AHLI PERTAMA,Badan Pelindungan Pekerja Migran Indonesia | BALAI PELAYANAN PELINDUNGAN PEKERJA MIGRAN INDONESIA JAWA TENGAH,1,1,6862100,7726358,246,0,0,0
d0a93fee-65aa-4aaf-b60a-1e81632ac23c,Badan Pelindungan Pekerja Migran Indonesia,CPNS,UMUM,ARSIPARIS AHLI PERTAMA,Badan Pelindungan Pekerja Migran Indonesia | BALAI PELAYANAN PELINDUNGAN PEKERJA MIGRAN INDONESIA SULAWESI UTARA,1,1,6862100,7726358,23,0,0,0
d8146961-5dc3-4766-8227-727c09976fd5,Badan Pelindungan Pekerja Migran Indonesia,CPNS,UMUM,ARSIPARIS AHLI PERTAMA,Badan Pelindungan Pekerja Migran Indonesia | BALAI PELAYANAN PELINDUNGAN PEKERJA MIGRAN INDONESIA SULAWESI SELATAN,1,1,6862100,7726358,66,0,0,0
8a0186c79158f6d40191590774700bdf,Badan Pelindungan Pekerja Migran Indonesia,CPNS,PUTRA/PUTRI KALIMANTAN,MANGGALA INFORMATIKA AHLI PERTAMA,Badan Pelindungan Pekerja Migran Indonesia | PUSAT DATA DAN INFORMASI,1,1,6862100,7206358,1,0,0,0
00d1a317-d5ba-4e8d-8804-9feb83e9028e,Badan Pelindungan Pekerja Migran Indonesia,CPNS,UMUM,MANGGALA INFORMATIKA AHLI PERTAMA,Badan Pelindungan Pekerja Migran Indonesia | PUSAT DATA DAN INFORMASI,4,1,6862100,7206358,10,0,0,0
001f898b-298e-40b1-a490-03519546709d,Badan Pelindungan Pekerja Migran Indonesia,CPNS,UMUM,PRANATA KOMPUTER AHLI PERTAMA,Badan Pelindungan Pekerja Migran Indonesia | BALAI PELAYANAN PELINDUNGAN PEKERJA MIGRAN INDONESIA DKI JAKARTA,1,1,6862100,7746358,2,0,0,0
7100e56d-0088-4ab5-9c83-ec182341732e,Badan Pelindungan Pekerja Migran Indonesia,CPNS,UMUM,PRANATA KOMPUTER AHLI PERTAMA,Badan Pelindungan Pekerja Migran Indonesia | BALAI PELAYANAN PELINDUNGAN PEKERJA MIGRAN INDONESIA JAWA TENGAH,1,1,6862100,7746358,3,0,0,0
71d8617a-04f9-4c57-9785-b9f27e55728b,Badan Pelindungan Pekerja Migran Indonesia,CPNS,UMUM,PRANATA KOMPUTER AHLI PERTAMA,Badan Pelindungan Pekerja Migran Indonesia | PUSAT PENGEMBANGAN SUMBER DAYA MANUSIA,1,1,6862100,7746358,4,0,0,0
8d761af6-6058-4178-b726-d366e7fe0a9a,Badan Pelindungan Pekerja Migran Indonesia,CPNS,UMUM,PRANATA KOMPUTER AHLI PERTAMA,Badan Pelindungan Pekerja Migran Indonesia | BALAI PELAYANAN PELINDUNGAN PEKERJA MIGRAN INDONESIA KEPULAUAN RIAU,1,1,6862100,7746358,0,0,0,0
af8083dd-63f2-4f2c-97bf-ebfd39ce983b,Badan Pelindungan Pekerja Migran Indonesia,CPNS,UMUM,PRANATA KOMPUTER AHLI PERTAMA,Badan Pelindungan Pekerja Migran Indonesia | BALAI PELAYANAN PELINDUNGAN PEKERJA MIGRAN INDONESIA SULAWESI UTARA,1,1,6862100,7746358,2,0,0,0
b123d48f-fcbb-423a-a624-6d4f95f21abe,Badan Pelindungan Pekerja Migran Indonesia,CPNS,UMUM,PRANATA KOMPUTER AHLI PERTAMA,Badan Pelindungan Pekerja Migran Indonesia | SEKRETARIAT UTAMA | BIRO SUMBER DAYA MANUSIA DAN ORGANISASI,1,1,6862100,7746358,2,0,0,0
c5bb2099-7c71-42d5-93d1-c4e39163f33d,Badan Pelindungan Pekerja Migran Indonesia,CPNS,UMUM,PRANATA KOMPUTER AHLI PERTAMA,Badan Pelindungan Pekerja Migran Indonesia | BALAI PELAYANAN PELINDUNGAN PEKERJA MIGRAN INDONESIA NUSA TENGGARA BARAT,1,1,6862100,7746358,1,0,0,0
e262d0e6-8757-4b6a-88ea-391672752e36,Badan Pelindungan Pekerja Migran Indonesia,CPNS,UMUM,PRANATA KOMPUTER AHLI PERTAMA,Badan Pelindungan Pekerja Migran Indonesia | BALAI PELAYANAN PELINDUNGAN PEKERJA MIGRAN INDONESIA SUMATERA UTARA,1,1,6862100,7746358,1,0,0,0
8a0186cc9159ace5019159f5ae9c2670,Badan Pengawas Obat dan Makanan ,CPNS,UMUM,SANDIMAN AHLI PERTAMA,ZONA 1,5,1,6240000,10000000,165,0,0,0
8a0384c7915b4c4c01915dff7f411424,Badan Pengawas Obat dan Makanan ,CPNS,DIASPORA,SANDIMAN AHLI PERTAMA,ZONA 1,1,1,6240000,10000000,1,0,0,0
8a03849f914ed85101914efd3bb931e6,Badan Siber dan Sandi Negara,CPNS,UMUM,TEKNISI SARANA DAN PRASARANA,Badan Siber dan Sandi Negara,8,0,2970700,7626650,293,0,0,0
8a03849f914ed85101914f47f6dd3bc1,Kejaksaan Agung,CPNS,UMUM,PEMERIKSA FORENSIK DIGITAL,Kejaksaan Agung,28,1,7515650,9305150,165,0,0,0
8a01866591ab92dd0191acb93f460e6f,Kementerian Agama,CPNS,PENYANDANG DISABILITAS,PRANATA LABORATORIUM PENDIDIKAN AHLI PERTAMA,UIN RADEN FATAH PALEMBANG,1,1,2785700,6104700,5,0,0,0
8a038450919cdb3c0191a6b03e7416a4,Kementerian Agama,CPNS,UMUM,PRANATA LABORATORIUM PENDIDIKAN AHLI PERTAMA,UIN RADEN FATAH PALEMBANG,4,1,2785700,6104700,403,0,0,0
8a02826391606efe019164ede5ed0bb0,Kementerian Energi dan Sumber Daya Mineral,CPNS,LULUSAN TERBAIK,ANALIS KEBIJAKAN AHLI PERTAMA,KEMENTERIAN ENERGI DAN SUMBER DAYA MINERAL | Direktorat Jenderal Ketenagalistrikan | Direktorat Pembinaan Program Ketenagalistrikan,1,1,10200000,10800000,27,0,0,0
2b2431f2-4129-411d-b661-4dfaeeb7c5a5,Kementerian Energi dan Sumber Daya Mineral,CPNS,UMUM,ANALIS KEBIJAKAN AHLI PERTAMA,KEMENTERIAN ENERGI DAN SUMBER DAYA MINERAL | Direktorat Jenderal Ketenagalistrikan | Sekretariat Direktorat Jenderal Ketenagalistrikan,1,1,9200000,9800000,13,0,0,0
2e33ddd7-84f0-4cc7-bda3-39be218d83b4,Kementerian Energi dan Sumber Daya Mineral,CPNS,UMUM,ANALIS KEBIJAKAN AHLI PERTAMA,KEMENTERIAN ENERGI DAN SUMBER DAYA MINERAL | Sekretariat Jenderal | Pusat Data dan Teknologi Informasi Energi dan Sumber Daya Mineral,2,1,8700000,9300000,24,0,0,0
531482ce-eb64-467d-91af-38e569e17fd5,Kementerian Energi dan Sumber Daya Mineral,CPNS,UMUM,ANALIS KEBIJAKAN AHLI PERTAMA,KEMENTERIAN ENERGI DAN SUMBER DAYA MINERAL | Direktorat Jenderal Ketenagalistrikan | Direktorat Pembinaan Program Ketenagalistrikan,1,1,10200000,10800000,23,0,0,0
7afa4346-a4e7-4f6d-b5fa-fae28bbfd48c,Kementerian Energi dan Sumber Daya Mineral,CPNS,UMUM,ANALIS KEBIJAKAN AHLI PERTAMA,KEMENTERIAN ENERGI DAN SUMBER DAYA MINERAL | Direktorat Jenderal Ketenagalistrikan | Direktorat Teknik dan Lingkungan Ketenagalistrikan,1,1,10200000,10800000,13,0,0,0
86434775-a7e9-4a38-984e-0032e9cbe647,Kementerian Energi dan Sumber Daya Mineral,CPNS,UMUM,ANALIS KEBIJAKAN AHLI PERTAMA,KEMENTERIAN ENERGI DAN SUMBER DAYA MINERAL | Sekretariat Jenderal Dewan Energi Nasional | Biro Fasilitasi Kebijakan Energi dan Persidangan,1,1,8700000,9300000,14,0,0,0
8a02826391606efe019164f5c1d70d27,Kementerian Energi dan Sumber Daya Mineral,CPNS,PUTRA/PUTRI KALIMANTAN,INSPEKTUR KETENAGALISTRIKAN AHLI PERTAMA,KEMENTERIAN ENERGI DAN SUMBER DAYA MINERAL | Direktorat Jenderal Ketenagalistrikan | Direktorat Teknik dan Lingkungan Ketenagalistrikan,1,0,10200000,10800000,10,0,0,0
8a02826391606efe019164f65dc60d3e,Kementerian Energi dan Sumber Daya Mineral,CPNS,LULUSAN TERBAIK,INSPEKTUR KETENAGALISTRIKAN AHLI PERTAMA,KEMENTERIAN ENERGI DAN SUMBER DAYA MINERAL | Direktorat Jenderal Ketenagalistrikan | Direktorat Pembinaan Program Ketenagalistrikan,1,0,10200000,10800000,13,0,0,0
0d65d20a-e788-4d26-a13c-15c29f565a23,Kementerian Energi dan Sumber Daya Mineral,CPNS,UMUM,INSPEKTUR KETENAGALISTRIKAN AHLI PERTAMA,KEMENTERIAN ENERGI DAN SUMBER DAYA MINERAL | Direktorat Jenderal Ketenagalistrikan | Direktorat Teknik dan Lingkungan Ketenagalistrikan,6,0,10200000,10800000,309,0,0,0
2ace3aea-c6b4-46da-843d-b42aff31bda7,Kementerian Energi dan Sumber Daya Mineral,CPNS,UMUM,INSPEKTUR KETENAGALISTRIKAN AHLI PERTAMA,KEMENTERIAN ENERGI DAN SUMBER DAYA MINERAL | Direktorat Jenderal Ketenagalistrikan | Direktorat Pembinaan Program Ketenagalistrikan,3,0,10200000,10800000,27,0,0,0
a42d520b-9ab2-4dcc-9e7f-3a94e56d75b5,Kementerian Energi dan Sumber Daya Mineral,CPNS,UMUM,INSPEKTUR MINYAK DAN GAS BUMI AHLI PERTAMA,KEMENTERIAN ENERGI DAN SUMBER DAYA MINERAL | Direktorat Jenderal Minyak dan Gas Bumi | Direktorat Teknik dan Lingkungan Minyak dan Gas Bumi,1,0,8500000,9500000,18,0,0,0
ff6de509-c9eb-40f9-ae7e-9a0c384d96b3,Kementerian Energi dan Sumber Daya Mineral,CPNS,UMUM,INSPEKTUR TAMBANG AHLI PERTAMA,KEMENTERIAN ENERGI DAN SUMBER DAYA MINERAL | Direktorat Jenderal Mineral dan Batubara | Direktorat Teknik dan Lingkungan Mineral dan Batubara,1,0,8500000,9100000,15,0,0,0
3a2d10c0-19dd-4752-aecc-9e6b7b5508e5,Kementerian Energi dan Sumber Daya Mineral,CPNS,UMUM,PENATA KELOLA SISTEM DAN TEKNOLOGI INFORMASI,KEMENTERIAN ENERGI DAN SUMBER DAYA MINERAL | Direktorat Jenderal Mineral dan Batubara | Direktorat Teknik dan Lingkungan Mineral dan Batubara,3,1,7600000,8900000,26,0,0,0
a8f600b4-7b83-479b-89a5-eeb21747bdb7,Kementerian Energi dan Sumber Daya Mineral,CPNS,UMUM,PENATA KELOLA USAHA KETENAGALISTRIKAN,KEMENTERIAN ENERGI DAN SUMBER DAYA MINERAL | Direktorat Jenderal Ketenagalistrikan | Direktorat Pembinaan Pengusahaan Ketenagalistrikan,2,1,9200000,9800000,14,0,0,0
8a02826391606efe01916508f7aa0f26,Kementerian Energi dan Sumber Daya Mineral,CPNS,PENYANDANG DISABILITAS,PENGELOLA KESELAMATAN KETENAGALISTRIKAN,KEMENTERIAN ENERGI DAN SUMBER DAYA MINERAL | Direktorat Jenderal Ketenagalistrikan | Direktorat Teknik dan Lingkungan Ketenagalistrikan,1,1,9200000,9800000,6,0,0,0
c0056476-171d-4216-b95b-7594a0a1e7ff,Kementerian Energi dan Sumber Daya Mineral,CPNS,UMUM,PENGELOLA KESELAMATAN KETENAGALISTRIKAN,KEMENTERIAN ENERGI DAN SUMBER DAYA MINERAL | Direktorat Jenderal Ketenagalistrikan | Direktorat Teknik dan Lingkungan Ketenagalistrikan,3,1,9200000,9800000,41,0,0,0
d20c17e7-dad0-498f-ab5b-ca23aa78f75e,Kementerian Energi dan Sumber Daya Mineral,CPNS,UMUM,PENGUJI MUTU BARANG AHLI PERTAMA,"KEMENTERIAN ENERGI DAN SUMBER DAYA MINERAL | Direktorat Jenderal Minyak dan Gas Bumi | Balai Besar Pengujian Minyak dan Gas Bumi ""LEMIGAS""",6,0,8700000,11000000,331,0,0,0
8a02826391606efe0191650f14980fc1,Kementerian Energi dan Sumber Daya Mineral,CPNS,PUTRA/PUTRI KALIMANTAN,PERENCANA AHLI PERTAMA,KEMENTERIAN ENERGI DAN SUMBER DAYA MINERAL | Direktorat Jenderal Ketenagalistrikan | Direktorat Pembinaan Program Ketenagalistrikan,1,1,10200000,10800000,7,0,0,0
e441e1c4-af45-4752-8804-11a803b05d24,Kementerian Energi dan Sumber Daya Mineral,CPNS,UMUM,PERENCANA AHLI PERTAMA,KEMENTERIAN ENERGI DAN SUMBER DAYA MINERAL | Direktorat Jenderal Ketenagalistrikan | Direktorat Pembinaan Program Ketenagalistrikan,3,1,10200000,10800000,68,0,0,0
2009854f-d776-44c1-8fa8-69c828c1908c,Kementerian Energi dan Sumber Daya Mineral,CPNS,UMUM,TEKNISI SARANA DAN PRASARANA,KEMENTERIAN ENERGI DAN SUMBER DAYA MINERAL | Sekretariat Jenderal | Biro Umum | BAGIAN RUMAH TANGGA DAN PEMELIHARAAN | SUBBAGIAN PEMELIHARAAN,4,0,8000000,8600000,146,0,0,0
299f4691-e1c9-4dd3-b620-c9cedc6540cc,Kementerian Energi dan Sumber Daya Mineral,CPNS,UMUM,TEKNISI SARANA DAN PRASARANA,KEMENTERIAN ENERGI DAN SUMBER DAYA MINERAL | Sekretariat Jenderal | Pusat Pengelolaan Barang Milik Negara,2,0,7500000,7900000,8,0,0,0
8a03849a9149c64e01914a796e5d4022,Kementerian Hukum dan Hak Asasi Manusia,CPNS,UMUM,ANALIS KEKAYAAN INTELEKTUAL AHLI PERTAMA,KEMENTERIAN HUKUM DAN HAK ASASI MANUSIA | KANTOR WILAYAH KEMENTERIAN HUKUM DAN HAK ASASI MANUSIA,82,0,2785700,8620850,5877,0,0,0
8a0384ba915598f4019155bef33919d5,Kementerian Hukum dan Hak Asasi Manusia,CPNS,PENYANDANG DISABILITAS,ANALIS KEKAYAAN INTELEKTUAL AHLI PERTAMA,KEMENTERIAN HUKUM DAN HAK ASASI MANUSIA | KANTOR WILAYAH KEMENTERIAN HUKUM DAN HAK ASASI MANUSIA,15,1,2785700,8620850,12,0,0,0
8a028492914fb63b01914fd423b027ea,Kementerian Hukum dan Hak Asasi Manusia,CPNS,UMUM,PEMERIKSA PATEN AHLI PERTAMA,KEMENTERIAN HUKUM DAN HAK ASASI MANUSIA | UNIT PUSAT,15,0,2785700,8620850,981,0,0,0
8a0384ba915598f4019155bfc9fe1a44,Kementerian Hukum dan Hak Asasi Manusia,CPNS,PENYANDANG DISABILITAS,PEMERIKSA PATEN AHLI PERTAMA,KEMENTERIAN HUKUM DAN HAK ASASI MANUSIA | UNIT PUSAT,4,1,2785700,8620850,1,0,0,0
8a0384ba915598f4019155c01fd31a8b,Kementerian Hukum dan Hak Asasi Manusia,CPNS,PUTRA/PUTRI KALIMANTAN,PEMERIKSA PATEN AHLI PERTAMA,KEMENTERIAN HUKUM DAN HAK ASASI MANUSIA | UNIT PUSAT,1,0,2785700,8620850,30,0,0,0
8a0186cd915aa77f01915b0e38f86200,Kementerian Investasi/Badan Koordinasi Penanaman Modal,CPNS,PUTRA/PUTRI KALIMANTAN,PENATA KELOLA PENANAMAN MODAL AHLI PERTAMA,Kementerian Investasi/Badan Koordinasi Penanaman Modal | Deputi Bidang Pengendalian Pelaksanaan Penanaman Modal | Direktorat Wilayah II,1,1,8000000,8500000,4,0,0,0
8a0186ce915e61b701915eb2df9e135a,Kementerian Investasi/Badan Koordinasi Penanaman Modal,CPNS,PUTRA/PUTRI KALIMANTAN,PENATA KELOLA PENANAMAN MODAL AHLI PERTAMA,Kementerian Investasi/Badan Koordinasi Penanaman Modal | Deputi Bidang Pengendalian Pelaksanaan Penanaman Modal | Direktorat Wilayah III,1,1,8000000,8500000,2,0,0,0
8a0186ce915e61b701915eb5fdaf1432,Kementerian Investasi/Badan Koordinasi Penanaman Modal,CPNS,PUTRA/PUTRI KALIMANTAN,PENATA KELOLA PENANAMAN MODAL AHLI PERTAMA,Kementerian Investasi/Badan Koordinasi Penanaman Modal | Deputi Bidang Pengendalian Pelaksanaan Penanaman Modal | Direktorat Wilayah I,1,1,8000000,8500000,3,0,0,0
8a0186ce915e61b701915f327e343c7f,Kementerian Investasi/Badan Koordinasi Penanaman Modal,CPNS,PUTRA/PUTRI PAPUA DAN PAPUA BARAT,PENATA KELOLA PENANAMAN MODAL AHLI PERTAMA,Kementerian Investasi/Badan Koordinasi Penanaman Modal | Deputi Bidang Hilirisasi Investasi Strategis | Direktorat Hilirisasi Mineral dan Batubara,1,1,8000000,8500000,2,0,0,0
8a0186ce915e61b701915f48de804791,Kementerian Investasi/Badan Koordinasi Penanaman Modal,CPNS,PUTRA/PUTRI PAPUA DAN PAPUA BARAT,PENATA KELOLA PENANAMAN MODAL AHLI PERTAMA,Kementerian Investasi/Badan Koordinasi Penanaman Modal | Deputi Bidang Pelayanan Penanaman Modal | Direktorat Pelayanan Perizinan Berusaha Sektor Industri,1,1,8000000,8500000,3,0,0,0
8a0384c8915fa2df01915fbb199b02ef,Kementerian Investasi/Badan Koordinasi Penanaman Modal,CPNS,PUTRA/PUTRI PAPUA DAN PAPUA BARAT,PENATA KELOLA PENANAMAN MODAL AHLI PERTAMA,Kementerian Investasi/Badan Koordinasi Penanaman Modal | Deputi Bidang Pengendalian Pelaksanaan Penanaman Modal | Direktorat Wilayah V,1,1,8000000,8500000,2,0,0,0
05a457a2-6364-4310-9646-986f55b23ccf,Kementerian Investasi/Badan Koordinasi Penanaman Modal,CPNS,UMUM,PENATA KELOLA PENANAMAN MODAL AHLI PERTAMA,Kementerian Investasi/Badan Koordinasi Penanaman Modal | Deputi Bidang Pengendalian Pelaksanaan Penanaman Modal | Direktorat Wilayah V,1,1,8000000,8500000,3,0,0,0
0dc9c54b-1e71-47f3-8d3a-ad306be3c261,Kementerian Investasi/Badan Koordinasi Penanaman Modal,CPNS,UMUM,PENATA KELOLA PENANAMAN MODAL AHLI PERTAMA,Kementerian Investasi/Badan Koordinasi Penanaman Modal | Deputi Bidang Pengendalian Pelaksanaan Penanaman Modal | Direktorat Wilayah III,1,1,8000000,8500000,7,0,0,0
319a6c07-2eaa-4975-b9b2-f391fe8c5e51,Kementerian Investasi/Badan Koordinasi Penanaman Modal,CPNS,UMUM,PENATA KELOLA PENANAMAN MODAL AHLI PERTAMA,Kementerian Investasi/Badan Koordinasi Penanaman Modal | Deputi Bidang Pengendalian Pelaksanaan Penanaman Modal | Direktorat Wilayah IV,2,1,8000000,8500000,6,0,0,0
446fdeb3-bc5f-48c1-a5ad-3ca305348074,Kementerian Investasi/Badan Koordinasi Penanaman Modal,CPNS,UMUM,PENATA KELOLA PENANAMAN MODAL AHLI PERTAMA,Kementerian Investasi/Badan Koordinasi Penanaman Modal | Deputi Bidang Pelayanan Penanaman Modal | Direktorat Pelayanan Fasilitas Berusaha,2,1,8000000,8500000,17,0,0,0
61719009-2fcd-4a48-9e9e-827bf127a6a4,Kementerian Investasi/Badan Koordinasi Penanaman Modal,CPNS,UMUM,PENATA KELOLA PENANAMAN MODAL AHLI PERTAMA,Kementerian Investasi/Badan Koordinasi Penanaman Modal | Deputi Bidang Pelayanan Penanaman Modal | Direktorat Pelayanan Perizinan Berusaha Sektor Industri,1,1,8000000,8500000,12,0,0,0
89d66f6a-0aaa-4c66-9039-16eacf37133b,Kementerian Investasi/Badan Koordinasi Penanaman Modal,CPNS,UMUM,PENATA KELOLA PENANAMAN MODAL AHLI PERTAMA,Kementerian Investasi/Badan Koordinasi Penanaman Modal | Deputi Bidang Hilirisasi Investasi Strategis | Direktorat Hilirisasi Mineral dan Batubara,1,1,8000000,8500000,14,0,0,0
c92dd6ac-c873-4e25-8f7e-7ebbd980e766,Kementerian Investasi/Badan Koordinasi Penanaman Modal,CPNS,UMUM,PENATA KELOLA PENANAMAN MODAL AHLI PERTAMA,Kementerian Investasi/Badan Koordinasi Penanaman Modal | Deputi Bidang Pengendalian Pelaksanaan Penanaman Modal | Direktorat Wilayah II,1,1,8000000,8500000,8,0,0,0
e89185dd-6a05-42aa-a9f1-55f51b7fe7cb,Kementerian Investasi/Badan Koordinasi Penanaman Modal,CPNS,UMUM,PENATA KELOLA PENANAMAN MODAL AHLI PERTAMA,Kementerian Investasi/Badan Koordinasi Penanaman Modal | Deputi Bidang Pengendalian Pelaksanaan Penanaman Modal | Direktorat Wilayah I,1,1,8000000,8500000,6,0,0,0
efdd6e20-39e8-4715-af10-d7387bbb72ea,Kementerian Investasi/Badan Koordinasi Penanaman Modal,CPNS,UMUM,PENATA KELOLA PENANAMAN MODAL AHLI PERTAMA,Kementerian Investasi/Badan Koordinasi Penanaman Modal | Deputi Bidang Hilirisasi Investasi Strategis | Direktorat Hilirisasi Minyak dan Gas Bumi,2,1,8000000,8500000,35,0,0,0
8a01869291548667019154f9ce7a226d,Kementerian Kelautan dan Perikanan,CPNS,PUTRA/PUTRI KALIMANTAN,PENGELOLA PENGADAAN BARANG/JASA AHLI PERTAMA,KEMENTERIAN KELAUTAN DAN PERIKANAN | SEKRETARIAT JENDERAL | BIRO UMUM DAN PENGADAAN BARANG/JASA,1,0,7700000,8300000,14,0,0,0
b5c338ec-3241-4052-9348-9973456f8605,Kementerian Kelautan dan Perikanan,CPNS,UMUM,PENGELOLA PENGADAAN BARANG/JASA AHLI PERTAMA,KEMENTERIAN KELAUTAN DAN PERIKANAN | SEKRETARIAT JENDERAL | BIRO UMUM DAN PENGADAAN BARANG/JASA,1,0,7700000,8300000,147,0,0,0
caeaa69c-ae67-4daf-9da0-d0acd2940014,Kementerian Kesehatan,CPNS,UMUM,PENGELOLA PENGADAAN BARANG/JASA AHLI PERTAMA,Kementerian Kesehatan | Sekretariat Jenderal | Biro Pengadaan Barang dan Jasa,44,1,5000000,7000000,925,0,0,0
28eb2d89-def6-430c-8759-c2a0d7fdc8ea,Kementerian Kesehatan,CPNS,UMUM,PRANATA KOMPUTER AHLI PERTAMA,Kementerian Kesehatan | Direktorat Jenderal Tenaga Kesehatan | Poltekkes Kemenkes Manado | Kepala Unit Teknologi Informasi,1,1,6000000,9000000,5,0,0,0
89139b1d-6df7-4bfe-b42b-0e7036ac8a82,Kementerian Kesehatan,CPNS,UMUM,PRANATA KOMPUTER AHLI PERTAMA,Kementerian Kesehatan | Direktorat Jenderal Pencegahan dan Pengendalian Penyakit | Loka Kekarantinaan Kesehatan Entikong,1,1,5000000,8000000,1,0,0,0
541c8bb6-e88b-44f0-81d3-7ad7d0d3f268,Kementerian Ketenagakerjaan,CPNS,UMUM,INSTRUKTUR AHLI PERTAMA,Kementerian Ketenagakerjaan | Direktorat Jenderal Pembinaan Pelatihan Vokasi dan Produktivitas | Balai Pelatihan Vokasi dan Produktivitas Padang,1,0,7000000,8500000,34,0,0,0
65f73678-d4eb-4d0b-8415-783474a53ae6,Kementerian Ketenagakerjaan,CPNS,UMUM,INSTRUKTUR AHLI PERTAMA,Kementerian Ketenagakerjaan | Direktorat Jenderal Pembinaan Pelatihan Vokasi dan Produktivitas | Balai Besar Pelatihan Vokasi dan Produktivitas Makassar,2,0,7000000,8500000,70,0,0,0
7d445b45-0149-4959-803b-0b88f9804101,Kementerian Ketenagakerjaan,CPNS,UMUM,INSTRUKTUR AHLI PERTAMA,Kementerian Ketenagakerjaan | Direktorat Jenderal Pembinaan Pelatihan Vokasi dan Produktivitas | Balai Pelatihan Vokasi dan Produktivitas Samarinda,2,0,7000000,8500000,12,0,0,0
cae0a59c-d12e-4544-bfce-ce13dbaea62d,Kementerian Ketenagakerjaan,CPNS,UMUM,INSTRUKTUR AHLI PERTAMA,Kementerian Ketenagakerjaan | Direktorat Jenderal Pembinaan Pelatihan Vokasi dan Produktivitas | Balai Pelatihan Vokasi dan Produktivitas Kendari,1,0,7000000,8500000,4,0,0,0
d0e9ddfd-f624-405f-a455-6216f80ddefb,Kementerian Ketenagakerjaan,CPNS,UMUM,INSTRUKTUR AHLI PERTAMA,Kementerian Ketenagakerjaan | Direktorat Jenderal Pembinaan Pelatihan Vokasi dan Produktivitas | Balai Pelatihan Vokasi dan Produktivitas Sidoarjo,4,0,7000000,8500000,129,0,0,0
d6b70fbd-8485-48c2-8729-45d0546c7cba,Kementerian Ketenagakerjaan,CPNS,UMUM,INSTRUKTUR AHLI PERTAMA,Kementerian Ketenagakerjaan | Direktorat Jenderal Pembinaan Pelatihan Vokasi dan Produktivitas | Balai Pelatihan Vokasi dan Produktivitas Ternate,1,0,7000000,8500000,2,0,0,0
3e56eae7-629b-4fc7-a356-55073d993281,Kementerian Ketenagakerjaan,CPNS,UMUM,PENGAWAS KETENAGAKERJAAN AHLI PERTAMA,Kementerian Ketenagakerjaan | Direktorat Jenderal Pembinaan Pengawasan Ketenagakerjaan dan Keselamatan dan Kesehatan Kerja | Direktorat Bina Sistem Pengawasan Ketenagakerjaan,6,0,7000000,8500000,140,0,0,0
5255d8cb-1885-4a86-af0e-d3c2b6e63be9,Kementerian Ketenagakerjaan,CPNS,UMUM,PENGAWAS KETENAGAKERJAAN AHLI PERTAMA,Kementerian Ketenagakerjaan | Direktorat Jenderal Pembinaan Pengawasan Ketenagakerjaan dan Keselamatan dan Kesehatan Kerja | Direktorat Bina Kelembagaan Keselamatan dan Kesehatan Kerja,6,0,7000000,8500000,164,0,0,0
e96b0aef-cdc3-47ee-9191-5f8127e9f7c7,Kementerian Ketenagakerjaan,CPNS,UMUM,PENGAWAS KETENAGAKERJAAN AHLI PERTAMA,Kementerian Ketenagakerjaan | Direktorat Jenderal Pembinaan Pengawasan Ketenagakerjaan dan Keselamatan dan Kesehatan Kerja | Direktorat Bina Pemeriksaan Norma Ketenagakerjaan,10,0,7000000,8500000,837,0,0,0
f7e1750e-dfa4-45cf-af64-13895b28b4f5,Kementerian Ketenagakerjaan,CPNS,UMUM,PENGAWAS KETENAGAKERJAAN AHLI PERTAMA,Kementerian Ketenagakerjaan | Direktorat Jenderal Pembinaan Pengawasan Ketenagakerjaan dan Keselamatan dan Kesehatan Kerja | Direktorat Bina Pengawas Ketenagakerjaan dan Penguji Keselamatan dan Kesehatan Kerja,5,0,7000000,8500000,89,0,0,0
2fab6ff5-db82-4827-8b93-5062e530460f,Kementerian Ketenagakerjaan,CPNS,UMUM,PENGELOLA PENGADAAN BARANG/JASA AHLI PERTAMA,Kementerian Ketenagakerjaan | Sekretariat Jenderal | Biro Umum | Bagian Layanan Pengadaan,2,0,7000000,8500000,254,0,0,0
0280228a-4ca0-4b62-a9bf-52b55b03741c,Kementerian Ketenagakerjaan,CPNS,UMUM,TEKNISI SARANA DAN PRASARANA,Kementerian Ketenagakerjaan | Direktorat Jenderal Pembinaan Pelatihan Vokasi dan Produktivitas | Balai Pelatihan Vokasi dan Produktivitas Sidoarjo | Subbagian Umum,1,0,6000000,7500000,42,0,0,0
07b71125-fa7b-4504-9aa6-82b2adbc60c4,Kementerian Ketenagakerjaan,CPNS,UMUM,TEKNISI SARANA DAN PRASARANA,Kementerian Ketenagakerjaan | Direktorat Jenderal Pembinaan Pengawasan Ketenagakerjaan dan Keselamatan dan Kesehatan Kerja | Balai Besar Keselamatan dan Kesehatan Kerja Jakarta | Bagian Umum,4,0,6000000,7500000,137,0,0,0
210379ae-1d0a-4f75-8418-6d6c36b88118,Kementerian Ketenagakerjaan,CPNS,UMUM,TEKNISI SARANA DAN PRASARANA,Kementerian Ketenagakerjaan | Direktorat Jenderal Pembinaan Pelatihan Vokasi dan Produktivitas | Balai Besar Pelatihan Vokasi dan Produktivitas Bekasi | Bagian Umum,1,0,6000000,7500000,16,0,0,0
2bcc44c7-1ae7-47dc-8992-dda4b4fd3e01,Kementerian Ketenagakerjaan,CPNS,UMUM,TEKNISI SARANA DAN PRASARANA,Kementerian Ketenagakerjaan | Direktorat Jenderal Pembinaan Penempatan Tenaga Kerja dan Perluasan Kesempatan Kerja | Balai Besar Perluasan Kesempatan Kerja Bandung Barat | Bagian Umum,2,0,6000000,7500000,10,0,0,0
3d9cb1d2-4f70-4266-961c-6b16304e58a4,Kementerian Ketenagakerjaan,CPNS,UMUM,TEKNISI SARANA DAN PRASARANA,Kementerian Ketenagakerjaan | Direktorat Jenderal Pembinaan Penempatan Tenaga Kerja dan Perluasan Kesempatan Kerja | Balai Perluasan Kesempatan Kerja Bekasi | Kepala Subbagian Umum,2,0,6000000,7500000,8,0,0,0
44eab4c6-fca8-405c-8216-640ef8698622,Kementerian Ketenagakerjaan,CPNS,UMUM,TEKNISI SARANA DAN PRASARANA,Kementerian Ketenagakerjaan | Direktorat Jenderal Pembinaan Pelatihan Vokasi dan Produktivitas | Balai Pelatihan Vokasi dan Produktivitas Belitung | Subbagian Umum,1,0,6000000,7500000,6,0,0,0
456256bd-1db6-4e36-beff-e668be8216a7,Kementerian Ketenagakerjaan,CPNS,UMUM,TEKNISI SARANA DAN PRASARANA,Kementerian Ketenagakerjaan | Sekretariat Jenderal | Pusat Pasar Kerja | Bagian Tata Usaha,2,0,6000000,7500000,8,0,0,0
4ce22c36-a0cf-4d69-8628-d8c3db1396f1,Kementerian Ketenagakerjaan,CPNS,UMUM,TEKNISI SARANA DAN PRASARANA,Kementerian Ketenagakerjaan | Direktorat Jenderal Pembinaan Pelatihan Vokasi dan Produktivitas | Balai Pelatihan Vokasi dan Produktivitas Samarinda | Subbagian Umum,1,0,6000000,7500000,5,0,0,0
795a8ff3-e03b-4a73-b840-5c391aeef6a6,Kementerian Ketenagakerjaan,CPNS,UMUM,TEKNISI SARANA DAN PRASARANA,Kementerian Ketenagakerjaan | Direktorat Jenderal Pembinaan Pelatihan Vokasi dan Produktivitas | Balai Pelatihan Vokasi dan Produktivitas Pangkajene dan Kepulauan | Subbagian Umum,1,0,6000000,7500000,15,0,0,0
83c617ec-19d0-4656-b63e-9ed3052431d2,Kementerian Ketenagakerjaan,CPNS,UMUM,TEKNISI SARANA DAN PRASARANA,Kementerian Ketenagakerjaan | Direktorat Jenderal Pembinaan Pelatihan Vokasi dan Produktivitas | Balai Pelatihan Vokasi dan Produktivitas Ambon | Subbagian Umum,1,0,6000000,7500000,2,0,0,0
8bd07e0f-38db-41ab-8f4a-cf8bd2923b6c,Kementerian Ketenagakerjaan,CPNS,UMUM,TEKNISI SARANA DAN PRASARANA,Kementerian Ketenagakerjaan | Direktorat Jenderal Pembinaan Pelatihan Vokasi dan Produktivitas | Balai Pelatihan Vokasi dan Produktivitas Sorong | Subbagian Umum,1,0,6000000,7500000,2,0,0,0
8e2598cc-2663-4741-84a2-25c52d8f9f25,Kementerian Ketenagakerjaan,CPNS,UMUM,TEKNISI SARANA DAN PRASARANA,Kementerian Ketenagakerjaan | Direktorat Jenderal Pembinaan Penempatan Tenaga Kerja dan Perluasan Kesempatan Kerja | Balai Perluasan Kesempatan Kerja Kendari | Subbagian Umum,2,0,6000000,7500000,6,0,0,0
971c1fe6-6d4a-4ee4-98d5-af09a6663d27,Kementerian Ketenagakerjaan,CPNS,UMUM,TEKNISI SARANA DAN PRASARANA,Kementerian Ketenagakerjaan | Direktorat Jenderal Pembinaan Pelatihan Vokasi dan Produktivitas | Balai Pelatihan Vokasi dan Produktivitas Surakarta | Subbagian Umum,1,0,6000000,7500000,50,0,0,0
9ec7a96a-22ae-45df-8061-40b2092351ed,Kementerian Ketenagakerjaan,CPNS,UMUM,TEKNISI SARANA DAN PRASARANA,Kementerian Ketenagakerjaan | Direktorat Jenderal Pembinaan Pengawasan Ketenagakerjaan dan Keselamatan dan Kesehatan Kerja | Balai Keselamatan dan Kesehatan Kerja Bandung | Subbagian Umum,2,0,6000000,7500000,37,0,0,0
a4817989-1942-4ff2-b58c-94d2d60511b1,Kementerian Ketenagakerjaan,CPNS,PUTRA/PUTRI KALIMANTAN,TEKNISI SARANA DAN PRASARANA,Kementerian Ketenagakerjaan | Sekretariat Jenderal | Politeknik Ketenagakerjaan | Subbagian Umum dan Keuangan,1,0,6000000,7500000,3,0,0,0
a7d95c6e-6f72-4426-9a1e-13e05f132b4f,Kementerian Ketenagakerjaan,CPNS,UMUM,TEKNISI SARANA DAN PRASARANA,Kementerian Ketenagakerjaan | Direktorat Jenderal Pembinaan Pelatihan Vokasi dan Produktivitas | Balai Pelatihan Vokasi dan Produktivitas Kendari | Subbagian Umum,1,0,6000000,7500000,2,0,0,0
ae6d646f-1b6d-44d6-b906-6b09ced0744c,Kementerian Ketenagakerjaan,CPNS,UMUM,TEKNISI SARANA DAN PRASARANA,Kementerian Ketenagakerjaan | Direktorat Jenderal Pembinaan Pelatihan Vokasi dan Produktivitas | Balai Besar Pelatihan Vokasi dan Produktivitas Semarang | Bagian Umum,1,0,6000000,7500000,17,0,0,0
c0716338-12dd-46c4-9a8b-1b382349488a,Kementerian Ketenagakerjaan,CPNS,UMUM,TEKNISI SARANA DAN PRASARANA,Kementerian Ketenagakerjaan | Sekretariat Jenderal | Biro Umum | Bagian Rumah Tangga dan Perlengkapan,2,0,6000000,7500000,5,0,0,0
c6e8802c-fdd5-4e84-95ed-9d5db55d1694,Kementerian Ketenagakerjaan,CPNS,UMUM,TEKNISI SARANA DAN PRASARANA,Kementerian Ketenagakerjaan | Sekretariat Jenderal | Pusat Pengembangan Sumber Daya Manusia Ketenagakerjaan | Bagian Tata Usaha,2,0,6000000,7500000,12,0,0,0
cd51912d-78bd-4a30-a297-3aa82a33efb3,Kementerian Ketenagakerjaan,CPNS,UMUM,TEKNISI SARANA DAN PRASARANA,Kementerian Ketenagakerjaan | Direktorat Jenderal Pembinaan Pelatihan Vokasi dan Produktivitas | Balai Pelatihan Vokasi dan Produktivitas Bantaeng | Subbagian Umum,1,0,6000000,7500000,16,0,0,0
cf9c15af-6d85-4e0d-a69d-58a8e6b2eebe,Kementerian Ketenagakerjaan,CPNS,UMUM,TEKNISI SARANA DAN PRASARANA,Kementerian Ketenagakerjaan | Direktorat Jenderal Pembinaan Pengawasan Ketenagakerjaan dan Keselamatan dan Kesehatan Kerja | Balai Keselamatan dan Kesehatan Kerja Makassar | Subbagian Umum,1,0,6000000,7500000,28,0,0,0
cfa7329d-73b6-482d-beb0-f63a2a399174,Kementerian Ketenagakerjaan,CPNS,UMUM,TEKNISI SARANA DAN PRASARANA,Kementerian Ketenagakerjaan | Direktorat Jenderal Pembinaan Pelatihan Vokasi dan Produktivitas | Balai Pelatihan Vokasi dan Produktivitas Padang | Subbagian Umum,1,0,6000000,7500000,14,0,0,0
d1bf49f9-9525-4fd0-b725-782e977f710f,Kementerian Ketenagakerjaan,CPNS,PUTRA/PUTRI KALIMANTAN,TEKNISI SARANA DAN PRASARANA,Kementerian Ketenagakerjaan | Direktorat Jenderal Pembinaan Pelatihan Vokasi dan Produktivitas | Sekretariat Badan Nasional Sertifikasi Profesi | Bagian Umum,1,0,6000000,7500000,3,0,0,0
d67cc83c-230e-4c66-88ff-d5a129f58883,Kementerian Ketenagakerjaan,CPNS,UMUM,TEKNISI SARANA DAN PRASARANA,Kementerian Ketenagakerjaan | Direktorat Jenderal Pembinaan Pengawasan Ketenagakerjaan dan Keselamatan dan Kesehatan Kerja | Balai Keselamatan dan Kesehatan Kerja Medan | Subbagian Umum,2,0,6000000,7500000,22,0,0,0
da36da54-6858-44e8-8faa-0fa7b8e40b65,Kementerian Ketenagakerjaan,CPNS,UMUM,TEKNISI SARANA DAN PRASARANA,Kementerian Ketenagakerjaan | Direktorat Jenderal Pembinaan Pelatihan Vokasi dan Produktivitas | Balai Pelatihan Vokasi dan Produktivitas Banyuwangi | Subbagian Umum,1,0,6000000,7500000,12,0,0,0
dc38c53b-eb9c-4a75-8407-c95643d32664,Kementerian Ketenagakerjaan,CPNS,UMUM,TEKNISI SARANA DAN PRASARANA,Kementerian Ketenagakerjaan | Direktorat Jenderal Pembinaan Pelatihan Vokasi dan Produktivitas | Balai Pelatihan Vokasi dan Produktivitas Lombok Timur | Subbagian Umum,1,0,6000000,7500000,9,0,0,0
e0d4333a-8b58-495f-a14b-e2ccf98699d0,Kementerian Ketenagakerjaan,CPNS,UMUM,TEKNISI SARANA DAN PRASARANA,Kementerian Ketenagakerjaan | Direktorat Jenderal Pembinaan Pelatihan Vokasi dan Produktivitas | Balai Besar Pelatihan Vokasi dan Produktivitas Medan | Bagian Umum,1,0,6000000,7500000,5,0,0,0
e2c18afa-7773-4986-afef-7f8038a2976c,Kementerian Ketenagakerjaan,CPNS,UMUM,TEKNISI SARANA DAN PRASARANA,Kementerian Ketenagakerjaan | Direktorat Jenderal Pembinaan Pelatihan Vokasi dan Produktivitas | Balai Pelatihan Vokasi dan Produktivitas Ternate | Subbagian Umum,1,0,6000000,7500000,1,0,0,0
e48c419f-5447-46ca-88e4-d253a5dfe7c3,Kementerian Ketenagakerjaan,CPNS,UMUM,TEKNISI SARANA DAN PRASARANA,Kementerian Ketenagakerjaan | Direktorat Jenderal Pembinaan Pelatihan Vokasi dan Produktivitas | Balai Besar Pelatihan Vokasi dan Produktivitas Serang | Bagian Umum,1,0,6000000,7500000,8,0,0,0
ee66f973-d95c-437a-b1a6-dc8585258f2f,Kementerian Ketenagakerjaan,CPNS,UMUM,TEKNISI SARANA DAN PRASARANA,Kementerian Ketenagakerjaan | Direktorat Jenderal Pembinaan Pelatihan Vokasi dan Produktivitas | Balai Pelatihan Vokasi dan Produktivitas Bandung Barat | Subbagian Umum,1,0,6000000,7500000,9,0,0,0
eec46bc0-2105-4477-97f3-b4c0d9526439,Kementerian Ketenagakerjaan,CPNS,PUTRA/PUTRI KALIMANTAN,TEKNISI SARANA DAN PRASARANA,Kementerian Ketenagakerjaan | Badan Perencanaan dan Pengembangan Ketenagakerjaan | Pusat Data dan Teknologi Informasi Ketenagakerjaan | Subbagian Tata Usaha,1,0,6000000,7500000,5,0,0,0
f312e76a-5887-4f39-9091-1f323c7fb64d,Kementerian Ketenagakerjaan,CPNS,UMUM,TEKNISI SARANA DAN PRASARANA,Kementerian Ketenagakerjaan | Direktorat Jenderal Pembinaan Pelatihan Vokasi dan Produktivitas | Sekretariat Direktorat Jenderal Pembinaan Pelatihan Vokasi dan Produktivitas | Bagian Umum dan Rumah Tangga | Subbagian Umum dan Rumah Tangga,2,0,6000000,7500000,3,0,0,0
f753a7b7-babe-4bc6-9f41-498238607780,Kementerian Ketenagakerjaan,CPNS,UMUM,TEKNISI SARANA DAN PRASARANA,Kementerian Ketenagakerjaan | Direktorat Jenderal Pembinaan Pengawasan Ketenagakerjaan dan Keselamatan dan Kesehatan Kerja | Balai Keselamatan dan Kesehatan Kerja Samarinda | Subbagian Umum,2,0,6000000,7500000,7,0,0,0
46da6ef1-40e3-4836-9373-0f09401a5622,Kementerian Komunikasi dan Informatika,CPNS,UMUM,ANALIS KEBIJAKAN AHLI PERTAMA,KEMENTERIAN KOMUNIKASI DAN INFORMATIKA | DIREKTORAT JENDERAL APLIKASI INFORMATIKA | DIREKTORAT PENGENDALIAN APLIKASI INFORMATIKA,3,0,6500000,7200000,19,0,0,0
75d6a4a6-2b09-43ee-ab46-8c070810a8bf,Kementerian Komunikasi dan Informatika,CPNS,LULUSAN TERBAIK,ANALIS KEBIJAKAN AHLI PERTAMA,KEMENTERIAN KOMUNIKASI DAN INFORMATIKA | DIREKTORAT JENDERAL PENYELENGGARAAN POS DAN INFORMATIKA | DIREKTORAT PENGENDALIAN POS DAN INFORMATIKA,1,0,6500000,7200000,6,0,0,0
f4da39e3-42e6-4b2b-8ffd-6c12189da52c,Kementerian Komunikasi dan Informatika,CPNS,LULUSAN TERBAIK,ANALIS KEBIJAKAN AHLI PERTAMA,KEMENTERIAN KOMUNIKASI DAN INFORMATIKA | DIREKTORAT JENDERAL PENYELENGGARAAN POS DAN INFORMATIKA | DIREKTORAT TELEKOMUNIKASI,1,0,6500000,7200000,14,0,0,0
8a03849a9149c64e019149e64fe61534,Kementerian Komunikasi dan Informatika,CPNS,PUTRA/PUTRI KALIMANTAN,MANGGALA INFORMATIKA AHLI PERTAMA,KEMENTERIAN KOMUNIKASI DAN INFORMATIKA | DIREKTORAT JENDERAL APLIKASI INFORMATIKA | DIREKTORAT LAYANAN APLIKASI INFORMATIKA PEMERINTAHAN,2,0,6500000,7200000,4,0,0,0
003c04ef-2deb-4b31-bd11-309b5638afc7,Kementerian Komunikasi dan Informatika,CPNS,UMUM,MANGGALA INFORMATIKA AHLI PERTAMA,KEMENTERIAN KOMUNIKASI DAN INFORMATIKA | DIREKTORAT JENDERAL APLIKASI INFORMATIKA | DIREKTORAT PENGENDALIAN APLIKASI INFORMATIKA,8,0,6500000,7200000,22,0,0,0
1ea1e567-9924-4452-9678-57aa7f3705f7,Kementerian Komunikasi dan Informatika,CPNS,UMUM,MANGGALA INFORMATIKA AHLI PERTAMA,KEMENTERIAN KOMUNIKASI DAN INFORMATIKA | DIREKTORAT JENDERAL APLIKASI INFORMATIKA | DIREKTORAT LAYANAN APLIKASI INFORMATIKA PEMERINTAHAN,8,0,6500000,7200000,14,0,0,0
b864d955-2618-4ac2-b59b-610609b0f32b,Kementerian Komunikasi dan Informatika,CPNS,UMUM,PEMERIKSA FORENSIK DIGITAL,KEMENTERIAN KOMUNIKASI DAN INFORMATIKA | DIREKTORAT JENDERAL APLIKASI INFORMATIKA | DIREKTORAT PENGENDALIAN APLIKASI INFORMATIKA,7,0,6500000,7200000,50,0,0,0
8a03849f914ed85101914f00ea36396d,Kementerian Komunikasi dan Informatika,CPNS,PUTRA/PUTRI PAPUA DAN PAPUA BARAT,PENGENDALI FREKUENSI RADIO AHLI PERTAMA,KEMENTERIAN KOMUNIKASI DAN INFORMATIKA | DIREKTORAT JENDERAL SUMBER DAYA DAN PERANGKAT POS DAN INFORMATIKA | DIREKTORAT PENGENDALIAN SUMBER DAYA DAN PERANGKAT POS DAN INFORMATIKA | BALAI MONITOR SPEKTRUM FREKUENSI RADIO KELAS II MERAUKE,1,0,6500000,7200000,4,0,0,0
18eb26be-84a6-4471-a32f-bf03fb72144c,Kementerian Komunikasi dan Informatika,CPNS,UMUM,PENGENDALI FREKUENSI RADIO AHLI PERTAMA,KEMENTERIAN KOMUNIKASI DAN INFORMATIKA | DIREKTORAT JENDERAL SUMBER DAYA DAN PERANGKAT POS DAN INFORMATIKA | DIREKTORAT PENGENDALIAN SUMBER DAYA DAN PERANGKAT POS DAN INFORMATIKA | BALAI MONITOR SPEKTRUM FREKUENSI RADIO KELAS I JAKARTA,1,0,6500000,7200000,52,0,0,0
20325ccf-155f-450a-9999-616e420368f9,Kementerian Komunikasi dan Informatika,CPNS,UMUM,PENGENDALI FREKUENSI RADIO AHLI PERTAMA,KEMENTERIAN KOMUNIKASI DAN INFORMATIKA | DIREKTORAT JENDERAL SUMBER DAYA DAN PERANGKAT POS DAN INFORMATIKA | DIREKTORAT PENGENDALIAN SUMBER DAYA DAN PERANGKAT POS DAN INFORMATIKA | BALAI MONITOR SPEKTRUM FREKUENSI RADIO KELAS I YOGYAKARTA,2,0,6500000,7200000,166,0,0,0
28394703-b604-439d-a108-267c7484efe7,Kementerian Komunikasi dan Informatika,CPNS,UMUM,PENGENDALI FREKUENSI RADIO AHLI PERTAMA,KEMENTERIAN KOMUNIKASI DAN INFORMATIKA | DIREKTORAT JENDERAL SUMBER DAYA DAN PERANGKAT POS DAN INFORMATIKA | DIREKTORAT PENGENDALIAN SUMBER DAYA DAN PERANGKAT POS DAN INFORMATIKA | BALAI MONITOR SPEKTRUM FREKUENSI RADIO KELAS II JAMBI,2,0,6500000,7200000,38,0,0,0
392c4673-f9a3-40c9-8ac7-a88f2a516df7,Kementerian Komunikasi dan Informatika,CPNS,UMUM,PENGENDALI FREKUENSI RADIO AHLI PERTAMA,KEMENTERIAN KOMUNIKASI DAN INFORMATIKA | DIREKTORAT JENDERAL SUMBER DAYA DAN PERANGKAT POS DAN INFORMATIKA | DIREKTORAT PENGENDALIAN SUMBER DAYA DAN PERANGKAT POS DAN INFORMATIKA | BALAI MONITOR SPEKTRUM FREKUENSI RADIO KELAS I PALEMBANG,1,0,6500000,7200000,30,0,0,0
3ab06a63-1181-46bc-8ddd-04917cc73d98,Kementerian Komunikasi dan Informatika,CPNS,UMUM,PENGENDALI FREKUENSI RADIO AHLI PERTAMA,KEMENTERIAN KOMUNIKASI DAN INFORMATIKA | DIREKTORAT JENDERAL SUMBER DAYA DAN PERANGKAT POS DAN INFORMATIKA | DIREKTORAT PENGENDALIAN SUMBER DAYA DAN PERANGKAT POS DAN INFORMATIKA | BALAI MONITOR SPEKTRUM FREKUENSI RADIO KELAS I PEKANBARU,2,0,6500000,7200000,59,0,0,0
3baaa62f-b07c-4504-8038-750bee83866d,Kementerian Komunikasi dan Informatika,CPNS,UMUM,PENGENDALI FREKUENSI RADIO AHLI PERTAMA,KEMENTERIAN KOMUNIKASI DAN INFORMATIKA | DIREKTORAT JENDERAL SUMBER DAYA DAN PERANGKAT POS DAN INFORMATIKA | DIREKTORAT PENGENDALIAN SUMBER DAYA DAN PERANGKAT POS DAN INFORMATIKA | LOKA MONITOR SPEKTRUM FREKUENSI RADIO KENDARI,2,0,6500000,7200000,20,0,0,0
46478905-4a53-4b8a-abd3-6bf3a3c5e926,Kementerian Komunikasi dan Informatika,CPNS,UMUM,PENGENDALI FREKUENSI RADIO AHLI PERTAMA,KEMENTERIAN KOMUNIKASI DAN INFORMATIKA | DIREKTORAT JENDERAL SUMBER DAYA DAN PERANGKAT POS DAN INFORMATIKA | DIREKTORAT PENGENDALIAN SUMBER DAYA DAN PERANGKAT POS DAN INFORMATIKA | BALAI MONITOR SPEKTRUM FREKUENSI RADIO KELAS I SAMARINDA,2,0,6500000,7200000,25,0,0,0
67b8eb2c-1ded-42c9-8f77-eb094c223ebc,Kementerian Komunikasi dan Informatika,CPNS,UMUM,PENGENDALI FREKUENSI RADIO AHLI PERTAMA,KEMENTERIAN KOMUNIKASI DAN INFORMATIKA | DIREKTORAT JENDERAL SUMBER DAYA DAN PERANGKAT POS DAN INFORMATIKA | DIREKTORAT PENGENDALIAN SUMBER DAYA DAN PERANGKAT POS DAN INFORMATIKA | BALAI MONITOR SPEKTRUM FREKUENSI RADIO KELAS II BENGKULU,1,0,6500000,7200000,10,0,0,0
6819271a-f71a-477b-bd10-b35310b20e02,Kementerian Komunikasi dan Informatika,CPNS,UMUM,PENGENDALI FREKUENSI RADIO AHLI PERTAMA,KEMENTERIAN KOMUNIKASI DAN INFORMATIKA | DIREKTORAT JENDERAL SUMBER DAYA DAN PERANGKAT POS DAN INFORMATIKA | DIREKTORAT PENGENDALIAN SUMBER DAYA DAN PERANGKAT POS DAN INFORMATIKA | BALAI MONITOR SPEKTRUM FREKUENSI RADIO KELAS II PALANGKARAYA,1,0,6500000,7200000,7,0,0,0
77a4d379-3000-4aa2-8c9a-2781a8ad9b4d,Kementerian Komunikasi dan Informatika,CPNS,UMUM,PENGENDALI FREKUENSI RADIO AHLI PERTAMA,KEMENTERIAN KOMUNIKASI DAN INFORMATIKA | DIREKTORAT JENDERAL SUMBER DAYA DAN PERANGKAT POS DAN INFORMATIKA | DIREKTORAT PENGENDALIAN SUMBER DAYA DAN PERANGKAT POS DAN INFORMATIKA | BALAI MONITOR SPEKTRUM FREKUENSI RADIO KELAS I SURABAYA,2,0,6500000,7200000,166,0,0,0
7c9271bb-d06d-4172-a502-7466b76e501b,Kementerian Komunikasi dan Informatika,CPNS,UMUM,PENGENDALI FREKUENSI RADIO AHLI PERTAMA,KEMENTERIAN KOMUNIKASI DAN INFORMATIKA | DIREKTORAT JENDERAL SUMBER DAYA DAN PERANGKAT POS DAN INFORMATIKA | DIREKTORAT PENGENDALIAN SUMBER DAYA DAN PERANGKAT POS DAN INFORMATIKA | LOKA MONITOR SPEKTRUM FREKUENSI RADIO MAMUJU,1,0,6500000,7200000,8,0,0,0
8227dab8-f589-4acb-83f1-8380109053f0,Kementerian Komunikasi dan Informatika,CPNS,UMUM,PENGENDALI FREKUENSI RADIO AHLI PERTAMA,KEMENTERIAN KOMUNIKASI DAN INFORMATIKA | DIREKTORAT JENDERAL SUMBER DAYA DAN PERANGKAT POS DAN INFORMATIKA | DIREKTORAT PENGENDALIAN SUMBER DAYA DAN PERANGKAT POS DAN INFORMATIKA | BALAI MONITOR SPEKTRUM FREKUENSI RADIO KELAS II BATAM,2,0,6500000,7200000,34,0,0,0
826ca4a4-4079-4158-be9d-fb8fdd651e0e,Kementerian Komunikasi dan Informatika,CPNS,UMUM,PENGENDALI FREKUENSI RADIO AHLI PERTAMA,KEMENTERIAN KOMUNIKASI DAN INFORMATIKA | DIREKTORAT JENDERAL SUMBER DAYA DAN PERANGKAT POS DAN INFORMATIKA | DIREKTORAT PENGENDALIAN SUMBER DAYA DAN PERANGKAT POS DAN INFORMATIKA | BALAI MONITOR SPEKTRUM FREKUENSI RADIO KELAS II PALU,2,0,6500000,7200000,19,0,0,0
84a1b3c3-4eda-4593-a0e3-f7a3bd7c7df2,Kementerian Komunikasi dan Informatika,CPNS,UMUM,PENGENDALI FREKUENSI RADIO AHLI PERTAMA,KEMENTERIAN KOMUNIKASI DAN INFORMATIKA | DIREKTORAT JENDERAL SUMBER DAYA DAN PERANGKAT POS DAN INFORMATIKA | DIREKTORAT PENGENDALIAN SUMBER DAYA DAN PERANGKAT POS DAN INFORMATIKA | BALAI MONITOR SPEKTRUM FREKUENSI RADIO KELAS I DENPASAR,2,0,6500000,7200000,44,0,0,0
86b7ae30-02a7-4e3d-b574-86c1832b5e94,Kementerian Komunikasi dan Informatika,CPNS,UMUM,PENGENDALI FREKUENSI RADIO AHLI PERTAMA,KEMENTERIAN KOMUNIKASI DAN INFORMATIKA | DIREKTORAT JENDERAL SUMBER DAYA DAN PERANGKAT POS DAN INFORMATIKA | DIREKTORAT PENGENDALIAN SUMBER DAYA DAN PERANGKAT POS DAN INFORMATIKA | BALAI MONITOR SPEKTRUM FREKUENSI RADIO KELAS II MANADO,1,0,6500000,7200000,14,0,0,0
8cbae387-b196-47aa-aa09-03a9f3e674c5,Kementerian Komunikasi dan Informatika,CPNS,UMUM,PENGENDALI FREKUENSI RADIO AHLI PERTAMA,KEMENTERIAN KOMUNIKASI DAN INFORMATIKA | DIREKTORAT JENDERAL SUMBER DAYA DAN PERANGKAT POS DAN INFORMATIKA | DIREKTORAT PENGENDALIAN SUMBER DAYA DAN PERANGKAT POS DAN INFORMATIKA | BALAI MONITOR SPEKTRUM FREKUENSI RADIO KELAS II LAMPUNG,2,0,6500000,7200000,56,0,0,0
96935e49-6583-4b55-a19a-06cf2045fe17,Kementerian Komunikasi dan Informatika,CPNS,UMUM,PENGENDALI FREKUENSI RADIO AHLI PERTAMA,KEMENTERIAN KOMUNIKASI DAN INFORMATIKA | DIREKTORAT JENDERAL SUMBER DAYA DAN PERANGKAT POS DAN INFORMATIKA | DIREKTORAT PENGENDALIAN SUMBER DAYA DAN PERANGKAT POS DAN INFORMATIKA | BALAI MONITOR SPEKTRUM FREKUENSI RADIO KELAS II BANDA ACEH,2,0,6500000,7200000,77,0,0,0
a0d8a252-3d3c-4186-b470-ebfd9aabe285,Kementerian Komunikasi dan Informatika,CPNS,UMUM,PENGENDALI FREKUENSI RADIO AHLI PERTAMA,KEMENTERIAN KOMUNIKASI DAN INFORMATIKA | DIREKTORAT JENDERAL SUMBER DAYA DAN PERANGKAT POS DAN INFORMATIKA | DIREKTORAT PENGENDALIAN SUMBER DAYA DAN PERANGKAT POS DAN INFORMATIKA | BALAI MONITOR SPEKTRUM FREKUENSI RADIO KELAS II MERAUKE,1,0,6500000,7200000,10,0,0,0
a17d5a74-b112-48b6-96ec-4d038d63b3f6,Kementerian Komunikasi dan Informatika,CPNS,UMUM,PENGENDALI FREKUENSI RADIO AHLI PERTAMA,KEMENTERIAN KOMUNIKASI DAN INFORMATIKA | DIREKTORAT JENDERAL SUMBER DAYA DAN PERANGKAT POS DAN INFORMATIKA | DIREKTORAT PENGENDALIAN SUMBER DAYA DAN PERANGKAT POS DAN INFORMATIKA | BALAI MONITOR SPEKTRUM FREKUENSI RADIO KELAS II MATARAM,2,0,6500000,7200000,38,0,0,0
a7a5c9ce-0e0c-49b7-bb22-77a5f620d635,Kementerian Komunikasi dan Informatika,CPNS,UMUM,PENGENDALI FREKUENSI RADIO AHLI PERTAMA,KEMENTERIAN KOMUNIKASI DAN INFORMATIKA | DIREKTORAT JENDERAL SUMBER DAYA DAN PERANGKAT POS DAN INFORMATIKA | DIREKTORAT PENGENDALIAN SUMBER DAYA DAN PERANGKAT POS DAN INFORMATIKA | BALAI MONITOR SPEKTRUM FREKUENSI RADIO KELAS I TANGERANG,2,0,6500000,7200000,42,0,0,0
a8fea3bb-eb98-4357-8f0d-7efda7ad54af,Kementerian Komunikasi dan Informatika,CPNS,UMUM,PENGENDALI FREKUENSI RADIO AHLI PERTAMA,KEMENTERIAN KOMUNIKASI DAN INFORMATIKA | DIREKTORAT JENDERAL SUMBER DAYA DAN PERANGKAT POS DAN INFORMATIKA | DIREKTORAT PENGENDALIAN SUMBER DAYA DAN PERANGKAT POS DAN INFORMATIKA | BALAI MONITOR SPEKTRUM FREKUENSI RADIO KELAS I MAKASSAR,2,0,6500000,7200000,95,0,0,0
cdff83f0-bfed-4a2d-bac9-ef7fecc82b76,Kementerian Komunikasi dan Informatika,CPNS,UMUM,PENGENDALI FREKUENSI RADIO AHLI PERTAMA,KEMENTERIAN KOMUNIKASI DAN INFORMATIKA | DIREKTORAT JENDERAL SUMBER DAYA DAN PERANGKAT POS DAN INFORMATIKA | DIREKTORAT PENGENDALIAN SUMBER DAYA DAN PERANGKAT POS DAN INFORMATIKA | BALAI MONITOR SPEKTRUM FREKUENSI RADIO KELAS II PONTIANAK,1,0,6500000,7200000,16,0,0,0
eea3f23c-3250-4498-a932-17bb0c876fc6,Kementerian Komunikasi dan Informatika,CPNS,UMUM,PENGENDALI FREKUENSI RADIO AHLI PERTAMA,KEMENTERIAN KOMUNIKASI DAN INFORMATIKA | DIREKTORAT JENDERAL SUMBER DAYA DAN PERANGKAT POS DAN INFORMATIKA | DIREKTORAT PENGENDALIAN SUMBER DAYA DAN PERANGKAT POS DAN INFORMATIKA | BALAI MONITOR SPEKTRUM FREKUENSI RADIO KELAS II BANJARMASIN,1,0,6500000,7200000,14,0,0,0
f00913ec-fafa-4b7a-bdb4-8f6acaea0fc7,Kementerian Komunikasi dan Informatika,CPNS,UMUM,PENGENDALI FREKUENSI RADIO AHLI PERTAMA,KEMENTERIAN KOMUNIKASI DAN INFORMATIKA | DIREKTORAT JENDERAL SUMBER DAYA DAN PERANGKAT POS DAN INFORMATIKA | DIREKTORAT PENGENDALIAN SUMBER DAYA DAN PERANGKAT POS DAN INFORMATIKA | BALAI MONITOR SPEKTRUM FREKUENSI RADIO KELAS I MEDAN,2,0,6500000,7200000,59,0,0,0
fa58112f-6d30-48d0-90b5-80fef741e063,Kementerian Komunikasi dan Informatika,CPNS,UMUM,PENGENDALI FREKUENSI RADIO AHLI PERTAMA,KEMENTERIAN KOMUNIKASI DAN INFORMATIKA | DIREKTORAT JENDERAL SUMBER DAYA DAN PERANGKAT POS DAN INFORMATIKA | DIREKTORAT PENGENDALIAN SUMBER DAYA DAN PERANGKAT POS DAN INFORMATIKA | BALAI MONITOR SPEKTRUM FREKUENSI RADIO KELAS II PADANG,2,0,6500000,7200000,60,0,0,0
feb25d42-4283-4d48-ad78-18d1f75fdfc2,Kementerian Komunikasi dan Informatika,CPNS,UMUM,PENGENDALI FREKUENSI RADIO AHLI PERTAMA,KEMENTERIAN KOMUNIKASI DAN INFORMATIKA | DIREKTORAT JENDERAL SUMBER DAYA DAN PERANGKAT POS DAN INFORMATIKA | DIREKTORAT PENGENDALIAN SUMBER DAYA DAN PERANGKAT POS DAN INFORMATIKA | LOKA MONITOR SPEKTRUM FREKUENSI RADIO PANGKAL PINANG,1,0,6500000,7200000,17,0,0,0
1151c914-b014-4ad0-8dd0-bec36eb275b0,Kementerian Komunikasi dan Informatika,CPNS,UMUM,PENGUJI PERANGKAT TELEKOMUNIKASI AHLI PERTAMA,KEMENTERIAN KOMUNIKASI DAN INFORMATIKA | DIREKTORAT JENDERAL SUMBER DAYA DAN PERANGKAT POS DAN INFORMATIKA | BALAI BESAR PENGUJIAN PERANGKAT TELEKOMUNIKASI,5,0,6500000,7200000,452,0,0,0
c5f2b72d-405d-471b-a0fc-069b6988b618,Kementerian Komunikasi dan Informatika,CPNS,LULUSAN TERBAIK,PERENCANA AHLI PERTAMA,KEMENTERIAN KOMUNIKASI DAN INFORMATIKA | DIREKTORAT JENDERAL PENYELENGGARAAN POS DAN INFORMATIKA | DIREKTORAT PENGEMBANGAN PITALEBAR,1,0,6500000,7200000,17,0,0,0
fb144ef8-8465-4c3c-907d-ccb2080e871f,Kementerian Komunikasi dan Informatika,CPNS,LULUSAN TERBAIK,PERENCANA AHLI PERTAMA,KEMENTERIAN KOMUNIKASI DAN INFORMATIKA | DIREKTORAT JENDERAL PENYELENGGARAAN POS DAN INFORMATIKA | DIREKTORAT PENGENDALIAN POS DAN INFORMATIKA,1,0,6500000,7200000,3,0,0,0
422f4833-5fba-4d1e-9851-57315c14fba0,Kementerian Komunikasi dan Informatika,CPNS,UMUM,PRANATA HUBUNGAN MASYARAKAT AHLI PERTAMA,LEMBAGA PENYIARAN PUBLIK RADIO REPUBLIK INDONESIA | DIREKTUR UTAMA LPP RRI | DIREKTORAT LAYANAN DAN PENGEMBANGAN USAHA,5,1,5000000,5712700,807,0,0,0
8a03849a9149c64e019149fadf851e82,Kementerian Komunikasi dan Informatika,CPNS,PUTRA/PUTRI KALIMANTAN,PRANATA KOMPUTER AHLI PERTAMA,KEMENTERIAN KOMUNIKASI DAN INFORMATIKA | DIREKTORAT JENDERAL APLIKASI INFORMATIKA | DIREKTORAT LAYANAN APLIKASI INFORMATIKA PEMERINTAHAN,4,0,6500000,7200000,17,0,0,0
16e3ac6c-4042-469e-8a1b-c5d5b335c8e2,Kementerian Komunikasi dan Informatika,CPNS,UMUM,PRANATA KOMPUTER AHLI PERTAMA,KEMENTERIAN KOMUNIKASI DAN INFORMATIKA | BADAN PENELITIAN DAN PENGEMBANGAN SUMBER DAYA MANUSIA | PUSAT PENGEMBANGAN PROFESI DAN SERTIFIKASI,1,0,6500000,7200000,26,0,0,0
9799cd09-b458-427f-8604-7351f6cc1cc9,Kementerian Komunikasi dan Informatika,CPNS,UMUM,PRANATA KOMPUTER AHLI PERTAMA,KEMENTERIAN KOMUNIKASI DAN INFORMATIKA | BADAN PENELITIAN DAN PENGEMBANGAN SUMBER DAYA MANUSIA | BALAI PENGEMBANGAN SUMBER DAYA MANUSIA DAN PENELITIAN KOMUNIKASI DAN INFORMATIKA SURABAYA | SUBBAGIAN UMUM,1,0,6500000,7200000,43,0,0,0
d9c60603-9785-443c-bbba-eb92ffaa673b,Kementerian Komunikasi dan Informatika,CPNS,UMUM,PRANATA KOMPUTER AHLI PERTAMA,KEMENTERIAN KOMUNIKASI DAN INFORMATIKA | DIREKTORAT JENDERAL APLIKASI INFORMATIKA | DIREKTORAT LAYANAN APLIKASI INFORMATIKA PEMERINTAHAN,17,0,6500000,7200000,220,0,0,0
8a03849f914ed85101914edc99fc0218,Kementerian Komunikasi dan Informatika,CPNS,PUTRA/PUTRI PAPUA DAN PAPUA BARAT,TEKNISI SIARAN AHLI PERTAMA,LEMBAGA PENYIARAN PUBLIK RADIO REPUBLIK INDONESIA | STASIUN PENYIARAN LPP RRI MERAUKE,1,0,5000000,5712700,0,0,0,0
8a03849f914ed85101914eec69361473,Kementerian Komunikasi dan Informatika,CPNS,PUTRA/PUTRI PAPUA DAN PAPUA BARAT,TEKNISI SIARAN AHLI PERTAMA,LEMBAGA PENYIARAN PUBLIK RADIO REPUBLIK INDONESIA | STASIUN PENYIARAN LPP RRI WAMENA,1,0,5000000,5712700,1,0,0,0
8a03849f914ed85101914eedf7bd15bb,Kementerian Komunikasi dan Informatika,CPNS,PUTRA/PUTRI PAPUA DAN PAPUA BARAT,TEKNISI SIARAN AHLI PERTAMA,LEMBAGA PENYIARAN PUBLIK RADIO REPUBLIK INDONESIA | STASIUN PENYIARAN LPP RRI FAKFAK,1,0,5000000,5712700,0,0,0,0
8a03849f914ed85101914eefbca21a15,Kementerian Komunikasi dan Informatika,CPNS,PUTRA/PUTRI PAPUA DAN PAPUA BARAT,TEKNISI SIARAN AHLI PERTAMA,LEMBAGA PENYIARAN PUBLIK RADIO REPUBLIK INDONESIA | STASIUN PENYIARAN LPP RRI SORONG,1,0,5000000,5712700,0,0,0,0
8a03849f914ed85101914ef8b6ec2b74,Kementerian Komunikasi dan Informatika,CPNS,PUTRA/PUTRI PAPUA DAN PAPUA BARAT,TEKNISI SIARAN AHLI PERTAMA,LEMBAGA PENYIARAN PUBLIK RADIO REPUBLIK INDONESIA | STASIUN PENYIARAN LPP RRI NABIRE,1,0,5000000,5712700,1,0,0,0
8a03849f914ed85101914efd4ee031f6,Kementerian Komunikasi dan Informatika,CPNS,PUTRA/PUTRI PAPUA DAN PAPUA BARAT,TEKNISI SIARAN AHLI PERTAMA,LEMBAGA PENYIARAN PUBLIK RADIO REPUBLIK INDONESIA | STASIUN PENYIARAN LPP RRI SERUI,1,0,5000000,5712700,1,0,0,0
8a03849f914ed85101914f0a9cc748f1,Kementerian Komunikasi dan Informatika,CPNS,PUTRA/PUTRI PAPUA DAN PAPUA BARAT,TEKNISI SIARAN AHLI PERTAMA,LEMBAGA PENYIARAN PUBLIK RADIO REPUBLIK INDONESIA | STASIUN PENYIARAN LPP RRI BOVENDIGOEL,1,0,5000000,5712700,0,0,0,0
8a03849f914ed85101914f0f068a5432,Kementerian Komunikasi dan Informatika,CPNS,PUTRA/PUTRI PAPUA DAN PAPUA BARAT,TEKNISI SIARAN AHLI PERTAMA,LEMBAGA PENYIARAN PUBLIK RADIO REPUBLIK INDONESIA | STASIUN PENYIARAN LPP RRI BIAK,1,0,5000000,5712700,1,0,0,0
8a03849f914ed85101914f9b1fee6dca,Kementerian Komunikasi dan Informatika,CPNS,PUTRA/PUTRI PAPUA DAN PAPUA BARAT,TEKNISI SIARAN AHLI PERTAMA,LEMBAGA PENYIARAN  PUBLIK TELEVISI REPUBLIK INDONESIA | TVRI STASIUN PAPUA,1,0,5000000,5184700,1,0,0,0
8a03849f914ed85101914f9fe28e7648,Kementerian Komunikasi dan Informatika,CPNS,PUTRA/PUTRI PAPUA DAN PAPUA BARAT,TEKNISI SIARAN AHLI PERTAMA,LEMBAGA PENYIARAN  PUBLIK TELEVISI REPUBLIK INDONESIA | TVRI STASIUN PAPUA BARAT,4,0,5000000,5184700,2,0,0,0
8a03849f914ed85101914fa4b34c7b4d,Kementerian Komunikasi dan Informatika,CPNS,PUTRA/PUTRI KALIMANTAN,TEKNISI SIARAN AHLI PERTAMA,LEMBAGA PENYIARAN  PUBLIK TELEVISI REPUBLIK INDONESIA | DIREKTORAT TEKNIK,4,0,5000000,5184700,7,0,0,0
01a4bc9d-e081-44ce-9555-de7c2a541e51,Kementerian Komunikasi dan Informatika,CPNS,UMUM,TEKNISI SIARAN AHLI PERTAMA,LEMBAGA PENYIARAN  PUBLIK TELEVISI REPUBLIK INDONESIA | TVRI STASIUN JAWA TENGAH,4,0,5000000,5184700,26,0,0,0
0bf339af-e32b-4eb5-8a64-0eea5355d128,Kementerian Komunikasi dan Informatika,CPNS,UMUM,TEKNISI SIARAN AHLI PERTAMA,LEMBAGA PENYIARAN PUBLIK RADIO REPUBLIK INDONESIA | STASIUN PENYIARAN LPP RRI MEULABOH,2,0,5000000,5712700,9,0,0,0
0ceb7796-470c-46de-9b62-7931d516bdfd,Kementerian Komunikasi dan Informatika,CPNS,UMUM,TEKNISI SIARAN AHLI PERTAMA,LEMBAGA PENYIARAN PUBLIK RADIO REPUBLIK INDONESIA | STASIUN PENYIARAN LPP RRI CIREBON,3,0,5000000,5712700,16,0,0,0
0e748bdd-2a93-4848-94c3-b310420d2576,Kementerian Komunikasi dan Informatika,CPNS,UMUM,TEKNISI SIARAN AHLI PERTAMA,LEMBAGA PENYIARAN  PUBLIK TELEVISI REPUBLIK INDONESIA | TVRI STASIUN PAPUA BARAT,4,0,5000000,5184700,5,0,0,0
10a2c13a-74f2-472b-89b4-333724ddfd07,Kementerian Komunikasi dan Informatika,CPNS,UMUM,TEKNISI SIARAN AHLI PERTAMA,LEMBAGA PENYIARAN PUBLIK RADIO REPUBLIK INDONESIA | STASIUN PENYIARAN LPP RRI AMBON,3,0,5000000,5712700,10,0,0,0
12334a81-50e1-40f1-b69f-b846421a2322,Kementerian Komunikasi dan Informatika,CPNS,UMUM,TEKNISI SIARAN AHLI PERTAMA,LEMBAGA PENYIARAN  PUBLIK TELEVISI REPUBLIK INDONESIA | TVRI STASIUN KALIMANTAN UTARA,9,0,5000000,5184700,17,0,0,0
15207848-395b-4485-9e68-6ed9d9a92c1d,Kementerian Komunikasi dan Informatika,CPNS,UMUM,TEKNISI SIARAN AHLI PERTAMA,LEMBAGA PENYIARAN  PUBLIK TELEVISI REPUBLIK INDONESIA | TVRI STASIUN SUMATERA UTARA,2,0,5000000,5184700,4,0,0,0
16f1584e-65cf-432c-905e-0238ff788949,Kementerian Komunikasi dan Informatika,CPNS,UMUM,TEKNISI SIARAN AHLI PERTAMA,LEMBAGA PENYIARAN PUBLIK RADIO REPUBLIK INDONESIA | STASIUN PENYIARAN LPP RRI SURAKARTA,3,0,5000000,5712700,272,0,0,0
1896d4d8-8471-435b-a1da-f5ad407605bf,Kementerian Komunikasi dan Informatika,CPNS,UMUM,TEKNISI SIARAN AHLI PERTAMA,LEMBAGA PENYIARAN  PUBLIK TELEVISI REPUBLIK INDONESIA | TVRI STASIUN JAWA BARAT,5,0,5000000,5184700,20,0,0,0
1acdf6fd-72f5-40a5-bd30-131866b0da5a,Kementerian Komunikasi dan Informatika,CPNS,UMUM,TEKNISI SIARAN AHLI PERTAMA,LEMBAGA PENYIARAN PUBLIK RADIO REPUBLIK INDONESIA | STASIUN PENYIARAN LPP RRI GUNUNG SITOLI,2,0,5000000,5712700,2,0,0,0
1b5a68cc-c917-4ee7-be37-e46e749ba677,Kementerian Komunikasi dan Informatika,CPNS,UMUM,TEKNISI SIARAN AHLI PERTAMA,LEMBAGA PENYIARAN PUBLIK RADIO REPUBLIK INDONESIA | STASIUN PENYIARAN LPP RRI PADANG,3,0,5000000,5712700,25,0,0,0
1da9c5b8-d683-4664-8009-fde3e61f5831,Kementerian Komunikasi dan Informatika,CPNS,UMUM,TEKNISI SIARAN AHLI PERTAMA,LEMBAGA PENYIARAN  PUBLIK TELEVISI REPUBLIK INDONESIA | TVRI STASIUN KEPULAUAN RIAU,9,0,5000000,5184700,25,0,0,0
1ec4b791-19c0-48f8-916a-2da91215cfa0,Kementerian Komunikasi dan Informatika,CPNS,UMUM,TEKNISI SIARAN AHLI PERTAMA,LEMBAGA PENYIARAN  PUBLIK TELEVISI REPUBLIK INDONESIA | TVRI STASIUN JAWA TIMUR,1,0,5000000,5184700,6,0,0,0
2525fa64-0d89-4f2c-b213-79fc385eaad3,Kementerian Komunikasi dan Informatika,CPNS,UMUM,TEKNISI SIARAN AHLI PERTAMA,LEMBAGA PENYIARAN PUBLIK RADIO REPUBLIK INDONESIA | STASIUN PENYIARAN LPP RRI BOVENDIGOEL,2,0,5000000,5712700,3,0,0,0
28549a23-314e-4a11-8d37-c67dde87ce01,Kementerian Komunikasi dan Informatika,CPNS,UMUM,TEKNISI SIARAN AHLI PERTAMA,LEMBAGA PENYIARAN PUBLIK RADIO REPUBLIK INDONESIA | STASIUN PENYIARAN LPP RRI PEKANBARU,3,0,5000000,5712700,29,0,0,0
2e654d8d-16af-4f3c-b4fb-06b16edbc44e,Kementerian Komunikasi dan Informatika,CPNS,UMUM,TEKNISI SIARAN AHLI PERTAMA,LEMBAGA PENYIARAN PUBLIK RADIO REPUBLIK INDONESIA | STASIUN PENYIARAN LPP RRI MAKASSAR,2,0,5000000,5712700,29,0,0,0
2ec1b1eb-fdaa-4d71-ab45-fcd5ba264534,Kementerian Komunikasi dan Informatika,CPNS,UMUM,TEKNISI SIARAN AHLI PERTAMA,LEMBAGA PENYIARAN PUBLIK RADIO REPUBLIK INDONESIA | STASIUN PENYIARAN LPP RRI SUNGAILIAT,4,0,5000000,5712700,16,0,0,0
30421b80-20f6-4822-8ddc-188a8112e8a8,Kementerian Komunikasi dan Informatika,CPNS,UMUM,TEKNISI SIARAN AHLI PERTAMA,LEMBAGA PENYIARAN PUBLIK RADIO REPUBLIK INDONESIA | STASIUN PENYIARAN LPP RRI PALEMBANG,3,0,5000000,5712700,55,0,0,0
320e41c8-dbec-4310-bb69-be67402e3b3f,Kementerian Komunikasi dan Informatika,CPNS,UMUM,TEKNISI SIARAN AHLI PERTAMA,LEMBAGA PENYIARAN PUBLIK RADIO REPUBLIK INDONESIA | STASIUN PENYIARAN LPP RRI MALANG,3,0,5000000,5712700,35,0,0,0
34eafcf2-3e46-4a5a-91c5-c9427afb4db2,Kementerian Komunikasi dan Informatika,CPNS,UMUM,TEKNISI SIARAN AHLI PERTAMA,LEMBAGA PENYIARAN PUBLIK RADIO REPUBLIK INDONESIA | STASIUN PENYIARAN LPP RRI JAYAPURA,3,0,5000000,5712700,13,0,0,0
366a326f-a06e-448c-9971-cf5d87962159,Kementerian Komunikasi dan Informatika,CPNS,UMUM,TEKNISI SIARAN AHLI PERTAMA,LEMBAGA PENYIARAN PUBLIK RADIO REPUBLIK INDONESIA | STASIUN PENYIARAN LPP RRI TOLI-TOLI,3,0,5000000,5712700,3,0,0,0
38ad9ee1-65d9-4fc3-a1d9-2d5db8f7efbc,Kementerian Komunikasi dan Informatika,CPNS,UMUM,TEKNISI SIARAN AHLI PERTAMA,LEMBAGA PENYIARAN PUBLIK RADIO REPUBLIK INDONESIA | STASIUN PENYIARAN LPP RRI RANAI,2,0,5000000,5712700,8,0,0,0
397ec27f-05c3-426b-984b-f465ad0c7949,Kementerian Komunikasi dan Informatika,CPNS,UMUM,TEKNISI SIARAN AHLI PERTAMA,LEMBAGA PENYIARAN  PUBLIK TELEVISI REPUBLIK INDONESIA | TVRI STASIUN KALIMANTAN BARAT,3,0,5000000,5184700,6,0,0,0
3b669803-de14-4b4f-88e2-7ef388f169e6,Kementerian Komunikasi dan Informatika,CPNS,UMUM,TEKNISI SIARAN AHLI PERTAMA,LEMBAGA PENYIARAN PUBLIK RADIO REPUBLIK INDONESIA | STASIUN PENYIARAN LPP RRI TARAKAN,3,0,5000000,5712700,15,0,0,0
3dbe6906-e929-4ff3-a743-2364377c0c6c,Kementerian Komunikasi dan Informatika,CPNS,UMUM,TEKNISI SIARAN AHLI PERTAMA,LEMBAGA PENYIARAN  PUBLIK TELEVISI REPUBLIK INDONESIA | TVRI STASIUN JAMBI,3,0,5000000,5184700,21,0,0,0
3e22f92f-44cf-48cb-b49d-1dfaf5cc6893,Kementerian Komunikasi dan Informatika,CPNS,UMUM,TEKNISI SIARAN AHLI PERTAMA,LEMBAGA PENYIARAN PUBLIK RADIO REPUBLIK INDONESIA | STASIUN PENYIARAN LPP RRI ENTIKONG,2,0,5000000,5712700,7,0,0,0
410cba3f-c8b8-4963-b5e8-e5dcfc233613,Kementerian Komunikasi dan Informatika,CPNS,UMUM,TEKNISI SIARAN AHLI PERTAMA,LEMBAGA PENYIARAN PUBLIK RADIO REPUBLIK INDONESIA | STASIUN PENYIARAN LPP RRI TAHUNA,2,0,5000000,5712700,8,0,0,0
420717c8-687d-41ea-b1b4-98f3362bec0b,Kementerian Komunikasi dan Informatika,CPNS,UMUM,TEKNISI SIARAN AHLI PERTAMA,LEMBAGA PENYIARAN PUBLIK RADIO REPUBLIK INDONESIA | STASIUN PENYIARAN LPP RRI JEMBER,3,0,5000000,5712700,14,0,0,0
4302fbaa-a987-4920-b547-ba27a9ed1889,Kementerian Komunikasi dan Informatika,CPNS,UMUM,TEKNISI SIARAN AHLI PERTAMA,LEMBAGA PENYIARAN PUBLIK RADIO REPUBLIK INDONESIA | STASIUN PENYIARAN LPP RRI BUKITTINGGI,3,0,5000000,5712700,33,0,0,0
45f03b0f-4d7b-4b2a-9462-eff2209aa524,Kementerian Komunikasi dan Informatika,CPNS,UMUM,TEKNISI SIARAN AHLI PERTAMA,LEMBAGA PENYIARAN PUBLIK RADIO REPUBLIK INDONESIA | STASIUN PENYIARAN LPP RRI NABIRE,2,0,5000000,5712700,6,0,0,0
48d45dd3-66f4-4060-81e0-c0e46e0c490c,Kementerian Komunikasi dan Informatika,CPNS,UMUM,TEKNISI SIARAN AHLI PERTAMA,LEMBAGA PENYIARAN PUBLIK RADIO REPUBLIK INDONESIA | STASIUN PENYIARAN LPP RRI MEDAN,3,0,5000000,5712700,102,0,0,0
4e9bfcb3-6228-47e4-9f83-41b42c88b1eb,Kementerian Komunikasi dan Informatika,CPNS,UMUM,TEKNISI SIARAN AHLI PERTAMA,LEMBAGA PENYIARAN  PUBLIK TELEVISI REPUBLIK INDONESIA | TVRI STASIUN NUSA TENGGARA TIMUR,2,0,5000000,5184700,4,0,0,0
573423ef-bd62-4582-b864-56867b520b1d,Kementerian Komunikasi dan Informatika,CPNS,UMUM,TEKNISI SIARAN AHLI PERTAMA,LEMBAGA PENYIARAN  PUBLIK TELEVISI REPUBLIK INDONESIA | TVRI STASIUN PAPUA,2,0,5000000,5184700,4,0,0,0
5855bb61-8a30-45d2-90cd-4621feabc9f2,Kementerian Komunikasi dan Informatika,CPNS,UMUM,TEKNISI SIARAN AHLI PERTAMA,LEMBAGA PENYIARAN PUBLIK RADIO REPUBLIK INDONESIA | STASIUN PENYIARAN LPP RRI SAMARINDA,4,0,5000000,5712700,19,0,0,0
5b716e4e-7ae8-4caa-90e8-db5228d44e7c,Kementerian Komunikasi dan Informatika,CPNS,UMUM,TEKNISI SIARAN AHLI PERTAMA,LEMBAGA PENYIARAN PUBLIK RADIO REPUBLIK INDONESIA | STASIUN PENYIARAN LPP RRI BIAK,2,0,5000000,5712700,3,0,0,0
5c6eb1df-fe9e-49e7-99b8-6a971cfa5ee8,Kementerian Komunikasi dan Informatika,CPNS,UMUM,TEKNISI SIARAN AHLI PERTAMA,LEMBAGA PENYIARAN PUBLIK RADIO REPUBLIK INDONESIA | STASIUN PENYIARAN LPP RRI TAKENGON,2,0,5000000,5712700,21,0,0,0
5cec8246-2b72-49e8-9d99-0247f09429e9,Kementerian Komunikasi dan Informatika,CPNS,UMUM,TEKNISI SIARAN AHLI PERTAMA,LEMBAGA PENYIARAN PUBLIK RADIO REPUBLIK INDONESIA | STASIUN PENYIARAN LPP RRI MATARAM,3,0,5000000,5712700,15,0,0,0
61515ac8-061b-408d-93ef-aa1d75f56e0f,Kementerian Komunikasi dan Informatika,CPNS,UMUM,TEKNISI SIARAN AHLI PERTAMA,LEMBAGA PENYIARAN PUBLIK RADIO REPUBLIK INDONESIA | STASIUN PENYIARAN LPP RRI SERUI,2,0,5000000,5712700,5,0,0,0
6735a8f8-b270-45b5-8dc6-ca6fc6511a86,Kementerian Komunikasi dan Informatika,CPNS,UMUM,TEKNISI SIARAN AHLI PERTAMA,LEMBAGA PENYIARAN PUBLIK RADIO REPUBLIK INDONESIA | STASIUN PENYIARAN LPP RRI BANDUNG,2,0,5000000,5712700,94,0,0,0
68ceb6a8-96ca-4776-9200-2ff9d92cb8e2,Kementerian Komunikasi dan Informatika,CPNS,UMUM,TEKNISI SIARAN AHLI PERTAMA,LEMBAGA PENYIARAN PUBLIK RADIO REPUBLIK INDONESIA | STASIUN PENYIARAN LPP RRI YOGYAKARTA,3,0,5000000,5712700,139,0,0,0
6ca390d3-f9bd-4f7c-b267-4436448701ca,Kementerian Komunikasi dan Informatika,CPNS,UMUM,TEKNISI SIARAN AHLI PERTAMA,LEMBAGA PENYIARAN  PUBLIK TELEVISI REPUBLIK INDONESIA | TVRI STASIUN MALUKU,2,0,5000000,5184700,6,0,0,0
70719e07-482e-4cb1-8463-003fef3af10c,Kementerian Komunikasi dan Informatika,CPNS,UMUM,TEKNISI SIARAN AHLI PERTAMA,LEMBAGA PENYIARAN PUBLIK RADIO REPUBLIK INDONESIA | STASIUN PENYIARAN LPP RRI DENPASAR,3,0,5000000,5712700,15,0,0,0
71564c5d-b6cb-425c-b5e0-dada26d038a9,Kementerian Komunikasi dan Informatika,CPNS,UMUM,TEKNISI SIARAN AHLI PERTAMA,LEMBAGA PENYIARAN PUBLIK RADIO REPUBLIK INDONESIA | STASIUN PENYIARAN LPP RRI PONTIANAK,3,0,5000000,5712700,15,0,0,0
753fe236-2645-4dc7-a26d-d6d9a563ed65,Kementerian Komunikasi dan Informatika,CPNS,UMUM,TEKNISI SIARAN AHLI PERTAMA,LEMBAGA PENYIARAN  PUBLIK TELEVISI REPUBLIK INDONESIA | TVRI STASIUN KALIMANTAN SELATAN,2,0,5000000,5184700,4,0,0,0
7ff7fdeb-8ea6-4a9e-936f-39756d6c521c,Kementerian Komunikasi dan Informatika,CPNS,UMUM,TEKNISI SIARAN AHLI PERTAMA,LEMBAGA PENYIARAN PUBLIK RADIO REPUBLIK INDONESIA | STASIUN PENYIARAN LPP RRI ATAMBUA,2,0,5000000,5712700,5,0,0,0
821f85cc-7de6-459d-9ebc-dc963748654f,Kementerian Komunikasi dan Informatika,CPNS,UMUM,TEKNISI SIARAN AHLI PERTAMA,LEMBAGA PENYIARAN  PUBLIK TELEVISI REPUBLIK INDONESIA | DIREKTORAT TEKNIK,34,0,5000000,5184700,160,0,0,0
8a4321ff-4a78-4ad6-8f05-14ca0851e448,Kementerian Komunikasi dan Informatika,CPNS,UMUM,TEKNISI SIARAN AHLI PERTAMA,LEMBAGA PENYIARAN PUBLIK RADIO REPUBLIK INDONESIA | STASIUN PENYIARAN LPP RRI BOGOR,2,0,5000000,5712700,16,0,0,0
8d343859-f7bf-41cd-84cc-2233706f00dd,Kementerian Komunikasi dan Informatika,CPNS,UMUM,TEKNISI SIARAN AHLI PERTAMA,LEMBAGA PENYIARAN PUBLIK RADIO REPUBLIK INDONESIA | STASIUN PENYIARAN LPP RRI TERNATE,3,0,5000000,5712700,9,0,0,0
8fc61bba-97a7-4c13-8f82-f126e3628410,Kementerian Komunikasi dan Informatika,CPNS,UMUM,TEKNISI SIARAN AHLI PERTAMA,LEMBAGA PENYIARAN PUBLIK RADIO REPUBLIK INDONESIA | STASIUN PENYIARAN LPP RRI TANJUNGPINANG,3,0,5000000,5712700,10,0,0,0
8fff02cf-bcc2-4656-9bb6-364659012109,Kementerian Komunikasi dan Informatika,CPNS,UMUM,TEKNISI SIARAN AHLI PERTAMA,LEMBAGA PENYIARAN PUBLIK RADIO REPUBLIK INDONESIA | STASIUN PENYIARAN LPP RRI BANDARLAMPUNG,2,0,5000000,5712700,10,0,0,0
90779ee8-bae5-4388-b63c-b3853cc41e62,Kementerian Komunikasi dan Informatika,CPNS,UMUM,TEKNISI SIARAN AHLI PERTAMA,LEMBAGA PENYIARAN PUBLIK RADIO REPUBLIK INDONESIA | STASIUN PENYIARAN LPP RRI BANTEN,3,0,5000000,5712700,37,0,0,0
9119e4b2-0d72-4ec6-9a18-250f7cb4c336,Kementerian Komunikasi dan Informatika,CPNS,UMUM,TEKNISI SIARAN AHLI PERTAMA,LEMBAGA PENYIARAN PUBLIK RADIO REPUBLIK INDONESIA | STASIUN PENYIARAN LPP RRI MERAUKE,2,0,5000000,5712700,6,0,0,0
95e10241-9249-4a84-b046-2e8d6fe84f37,Kementerian Komunikasi dan Informatika,CPNS,UMUM,TEKNISI SIARAN AHLI PERTAMA,LEMBAGA PENYIARAN  PUBLIK TELEVISI REPUBLIK INDONESIA | TVRI STASIUN SULAWESI UTARA,3,0,5000000,5184700,4,0,0,0
9bea2cc1-7448-4ff1-b96f-ba0d6723e055,Kementerian Komunikasi dan Informatika,CPNS,UMUM,TEKNISI SIARAN AHLI PERTAMA,LEMBAGA PENYIARAN PUBLIK RADIO REPUBLIK INDONESIA | STASIUN PENYIARAN LPP RRI MANADO,3,0,5000000,5712700,7,0,0,0
9e0fb6c4-0ca1-4e7e-b0f3-52ac4f0dbf36,Kementerian Komunikasi dan Informatika,CPNS,UMUM,TEKNISI SIARAN AHLI PERTAMA,LEMBAGA PENYIARAN PUBLIK RADIO REPUBLIK INDONESIA | STASIUN PENYIARAN LPP RRI MAMUJU,3,0,5000000,5712700,39,0,0,0
a42a12fd-e76c-405f-b763-fea886e89084,Kementerian Komunikasi dan Informatika,CPNS,UMUM,TEKNISI SIARAN AHLI PERTAMA,LEMBAGA PENYIARAN PUBLIK RADIO REPUBLIK INDONESIA | STASIUN PENYIARAN LPP RRI BANDA ACEH,2,0,5000000,5712700,10,0,0,0
aaf1cbfe-8524-4525-916a-1595dc96dc3a,Kementerian Komunikasi dan Informatika,CPNS,UMUM,TEKNISI SIARAN AHLI PERTAMA,LEMBAGA PENYIARAN PUBLIK RADIO REPUBLIK INDONESIA | STASIUN PENYIARAN LPP RRI KUPANG,3,0,5000000,5712700,9,0,0,0
afd03ebb-f1ba-40c0-a1f9-2c9d88a332fe,Kementerian Komunikasi dan Informatika,CPNS,UMUM,TEKNISI SIARAN AHLI PERTAMA,LEMBAGA PENYIARAN PUBLIK RADIO REPUBLIK INDONESIA | STASIUN PENYIARAN LPP RRI FAKFAK,1,0,5000000,5712700,4,0,0,0
b0d449b4-5e6f-4113-a795-08b850f69941,Kementerian Komunikasi dan Informatika,CPNS,UMUM,TEKNISI SIARAN AHLI PERTAMA,LEMBAGA PENYIARAN PUBLIK RADIO REPUBLIK INDONESIA | STASIUN PENYIARAN LPP RRI MADIUN,3,0,5000000,5712700,28,0,0,0
b0e739e6-5b89-4c7e-b0c6-b33213a13f37,Kementerian Komunikasi dan Informatika,CPNS,UMUM,TEKNISI SIARAN AHLI PERTAMA,LEMBAGA PENYIARAN  PUBLIK TELEVISI REPUBLIK INDONESIA | TVRI STASIUN KALIMANTAN TIMUR,1,0,5000000,5184700,4,0,0,0
b2c051fd-02ad-4c4a-9f69-f93446fa2259,Kementerian Komunikasi dan Informatika,CPNS,UMUM,TEKNISI SIARAN AHLI PERTAMA,LEMBAGA PENYIARAN  PUBLIK TELEVISI REPUBLIK INDONESIA | TVRI STASIUN ACEH,4,0,5000000,5184700,13,0,0,0
b334893e-7c97-44c2-bad6-096f6faf9186,Kementerian Komunikasi dan Informatika,CPNS,UMUM,TEKNISI SIARAN AHLI PERTAMA,LEMBAGA PENYIARAN PUBLIK RADIO REPUBLIK INDONESIA | DIREKTUR UTAMA LPP RRI | DIREKTORAT TEKNOLOGI DAN MEDIA BARU,4,0,5000000,5712700,53,0,0,0
b3e300f8-9a0a-4996-b4f2-2430308e0c32,Kementerian Komunikasi dan Informatika,CPNS,UMUM,TEKNISI SIARAN AHLI PERTAMA,LEMBAGA PENYIARAN PUBLIK RADIO REPUBLIK INDONESIA | STASIUN PENYIARAN LPP RRI BANJARMASIN,3,0,5000000,5712700,18,0,0,0
b4da5466-44a6-44fc-a92d-46e6fd7fee63,Kementerian Komunikasi dan Informatika,CPNS,UMUM,TEKNISI SIARAN AHLI PERTAMA,LEMBAGA PENYIARAN PUBLIK RADIO REPUBLIK INDONESIA | STASIUN PENYIARAN LPP RRI SORONG,2,0,5000000,5712700,10,0,0,0
b9ed8f8d-9427-49f4-8ed0-c51debb4d9f9,Kementerian Komunikasi dan Informatika,CPNS,UMUM,TEKNISI SIARAN AHLI PERTAMA,LEMBAGA PENYIARAN PUBLIK RADIO REPUBLIK INDONESIA | STASIUN PENYIARAN LPP RRI PALANGKARAYA,4,0,5000000,5712700,13,0,0,0
bb338f04-3f28-487b-8ddb-97dac66d10dc,Kementerian Komunikasi dan Informatika,CPNS,UMUM,TEKNISI SIARAN AHLI PERTAMA,LEMBAGA PENYIARAN PUBLIK RADIO REPUBLIK INDONESIA | STASIUN PENYIARAN LPP RRI SIBOLGA,1,0,5000000,5712700,3,0,0,0
bff705c3-0aa6-4cbe-a70d-07ea0d22c615,Kementerian Komunikasi dan Informatika,CPNS,UMUM,TEKNISI SIARAN AHLI PERTAMA,LEMBAGA PENYIARAN  PUBLIK TELEVISI REPUBLIK INDONESIA | TVRI STASIUN GORONTALO,7,0,5000000,5184700,16,0,0,0
c234916e-07f4-4233-a7e0-684605055691,Kementerian Komunikasi dan Informatika,CPNS,UMUM,TEKNISI SIARAN AHLI PERTAMA,LEMBAGA PENYIARAN PUBLIK RADIO REPUBLIK INDONESIA | STASIUN PENYIARAN LPP RRI MANOKWARI,2,0,5000000,5712700,4,0,0,0
c25d295e-2b08-45f1-811f-7bcd138167c6,Kementerian Komunikasi dan Informatika,CPNS,UMUM,TEKNISI SIARAN AHLI PERTAMA,LEMBAGA PENYIARAN PUBLIK RADIO REPUBLIK INDONESIA | STASIUN PENYIARAN LPP RRI SINTANG,3,0,5000000,5712700,6,0,0,0
c2e2c9ec-9792-4543-8bb5-49ac2163cdc8,Kementerian Komunikasi dan Informatika,CPNS,UMUM,TEKNISI SIARAN AHLI PERTAMA,LEMBAGA PENYIARAN  PUBLIK TELEVISI REPUBLIK INDONESIA | TVRI STASIUN SULAWESI BARAT,9,0,5000000,5184700,18,0,0,0
c361d5a4-61d3-4b86-8f29-222c0696f5a1,Kementerian Komunikasi dan Informatika,CPNS,UMUM,TEKNISI SIARAN AHLI PERTAMA,LEMBAGA PENYIARAN PUBLIK RADIO REPUBLIK INDONESIA | STASIUN PENYIARAN LPP RRI PURWOKERTO,3,0,5000000,5712700,51,0,0,0
c4c90838-a9b6-4a71-9f46-48841a456eb2,Kementerian Komunikasi dan Informatika,CPNS,UMUM,TEKNISI SIARAN AHLI PERTAMA,LEMBAGA PENYIARAN PUBLIK RADIO REPUBLIK INDONESIA | STASIUN PENYIARAN LPP RRI NUNUKAN,2,0,5000000,5712700,3,0,0,0
c5d28baf-c50b-4eb6-b5fc-c5d1a8f417fa,Kementerian Komunikasi dan Informatika,CPNS,UMUM,TEKNISI SIARAN AHLI PERTAMA,LEMBAGA PENYIARAN PUBLIK RADIO REPUBLIK INDONESIA | STASIUN PENYIARAN LPP RRI KENDARI,3,0,5000000,5712700,8,0,0,0
c63ab14b-5446-49f1-a559-225e14620139,Kementerian Komunikasi dan Informatika,CPNS,UMUM,TEKNISI SIARAN AHLI PERTAMA,LEMBAGA PENYIARAN PUBLIK RADIO REPUBLIK INDONESIA | STASIUN PENYIARAN LPP RRI TUAL,2,0,5000000,5712700,6,0,0,0
cd7467d3-141b-4ef4-9d96-e3f2b976b971,Kementerian Komunikasi dan Informatika,CPNS,UMUM,TEKNISI SIARAN AHLI PERTAMA,LEMBAGA PENYIARAN  PUBLIK TELEVISI REPUBLIK INDONESIA | TVRI STASIUN BENGKULU,5,0,5000000,5184700,10,0,0,0
cdbd9aec-6e0b-4e13-af40-d303ee58b43c,Kementerian Komunikasi dan Informatika,CPNS,UMUM,TEKNISI SIARAN AHLI PERTAMA,LEMBAGA PENYIARAN  PUBLIK TELEVISI REPUBLIK INDONESIA | TVRI STASIUN NUSA TENGGARA BARAT,3,0,5000000,5184700,11,0,0,0
ce08da41-671b-4e52-ab54-13b9dd064441,Kementerian Komunikasi dan Informatika,CPNS,UMUM,TEKNISI SIARAN AHLI PERTAMA,LEMBAGA PENYIARAN PUBLIK RADIO REPUBLIK INDONESIA | STASIUN PENYIARAN LPP RRI BENGKULU,3,0,5000000,5712700,13,0,0,0
d41e6441-e804-4f41-b153-620787f1cb76,Kementerian Komunikasi dan Informatika,CPNS,UMUM,TEKNISI SIARAN AHLI PERTAMA,LEMBAGA PENYIARAN PUBLIK RADIO REPUBLIK INDONESIA | STASIUN PENYIARAN LPP RRI GORONTALO,3,0,5000000,5712700,14,0,0,0
d6260ddc-112e-4c0e-866d-89181e4160cf,Kementerian Komunikasi dan Informatika,CPNS,UMUM,TEKNISI SIARAN AHLI PERTAMA,LEMBAGA PENYIARAN  PUBLIK TELEVISI REPUBLIK INDONESIA | TVRI STASIUN D.I. YOGYAKARTA,1,0,5000000,5184700,3,0,0,0
d62b1de5-f2ce-4d5f-8074-3dbe432fef7b,Kementerian Komunikasi dan Informatika,CPNS,UMUM,TEKNISI SIARAN AHLI PERTAMA,LEMBAGA PENYIARAN PUBLIK RADIO REPUBLIK INDONESIA | STASIUN PENYIARAN LPP RRI SEMARANG,3,0,5000000,5712700,25,0,0,0
dc22b857-a15e-4a03-ab20-ae4970b58414,Kementerian Komunikasi dan Informatika,CPNS,UMUM,TEKNISI SIARAN AHLI PERTAMA,LEMBAGA PENYIARAN  PUBLIK TELEVISI REPUBLIK INDONESIA | TVRI STASIUN KALIMANTAN TENGAH,3,0,5000000,5184700,8,0,0,0
dd301f7b-0d4d-4dc9-9587-8fb245dee8b1,Kementerian Komunikasi dan Informatika,CPNS,UMUM,TEKNISI SIARAN AHLI PERTAMA,LEMBAGA PENYIARAN PUBLIK RADIO REPUBLIK INDONESIA | STASIUN PENYIARAN LPP RRI PALU,3,0,5000000,5712700,9,0,0,0
e00a5cb0-24e3-4bff-8ff2-ae6a5cd8a830,Kementerian Komunikasi dan Informatika,CPNS,UMUM,TEKNISI SIARAN AHLI PERTAMA,LEMBAGA PENYIARAN PUBLIK RADIO REPUBLIK INDONESIA | STASIUN PENYIARAN LPP RRI JAMBI,3,0,5000000,5712700,13,0,0,0
e236fbbc-86ba-44da-8070-d2fc8ecdb657,Kementerian Komunikasi dan Informatika,CPNS,UMUM,TEKNISI SIARAN AHLI PERTAMA,LEMBAGA PENYIARAN PUBLIK RADIO REPUBLIK INDONESIA | STASIUN PENYIARAN LPP RRI ENDE,3,0,5000000,5712700,8,0,0,0
e3498f1e-90c7-41be-8a57-abbb6b3e104d,Kementerian Komunikasi dan Informatika,CPNS,UMUM,TEKNISI SIARAN AHLI PERTAMA,LEMBAGA PENYIARAN PUBLIK RADIO REPUBLIK INDONESIA | STASIUN PENYIARAN LPP RRI LHOKSEUMAWE,2,0,5000000,5712700,16,0,0,0
e3bd81c1-d43d-4b06-a128-18fd8a6e5ae8,Kementerian Komunikasi dan Informatika,CPNS,UMUM,TEKNISI SIARAN AHLI PERTAMA,LEMBAGA PENYIARAN PUBLIK RADIO REPUBLIK INDONESIA | DIREKTUR UTAMA LPP RRI | PUSAT PEMBERITAAN,6,0,5000000,5712700,176,0,0,0
e7325624-6a88-4bb1-a544-04b2a0959185,Kementerian Komunikasi dan Informatika,CPNS,UMUM,TEKNISI SIARAN AHLI PERTAMA,LEMBAGA PENYIARAN PUBLIK RADIO REPUBLIK INDONESIA | STASIUN PENYIARAN LPP RRI SUMENEP,2,0,5000000,5712700,27,0,0,0
e7947f79-5496-4ede-a517-d253a6764a9e,Kementerian Komunikasi dan Informatika,CPNS,UMUM,TEKNISI SIARAN AHLI PERTAMA,LEMBAGA PENYIARAN PUBLIK RADIO REPUBLIK INDONESIA | STASIUN PENYIARAN LPP RRI SURABAYA,3,0,5000000,5712700,21,0,0,0
e8a0fd4f-b6f6-4350-89b0-bd6deb9e5367,Kementerian Komunikasi dan Informatika,CPNS,UMUM,TEKNISI SIARAN AHLI PERTAMA,LEMBAGA PENYIARAN PUBLIK RADIO REPUBLIK INDONESIA | STASIUN PENYIARAN LPP RRI BATAM,3,0,5000000,5712700,34,0,0,0
f1e2bfdc-6f9f-4b5c-97e8-7aff8261190a,Kementerian Komunikasi dan Informatika,CPNS,UMUM,TEKNISI SIARAN AHLI PERTAMA,LEMBAGA PENYIARAN  PUBLIK TELEVISI REPUBLIK INDONESIA | TVRI STASIUN BANGKA BELITUNG,3,0,5000000,5184700,11,0,0,0
f548afb5-de88-42cd-ac7b-684ce2f4924d,Kementerian Komunikasi dan Informatika,CPNS,UMUM,TEKNISI SIARAN AHLI PERTAMA,LEMBAGA PENYIARAN PUBLIK RADIO REPUBLIK INDONESIA | STASIUN PENYIARAN LPP RRI WAMENA,2,0,5000000,5712700,3,0,0,0
f9c241e6-0024-43cc-b37c-de0a2be28667,Kementerian Komunikasi dan Informatika,CPNS,UMUM,TEKNISI SIARAN AHLI PERTAMA,LEMBAGA PENYIARAN PUBLIK RADIO REPUBLIK INDONESIA | STASIUN PENYIARAN LPP RRI SINGARAJA,3,0,5000000,5712700,8,0,0,0
fb60e58e-0e30-4493-b771-a8163aa9a45b,Kementerian Komunikasi dan Informatika,CPNS,UMUM,TEKNISI SIARAN AHLI PERTAMA,LEMBAGA PENYIARAN  PUBLIK TELEVISI REPUBLIK INDONESIA | TVRI STASIUN BALI,4,0,5000000,5184700,19,0,0,0
d7916951-5a02-47a0-976a-96b102890f14,Kementerian Koordinator Bidang Perekonomian,CPNS,UMUM,TEKNISI SARANA DAN PRASARANA,Kementerian Koordinator Bidang Perekonomian | Sekretariat Kementerian Koordinator Bidang Perekonomian | Biro Umum | Bagian Rumah Tangga dan Pengadaan | Subbagian Urusan Dalam,1,1,5321276,7938010,19,0,0,0
fce0a7b8-f4fc-4242-b3dc-fbafff1d21aa,Kementerian Koperasi dan Usaha Kecil dan Menengah,CPNS,UMUM,PRANATA KOMPUTER AHLI PERTAMA,Kementerian Koperasi dan Usaha Kecil dan Menengah | SEKRETARIAT KEMENTERIAN KOPERASI DAN USAHA KECIL DAN MENENGAH | Biro Komunikasi dan Teknologi Informasi,4,0,7062600,8338750,115,0,0,0
8a01869291548667019154e16a9a7648,Kementerian Pariwisata dan Ekonomi Kreatif/Badan Pariwisata dan Ekonomi Kreatif,CPNS,PUTRA/PUTRI KALIMANTAN,PRANATA KOMPUTER AHLI PERTAMA,Kementerian Pariwisata dan Ekonomi Kreatif/Badan Pariwisata dan Ekonomi Kreatif | Deputi Bidang Kebijakan Strategis | Direktorat Kajian Strategis,1,1,8101650,8841650,10,0,0,0
c33f2743-1716-4e31-97e9-8ae2d9fad68d,Kementerian Pariwisata dan Ekonomi Kreatif/Badan Pariwisata dan Ekonomi Kreatif,CPNS,UMUM,PRANATA KOMPUTER AHLI PERTAMA,Kementerian Pariwisata dan Ekonomi Kreatif/Badan Pariwisata dan Ekonomi Kreatif | Deputi Bidang Kebijakan Strategis | Direktorat Kajian Strategis,1,1,8101650,8841650,56,0,0,0
0cc1cd35-3475-4b44-aba1-19cdf988113e,Kementerian Pekerjaan Umum dan Perumahan Rakyat,CPNS,UMUM,ANALIS KEBIJAKAN AHLI PERTAMA,KEMENTERIAN PEKERJAAN UMUM DAN PERUMAHAN RAKYAT | Direktorat Jenderal Cipta Karya | Direktorat Sanitasi | Subdirektorat Perencanaan Teknis Sanitasi,2,1,9700000,10300000,20,0,0,0
1f68fb3d-3745-42e4-9117-c9f48f2cef82,Kementerian Pekerjaan Umum dan Perumahan Rakyat,CPNS,UMUM,ANALIS KEBIJAKAN AHLI PERTAMA,KEMENTERIAN PEKERJAAN UMUM DAN PERUMAHAN RAKYAT | Direktorat Jenderal Cipta Karya | Balai Kawasan Permukiman dan Perumahan,1,1,9700000,10300000,27,0,0,0
2ce7c9bc-9ee5-42e4-b277-d2709a0b0586,Kementerian Pekerjaan Umum dan Perumahan Rakyat,CPNS,UMUM,ANALIS KEBIJAKAN AHLI PERTAMA,KEMENTERIAN PEKERJAAN UMUM DAN PERUMAHAN RAKYAT | Direktorat Jenderal Cipta Karya | Direktorat Bina Teknik Permukiman dan Perumahan | Subdirektorat Keandalan Bangunan Gedung,1,1,9700000,10300000,11,0,0,0
901d0d23-da02-4602-92c6-cdb936f5c884,Kementerian Pekerjaan Umum dan Perumahan Rakyat,CPNS,UMUM,ANALIS KEBIJAKAN AHLI PERTAMA,"KEMENTERIAN PEKERJAAN UMUM DAN PERUMAHAN RAKYAT | Direktorat Jenderal Cipta Karya | Direktorat Sistem dan Strategi Penyelenggaraan Infrastruktur Permukiman | Subdirektorat Strategi, Program, dan Anggaran",1,1,9700000,10300000,11,0,0,0
a2358786-59a1-4122-8318-ace37b7c6162,Kementerian Pekerjaan Umum dan Perumahan Rakyat,CPNS,UMUM,ANALIS KEBIJAKAN AHLI PERTAMA,KEMENTERIAN PEKERJAAN UMUM DAN PERUMAHAN RAKYAT | Direktorat Jenderal Cipta Karya | Direktorat Pengembangan Kawasan Permukiman | Subdirektorat Perencanaan Teknis Pengembangan Kawasan Permukiman,1,1,9700000,10300000,14,0,0,0
c373befd-8f19-4514-bd55-3533585acb68,Kementerian Pekerjaan Umum dan Perumahan Rakyat,CPNS,UMUM,ANALIS KEBIJAKAN AHLI PERTAMA,KEMENTERIAN PEKERJAAN UMUM DAN PERUMAHAN RAKYAT | Direktorat Jenderal Cipta Karya | Direktorat Sistem dan Strategi Penyelenggaraan Infrastruktur Permukiman | Subdirektorat Keterpaduan Penyelenggaraan Infrastruktur Permukiman,1,1,9700000,10300000,7,0,0,0
e051a6bf-cfb3-4e3d-9746-d3663d22e354,Kementerian Pekerjaan Umum dan Perumahan Rakyat,CPNS,UMUM,ANALIS KEBIJAKAN AHLI PERTAMA,KEMENTERIAN PEKERJAAN UMUM DAN PERUMAHAN RAKYAT | Direktorat Jenderal Cipta Karya | Balai Teknologi Air Minum,1,1,9700000,10300000,6,0,0,0
e583ce10-a8d5-4c0e-a5d8-55bb48614aed,Kementerian Pekerjaan Umum dan Perumahan Rakyat,CPNS,UMUM,ANALIS KEBIJAKAN AHLI PERTAMA,KEMENTERIAN PEKERJAAN UMUM DAN PERUMAHAN RAKYAT | Direktorat Jenderal Cipta Karya | Direktorat Prasarana Strategis | Subdirektorat Perencanaan Teknis Prasarana Strategis,1,1,9700000,10300000,8,0,0,0
fabba355-9ef4-40df-acdd-2722fcced07c,Kementerian Pekerjaan Umum dan Perumahan Rakyat,CPNS,UMUM,ANALIS KEBIJAKAN AHLI PERTAMA,KEMENTERIAN PEKERJAAN UMUM DAN PERUMAHAN RAKYAT | Direktorat Jenderal Cipta Karya | Direktorat Air Minum | Subdirektorat Perencanaan Teknis Sistem Penyediaan Air Minum,1,1,9700000,10300000,7,0,0,0
ffdf7df5-6f0a-4deb-a552-06ed78812495,Kementerian Pekerjaan Umum dan Perumahan Rakyat,CPNS,UMUM,ANALIS KEBIJAKAN AHLI PERTAMA,KEMENTERIAN PEKERJAAN UMUM DAN PERUMAHAN RAKYAT | Direktorat Jenderal Cipta Karya | Direktorat Sistem dan Strategi Penyelenggaraan Infrastruktur Permukiman | Subdirektorat Pengelolaan Pinjaman dan Hibah Luar Negeri,1,1,9700000,10300000,4,0,0,0
8a01869291548667019154a537011562,Kementerian Pekerjaan Umum dan Perumahan Rakyat,CPNS,PUTRA/PUTRI KALIMANTAN,PENATA KELOLA BANGUNAN GEDUNG DAN KAWASAN PERMUKIMAN AHLI PERTAMA,KEMENTERIAN PEKERJAAN UMUM DAN PERUMAHAN RAKYAT | Direktorat Jenderal Perumahan | Direktorat Sistem dan Strategi Penyelenggaraan Perumahan | Subdirektorat Keterpaduan Penyelenggaraan Perumahan,1,1,9400000,10000000,1,0,0,0
8a01869291548667019154a97b111ba2,Kementerian Pekerjaan Umum dan Perumahan Rakyat,CPNS,PUTRA/PUTRI KALIMANTAN,PENATA KELOLA BANGUNAN GEDUNG DAN KAWASAN PERMUKIMAN AHLI PERTAMA,KEMENTERIAN PEKERJAAN UMUM DAN PERUMAHAN RAKYAT | Direktorat Jenderal Perumahan | Direktorat Sistem dan Strategi Penyelenggaraan Perumahan | Subdirektorat Kemitraan dan Kelembagaan,1,1,9400000,10000000,1,0,0,0
8a01869291548667019154aba1ad1d66,Kementerian Pekerjaan Umum dan Perumahan Rakyat,CPNS,PUTRA/PUTRI KALIMANTAN,PENATA KELOLA BANGUNAN GEDUNG DAN KAWASAN PERMUKIMAN AHLI PERTAMA,"KEMENTERIAN PEKERJAAN UMUM DAN PERUMAHAN RAKYAT | Direktorat Jenderal Perumahan | Direktorat Sistem dan Strategi Penyelenggaraan Perumahan | Subdirektorat Strategi, Program, dan Anggaran",1,1,9400000,10000000,3,0,0,0
8a01869291548667019154b3f50c24d3,Kementerian Pekerjaan Umum dan Perumahan Rakyat,CPNS,PUTRA/PUTRI PAPUA DAN PAPUA BARAT,PENATA KELOLA BANGUNAN GEDUNG DAN KAWASAN PERMUKIMAN AHLI PERTAMA,KEMENTERIAN PEKERJAAN UMUM DAN PERUMAHAN RAKYAT | Direktorat Jenderal Cipta Karya | Balai Prasarana Permukiman Wilayah Papua Barat,1,1,9400000,10000000,3,0,0,0
8a01869291548667019154b70cb4284a,Kementerian Pekerjaan Umum dan Perumahan Rakyat,CPNS,PUTRA/PUTRI KALIMANTAN,PENATA KELOLA BANGUNAN GEDUNG DAN KAWASAN PERMUKIMAN AHLI PERTAMA,KEMENTERIAN PEKERJAAN UMUM DAN PERUMAHAN RAKYAT | Direktorat Jenderal Perumahan | Direktorat Rumah Umum dan Komersial | Subdirektorat Wilayah I,1,1,9400000,10000000,3,0,0,0
8a01869291548667019154bb435a2ccd,Kementerian Pekerjaan Umum dan Perumahan Rakyat,CPNS,PUTRA/PUTRI PAPUA DAN PAPUA BARAT,PENATA KELOLA BANGUNAN GEDUNG DAN KAWASAN PERMUKIMAN AHLI PERTAMA,KEMENTERIAN PEKERJAAN UMUM DAN PERUMAHAN RAKYAT | Direktorat Jenderal Cipta Karya | Balai Prasarana Permukiman Wilayah Papua | Seksi Pelaksana Wilayah II,1,1,9400000,10000000,5,0,0,0
8a01869291548667019154bd64f43093,Kementerian Pekerjaan Umum dan Perumahan Rakyat,CPNS,PUTRA/PUTRI PAPUA DAN PAPUA BARAT,PENATA KELOLA BANGUNAN GEDUNG DAN KAWASAN PERMUKIMAN AHLI PERTAMA,KEMENTERIAN PEKERJAAN UMUM DAN PERUMAHAN RAKYAT | Direktorat Jenderal Cipta Karya | Balai Prasarana Permukiman Wilayah Papua Barat | Seksi Pelaksana Wilayah I,1,1,9400000,10000000,2,0,0,0
8a01869291548667019154be9b3333d8,Kementerian Pekerjaan Umum dan Perumahan Rakyat,CPNS,PUTRA/PUTRI KALIMANTAN,PENATA KELOLA BANGUNAN GEDUNG DAN KAWASAN PERMUKIMAN AHLI PERTAMA,KEMENTERIAN PEKERJAAN UMUM DAN PERUMAHAN RAKYAT | Direktorat Jenderal Perumahan | Direktorat Rumah Umum dan Komersial | Subdirektorat Perencanaan Teknis Rumah Umum dan Komersial,1,1,9400000,10000000,2,0,0,0
8a01869291548667019154bf7a873575,Kementerian Pekerjaan Umum dan Perumahan Rakyat,CPNS,PUTRA/PUTRI KALIMANTAN,PENATA KELOLA BANGUNAN GEDUNG DAN KAWASAN PERMUKIMAN AHLI PERTAMA,KEMENTERIAN PEKERJAAN UMUM DAN PERUMAHAN RAKYAT | Direktorat Jenderal Perumahan | Direktorat Rumah Umum dan Komersial | Subdirektorat Wilayah II,1,1,9400000,10000000,1,0,0,0
8a01869291548667019154c1ad8c39cd,Kementerian Pekerjaan Umum dan Perumahan Rakyat,CPNS,PUTRA/PUTRI PAPUA DAN PAPUA BARAT,PENATA KELOLA BANGUNAN GEDUNG DAN KAWASAN PERMUKIMAN AHLI PERTAMA,KEMENTERIAN PEKERJAAN UMUM DAN PERUMAHAN RAKYAT | Direktorat Jenderal Cipta Karya | Balai Prasarana Permukiman Wilayah Papua | Seksi Pelaksana Wilayah I,1,1,9400000,10000000,3,0,0,0
8a01869291548667019154c8b07f466c,Kementerian Pekerjaan Umum dan Perumahan Rakyat,CPNS,LULUSAN TERBAIK,PENATA KELOLA BANGUNAN GEDUNG DAN KAWASAN PERMUKIMAN AHLI PERTAMA,KEMENTERIAN PEKERJAAN UMUM DAN PERUMAHAN RAKYAT | Direktorat Jenderal Perumahan | Direktorat Rumah Swadaya | Subdirektorat Pembinaan Teknis Rumah Swadaya,1,1,9400000,10000000,6,0,0,0
8a01869291548667019154d90182666c,Kementerian Pekerjaan Umum dan Perumahan Rakyat,CPNS,PUTRA/PUTRI KALIMANTAN,PENATA KELOLA BANGUNAN GEDUNG DAN KAWASAN PERMUKIMAN AHLI PERTAMA,KEMENTERIAN PEKERJAAN UMUM DAN PERUMAHAN RAKYAT | Direktorat Jenderal Perumahan | Direktorat Rumah Susun | Subdirektorat Wilayah I,1,1,9400000,10000000,2,0,0,0
8a01869291548667019154e3833d7962,Kementerian Pekerjaan Umum dan Perumahan Rakyat,CPNS,PUTRA/PUTRI KALIMANTAN,PENATA KELOLA BANGUNAN GEDUNG DAN KAWASAN PERMUKIMAN AHLI PERTAMA,KEMENTERIAN PEKERJAAN UMUM DAN PERUMAHAN RAKYAT | Direktorat Jenderal Perumahan | Direktorat Rumah Khusus | Subdirektorat Perencanaan Teknis Rumah Khusus,1,1,9400000,10000000,3,0,0,0
8a01869291548667019154e5d6457dfe,Kementerian Pekerjaan Umum dan Perumahan Rakyat,CPNS,PUTRA/PUTRI KALIMANTAN,PENATA KELOLA BANGUNAN GEDUNG DAN KAWASAN PERMUKIMAN AHLI PERTAMA,KEMENTERIAN PEKERJAAN UMUM DAN PERUMAHAN RAKYAT | Direktorat Jenderal Perumahan | Direktorat Rumah Khusus | Subdirektorat Wilayah II,1,1,9400000,10000000,1,0,0,0
8a01869291548667019154e66ae87ec8,Kementerian Pekerjaan Umum dan Perumahan Rakyat,CPNS,PUTRA/PUTRI KALIMANTAN,PENATA KELOLA BANGUNAN GEDUNG DAN KAWASAN PERMUKIMAN AHLI PERTAMA,KEMENTERIAN PEKERJAAN UMUM DAN PERUMAHAN RAKYAT | Direktorat Jenderal Perumahan | Direktorat Rumah Khusus | Subdirektorat Wilayah I,1,1,9400000,10000000,1,0,0,0
8a01869291548667019154f1f9f71606,Kementerian Pekerjaan Umum dan Perumahan Rakyat,CPNS,PUTRA/PUTRI KALIMANTAN,PENATA KELOLA BANGUNAN GEDUNG DAN KAWASAN PERMUKIMAN AHLI PERTAMA,KEMENTERIAN PEKERJAAN UMUM DAN PERUMAHAN RAKYAT | Direktorat Jenderal Cipta Karya | Direktorat Kepatuhan Intern | Subdirektorat Pembinaan dan Pengembangan Kepatuhan Intern dan Manajemen Risiko,1,1,9400000,10000000,3,0,0,0
8a01869291548667019154f9ffe822b4,Kementerian Pekerjaan Umum dan Perumahan Rakyat,CPNS,PUTRA/PUTRI KALIMANTAN,PENATA KELOLA BANGUNAN GEDUNG DAN KAWASAN PERMUKIMAN AHLI PERTAMA,KEMENTERIAN PEKERJAAN UMUM DAN PERUMAHAN RAKYAT | Direktorat Jenderal Cipta Karya | Direktorat Prasarana Strategis | Subdirektorat Wilayah I,2,1,9400000,10000000,6,0,0,0
8a01869291548667019154fb5e29253c,Kementerian Pekerjaan Umum dan Perumahan Rakyat,CPNS,PUTRA/PUTRI KALIMANTAN,PENATA KELOLA BANGUNAN GEDUNG DAN KAWASAN PERMUKIMAN AHLI PERTAMA,KEMENTERIAN PEKERJAAN UMUM DAN PERUMAHAN RAKYAT | Direktorat Jenderal Cipta Karya | Direktorat Prasarana Strategis | Subdirektorat Perencanaan Teknis Prasarana Strategis,2,1,9400000,10000000,7,0,0,0
8a01869291548667019154fce20b291b,Kementerian Pekerjaan Umum dan Perumahan Rakyat,CPNS,LULUSAN TERBAIK,PENATA KELOLA BANGUNAN GEDUNG DAN KAWASAN PERMUKIMAN AHLI PERTAMA,KEMENTERIAN PEKERJAAN UMUM DAN PERUMAHAN RAKYAT | Direktorat Jenderal Perumahan | Direktorat Kepatuhan Intern | Subdirektorat Pembinaan dan Pengembangan Kepatuhan Intern dan Manajemen Risiko,2,1,9400000,10000000,20,0,0,0
8a01869291548667019154fd18d4296b,Kementerian Pekerjaan Umum dan Perumahan Rakyat,CPNS,PUTRA/PUTRI KALIMANTAN,PENATA KELOLA BANGUNAN GEDUNG DAN KAWASAN PERMUKIMAN AHLI PERTAMA,KEMENTERIAN PEKERJAAN UMUM DAN PERUMAHAN RAKYAT | Direktorat Jenderal Perumahan | Direktorat Kepatuhan Intern | Subdirektorat Pembinaan dan Pengembangan Kepatuhan Intern dan Manajemen Risiko,1,1,9400000,10000000,2,0,0,0
8a01869291548667019154fd3a552994,Kementerian Pekerjaan Umum dan Perumahan Rakyat,CPNS,PUTRA/PUTRI KALIMANTAN,PENATA KELOLA BANGUNAN GEDUNG DAN KAWASAN PERMUKIMAN AHLI PERTAMA,KEMENTERIAN PEKERJAAN UMUM DAN PERUMAHAN RAKYAT | Direktorat Jenderal Cipta Karya | Direktorat Prasarana Strategis | Subdirektorat Wilayah II,1,1,9400000,10000000,2,0,0,0
8a0186929154866701915512d1ef4743,Kementerian Pekerjaan Umum dan Perumahan Rakyat,CPNS,PUTRA/PUTRI KALIMANTAN,PENATA KELOLA BANGUNAN GEDUNG DAN KAWASAN PERMUKIMAN AHLI PERTAMA,"KEMENTERIAN PEKERJAAN UMUM DAN PERUMAHAN RAKYAT | Direktorat Jenderal Cipta Karya | Sekretariat Direktorat Jenderal Cipta Karya | Bagian Keuangan, Pengelolaan Barang Milik Negara dan Barang Persediaan Bencana",1,1,9400000,10000000,1,0,0,0
8a0186929154866701915561ad8929b6,Kementerian Pekerjaan Umum dan Perumahan Rakyat,CPNS,PUTRA/PUTRI PAPUA DAN PAPUA BARAT,PENATA KELOLA BANGUNAN GEDUNG DAN KAWASAN PERMUKIMAN AHLI PERTAMA,KEMENTERIAN PEKERJAAN UMUM DAN PERUMAHAN RAKYAT | Direktorat Jenderal Perumahan | Balai Pelaksana Penyediaan Perumahan Papua II,2,1,9400000,10000000,4,0,0,0
8a018692915486670191556ee92f315b,Kementerian Pekerjaan Umum dan Perumahan Rakyat,CPNS,PUTRA/PUTRI PAPUA DAN PAPUA BARAT,PENATA KELOLA BANGUNAN GEDUNG DAN KAWASAN PERMUKIMAN AHLI PERTAMA,KEMENTERIAN PEKERJAAN UMUM DAN PERUMAHAN RAKYAT | Direktorat Jenderal Perumahan | Balai Pelaksana Penyediaan Perumahan Papua I | Seksi Pelaksanaan Wilayah I,2,1,9400000,10000000,6,0,0,0
8a0384ba915598f4019158c9b7501a9e,Kementerian Pekerjaan Umum dan Perumahan Rakyat,CPNS,LULUSAN TERBAIK,PENATA KELOLA BANGUNAN GEDUNG DAN KAWASAN PERMUKIMAN AHLI PERTAMA,KEMENTERIAN PEKERJAAN UMUM DAN PERUMAHAN RAKYAT | Direktorat Jenderal Perumahan | Balai Pelaksana Penyediaan Perumahan Sumatera V | Seksi Pelaksanaan Wilayah II,1,1,9400000,10000000,6,0,0,0
8a0384ba915598f4019158e5730d2e91,Kementerian Pekerjaan Umum dan Perumahan Rakyat,CPNS,LULUSAN TERBAIK,PENATA KELOLA BANGUNAN GEDUNG DAN KAWASAN PERMUKIMAN AHLI PERTAMA,KEMENTERIAN PEKERJAAN UMUM DAN PERUMAHAN RAKYAT | Direktorat Jenderal Perumahan | Balai Pelaksana Penyediaan Perumahan Sumatera I,1,1,9400000,10000000,5,0,0,0
8a0384ba915598f4019158e7340e304b,Kementerian Pekerjaan Umum dan Perumahan Rakyat,CPNS,LULUSAN TERBAIK,PENATA KELOLA BANGUNAN GEDUNG DAN KAWASAN PERMUKIMAN AHLI PERTAMA,KEMENTERIAN PEKERJAAN UMUM DAN PERUMAHAN RAKYAT | Direktorat Jenderal Perumahan | Balai Pelaksana Penyediaan Perumahan Sumatera I | Seksi Pelaksanaan Wilayah II,1,1,9400000,10000000,1,0,0,0
013ae840-92e7-4efa-9960-f8e2b796627a,Kementerian Pekerjaan Umum dan Perumahan Rakyat,CPNS,UMUM,PENATA KELOLA BANGUNAN GEDUNG DAN KAWASAN PERMUKIMAN AHLI PERTAMA,KEMENTERIAN PEKERJAAN UMUM DAN PERUMAHAN RAKYAT | Direktorat Jenderal Cipta Karya | Balai Prasarana Permukiman Wilayah Riau,3,1,9400000,10000000,48,0,0,0
041ca165-f49b-4003-809d-4d0d79bf3978,Kementerian Pekerjaan Umum dan Perumahan Rakyat,CPNS,UMUM,PENATA KELOLA BANGUNAN GEDUNG DAN KAWASAN PERMUKIMAN AHLI PERTAMA,KEMENTERIAN PEKERJAAN UMUM DAN PERUMAHAN RAKYAT | Direktorat Jenderal Cipta Karya | Balai Prasarana Permukiman Wilayah Sulawesi Barat | Seksi Pelaksana Wilayah I,1,1,9400000,10000000,3,0,0,0
07c2615f-cf18-4538-9d60-c0fa4b9714db,Kementerian Pekerjaan Umum dan Perumahan Rakyat,CPNS,UMUM,PENATA KELOLA BANGUNAN GEDUNG DAN KAWASAN PERMUKIMAN AHLI PERTAMA,"KEMENTERIAN PEKERJAAN UMUM DAN PERUMAHAN RAKYAT | Direktorat Jenderal Cipta Karya | Direktorat Sistem dan Strategi Penyelenggaraan Infrastruktur Permukiman | Subdirektorat Koordinasi Pengadaan Tanah, Pemantauan, dan Evaluasi",1,1,9400000,10000000,3,0,0,0
0b80359f-307d-4ed5-826f-6ce01d824e52,Kementerian Pekerjaan Umum dan Perumahan Rakyat,CPNS,UMUM,PENATA KELOLA BANGUNAN GEDUNG DAN KAWASAN PERMUKIMAN AHLI PERTAMA,KEMENTERIAN PEKERJAAN UMUM DAN PERUMAHAN RAKYAT | Direktorat Jenderal Perumahan | Balai Pelaksana Penyediaan Perumahan Nusa Tenggara II,4,1,9400000,10000000,7,0,0,0
106874f4-a0d5-465a-8fa6-f52942b9f716,Kementerian Pekerjaan Umum dan Perumahan Rakyat,CPNS,UMUM,PENATA KELOLA BANGUNAN GEDUNG DAN KAWASAN PERMUKIMAN AHLI PERTAMA,"KEMENTERIAN PEKERJAAN UMUM DAN PERUMAHAN RAKYAT | Direktorat Jenderal Cipta Karya | Direktorat Sistem dan Strategi Penyelenggaraan Infrastruktur Permukiman | Subdirektorat Strategi, Program, dan Anggaran",1,1,9400000,10000000,3,0,0,0
135b1d95-1fbd-4466-a433-a25748693538,Kementerian Pekerjaan Umum dan Perumahan Rakyat,CPNS,UMUM,PENATA KELOLA BANGUNAN GEDUNG DAN KAWASAN PERMUKIMAN AHLI PERTAMA,KEMENTERIAN PEKERJAAN UMUM DAN PERUMAHAN RAKYAT | Direktorat Jenderal Cipta Karya | Balai Prasarana Permukiman Wilayah Papua Barat,7,1,9400000,10000000,45,0,0,0
15772d8d-5309-48bf-91e7-956381a99af5,Kementerian Pekerjaan Umum dan Perumahan Rakyat,CPNS,UMUM,PENATA KELOLA BANGUNAN GEDUNG DAN KAWASAN PERMUKIMAN AHLI PERTAMA,KEMENTERIAN PEKERJAAN UMUM DAN PERUMAHAN RAKYAT | Direktorat Jenderal Cipta Karya | Direktorat Prasarana Strategis | Subdirektorat Wilayah I,6,1,9400000,10000000,16,0,0,0
15a8b8bb-048a-4377-a95d-1e113d28d32c,Kementerian Pekerjaan Umum dan Perumahan Rakyat,CPNS,UMUM,PENATA KELOLA BANGUNAN GEDUNG DAN KAWASAN PERMUKIMAN AHLI PERTAMA,KEMENTERIAN PEKERJAAN UMUM DAN PERUMAHAN RAKYAT | Direktorat Jenderal Cipta Karya | Balai Prasarana Permukiman Wilayah Kepulauan Riau,1,1,9400000,10000000,5,0,0,0
162be2ec-2116-41be-a696-2bf96ddac5ba,Kementerian Pekerjaan Umum dan Perumahan Rakyat,CPNS,UMUM,PENATA KELOLA BANGUNAN GEDUNG DAN KAWASAN PERMUKIMAN AHLI PERTAMA,KEMENTERIAN PEKERJAAN UMUM DAN PERUMAHAN RAKYAT | Direktorat Jenderal Cipta Karya | Direktorat Bina Teknik Permukiman dan Perumahan | Subdirektorat Data dan Pengembangan Sistem Informasi Permukiman,1,1,9400000,10000000,1,0,0,0
1ab5e67f-9886-4532-b5ca-91eae71ceecf,Kementerian Pekerjaan Umum dan Perumahan Rakyat,CPNS,UMUM,PENATA KELOLA BANGUNAN GEDUNG DAN KAWASAN PERMUKIMAN AHLI PERTAMA,KEMENTERIAN PEKERJAAN UMUM DAN PERUMAHAN RAKYAT | Direktorat Jenderal Perumahan | Balai Pelaksana Penyediaan Perumahan Sumatera I,5,1,9400000,10000000,21,0,0,0
1bee43ba-2560-419b-a4dc-e92495c688be,Kementerian Pekerjaan Umum dan Perumahan Rakyat,CPNS,UMUM,PENATA KELOLA BANGUNAN GEDUNG DAN KAWASAN PERMUKIMAN AHLI PERTAMA,KEMENTERIAN PEKERJAAN UMUM DAN PERUMAHAN RAKYAT | Direktorat Jenderal Perumahan | Balai Pelaksana Penyediaan Perumahan Sumatera V,18,1,9400000,10000000,165,0,0,0
1fbac693-43c7-4f98-9d63-a153ef472a46,Kementerian Pekerjaan Umum dan Perumahan Rakyat,CPNS,UMUM,PENATA KELOLA BANGUNAN GEDUNG DAN KAWASAN PERMUKIMAN AHLI PERTAMA,KEMENTERIAN PEKERJAAN UMUM DAN PERUMAHAN RAKYAT | Direktorat Jenderal Cipta Karya | Balai Prasarana Permukiman Wilayah Maluku | Seksi Pelaksana Wilayah II,1,1,9400000,10000000,1,0,0,0
20ad7b5f-365d-4e5a-b56e-8cda3fe3c149,Kementerian Pekerjaan Umum dan Perumahan Rakyat,CPNS,UMUM,PENATA KELOLA BANGUNAN GEDUNG DAN KAWASAN PERMUKIMAN AHLI PERTAMA,KEMENTERIAN PEKERJAAN UMUM DAN PERUMAHAN RAKYAT | Direktorat Jenderal Cipta Karya | Balai Prasarana Permukiman Wilayah Jawa Timur | Seksi Pelaksana Wilayah II,1,1,9400000,10000000,5,0,0,0
2268d432-216e-4c8e-8078-8251f33582c3,Kementerian Pekerjaan Umum dan Perumahan Rakyat,CPNS,UMUM,PENATA KELOLA BANGUNAN GEDUNG DAN KAWASAN PERMUKIMAN AHLI PERTAMA,KEMENTERIAN PEKERJAAN UMUM DAN PERUMAHAN RAKYAT | Direktorat Jenderal Cipta Karya | Balai Prasarana Permukiman Wilayah Jawa Timur | Seksi Pelaksana Wilayah I,1,1,9400000,10000000,6,0,0,0
27543414-ed3e-4fb2-b48b-ab797468a19a,Kementerian Pekerjaan Umum dan Perumahan Rakyat,CPNS,UMUM,PENATA KELOLA BANGUNAN GEDUNG DAN KAWASAN PERMUKIMAN AHLI PERTAMA,KEMENTERIAN PEKERJAAN UMUM DAN PERUMAHAN RAKYAT | Direktorat Jenderal Cipta Karya | Balai Prasarana Permukiman Wilayah Bangka Belitung,6,1,9400000,10000000,49,0,0,0
28aa9375-6106-46a2-8878-eca7b1651b1e,Kementerian Pekerjaan Umum dan Perumahan Rakyat,CPNS,UMUM,PENATA KELOLA BANGUNAN GEDUNG DAN KAWASAN PERMUKIMAN AHLI PERTAMA,KEMENTERIAN PEKERJAAN UMUM DAN PERUMAHAN RAKYAT | Direktorat Jenderal Perumahan | Balai Pelaksana Penyediaan Perumahan Sulawesi II,6,1,9400000,10000000,27,0,0,0
28d80626-fcda-494c-be29-ba2e591d614a,Kementerian Pekerjaan Umum dan Perumahan Rakyat,CPNS,UMUM,PENATA KELOLA BANGUNAN GEDUNG DAN KAWASAN PERMUKIMAN AHLI PERTAMA,KEMENTERIAN PEKERJAAN UMUM DAN PERUMAHAN RAKYAT | Direktorat Jenderal Perumahan | Direktorat Rumah Umum dan Komersial | Subdirektorat Wilayah I,6,1,9400000,10000000,12,0,0,0
297d0d9d-cd77-49f5-9559-21c5d61ef84b,Kementerian Pekerjaan Umum dan Perumahan Rakyat,CPNS,UMUM,PENATA KELOLA BANGUNAN GEDUNG DAN KAWASAN PERMUKIMAN AHLI PERTAMA,KEMENTERIAN PEKERJAAN UMUM DAN PERUMAHAN RAKYAT | Direktorat Jenderal Cipta Karya | Balai Prasarana Permukiman Wilayah Maluku Utara | Seksi Pelaksana Wilayah I,1,1,9400000,10000000,3,0,0,0
2a67447c-877a-4528-861a-669a7ed696aa,Kementerian Pekerjaan Umum dan Perumahan Rakyat,CPNS,UMUM,PENATA KELOLA BANGUNAN GEDUNG DAN KAWASAN PERMUKIMAN AHLI PERTAMA,KEMENTERIAN PEKERJAAN UMUM DAN PERUMAHAN RAKYAT | Direktorat Jenderal Perumahan | Balai Pelaksana Penyediaan Perumahan Nusa Tenggara I,9,1,9400000,10000000,112,0,0,0
301917b3-f661-4527-b240-b5b5dcbe2843,Kementerian Pekerjaan Umum dan Perumahan Rakyat,CPNS,UMUM,PENATA KELOLA BANGUNAN GEDUNG DAN KAWASAN PERMUKIMAN AHLI PERTAMA,KEMENTERIAN PEKERJAAN UMUM DAN PERUMAHAN RAKYAT | Direktorat Jenderal Cipta Karya | Balai Prasarana Permukiman Wilayah Sumatera Utara,8,1,9400000,10000000,92,0,0,0
313c1f5c-aa5c-44fc-bd3a-0a81eaf36c69,Kementerian Pekerjaan Umum dan Perumahan Rakyat,CPNS,UMUM,PENATA KELOLA BANGUNAN GEDUNG DAN KAWASAN PERMUKIMAN AHLI PERTAMA,KEMENTERIAN PEKERJAAN UMUM DAN PERUMAHAN RAKYAT | Direktorat Jenderal Cipta Karya | Direktorat Kepatuhan Intern | Subdirektorat Pembinaan dan Pengembangan Kepatuhan Intern dan Manajemen Risiko,5,1,9400000,10000000,17,0,0,0
31bd8590-e3e2-4e69-a1d9-c4a4c7f47d75,Kementerian Pekerjaan Umum dan Perumahan Rakyat,CPNS,UMUM,PENATA KELOLA BANGUNAN GEDUNG DAN KAWASAN PERMUKIMAN AHLI PERTAMA,KEMENTERIAN PEKERJAAN UMUM DAN PERUMAHAN RAKYAT | Direktorat Jenderal Perumahan | Balai Pelaksana Penyediaan Perumahan Sumatera III | Seksi Pelaksanaan Wilayah I,5,1,9400000,10000000,13,0,0,0
33bf3a90-6283-49be-8f22-fe0e6df403bf,Kementerian Pekerjaan Umum dan Perumahan Rakyat,CPNS,UMUM,PENATA KELOLA BANGUNAN GEDUNG DAN KAWASAN PERMUKIMAN AHLI PERTAMA,KEMENTERIAN PEKERJAAN UMUM DAN PERUMAHAN RAKYAT | Direktorat Jenderal Cipta Karya | Balai Prasarana Permukiman Wilayah Kalimantan Tengah | Seksi Pelaksana Wilayah II,1,1,9400000,10000000,2,0,0,0
37e8aa68-3f42-4651-9df5-47b2ef12c782,Kementerian Pekerjaan Umum dan Perumahan Rakyat,CPNS,UMUM,PENATA KELOLA BANGUNAN GEDUNG DAN KAWASAN PERMUKIMAN AHLI PERTAMA,KEMENTERIAN PEKERJAAN UMUM DAN PERUMAHAN RAKYAT | Direktorat Jenderal Cipta Karya | Balai Prasarana Permukiman Wilayah Nusa Tenggara Timur | Seksi Pelaksana Wilayah II,1,1,9400000,10000000,2,0,0,0
3bf94427-1104-41cb-8f16-c77f3b90809b,Kementerian Pekerjaan Umum dan Perumahan Rakyat,CPNS,UMUM,PENATA KELOLA BANGUNAN GEDUNG DAN KAWASAN PERMUKIMAN AHLI PERTAMA,KEMENTERIAN PEKERJAAN UMUM DAN PERUMAHAN RAKYAT | Direktorat Jenderal Perumahan | Balai Pelaksana Penyediaan Perumahan Sumatera IV,7,1,9400000,10000000,21,0,0,0
3c079c6f-5399-4a29-82d4-5bd87a4180aa,Kementerian Pekerjaan Umum dan Perumahan Rakyat,CPNS,UMUM,PENATA KELOLA BANGUNAN GEDUNG DAN KAWASAN PERMUKIMAN AHLI PERTAMA,"KEMENTERIAN PEKERJAAN UMUM DAN PERUMAHAN RAKYAT | Direktorat Jenderal Perumahan | Direktorat Sistem dan Strategi Penyelenggaraan Perumahan | Subdirektorat Strategi, Program, dan Anggaran",4,1,9400000,10000000,9,0,0,0
3cd2b108-7889-4d82-960e-367278467698,Kementerian Pekerjaan Umum dan Perumahan Rakyat,CPNS,UMUM,PENATA KELOLA BANGUNAN GEDUNG DAN KAWASAN PERMUKIMAN AHLI PERTAMA,KEMENTERIAN PEKERJAAN UMUM DAN PERUMAHAN RAKYAT | Direktorat Jenderal Perumahan | Balai Pelaksana Penyediaan Perumahan Sumatera IV | Seksi Pelaksanaan Wilayah I,4,1,9400000,10000000,7,0,0,0
3ef9f567-fa68-4f28-ac8d-190b8986a446,Kementerian Pekerjaan Umum dan Perumahan Rakyat,CPNS,UMUM,PENATA KELOLA BANGUNAN GEDUNG DAN KAWASAN PERMUKIMAN AHLI PERTAMA,KEMENTERIAN PEKERJAAN UMUM DAN PERUMAHAN RAKYAT | Direktorat Jenderal Cipta Karya | Balai Prasarana Permukiman Wilayah Nusa Tenggara Timur,12,1,9400000,10000000,79,0,0,0
3f992d86-01e2-4a90-83f1-6d0ed1949ccc,Kementerian Pekerjaan Umum dan Perumahan Rakyat,CPNS,UMUM,PENATA KELOLA BANGUNAN GEDUNG DAN KAWASAN PERMUKIMAN AHLI PERTAMA,KEMENTERIAN PEKERJAAN UMUM DAN PERUMAHAN RAKYAT | Direktorat Jenderal Cipta Karya | Direktorat Bina Teknik Permukiman dan Perumahan | Subdirektorat Teknologi dan Peralatan Infrastruktur Cipta Karya,2,1,9400000,10000000,5,0,0,0
442c4a23-3850-4c76-9fa3-e73dbf0fa160,Kementerian Pekerjaan Umum dan Perumahan Rakyat,CPNS,UMUM,PENATA KELOLA BANGUNAN GEDUNG DAN KAWASAN PERMUKIMAN AHLI PERTAMA,KEMENTERIAN PEKERJAAN UMUM DAN PERUMAHAN RAKYAT | Direktorat Jenderal Perumahan | Balai Pelaksana Penyediaan Perumahan Kalimantan I | Seksi Pelaksanaan Wilayah I,5,1,9400000,10000000,10,0,0,0
45454f74-c025-4a3f-8b21-ccf4ccc0595a,Kementerian Pekerjaan Umum dan Perumahan Rakyat,CPNS,UMUM,PENATA KELOLA BANGUNAN GEDUNG DAN KAWASAN PERMUKIMAN AHLI PERTAMA,KEMENTERIAN PEKERJAAN UMUM DAN PERUMAHAN RAKYAT | Direktorat Jenderal Cipta Karya | Balai Prasarana Permukiman Wilayah Jawa Timur,11,1,9400000,10000000,330,0,0,0
4973c1be-fff8-44a9-86b1-7aa840377bc6,Kementerian Pekerjaan Umum dan Perumahan Rakyat,CPNS,UMUM,PENATA KELOLA BANGUNAN GEDUNG DAN KAWASAN PERMUKIMAN AHLI PERTAMA,KEMENTERIAN PEKERJAAN UMUM DAN PERUMAHAN RAKYAT | Direktorat Jenderal Perumahan | Direktorat Rumah Umum dan Komersial | Subdirektorat Perencanaan Teknis Rumah Umum dan Komersial,3,1,9400000,10000000,18,0,0,0
49c6163e-e2b5-4db8-8852-0b896c355c6f,Kementerian Pekerjaan Umum dan Perumahan Rakyat,CPNS,UMUM,PENATA KELOLA BANGUNAN GEDUNG DAN KAWASAN PERMUKIMAN AHLI PERTAMA,KEMENTERIAN PEKERJAAN UMUM DAN PERUMAHAN RAKYAT | Direktorat Jenderal Perumahan | Direktorat Sistem dan Strategi Penyelenggaraan Perumahan | Subdirektorat Keterpaduan Penyelenggaraan Perumahan,2,1,9400000,10000000,4,0,0,0
4a5f4e3c-4962-48d0-af31-6889a4d25c41,Kementerian Pekerjaan Umum dan Perumahan Rakyat,CPNS,UMUM,PENATA KELOLA BANGUNAN GEDUNG DAN KAWASAN PERMUKIMAN AHLI PERTAMA,KEMENTERIAN PEKERJAAN UMUM DAN PERUMAHAN RAKYAT | Direktorat Jenderal Perumahan | Balai Pelaksana Penyediaan Perumahan Nusa Tenggara II | Seksi Pelaksanaan Wilayah II,3,1,9400000,10000000,7,0,0,0
4b896135-6fac-46a3-a97f-fe5c09ce70f7,Kementerian Pekerjaan Umum dan Perumahan Rakyat,CPNS,UMUM,PENATA KELOLA BANGUNAN GEDUNG DAN KAWASAN PERMUKIMAN AHLI PERTAMA,KEMENTERIAN PEKERJAAN UMUM DAN PERUMAHAN RAKYAT | Direktorat Jenderal Cipta Karya | Balai Prasarana Permukiman Wilayah Maluku | Seksi Pelaksana Wilayah I,1,1,9400000,10000000,4,0,0,0
4cc1e427-f940-41b5-b10b-19a75ec532fc,Kementerian Pekerjaan Umum dan Perumahan Rakyat,CPNS,UMUM,PENATA KELOLA BANGUNAN GEDUNG DAN KAWASAN PERMUKIMAN AHLI PERTAMA,KEMENTERIAN PEKERJAAN UMUM DAN PERUMAHAN RAKYAT | Direktorat Jenderal Perumahan | Balai Pelaksana Penyediaan Perumahan Sulawesi II | Seksi Pelaksanaan Wilayah II,5,1,9400000,10000000,12,0,0,0
4d1b90a9-ad21-417f-8854-1779a5fb3719,Kementerian Pekerjaan Umum dan Perumahan Rakyat,CPNS,UMUM,PENATA KELOLA BANGUNAN GEDUNG DAN KAWASAN PERMUKIMAN AHLI PERTAMA,KEMENTERIAN PEKERJAAN UMUM DAN PERUMAHAN RAKYAT | Direktorat Jenderal Perumahan | Balai Pelaksana Penyediaan Perumahan Maluku | Seksi Pelaksanaan Wilayah I,7,1,9400000,10000000,31,0,0,0
4d474824-821e-4810-89ae-cb2ccb03f8d5,Kementerian Pekerjaan Umum dan Perumahan Rakyat,CPNS,UMUM,PENATA KELOLA BANGUNAN GEDUNG DAN KAWASAN PERMUKIMAN AHLI PERTAMA,KEMENTERIAN PEKERJAAN UMUM DAN PERUMAHAN RAKYAT | Direktorat Jenderal Cipta Karya | Direktorat Pengembangan Kawasan Permukiman | Subdirektorat Perencanaan Teknis Pengembangan Kawasan Permukiman,1,1,9400000,10000000,2,0,0,0
5111b38f-4906-4bd7-982a-9c604cba108a,Kementerian Pekerjaan Umum dan Perumahan Rakyat,CPNS,UMUM,PENATA KELOLA BANGUNAN GEDUNG DAN KAWASAN PERMUKIMAN AHLI PERTAMA,KEMENTERIAN PEKERJAAN UMUM DAN PERUMAHAN RAKYAT | Direktorat Jenderal Perumahan | Balai Pelaksana Penyediaan Perumahan Maluku | Seksi Pelaksanaan Wilayah II,7,1,9400000,10000000,19,0,0,0
53e75239-7600-4289-ad64-3e0b0e8d9c17,Kementerian Pekerjaan Umum dan Perumahan Rakyat,CPNS,UMUM,PENATA KELOLA BANGUNAN GEDUNG DAN KAWASAN PERMUKIMAN AHLI PERTAMA,KEMENTERIAN PEKERJAAN UMUM DAN PERUMAHAN RAKYAT | Direktorat Jenderal Perumahan | Balai Pelaksana Penyediaan Perumahan Sumatera V | Seksi Pelaksanaan Wilayah II,3,1,9400000,10000000,11,0,0,0
54572bd2-0b92-4275-a766-aaaa1cb18296,Kementerian Pekerjaan Umum dan Perumahan Rakyat,CPNS,UMUM,PENATA KELOLA BANGUNAN GEDUNG DAN KAWASAN PERMUKIMAN AHLI PERTAMA,KEMENTERIAN PEKERJAAN UMUM DAN PERUMAHAN RAKYAT | Direktorat Jenderal Cipta Karya | Balai Prasarana Permukiman Wilayah Bangka Belitung | Seksi Pelaksana Wilayah I,4,1,9400000,10000000,9,0,0,0
54e9b9ff-a714-4dea-89eb-93fae42b7679,Kementerian Pekerjaan Umum dan Perumahan Rakyat,CPNS,UMUM,PENATA KELOLA BANGUNAN GEDUNG DAN KAWASAN PERMUKIMAN AHLI PERTAMA,KEMENTERIAN PEKERJAAN UMUM DAN PERUMAHAN RAKYAT | Direktorat Jenderal Perumahan | Balai Pelaksana Penyediaan Perumahan Maluku,1,1,9400000,10000000,1,0,0,0
57b90e33-6a87-4e32-a8c2-f2edec305fd5,Kementerian Pekerjaan Umum dan Perumahan Rakyat,CPNS,UMUM,PENATA KELOLA BANGUNAN GEDUNG DAN KAWASAN PERMUKIMAN AHLI PERTAMA,KEMENTERIAN PEKERJAAN UMUM DAN PERUMAHAN RAKYAT | Direktorat Jenderal Cipta Karya | Balai Prasarana Permukiman Wilayah Papua | Seksi Pelaksana Wilayah II,1,1,9400000,10000000,6,0,0,0
5895c618-e4ce-44ec-8599-3ae815c765cb,Kementerian Pekerjaan Umum dan Perumahan Rakyat,CPNS,UMUM,PENATA KELOLA BANGUNAN GEDUNG DAN KAWASAN PERMUKIMAN AHLI PERTAMA,KEMENTERIAN PEKERJAAN UMUM DAN PERUMAHAN RAKYAT | Direktorat Jenderal Perumahan | Balai Pelaksana Penyediaan Perumahan Sulawesi I,5,1,9400000,10000000,19,0,0,0
58fd379b-f6c2-47e2-a633-cda6c8274fca,Kementerian Pekerjaan Umum dan Perumahan Rakyat,CPNS,UMUM,PENATA KELOLA BANGUNAN GEDUNG DAN KAWASAN PERMUKIMAN AHLI PERTAMA,KEMENTERIAN PEKERJAAN UMUM DAN PERUMAHAN RAKYAT | Direktorat Jenderal Cipta Karya | Balai Prasarana Permukiman Wilayah Sulawesi Tengah,2,1,9400000,10000000,13,0,0,0
5929b402-8cb2-4801-bf71-131d101abd25,Kementerian Pekerjaan Umum dan Perumahan Rakyat,CPNS,UMUM,PENATA KELOLA BANGUNAN GEDUNG DAN KAWASAN PERMUKIMAN AHLI PERTAMA,KEMENTERIAN PEKERJAAN UMUM DAN PERUMAHAN RAKYAT | Direktorat Jenderal Cipta Karya | Balai Prasarana Permukiman Wilayah Kalimantan Selatan,3,1,9400000,10000000,16,0,0,0
595bab9c-c0eb-4cc6-a958-45f12e38421a,Kementerian Pekerjaan Umum dan Perumahan Rakyat,CPNS,UMUM,PENATA KELOLA BANGUNAN GEDUNG DAN KAWASAN PERMUKIMAN AHLI PERTAMA,KEMENTERIAN PEKERJAAN UMUM DAN PERUMAHAN RAKYAT | Direktorat Jenderal Perumahan | Balai Pelaksana Penyediaan Perumahan Jawa IV,15,1,9400000,10000000,203,0,0,0
5b36f30f-ecda-43c3-8903-213f0ae16897,Kementerian Pekerjaan Umum dan Perumahan Rakyat,CPNS,UMUM,PENATA KELOLA BANGUNAN GEDUNG DAN KAWASAN PERMUKIMAN AHLI PERTAMA,KEMENTERIAN PEKERJAAN UMUM DAN PERUMAHAN RAKYAT | Direktorat Jenderal Perumahan | Balai Pelaksana Penyediaan Perumahan Sumatera III | Seksi Pelaksanaan Wilayah II,6,1,9400000,10000000,14,0,0,0
6868f3f9-4861-4f96-a92b-31e7c27fd76d,Kementerian Pekerjaan Umum dan Perumahan Rakyat,CPNS,UMUM,PENATA KELOLA BANGUNAN GEDUNG DAN KAWASAN PERMUKIMAN AHLI PERTAMA,KEMENTERIAN PEKERJAAN UMUM DAN PERUMAHAN RAKYAT | Direktorat Jenderal Cipta Karya | Balai Prasarana Permukiman Wilayah Sumatera Utara | Seksi Pelaksana Wilayah I,3,1,9400000,10000000,10,0,0,0
6c48e179-640c-44d1-be0b-f6d6619f54c6,Kementerian Pekerjaan Umum dan Perumahan Rakyat,CPNS,UMUM,PENATA KELOLA BANGUNAN GEDUNG DAN KAWASAN PERMUKIMAN AHLI PERTAMA,KEMENTERIAN PEKERJAAN UMUM DAN PERUMAHAN RAKYAT | Direktorat Jenderal Cipta Karya | Balai Prasarana Permukiman Wilayah Kalimantan Timur | Seksi Pelaksana Wilayah I,2,1,9400000,10000000,3,0,0,0
6ce6aec7-42bf-4cbf-ad64-ba3c57a9fc6f,Kementerian Pekerjaan Umum dan Perumahan Rakyat,CPNS,UMUM,PENATA KELOLA BANGUNAN GEDUNG DAN KAWASAN PERMUKIMAN AHLI PERTAMA,KEMENTERIAN PEKERJAAN UMUM DAN PERUMAHAN RAKYAT | Direktorat Jenderal Perumahan | Balai Pelaksana Penyediaan Perumahan Sumatera V | Seksi Pelaksanaan Wilayah I,3,1,9400000,10000000,6,0,0,0
70a147f2-d94c-4d0a-bbeb-383699a62eef,Kementerian Pekerjaan Umum dan Perumahan Rakyat,CPNS,UMUM,PENATA KELOLA BANGUNAN GEDUNG DAN KAWASAN PERMUKIMAN AHLI PERTAMA,KEMENTERIAN PEKERJAAN UMUM DAN PERUMAHAN RAKYAT | Direktorat Jenderal Perumahan | Balai Pelaksana Penyediaan Perumahan Jawa II,12,1,9400000,10000000,63,0,0,0
7152be20-39b6-4c36-8872-a8bd222831f4,Kementerian Pekerjaan Umum dan Perumahan Rakyat,CPNS,UMUM,PENATA KELOLA BANGUNAN GEDUNG DAN KAWASAN PERMUKIMAN AHLI PERTAMA,"KEMENTERIAN PEKERJAAN UMUM DAN PERUMAHAN RAKYAT | Direktorat Jenderal Cipta Karya | Sekretariat Direktorat Jenderal Cipta Karya | Bagian Keuangan, Pengelolaan Barang Milik Negara dan Barang Persediaan Bencana",1,1,9400000,10000000,2,0,0,0
72468a66-9a06-4c25-8826-466e6801ba4a,Kementerian Pekerjaan Umum dan Perumahan Rakyat,CPNS,UMUM,PENATA KELOLA BANGUNAN GEDUNG DAN KAWASAN PERMUKIMAN AHLI PERTAMA,KEMENTERIAN PEKERJAAN UMUM DAN PERUMAHAN RAKYAT | Direktorat Jenderal Cipta Karya | Balai Prasarana Permukiman Wilayah Gorontalo,3,1,9400000,10000000,25,0,0,0
74e4be3b-f2a8-41b0-9fc2-c222c851227b,Kementerian Pekerjaan Umum dan Perumahan Rakyat,CPNS,UMUM,PENATA KELOLA BANGUNAN GEDUNG DAN KAWASAN PERMUKIMAN AHLI PERTAMA,KEMENTERIAN PEKERJAAN UMUM DAN PERUMAHAN RAKYAT | Direktorat Jenderal Perumahan | Balai Pelaksana Penyediaan Perumahan Jawa I,15,1,9400000,10000000,146,0,0,0
774b3ea7-7f3f-49ce-a445-4870717ea7e4,Kementerian Pekerjaan Umum dan Perumahan Rakyat,CPNS,UMUM,PENATA KELOLA BANGUNAN GEDUNG DAN KAWASAN PERMUKIMAN AHLI PERTAMA,KEMENTERIAN PEKERJAAN UMUM DAN PERUMAHAN RAKYAT | Direktorat Jenderal Perumahan | Direktorat Kepatuhan Intern | Subdirektorat Pembinaan dan Pengembangan Kepatuhan Intern dan Manajemen Risiko,7,1,9400000,10000000,18,0,0,0
77f56773-e3be-44f6-bad7-9ad6b661e499,Kementerian Pekerjaan Umum dan Perumahan Rakyat,CPNS,UMUM,PENATA KELOLA BANGUNAN GEDUNG DAN KAWASAN PERMUKIMAN AHLI PERTAMA,KEMENTERIAN PEKERJAAN UMUM DAN PERUMAHAN RAKYAT | Direktorat Jenderal Cipta Karya | Balai Prasarana Permukiman Wilayah Kalimantan Tengah | Seksi Pelaksana Wilayah I,1,1,9400000,10000000,2,0,0,0
78eb53d4-cb75-4430-b379-e27ba6b7727c,Kementerian Pekerjaan Umum dan Perumahan Rakyat,CPNS,UMUM,PENATA KELOLA BANGUNAN GEDUNG DAN KAWASAN PERMUKIMAN AHLI PERTAMA,KEMENTERIAN PEKERJAAN UMUM DAN PERUMAHAN RAKYAT | Direktorat Jenderal Perumahan | Direktorat Rumah Swadaya | Subdirektorat Pembinaan Teknis Rumah Swadaya,14,1,9400000,10000000,84,0,0,0
7e447fa8-4cd7-4a29-a41c-c6fadc0382b7,Kementerian Pekerjaan Umum dan Perumahan Rakyat,CPNS,UMUM,PENATA KELOLA BANGUNAN GEDUNG DAN KAWASAN PERMUKIMAN AHLI PERTAMA,KEMENTERIAN PEKERJAAN UMUM DAN PERUMAHAN RAKYAT | Direktorat Jenderal Cipta Karya | Balai Prasarana Permukiman Wilayah Maluku,3,1,9400000,10000000,10,0,0,0
7f8dbd7f-2124-4113-a34d-aec424210be2,Kementerian Pekerjaan Umum dan Perumahan Rakyat,CPNS,UMUM,PENATA KELOLA BANGUNAN GEDUNG DAN KAWASAN PERMUKIMAN AHLI PERTAMA,KEMENTERIAN PEKERJAAN UMUM DAN PERUMAHAN RAKYAT | Direktorat Jenderal Cipta Karya | Balai Prasarana Permukiman Wilayah D.I. Yogyakarta,1,1,9400000,10000000,33,0,0,0
801d5405-c4ba-4a47-949d-ed5a8e6f162e,Kementerian Pekerjaan Umum dan Perumahan Rakyat,CPNS,UMUM,PENATA KELOLA BANGUNAN GEDUNG DAN KAWASAN PERMUKIMAN AHLI PERTAMA,KEMENTERIAN PEKERJAAN UMUM DAN PERUMAHAN RAKYAT | Direktorat Jenderal Cipta Karya | Balai Prasarana Permukiman Wilayah Kalimantan Utara,16,1,9400000,10000000,70,0,0,0
8a216e10-98d4-4c42-b99a-70f1b65997c6,Kementerian Pekerjaan Umum dan Perumahan Rakyat,CPNS,UMUM,PENATA KELOLA BANGUNAN GEDUNG DAN KAWASAN PERMUKIMAN AHLI PERTAMA,KEMENTERIAN PEKERJAAN UMUM DAN PERUMAHAN RAKYAT | Direktorat Jenderal Perumahan | Direktorat Sistem dan Strategi Penyelenggaraan Perumahan | Subdirektorat Kemitraan dan Kelembagaan,4,1,9400000,10000000,10,0,0,0
8a25d50d-f9b5-4ad9-96ae-945e63a6680b,Kementerian Pekerjaan Umum dan Perumahan Rakyat,CPNS,UMUM,PENATA KELOLA BANGUNAN GEDUNG DAN KAWASAN PERMUKIMAN AHLI PERTAMA,KEMENTERIAN PEKERJAAN UMUM DAN PERUMAHAN RAKYAT | Direktorat Jenderal Cipta Karya | Direktorat Bina Penataan Bangunan | Subdirektorat Wilayah I,1,1,9400000,10000000,3,0,0,0
8c7e94f6-8951-4b3f-ae37-72b00f6f4ba1,Kementerian Pekerjaan Umum dan Perumahan Rakyat,CPNS,UMUM,PENATA KELOLA BANGUNAN GEDUNG DAN KAWASAN PERMUKIMAN AHLI PERTAMA,KEMENTERIAN PEKERJAAN UMUM DAN PERUMAHAN RAKYAT | Direktorat Jenderal Cipta Karya | Balai Prasarana Permukiman Wilayah Sumatera Selatan,1,1,9400000,10000000,6,0,0,0
8df4bfdb-b576-4c3b-8913-69a7568f5ac6,Kementerian Pekerjaan Umum dan Perumahan Rakyat,CPNS,UMUM,PENATA KELOLA BANGUNAN GEDUNG DAN KAWASAN PERMUKIMAN AHLI PERTAMA,KEMENTERIAN PEKERJAAN UMUM DAN PERUMAHAN RAKYAT | Direktorat Jenderal Cipta Karya | Balai Prasarana Permukiman Wilayah Maluku Utara,6,1,9400000,10000000,34,0,0,0
8e7d521e-0402-49cd-b0d6-dc1eb756b67c,Kementerian Pekerjaan Umum dan Perumahan Rakyat,CPNS,UMUM,PENATA KELOLA BANGUNAN GEDUNG DAN KAWASAN PERMUKIMAN AHLI PERTAMA,KEMENTERIAN PEKERJAAN UMUM DAN PERUMAHAN RAKYAT | Direktorat Jenderal Cipta Karya | Balai Prasarana Permukiman Wilayah Kalimantan Barat,7,1,9400000,10000000,45,0,0,0
8ea5cd06-6028-4c88-9dbb-c8feb6b107ea,Kementerian Pekerjaan Umum dan Perumahan Rakyat,CPNS,UMUM,PENATA KELOLA BANGUNAN GEDUNG DAN KAWASAN PERMUKIMAN AHLI PERTAMA,KEMENTERIAN PEKERJAAN UMUM DAN PERUMAHAN RAKYAT | Direktorat Jenderal Perumahan | Balai Pelaksana Penyediaan Perumahan Sumatera I | Seksi Pelaksanaan Wilayah II,3,1,9400000,10000000,8,0,0,0
8ede61ce-0707-48af-829c-9980264b273a,Kementerian Pekerjaan Umum dan Perumahan Rakyat,CPNS,UMUM,PENATA KELOLA BANGUNAN GEDUNG DAN KAWASAN PERMUKIMAN AHLI PERTAMA,KEMENTERIAN PEKERJAAN UMUM DAN PERUMAHAN RAKYAT | Direktorat Jenderal Cipta Karya | Balai Prasarana Permukiman Wilayah Lampung,4,1,9400000,10000000,51,0,0,0
8ef184e4-dd51-46d5-83a1-615096851706,Kementerian Pekerjaan Umum dan Perumahan Rakyat,CPNS,UMUM,PENATA KELOLA BANGUNAN GEDUNG DAN KAWASAN PERMUKIMAN AHLI PERTAMA,KEMENTERIAN PEKERJAAN UMUM DAN PERUMAHAN RAKYAT | Direktorat Jenderal Perumahan | Balai Pelaksana Penyediaan Perumahan Jawa II | Seksi Pelaksanaan Wilayah II,3,1,9400000,10000000,8,0,0,0
8f80c44f-d007-4318-894c-8ce27a6e1a2d,Kementerian Pekerjaan Umum dan Perumahan Rakyat,CPNS,UMUM,PENATA KELOLA BANGUNAN GEDUNG DAN KAWASAN PERMUKIMAN AHLI PERTAMA,KEMENTERIAN PEKERJAAN UMUM DAN PERUMAHAN RAKYAT | Direktorat Jenderal Cipta Karya | Balai Prasarana Permukiman Wilayah Kalimantan Timur,21,1,9400000,10000000,266,0,0,0
90e8b852-2061-41cf-9d4f-52d16bd0a14a,Kementerian Pekerjaan Umum dan Perumahan Rakyat,CPNS,UMUM,PENATA KELOLA BANGUNAN GEDUNG DAN KAWASAN PERMUKIMAN AHLI PERTAMA,KEMENTERIAN PEKERJAAN UMUM DAN PERUMAHAN RAKYAT | Direktorat Jenderal Cipta Karya | Balai Sains Bangunan,10,1,9400000,10000000,53,0,0,0
91438e64-8fdc-4383-9a14-d7582639ec3d,Kementerian Pekerjaan Umum dan Perumahan Rakyat,CPNS,UMUM,PENATA KELOLA BANGUNAN GEDUNG DAN KAWASAN PERMUKIMAN AHLI PERTAMA,KEMENTERIAN PEKERJAAN UMUM DAN PERUMAHAN RAKYAT | Direktorat Jenderal Perumahan | Balai Pelaksana Penyediaan Perumahan Kalimantan I,5,1,9400000,10000000,7,0,0,0
92e6121a-2bfc-4de4-a7f7-0fa4fd52f9f5,Kementerian Pekerjaan Umum dan Perumahan Rakyat,CPNS,UMUM,PENATA KELOLA BANGUNAN GEDUNG DAN KAWASAN PERMUKIMAN AHLI PERTAMA,KEMENTERIAN PEKERJAAN UMUM DAN PERUMAHAN RAKYAT | Direktorat Jenderal Cipta Karya | Balai Prasarana Permukiman Wilayah Kalimantan Timur | Seksi Pelaksana Wilayah II,2,1,9400000,10000000,3,0,0,0
92fa1644-64c7-423f-b1fb-fc53cf4bac2e,Kementerian Pekerjaan Umum dan Perumahan Rakyat,CPNS,UMUM,PENATA KELOLA BANGUNAN GEDUNG DAN KAWASAN PERMUKIMAN AHLI PERTAMA,KEMENTERIAN PEKERJAAN UMUM DAN PERUMAHAN RAKYAT | Direktorat Jenderal Cipta Karya | Balai Prasarana Permukiman Wilayah Kalimantan Tengah,5,1,9400000,10000000,33,0,0,0
93a3ef1d-0985-4b9b-8738-6d851a6e43d0,Kementerian Pekerjaan Umum dan Perumahan Rakyat,CPNS,UMUM,PENATA KELOLA BANGUNAN GEDUNG DAN KAWASAN PERMUKIMAN AHLI PERTAMA,KEMENTERIAN PEKERJAAN UMUM DAN PERUMAHAN RAKYAT | Direktorat Jenderal Cipta Karya | Balai Prasarana Permukiman Wilayah Jawa Barat,11,1,9400000,10000000,236,0,0,0
97e18ef7-6f62-48a4-bbc1-5fefaa849a3c,Kementerian Pekerjaan Umum dan Perumahan Rakyat,CPNS,UMUM,PENATA KELOLA BANGUNAN GEDUNG DAN KAWASAN PERMUKIMAN AHLI PERTAMA,KEMENTERIAN PEKERJAAN UMUM DAN PERUMAHAN RAKYAT | Direktorat Jenderal Cipta Karya | Balai Prasarana Permukiman Wilayah Jawa Tengah,4,1,9400000,10000000,119,0,0,0
9816815b-fbd6-4be3-9878-0611f7bcca28,Kementerian Pekerjaan Umum dan Perumahan Rakyat,CPNS,UMUM,PENATA KELOLA BANGUNAN GEDUNG DAN KAWASAN PERMUKIMAN AHLI PERTAMA,KEMENTERIAN PEKERJAAN UMUM DAN PERUMAHAN RAKYAT | Direktorat Jenderal Perumahan | Balai Pelaksana Penyediaan Perumahan Sumatera IV | Seksi Pelaksanaan Wilayah II,4,1,9400000,10000000,5,0,0,0
99c7d9d4-1feb-4722-a100-028a81a76efa,Kementerian Pekerjaan Umum dan Perumahan Rakyat,CPNS,UMUM,PENATA KELOLA BANGUNAN GEDUNG DAN KAWASAN PERMUKIMAN AHLI PERTAMA,KEMENTERIAN PEKERJAAN UMUM DAN PERUMAHAN RAKYAT | Direktorat Jenderal Cipta Karya | Balai Prasarana Permukiman Wilayah Kepulauan Riau | Seksi Pelaksana Wilayah II,1,1,9400000,10000000,2,0,0,0
99f3f4e5-5f84-4d4e-8378-2ed328fb97f1,Kementerian Pekerjaan Umum dan Perumahan Rakyat,CPNS,UMUM,PENATA KELOLA BANGUNAN GEDUNG DAN KAWASAN PERMUKIMAN AHLI PERTAMA,KEMENTERIAN PEKERJAAN UMUM DAN PERUMAHAN RAKYAT | Direktorat Jenderal Perumahan | Balai Pelaksana Penyediaan Perumahan Nusa Tenggara II | Seksi Pelaksanaan Wilayah I,3,1,9400000,10000000,6,0,0,0
9ab6d8fe-165d-4ac7-ab9f-f4102fba0468,Kementerian Pekerjaan Umum dan Perumahan Rakyat,CPNS,UMUM,PENATA KELOLA BANGUNAN GEDUNG DAN KAWASAN PERMUKIMAN AHLI PERTAMA,KEMENTERIAN PEKERJAAN UMUM DAN PERUMAHAN RAKYAT | Direktorat Jenderal Cipta Karya | Balai Prasarana Permukiman Wilayah Kalimantan Barat | Seksi Pelaksana Wilayah I,2,1,9400000,10000000,5,0,0,0
9acd261e-edbd-4c58-82ec-d00ce148e3d9,Kementerian Pekerjaan Umum dan Perumahan Rakyat,CPNS,UMUM,PENATA KELOLA BANGUNAN GEDUNG DAN KAWASAN PERMUKIMAN AHLI PERTAMA,KEMENTERIAN PEKERJAAN UMUM DAN PERUMAHAN RAKYAT | Direktorat Jenderal Perumahan | Balai Pelaksana Penyediaan Perumahan Sulawesi II | Seksi Pelaksanaan Wilayah I,4,1,9400000,10000000,8,0,0,0
9ba522a3-c8b6-4ee3-be01-e615ed15877f,Kementerian Pekerjaan Umum dan Perumahan Rakyat,CPNS,UMUM,PENATA KELOLA BANGUNAN GEDUNG DAN KAWASAN PERMUKIMAN AHLI PERTAMA,KEMENTERIAN PEKERJAAN UMUM DAN PERUMAHAN RAKYAT | Direktorat Jenderal Cipta Karya | Balai Prasarana Permukiman Wilayah Sumatera Utara | Seksi Pelaksana Wilayah II,3,1,9400000,10000000,6,0,0,0
9ea70464-403d-429c-b261-861fd82bd080,Kementerian Pekerjaan Umum dan Perumahan Rakyat,CPNS,UMUM,PENATA KELOLA BANGUNAN GEDUNG DAN KAWASAN PERMUKIMAN AHLI PERTAMA,KEMENTERIAN PEKERJAAN UMUM DAN PERUMAHAN RAKYAT | Direktorat Jenderal Cipta Karya | Direktorat Bina Teknik Permukiman dan Perumahan | Subdirektorat Keandalan Bangunan Gedung,3,1,9400000,10000000,11,0,0,0
9f6608f8-8036-490a-bba0-9e9e8eaf9cc3,Kementerian Pekerjaan Umum dan Perumahan Rakyat,CPNS,UMUM,PENATA KELOLA BANGUNAN GEDUNG DAN KAWASAN PERMUKIMAN AHLI PERTAMA,KEMENTERIAN PEKERJAAN UMUM DAN PERUMAHAN RAKYAT | Direktorat Jenderal Cipta Karya | Direktorat Kepatuhan Intern | Subdirektorat Pengendalian Kepatuhan Intern dan Manajemen Risiko,5,1,9400000,10000000,16,0,0,0
9f888362-49a0-40f4-abe4-416f9852b21e,Kementerian Pekerjaan Umum dan Perumahan Rakyat,CPNS,UMUM,PENATA KELOLA BANGUNAN GEDUNG DAN KAWASAN PERMUKIMAN AHLI PERTAMA,KEMENTERIAN PEKERJAAN UMUM DAN PERUMAHAN RAKYAT | Direktorat Jenderal Cipta Karya | Balai Prasarana Permukiman Wilayah Papua Barat | Seksi Pelaksana Wilayah I,1,1,9400000,10000000,5,0,0,0
9fd9effb-913f-4380-92b2-e292166b1424,Kementerian Pekerjaan Umum dan Perumahan Rakyat,CPNS,UMUM,PENATA KELOLA BANGUNAN GEDUNG DAN KAWASAN PERMUKIMAN AHLI PERTAMA,KEMENTERIAN PEKERJAAN UMUM DAN PERUMAHAN RAKYAT | Direktorat Jenderal Cipta Karya | Balai Prasarana Permukiman Wilayah Sulawesi Tenggara,1,1,9400000,10000000,9,0,0,0
a1e00148-95b0-4421-af11-75be8fc4f538,Kementerian Pekerjaan Umum dan Perumahan Rakyat,CPNS,UMUM,PENATA KELOLA BANGUNAN GEDUNG DAN KAWASAN PERMUKIMAN AHLI PERTAMA,KEMENTERIAN PEKERJAAN UMUM DAN PERUMAHAN RAKYAT | Direktorat Jenderal Perumahan | Direktorat Rumah Khusus | Subdirektorat Perencanaan Teknis Rumah Khusus,4,1,9400000,10000000,12,0,0,0
a3d49fcd-1cce-4c94-895e-5bb793cb8bd4,Kementerian Pekerjaan Umum dan Perumahan Rakyat,CPNS,UMUM,PENATA KELOLA BANGUNAN GEDUNG DAN KAWASAN PERMUKIMAN AHLI PERTAMA,KEMENTERIAN PEKERJAAN UMUM DAN PERUMAHAN RAKYAT | Direktorat Jenderal Cipta Karya | Direktorat Prasarana Strategis | Subdirektorat Perencanaan Teknis Prasarana Strategis,4,1,9400000,10000000,17,0,0,0
a5e072ba-41aa-44e1-8bb4-bfc236ca5650,Kementerian Pekerjaan Umum dan Perumahan Rakyat,CPNS,UMUM,PENATA KELOLA BANGUNAN GEDUNG DAN KAWASAN PERMUKIMAN AHLI PERTAMA,KEMENTERIAN PEKERJAAN UMUM DAN PERUMAHAN RAKYAT | Direktorat Jenderal Perumahan | Balai Pelaksana Penyediaan Perumahan Kalimantan II | Seksi Pelaksanaan Wilayah I,10,1,9400000,10000000,24,0,0,0
a7e26260-aaf4-49ce-b432-3ce7d584f5fb,Kementerian Pekerjaan Umum dan Perumahan Rakyat,CPNS,UMUM,PENATA KELOLA BANGUNAN GEDUNG DAN KAWASAN PERMUKIMAN AHLI PERTAMA,KEMENTERIAN PEKERJAAN UMUM DAN PERUMAHAN RAKYAT | Direktorat Jenderal Perumahan | Balai Pelaksana Penyediaan Perumahan Papua II,8,1,9400000,10000000,22,0,0,0
a8bbf002-1a9f-4b60-aa22-b27caa6cbbef,Kementerian Pekerjaan Umum dan Perumahan Rakyat,CPNS,UMUM,PENATA KELOLA BANGUNAN GEDUNG DAN KAWASAN PERMUKIMAN AHLI PERTAMA,KEMENTERIAN PEKERJAAN UMUM DAN PERUMAHAN RAKYAT | Direktorat Jenderal Cipta Karya | Balai Prasarana Permukiman Wilayah Gorontalo | Seksi Pelaksana Wilayah I,2,1,9400000,10000000,6,0,0,0
aa4099ec-d5ae-4c8f-b8ff-31b11bb770c2,Kementerian Pekerjaan Umum dan Perumahan Rakyat,CPNS,UMUM,PENATA KELOLA BANGUNAN GEDUNG DAN KAWASAN PERMUKIMAN AHLI PERTAMA,KEMENTERIAN PEKERJAAN UMUM DAN PERUMAHAN RAKYAT | Direktorat Jenderal Cipta Karya | Balai Prasarana Permukiman Wilayah Sulawesi Barat,1,1,9400000,10000000,5,0,0,0
ac996779-12c9-4b4e-90df-756348ad47ee,Kementerian Pekerjaan Umum dan Perumahan Rakyat,CPNS,UMUM,PENATA KELOLA BANGUNAN GEDUNG DAN KAWASAN PERMUKIMAN AHLI PERTAMA,KEMENTERIAN PEKERJAAN UMUM DAN PERUMAHAN RAKYAT | Direktorat Jenderal Cipta Karya | Balai Prasarana Permukiman Wilayah Banten,1,1,9400000,10000000,14,0,0,0
b343c91c-3166-48d4-a276-4dfb98e9b957,Kementerian Pekerjaan Umum dan Perumahan Rakyat,CPNS,UMUM,PENATA KELOLA BANGUNAN GEDUNG DAN KAWASAN PERMUKIMAN AHLI PERTAMA,KEMENTERIAN PEKERJAAN UMUM DAN PERUMAHAN RAKYAT | Direktorat Jenderal Perumahan | Direktorat Rumah Khusus | Subdirektorat Wilayah II,4,1,9400000,10000000,9,0,0,0
b4293439-c76f-4a4d-adec-5407e8f5a052,Kementerian Pekerjaan Umum dan Perumahan Rakyat,CPNS,UMUM,PENATA KELOLA BANGUNAN GEDUNG DAN KAWASAN PERMUKIMAN AHLI PERTAMA,KEMENTERIAN PEKERJAAN UMUM DAN PERUMAHAN RAKYAT | Direktorat Jenderal Perumahan | Balai Pelaksana Penyediaan Perumahan Kalimantan II,10,1,9400000,10000000,21,0,0,0
b7b8632c-b776-4838-b44d-bdd879c034b1,Kementerian Pekerjaan Umum dan Perumahan Rakyat,CPNS,UMUM,PENATA KELOLA BANGUNAN GEDUNG DAN KAWASAN PERMUKIMAN AHLI PERTAMA,KEMENTERIAN PEKERJAAN UMUM DAN PERUMAHAN RAKYAT | Direktorat Jenderal Perumahan | Direktorat Rumah Susun | Subdirektorat Wilayah I,4,1,9400000,10000000,13,0,0,0
bb087dc0-03f1-48f1-a0b2-f5d38ead9741,Kementerian Pekerjaan Umum dan Perumahan Rakyat,CPNS,UMUM,PENATA KELOLA BANGUNAN GEDUNG DAN KAWASAN PERMUKIMAN AHLI PERTAMA,KEMENTERIAN PEKERJAAN UMUM DAN PERUMAHAN RAKYAT | Direktorat Jenderal Cipta Karya | Balai Prasarana Permukiman Wilayah Papua Barat | Seksi Pelaksana Wilayah II,2,1,9400000,10000000,7,0,0,0
c2c94ee6-70e6-4278-aee2-ddca22f18c2c,Kementerian Pekerjaan Umum dan Perumahan Rakyat,CPNS,UMUM,PENATA KELOLA BANGUNAN GEDUNG DAN KAWASAN PERMUKIMAN AHLI PERTAMA,KEMENTERIAN PEKERJAAN UMUM DAN PERUMAHAN RAKYAT | Direktorat Jenderal Cipta Karya | Direktorat Sistem dan Strategi Penyelenggaraan Infrastruktur Permukiman | Subdirektorat Keterpaduan Penyelenggaraan Infrastruktur Permukiman,1,1,9400000,10000000,1,0,0,0
c4566e52-a3af-46ed-9d64-c8c73b978c1d,Kementerian Pekerjaan Umum dan Perumahan Rakyat,CPNS,UMUM,PENATA KELOLA BANGUNAN GEDUNG DAN KAWASAN PERMUKIMAN AHLI PERTAMA,KEMENTERIAN PEKERJAAN UMUM DAN PERUMAHAN RAKYAT | Direktorat Jenderal Perumahan | Direktorat Rumah Khusus | Subdirektorat Wilayah I,4,1,9400000,10000000,12,0,0,0
c57c94a3-6d0e-42c8-abf4-a1002ce3792e,Kementerian Pekerjaan Umum dan Perumahan Rakyat,CPNS,UMUM,PENATA KELOLA BANGUNAN GEDUNG DAN KAWASAN PERMUKIMAN AHLI PERTAMA,KEMENTERIAN PEKERJAAN UMUM DAN PERUMAHAN RAKYAT | Direktorat Jenderal Cipta Karya | Balai Prasarana Permukiman Wilayah Nusa Tenggara Timur | Seksi Pelaksana Wilayah I,1,1,9400000,10000000,4,0,0,0
c5d7ed80-eff0-461b-bd41-140dfbfa6836,Kementerian Pekerjaan Umum dan Perumahan Rakyat,CPNS,UMUM,PENATA KELOLA BANGUNAN GEDUNG DAN KAWASAN PERMUKIMAN AHLI PERTAMA,KEMENTERIAN PEKERJAAN UMUM DAN PERUMAHAN RAKYAT | Direktorat Jenderal Cipta Karya | Balai Prasarana Permukiman Wilayah Jawa Barat | Seksi Pelaksana Wilayah II,4,1,9400000,10000000,11,0,0,0
cbe81a3c-62b3-4911-8a32-a994a8705d0b,Kementerian Pekerjaan Umum dan Perumahan Rakyat,CPNS,UMUM,PENATA KELOLA BANGUNAN GEDUNG DAN KAWASAN PERMUKIMAN AHLI PERTAMA,KEMENTERIAN PEKERJAAN UMUM DAN PERUMAHAN RAKYAT | Direktorat Jenderal Perumahan | Balai Pelaksana Penyediaan Perumahan Papua I | Seksi Pelaksanaan Wilayah I,5,1,9400000,10000000,14,0,0,0
ccaba597-353e-405e-890c-e1baa56676d2,Kementerian Pekerjaan Umum dan Perumahan Rakyat,CPNS,UMUM,PENATA KELOLA BANGUNAN GEDUNG DAN KAWASAN PERMUKIMAN AHLI PERTAMA,KEMENTERIAN PEKERJAAN UMUM DAN PERUMAHAN RAKYAT | Direktorat Jenderal Cipta Karya | Balai Bahan dan Struktur Bangunan Gedung,3,1,9400000,10000000,15,0,0,0
d409bb81-8dce-48dc-a5cf-117d2c7d7353,Kementerian Pekerjaan Umum dan Perumahan Rakyat,CPNS,UMUM,PENATA KELOLA BANGUNAN GEDUNG DAN KAWASAN PERMUKIMAN AHLI PERTAMA,KEMENTERIAN PEKERJAAN UMUM DAN PERUMAHAN RAKYAT | Direktorat Jenderal Perumahan | Balai Pelaksana Penyediaan Perumahan Kalimantan I | Seksi Pelaksanaan Wilayah II,5,1,9400000,10000000,11,0,0,0
d413a0c4-ab8c-4d6f-bf07-9b93dfa6158e,Kementerian Pekerjaan Umum dan Perumahan Rakyat,CPNS,UMUM,PENATA KELOLA BANGUNAN GEDUNG DAN KAWASAN PERMUKIMAN AHLI PERTAMA,KEMENTERIAN PEKERJAAN UMUM DAN PERUMAHAN RAKYAT | Direktorat Jenderal Perumahan | Balai Pelaksana Penyediaan Perumahan Sumatera II | Seksi Pelaksanaan Wilayah I,2,1,9400000,10000000,3,0,0,0
d5f85f6b-2943-4784-90f1-994ed67cab33,Kementerian Pekerjaan Umum dan Perumahan Rakyat,CPNS,UMUM,PENATA KELOLA BANGUNAN GEDUNG DAN KAWASAN PERMUKIMAN AHLI PERTAMA,KEMENTERIAN PEKERJAAN UMUM DAN PERUMAHAN RAKYAT | Direktorat Jenderal Perumahan | Balai Pelaksana Penyediaan Perumahan Nusa Tenggara I | Seksi Pelaksanaan Wilayah I,1,1,9400000,10000000,2,0,0,0
da454dc5-3990-4e0e-8dd3-32ede7b14398,Kementerian Pekerjaan Umum dan Perumahan Rakyat,CPNS,UMUM,PENATA KELOLA BANGUNAN GEDUNG DAN KAWASAN PERMUKIMAN AHLI PERTAMA,KEMENTERIAN PEKERJAAN UMUM DAN PERUMAHAN RAKYAT | Direktorat Jenderal Cipta Karya | Direktorat Bina Teknik Permukiman dan Perumahan | Subdirektorat Pengelolaan Jabatan Fungsional Bidang Permukiman dan Pengembangan Profesi,1,1,9400000,10000000,2,0,0,0
dab41a8d-5702-43b6-b9ff-3beaac4d1627,Kementerian Pekerjaan Umum dan Perumahan Rakyat,CPNS,UMUM,PENATA KELOLA BANGUNAN GEDUNG DAN KAWASAN PERMUKIMAN AHLI PERTAMA,KEMENTERIAN PEKERJAAN UMUM DAN PERUMAHAN RAKYAT | Direktorat Jenderal Cipta Karya | Balai Prasarana Permukiman Wilayah Kepulauan Riau | Seksi Pelaksana Wilayah I,1,1,9400000,10000000,3,0,0,0
dd34a351-fbc8-4159-a43a-f95d49693082,Kementerian Pekerjaan Umum dan Perumahan Rakyat,CPNS,UMUM,PENATA KELOLA BANGUNAN GEDUNG DAN KAWASAN PERMUKIMAN AHLI PERTAMA,"KEMENTERIAN PEKERJAAN UMUM DAN PERUMAHAN RAKYAT | Direktorat Jenderal Perumahan | Sekretariat Direktorat Jenderal Perumahan | Bagian Keuangan, Pengelolaan Barang Milik Negara dan Barang Persediaan Bencana",3,1,9400000,10000000,5,0,0,0
de351ccb-c9f7-432f-88f9-cf0328311737,Kementerian Pekerjaan Umum dan Perumahan Rakyat,CPNS,UMUM,PENATA KELOLA BANGUNAN GEDUNG DAN KAWASAN PERMUKIMAN AHLI PERTAMA,KEMENTERIAN PEKERJAAN UMUM DAN PERUMAHAN RAKYAT | Direktorat Jenderal Cipta Karya | Balai Prasarana Permukiman Wilayah Lampung | Seksi Pelaksana Wilayah I,1,1,9400000,10000000,2,0,0,0
de60dd41-8e09-4718-b6a0-f581e8f9bf2e,Kementerian Pekerjaan Umum dan Perumahan Rakyat,CPNS,UMUM,PENATA KELOLA BANGUNAN GEDUNG DAN KAWASAN PERMUKIMAN AHLI PERTAMA,KEMENTERIAN PEKERJAAN UMUM DAN PERUMAHAN RAKYAT | Direktorat Jenderal Cipta Karya | Balai Prasarana Permukiman Wilayah Kalimantan Barat | Seksi Pelaksana Wilayah II,2,1,9400000,10000000,3,0,0,0
df6c56a2-bc10-4507-a7db-ceaa599d82f3,Kementerian Pekerjaan Umum dan Perumahan Rakyat,CPNS,UMUM,PENATA KELOLA BANGUNAN GEDUNG DAN KAWASAN PERMUKIMAN AHLI PERTAMA,KEMENTERIAN PEKERJAAN UMUM DAN PERUMAHAN RAKYAT | Direktorat Jenderal Perumahan | Direktorat Rumah Umum dan Komersial | Subdirektorat Wilayah II,3,1,9400000,10000000,5,0,0,0
e0ae5ae0-9fea-45ce-a9fd-e311b46a682b,Kementerian Pekerjaan Umum dan Perumahan Rakyat,CPNS,UMUM,PENATA KELOLA BANGUNAN GEDUNG DAN KAWASAN PERMUKIMAN AHLI PERTAMA,KEMENTERIAN PEKERJAAN UMUM DAN PERUMAHAN RAKYAT | Direktorat Jenderal Perumahan | Balai Pelaksana Penyediaan Perumahan Sumatera II | Seksi Pelaksanaan Wilayah II,3,1,9400000,10000000,8,0,0,0
e5085297-e864-4ad8-8696-78de5a0c7859,Kementerian Pekerjaan Umum dan Perumahan Rakyat,CPNS,UMUM,PENATA KELOLA BANGUNAN GEDUNG DAN KAWASAN PERMUKIMAN AHLI PERTAMA,KEMENTERIAN PEKERJAAN UMUM DAN PERUMAHAN RAKYAT | Direktorat Jenderal Perumahan | Balai Pelaksana Penyediaan Perumahan Jawa I | Seksi Pelaksanaan Wilayah II,3,1,9400000,10000000,124,0,0,0
eae77cf0-d566-4a6c-b4b4-536616101ede,Kementerian Pekerjaan Umum dan Perumahan Rakyat,CPNS,UMUM,PENATA KELOLA BANGUNAN GEDUNG DAN KAWASAN PERMUKIMAN AHLI PERTAMA,KEMENTERIAN PEKERJAAN UMUM DAN PERUMAHAN RAKYAT | Direktorat Jenderal Cipta Karya | Balai Prasarana Permukiman Wilayah Lampung | Seksi Pelaksana Wilayah II,1,1,9400000,10000000,2,0,0,0
ec3d120b-b4c8-419b-8af5-7d50744ab76a,Kementerian Pekerjaan Umum dan Perumahan Rakyat,CPNS,UMUM,PENATA KELOLA BANGUNAN GEDUNG DAN KAWASAN PERMUKIMAN AHLI PERTAMA,KEMENTERIAN PEKERJAAN UMUM DAN PERUMAHAN RAKYAT | Direktorat Jenderal Perumahan | Balai Pelaksana Penyediaan Perumahan Sumatera III,22,1,9400000,10000000,219,0,0,0
ed4c0901-fe92-45c0-8b75-1eb085f48cf0,Kementerian Pekerjaan Umum dan Perumahan Rakyat,CPNS,UMUM,PENATA KELOLA BANGUNAN GEDUNG DAN KAWASAN PERMUKIMAN AHLI PERTAMA,KEMENTERIAN PEKERJAAN UMUM DAN PERUMAHAN RAKYAT | Direktorat Jenderal Cipta Karya | Balai Prasarana Permukiman Wilayah Jawa Barat | Seksi Pelaksana Wilayah I,2,1,9400000,10000000,6,0,0,0
eebfb867-8106-442a-ae5b-9333305ef839,Kementerian Pekerjaan Umum dan Perumahan Rakyat,CPNS,UMUM,PENATA KELOLA BANGUNAN GEDUNG DAN KAWASAN PERMUKIMAN AHLI PERTAMA,KEMENTERIAN PEKERJAAN UMUM DAN PERUMAHAN RAKYAT | Direktorat Jenderal Cipta Karya | Direktorat Prasarana Strategis | Subdirektorat Wilayah II,15,1,9400000,10000000,125,0,0,0
eeecc9da-bd0f-44e1-be68-c9c415e9122c,Kementerian Pekerjaan Umum dan Perumahan Rakyat,CPNS,UMUM,PENATA KELOLA BANGUNAN GEDUNG DAN KAWASAN PERMUKIMAN AHLI PERTAMA,KEMENTERIAN PEKERJAAN UMUM DAN PERUMAHAN RAKYAT | Direktorat Jenderal Perumahan | Balai Pelaksana Penyediaan Perumahan Jawa III,15,1,9400000,10000000,214,0,0,0
f29d3bbb-62be-4791-b4fc-4e1baa40d16f,Kementerian Pekerjaan Umum dan Perumahan Rakyat,CPNS,UMUM,PENATA KELOLA BANGUNAN GEDUNG DAN KAWASAN PERMUKIMAN AHLI PERTAMA,KEMENTERIAN PEKERJAAN UMUM DAN PERUMAHAN RAKYAT | Direktorat Jenderal Cipta Karya | Balai Prasarana Permukiman Wilayah Papua | Seksi Pelaksana Wilayah I,1,1,9400000,10000000,6,0,0,0
f36956e8-94ec-450e-88be-40c634c583ab,Kementerian Pekerjaan Umum dan Perumahan Rakyat,CPNS,UMUM,PENATA KELOLA BANGUNAN GEDUNG DAN KAWASAN PERMUKIMAN AHLI PERTAMA,KEMENTERIAN PEKERJAAN UMUM DAN PERUMAHAN RAKYAT | Direktorat Jenderal Perumahan | Balai Pelaksana Penyediaan Perumahan Kalimantan II | Seksi Pelaksanaan Wilayah II,10,1,9400000,10000000,23,0,0,0
f44203d2-517d-4145-b2f6-564e28ee7171,Kementerian Pekerjaan Umum dan Perumahan Rakyat,CPNS,UMUM,PENATA KELOLA BANGUNAN GEDUNG DAN KAWASAN PERMUKIMAN AHLI PERTAMA,KEMENTERIAN PEKERJAAN UMUM DAN PERUMAHAN RAKYAT | Direktorat Jenderal Perumahan | Balai Pelaksana Penyediaan Perumahan Sulawesi I | Seksi Pelaksanaan Wilayah II,5,1,9400000,10000000,13,0,0,0
f604cd98-028d-4593-b92b-d5280ed83cd9,Kementerian Pekerjaan Umum dan Perumahan Rakyat,CPNS,UMUM,PENATA KELOLA BANGUNAN GEDUNG DAN KAWASAN PERMUKIMAN AHLI PERTAMA,KEMENTERIAN PEKERJAAN UMUM DAN PERUMAHAN RAKYAT | Direktorat Jenderal Perumahan | Balai Pelaksana Penyediaan Perumahan Sulawesi I | Seksi Pelaksanaan Wilayah I,5,1,9400000,10000000,14,0,0,0
f6583bbc-a9f2-4c8c-addf-803945eeb7ca,Kementerian Pekerjaan Umum dan Perumahan Rakyat,CPNS,UMUM,PENATA KELOLA BANGUNAN GEDUNG DAN KAWASAN PERMUKIMAN AHLI PERTAMA,KEMENTERIAN PEKERJAAN UMUM DAN PERUMAHAN RAKYAT | Direktorat Jenderal Cipta Karya | Balai Kawasan Permukiman dan Perumahan,10,1,9400000,10000000,134,0,0,0
fa692f14-90e1-4af1-9ec1-24f9a45b68c3,Kementerian Pekerjaan Umum dan Perumahan Rakyat,CPNS,UMUM,PENATA KELOLA BANGUNAN GEDUNG DAN KAWASAN PERMUKIMAN AHLI PERTAMA,KEMENTERIAN PEKERJAAN UMUM DAN PERUMAHAN RAKYAT | Direktorat Jenderal Perumahan | Balai Pelaksana Penyediaan Perumahan Sumatera I | Seksi Pelaksanaan Wilayah I,3,1,9400000,10000000,8,0,0,0
fca95060-8886-4e8a-b12d-00a3dad9e663,Kementerian Pekerjaan Umum dan Perumahan Rakyat,CPNS,UMUM,PENATA KELOLA BANGUNAN GEDUNG DAN KAWASAN PERMUKIMAN AHLI PERTAMA,KEMENTERIAN PEKERJAAN UMUM DAN PERUMAHAN RAKYAT | Direktorat Jenderal Cipta Karya | Sekretariat Direktorat Jenderal Cipta Karya | Bagian Kepegawaian dan Umum,1,1,9400000,10000000,3,0,0,0
8a028490914aa6ad01914aa96f5c0092,Kementerian Pekerjaan Umum dan Perumahan Rakyat,CPNS,PUTRA/PUTRI KALIMANTAN,PENGELOLA SUMBER DAYA AIR AHLI PERTAMA,KEMENTERIAN PEKERJAAN UMUM DAN PERUMAHAN RAKYAT | Direktorat Jenderal Sumber Daya Air | Direktorat Sungai dan Pantai | Subdirektorat Wilayah I,1,1,9400000,10000000,3,0,0,0
8a028490914aa6ad01914ab9c7480c55,Kementerian Pekerjaan Umum dan Perumahan Rakyat,CPNS,PUTRA/PUTRI KALIMANTAN,PENGELOLA SUMBER DAYA AIR AHLI PERTAMA,KEMENTERIAN PEKERJAAN UMUM DAN PERUMAHAN RAKYAT | Direktorat Jenderal Sumber Daya Air | Direktorat Sungai dan Pantai | Subdirektorat Perencanaan Teknis Sungai dan Pantai,1,1,9400000,10000000,7,0,0,0
8a028490914aa6ad01914ada12a029fe,Kementerian Pekerjaan Umum dan Perumahan Rakyat,CPNS,PUTRA/PUTRI KALIMANTAN,PENGELOLA SUMBER DAYA AIR AHLI PERTAMA,"KEMENTERIAN PEKERJAAN UMUM DAN PERUMAHAN RAKYAT | Direktorat Jenderal Sumber Daya Air | Direktorat Sistem dan Strategi Pengelolaan Sumber Daya Air | Subdirektorat Pemantauan, Evaluasi, Dan Pengadaan Tanah",1,1,9400000,10000000,5,0,0,0
8a028490914aa6ad01914ae8177d30a3,Kementerian Pekerjaan Umum dan Perumahan Rakyat,CPNS,PUTRA/PUTRI KALIMANTAN,PENGELOLA SUMBER DAYA AIR AHLI PERTAMA,"KEMENTERIAN PEKERJAAN UMUM DAN PERUMAHAN RAKYAT | Direktorat Jenderal Sumber Daya Air | Direktorat Sistem dan Strategi Pengelolaan Sumber Daya Air | Subdirektorat Strategi, Program, dan Anggaran",1,1,9400000,10000000,2,0,0,0
8a028490914aa6ad01914b0b4dd73d8a,Kementerian Pekerjaan Umum dan Perumahan Rakyat,CPNS,PUTRA/PUTRI KALIMANTAN,PENGELOLA SUMBER DAYA AIR AHLI PERTAMA,KEMENTERIAN PEKERJAAN UMUM DAN PERUMAHAN RAKYAT | Direktorat Jenderal Sumber Daya Air | Direktorat Kepatuhan Intern | Subdirektorat Pengendalian Kepatuhan Intern dan Manajemen Risiko,1,1,9400000,10000000,2,0,0,0
8a028490914aa6ad01914b0f8bdc3ead,Kementerian Pekerjaan Umum dan Perumahan Rakyat,CPNS,PUTRA/PUTRI KALIMANTAN,PENGELOLA SUMBER DAYA AIR AHLI PERTAMA,KEMENTERIAN PEKERJAAN UMUM DAN PERUMAHAN RAKYAT | Direktorat Jenderal Sumber Daya Air | Direktorat Kepatuhan Intern | Subdirektorat Pembinaan dan Pengembangan Kepatuhan Intern Dan Manajemen Risiko,1,1,9400000,10000000,2,0,0,0
8a028490914aa6ad01914b61efb1495c,Kementerian Pekerjaan Umum dan Perumahan Rakyat,CPNS,PUTRA/PUTRI PAPUA DAN PAPUA BARAT,PENGELOLA SUMBER DAYA AIR AHLI PERTAMA,KEMENTERIAN PEKERJAAN UMUM DAN PERUMAHAN RAKYAT | Direktorat Jenderal Sumber Daya Air | Direktorat Bina Teknik Sumber Daya Air | Subdirektorat Teknologi dan Peralatan Infrastruktur Bidang Sumber Daya Air,1,1,9400000,10000000,2,0,0,0
8a03849a9149c64e019149e4f94a1474,Kementerian Pekerjaan Umum dan Perumahan Rakyat,CPNS,PUTRA/PUTRI PAPUA DAN PAPUA BARAT,PENGELOLA SUMBER DAYA AIR AHLI PERTAMA,KEMENTERIAN PEKERJAAN UMUM DAN PERUMAHAN RAKYAT | Direktorat Jenderal Sumber Daya Air | Pusat Pengendalian Lumpur Sidoarjo | Bidang Perencanaan,1,1,9400000,10000000,1,0,0,0
8a03849f914ed85101914ef3f9d8205b,Kementerian Pekerjaan Umum dan Perumahan Rakyat,CPNS,PUTRA/PUTRI KALIMANTAN,PENGELOLA SUMBER DAYA AIR AHLI PERTAMA,KEMENTERIAN PEKERJAAN UMUM DAN PERUMAHAN RAKYAT | Direktorat Jenderal Sumber Daya Air | Direktorat Air Tanah dan Air Baku | Subdirektorat Perencanaan Teknis Air Tanah dan Air Baku,1,1,9400000,10000000,5,0,0,0
8a03849f914ed85101914efc5bf92f7d,Kementerian Pekerjaan Umum dan Perumahan Rakyat,CPNS,PUTRA/PUTRI KALIMANTAN,PENGELOLA SUMBER DAYA AIR AHLI PERTAMA,KEMENTERIAN PEKERJAAN UMUM DAN PERUMAHAN RAKYAT | Direktorat Jenderal Sumber Daya Air | Direktorat Air Tanah dan Air Baku | Subdirektorat Wilayah I,1,1,9400000,10000000,4,0,0,0
0139249d-7dc2-40a7-ab6e-0042bca4c4ba,Kementerian Pekerjaan Umum dan Perumahan Rakyat,CPNS,UMUM,PENGELOLA SUMBER DAYA AIR AHLI PERTAMA,KEMENTERIAN PEKERJAAN UMUM DAN PERUMAHAN RAKYAT | Direktorat Jenderal Sumber Daya Air | Balai Wilayah Sungai Sulawesi II Gorontalo | SEKSI PELAKSANAAN,1,1,9400000,10000000,6,0,0,0
0218a371-1ca8-46a6-8e14-2b9199330899,Kementerian Pekerjaan Umum dan Perumahan Rakyat,CPNS,UMUM,PENGELOLA SUMBER DAYA AIR AHLI PERTAMA,KEMENTERIAN PEKERJAAN UMUM DAN PERUMAHAN RAKYAT | Direktorat Jenderal Sumber Daya Air | Balai Wilayah Sungai Sumatera V Padang | SEKSI KETERPADUAN PEMBANGUNAN INFRASTRUKTUR SUMBER DAYA AIR,1,1,9400000,10000000,10,0,0,0
067eb5c9-fada-4ec3-ad13-b1fcaddd73e4,Kementerian Pekerjaan Umum dan Perumahan Rakyat,CPNS,UMUM,PENGELOLA SUMBER DAYA AIR AHLI PERTAMA,KEMENTERIAN PEKERJAAN UMUM DAN PERUMAHAN RAKYAT | Direktorat Jenderal Sumber Daya Air | Pusat Pengendalian Lumpur Sidoarjo | Bidang Pelaksanaan,1,1,9400000,10000000,6,0,0,0
072cde93-d0e9-42a4-9179-1a773c4ba1de,Kementerian Pekerjaan Umum dan Perumahan Rakyat,CPNS,UMUM,PENGELOLA SUMBER DAYA AIR AHLI PERTAMA,KEMENTERIAN PEKERJAAN UMUM DAN PERUMAHAN RAKYAT | Direktorat Jenderal Sumber Daya Air | Sekretariat Dewan Sumber Daya Air Nasional | Bagian Penyusun Program dan Pelaporan | SUBBAGIAN MATERI SIDANG DAN PELAPORAN,2,1,9400000,10000000,7,0,0,0
07847c5e-951d-48ba-99ca-5b7084e26794,Kementerian Pekerjaan Umum dan Perumahan Rakyat,CPNS,UMUM,PENGELOLA SUMBER DAYA AIR AHLI PERTAMA,KEMENTERIAN PEKERJAAN UMUM DAN PERUMAHAN RAKYAT | Direktorat Jenderal Sumber Daya Air | Balai Besar Wilayah Sungai Serayu Opak | BIDANG OPERASI DAN PEMELIHARAAN,1,1,9400000,10000000,26,0,0,0
0848bd20-a8eb-4bff-8a61-ee8916e6b53e,Kementerian Pekerjaan Umum dan Perumahan Rakyat,CPNS,UMUM,PENGELOLA SUMBER DAYA AIR AHLI PERTAMA,KEMENTERIAN PEKERJAAN UMUM DAN PERUMAHAN RAKYAT | Direktorat Jenderal Sumber Daya Air | Balai Besar Wilayah Sungai Brantas | BIDANG OPERASI DAN PEMELIHARAAN,1,1,9400000,10000000,32,0,0,0
0c04bd22-c50b-4c90-a898-1d4d76da119c,Kementerian Pekerjaan Umum dan Perumahan Rakyat,CPNS,UMUM,PENGELOLA SUMBER DAYA AIR AHLI PERTAMA,KEMENTERIAN PEKERJAAN UMUM DAN PERUMAHAN RAKYAT | Direktorat Jenderal Sumber Daya Air | Balai Besar Wilayah Sungai Bengawan Solo | BIDANG PELAKSANAAN JARINGAN SUMBER AIR,1,1,9400000,10000000,13,0,0,0
0e0b0510-0bef-466c-95b7-a367f640fdfd,Kementerian Pekerjaan Umum dan Perumahan Rakyat,CPNS,UMUM,PENGELOLA SUMBER DAYA AIR AHLI PERTAMA,KEMENTERIAN PEKERJAAN UMUM DAN PERUMAHAN RAKYAT | Direktorat Jenderal Sumber Daya Air | Direktorat Air Tanah dan Air Baku | Subdirektorat Wilayah II,2,1,9400000,10000000,7,0,0,0
10cfe120-1647-4934-8892-2248c4a15e58,Kementerian Pekerjaan Umum dan Perumahan Rakyat,CPNS,UMUM,PENGELOLA SUMBER DAYA AIR AHLI PERTAMA,KEMENTERIAN PEKERJAAN UMUM DAN PERUMAHAN RAKYAT | Direktorat Jenderal Sumber Daya Air | Balai Teknik Sungai,2,1,9400000,10000000,36,0,0,0
12b1b974-ac7b-49f7-bada-17cfd60f85aa,Kementerian Pekerjaan Umum dan Perumahan Rakyat,CPNS,UMUM,PENGELOLA SUMBER DAYA AIR AHLI PERTAMA,KEMENTERIAN PEKERJAAN UMUM DAN PERUMAHAN RAKYAT | Direktorat Jenderal Sumber Daya Air | Balai Wilayah Sungai Sumatera V Padang | SEKSI OPERASI DAN PEMELIHARAAN,1,1,9400000,10000000,26,0,0,0
143bfae1-05ea-4278-b9e6-cfd3ccb01bae,Kementerian Pekerjaan Umum dan Perumahan Rakyat,CPNS,UMUM,PENGELOLA SUMBER DAYA AIR AHLI PERTAMA,KEMENTERIAN PEKERJAAN UMUM DAN PERUMAHAN RAKYAT | Direktorat Jenderal Sumber Daya Air | Balai Besar Wilayah Sungai Bengawan Solo | BIDANG PELAKSANAAN JARINGAN PEMANFAATAN AIR,1,1,9400000,10000000,20,0,0,0
1562aedc-eaa3-4fc5-a542-c2e1bfda8e52,Kementerian Pekerjaan Umum dan Perumahan Rakyat,CPNS,UMUM,PENGELOLA SUMBER DAYA AIR AHLI PERTAMA,KEMENTERIAN PEKERJAAN UMUM DAN PERUMAHAN RAKYAT | Direktorat Jenderal Sumber Daya Air | Balai Hidrologi dan Lingkungan Keairan,1,1,9400000,10000000,9,0,0,0
15b43e7a-5dcf-4351-83c3-3402fadcdd2f,Kementerian Pekerjaan Umum dan Perumahan Rakyat,CPNS,UMUM,PENGELOLA SUMBER DAYA AIR AHLI PERTAMA,KEMENTERIAN PEKERJAAN UMUM DAN PERUMAHAN RAKYAT | Direktorat Jenderal Sumber Daya Air | Balai Besar Wilayah Sungai Citanduy | BIDANG KETERPADUAN PEMBANGUNAN INFRASTRUKTUR SUMBER DAYA AIR,1,1,9400000,10000000,4,0,0,0
1876d976-0b50-4079-b022-67eed3b51574,Kementerian Pekerjaan Umum dan Perumahan Rakyat,CPNS,UMUM,PENGELOLA SUMBER DAYA AIR AHLI PERTAMA,KEMENTERIAN PEKERJAAN UMUM DAN PERUMAHAN RAKYAT | Direktorat Jenderal Sumber Daya Air | Balai Wilayah Sungai Sulawesi III Palu | SEKSI OPERASI DAN PEMELIHARAAN,1,1,9400000,10000000,10,0,0,0
1ddffb72-6993-44fc-a1fa-a728515635ac,Kementerian Pekerjaan Umum dan Perumahan Rakyat,CPNS,UMUM,PENGELOLA SUMBER DAYA AIR AHLI PERTAMA,KEMENTERIAN PEKERJAAN UMUM DAN PERUMAHAN RAKYAT | Direktorat Jenderal Sumber Daya Air | Balai Besar Wilayah Sungai Mesuji Sekampung | BIDANG KETERPADUAN PEMBANGUNAN INFRASTRUKTUR SUMBER DAYA AIR,1,1,9400000,10000000,7,0,0,0
1e70dbdf-f177-4eb5-86d2-ea3303b6a83d,Kementerian Pekerjaan Umum dan Perumahan Rakyat,CPNS,UMUM,PENGELOLA SUMBER DAYA AIR AHLI PERTAMA,KEMENTERIAN PEKERJAAN UMUM DAN PERUMAHAN RAKYAT | Direktorat Jenderal Sumber Daya Air | Balai Besar Wilayah Sungai Mesuji Sekampung | BIDANG PELAKSANAAN JARINGAN SUMBER AIR,1,1,9400000,10000000,8,0,0,0
2084c1e1-04bf-43cd-9ceb-40b6bbeee50d,Kementerian Pekerjaan Umum dan Perumahan Rakyat,CPNS,UMUM,PENGELOLA SUMBER DAYA AIR AHLI PERTAMA,KEMENTERIAN PEKERJAAN UMUM DAN PERUMAHAN RAKYAT | Direktorat Jenderal Sumber Daya Air | Balai Wilayah Sungai Kalimantan III Banjarmasin | SEKSI PELAKSANAAN,1,1,9400000,10000000,7,0,0,0
232c9c41-bdf7-4b5f-8678-ae75e3239e9c,Kementerian Pekerjaan Umum dan Perumahan Rakyat,CPNS,UMUM,PENGELOLA SUMBER DAYA AIR AHLI PERTAMA,KEMENTERIAN PEKERJAAN UMUM DAN PERUMAHAN RAKYAT | Direktorat Jenderal Sumber Daya Air | Balai Wilayah Sungai Sumatera III Pekanbaru | SEKSI PELAKSANAAN,1,1,9400000,10000000,7,0,0,0
23efc1dc-5e85-4dbf-98c8-ac7b9e7e6d56,Kementerian Pekerjaan Umum dan Perumahan Rakyat,CPNS,UMUM,PENGELOLA SUMBER DAYA AIR AHLI PERTAMA,KEMENTERIAN PEKERJAAN UMUM DAN PERUMAHAN RAKYAT | Direktorat Jenderal Sumber Daya Air | Balai Besar Wilayah Sungai Brantas | BIDANG PELAKSANAAN JARINGAN SUMBER AIR,1,1,9400000,10000000,5,0,0,0
243637b0-c59c-4bd1-8ac1-5e8df5913702,Kementerian Pekerjaan Umum dan Perumahan Rakyat,CPNS,UMUM,PENGELOLA SUMBER DAYA AIR AHLI PERTAMA,KEMENTERIAN PEKERJAAN UMUM DAN PERUMAHAN RAKYAT | Direktorat Jenderal Sumber Daya Air | Balai Besar Wilayah Sungai Pompengan Jeneberang | BIDANG PELAKSANAAN JARINGAN SUMBER AIR,1,1,9400000,10000000,13,0,0,0
25a18560-e1ad-429e-882a-330ade6243b8,Kementerian Pekerjaan Umum dan Perumahan Rakyat,CPNS,UMUM,PENGELOLA SUMBER DAYA AIR AHLI PERTAMA,KEMENTERIAN PEKERJAAN UMUM DAN PERUMAHAN RAKYAT | Direktorat Jenderal Sumber Daya Air | Direktorat Air Tanah dan Air Baku | Subdirektorat Perencanaan Teknis Air Tanah dan Air Baku,1,1,9400000,10000000,4,0,0,0
268ca666-91e6-43dc-b71c-5336973a0687,Kementerian Pekerjaan Umum dan Perumahan Rakyat,CPNS,UMUM,PENGELOLA SUMBER DAYA AIR AHLI PERTAMA,KEMENTERIAN PEKERJAAN UMUM DAN PERUMAHAN RAKYAT | Direktorat Jenderal Sumber Daya Air | Balai Wilayah Sungai Kalimantan I Pontianak | SEKSI PELAKSANAAN,1,1,9400000,10000000,5,0,0,0
274abea1-8a7d-455f-8d2f-b96433589fc9,Kementerian Pekerjaan Umum dan Perumahan Rakyat,CPNS,UMUM,PENGELOLA SUMBER DAYA AIR AHLI PERTAMA,KEMENTERIAN PEKERJAAN UMUM DAN PERUMAHAN RAKYAT | Direktorat Jenderal Sumber Daya Air | Balai Besar Wilayah Sungai Cidanau-Ciujung-Cidurian | BIDANG PELAKSANAAN JARINGAN SUMBER AIR,1,1,9400000,10000000,5,0,0,0
29be2b8f-ebe1-41c0-99c6-7b20318cd823,Kementerian Pekerjaan Umum dan Perumahan Rakyat,CPNS,UMUM,PENGELOLA SUMBER DAYA AIR AHLI PERTAMA,KEMENTERIAN PEKERJAAN UMUM DAN PERUMAHAN RAKYAT | Direktorat Jenderal Sumber Daya Air | Balai Wilayah Sungai Sumatera III Pekanbaru | SEKSI OPERASI DAN PEMELIHARAAN,1,1,9400000,10000000,13,0,0,0
2b0e20cd-4ac9-4f61-b1ce-bfe8af32137d,Kementerian Pekerjaan Umum dan Perumahan Rakyat,CPNS,UMUM,PENGELOLA SUMBER DAYA AIR AHLI PERTAMA,"KEMENTERIAN PEKERJAAN UMUM DAN PERUMAHAN RAKYAT | Direktorat Jenderal Sumber Daya Air | Direktorat Sistem dan Strategi Pengelolaan Sumber Daya Air | Subdirektorat Pemantauan, Evaluasi, Dan Pengadaan Tanah",3,1,9400000,10000000,18,0,0,0
2e0ccf76-84df-445f-bbbf-dd9e2d57087a,Kementerian Pekerjaan Umum dan Perumahan Rakyat,CPNS,UMUM,PENGELOLA SUMBER DAYA AIR AHLI PERTAMA,KEMENTERIAN PEKERJAAN UMUM DAN PERUMAHAN RAKYAT | Direktorat Jenderal Sumber Daya Air | Balai Wilayah Sungai Kalimantan V Tanjung Selor | SEKSI PELAKSANAAN,1,1,9400000,10000000,3,0,0,0
2f11748f-c712-4df8-ad7e-a5c8c73c5cb6,Kementerian Pekerjaan Umum dan Perumahan Rakyat,CPNS,UMUM,PENGELOLA SUMBER DAYA AIR AHLI PERTAMA,KEMENTERIAN PEKERJAAN UMUM DAN PERUMAHAN RAKYAT | Direktorat Jenderal Sumber Daya Air | Balai Besar Wilayah Sungai Citarum | Bidang Pelaksanaan Jaringan Sumber Air,1,1,9400000,10000000,7,0,0,0
2f3f77c9-390d-4e81-892a-167b86ea452c,Kementerian Pekerjaan Umum dan Perumahan Rakyat,CPNS,UMUM,PENGELOLA SUMBER DAYA AIR AHLI PERTAMA,KEMENTERIAN PEKERJAAN UMUM DAN PERUMAHAN RAKYAT | Direktorat Jenderal Sumber Daya Air | Balai Wilayah Sungai Sumatera VI Jambi | SEKSI KETERPADUAN PEMBANGUNAN INFRASTRUKTUR SUMBER DAYA AIR,1,1,9400000,10000000,5,0,0,0
33500aab-3131-4811-b768-cf1573988cc1,Kementerian Pekerjaan Umum dan Perumahan Rakyat,CPNS,UMUM,PENGELOLA SUMBER DAYA AIR AHLI PERTAMA,KEMENTERIAN PEKERJAAN UMUM DAN PERUMAHAN RAKYAT | Direktorat Jenderal Sumber Daya Air | Balai Besar Wilayah Sungai Citarum | Bidang Keterpaduan Pembangunan Infrastruktur Sumber Daya Air,1,1,9400000,10000000,5,0,0,0
34652c11-17b9-4797-ac8d-969a2e3c54d9,Kementerian Pekerjaan Umum dan Perumahan Rakyat,CPNS,UMUM,PENGELOLA SUMBER DAYA AIR AHLI PERTAMA,KEMENTERIAN PEKERJAAN UMUM DAN PERUMAHAN RAKYAT | Direktorat Jenderal Sumber Daya Air | Direktorat Sungai dan Pantai | Subdirektorat Wilayah II,2,1,9400000,10000000,7,0,0,0
36b16b19-1361-47b4-b9fe-1adb914f0ce0,Kementerian Pekerjaan Umum dan Perumahan Rakyat,CPNS,UMUM,PENGELOLA SUMBER DAYA AIR AHLI PERTAMA,"KEMENTERIAN PEKERJAAN UMUM DAN PERUMAHAN RAKYAT | Direktorat Jenderal Sumber Daya Air | Balai Teknik Bendungan | SEKSI PROGRAM, EVALUASI, DATA DAN INFORMASI",1,1,9400000,10000000,10,0,0,0
36c4f14a-aad5-4803-b3c0-a0f3def9604b,Kementerian Pekerjaan Umum dan Perumahan Rakyat,CPNS,UMUM,PENGELOLA SUMBER DAYA AIR AHLI PERTAMA,KEMENTERIAN PEKERJAAN UMUM DAN PERUMAHAN RAKYAT | Direktorat Jenderal Sumber Daya Air | Balai Besar Wilayah Sungai Citanduy | BIDANG OPERASI DAN PEMELIHARAAN,1,1,9400000,10000000,9,0,0,0
39160c21-faf4-4aa0-a425-bda930de0181,Kementerian Pekerjaan Umum dan Perumahan Rakyat,CPNS,UMUM,PENGELOLA SUMBER DAYA AIR AHLI PERTAMA,KEMENTERIAN PEKERJAAN UMUM DAN PERUMAHAN RAKYAT | Direktorat Jenderal Sumber Daya Air | Direktorat Kepatuhan Intern | Subdirektorat Pengendalian Kepatuhan Intern dan Manajemen Risiko,2,1,9400000,10000000,16,0,0,0
392060ff-2798-4ed4-b77e-12aa05709f2e,Kementerian Pekerjaan Umum dan Perumahan Rakyat,CPNS,UMUM,PENGELOLA SUMBER DAYA AIR AHLI PERTAMA,KEMENTERIAN PEKERJAAN UMUM DAN PERUMAHAN RAKYAT | Direktorat Jenderal Sumber Daya Air | Balai Wilayah Sungai Maluku | SEKSI KETERPADUAN PEMBANGUNAN INFRASTRUKTUR SUMBER DAYA AIR,1,1,9400000,10000000,3,0,0,0
3c7847ca-08f7-4d55-8024-e4cecb8ba9c0,Kementerian Pekerjaan Umum dan Perumahan Rakyat,CPNS,UMUM,PENGELOLA SUMBER DAYA AIR AHLI PERTAMA,KEMENTERIAN PEKERJAAN UMUM DAN PERUMAHAN RAKYAT | Direktorat Jenderal Sumber Daya Air | Balai Wilayah Sungai Maluku Utara | SEKSI PELAKSANAAN,1,1,9400000,10000000,4,0,0,0
427bcf06-ce9d-45c5-b5cc-b0959567ee0f,Kementerian Pekerjaan Umum dan Perumahan Rakyat,CPNS,UMUM,PENGELOLA SUMBER DAYA AIR AHLI PERTAMA,KEMENTERIAN PEKERJAAN UMUM DAN PERUMAHAN RAKYAT | Direktorat Jenderal Sumber Daya Air | Balai Besar Wilayah Sungai Pemali Juana | BIDANG PELAKSANAAN JARINGAN SUMBER AIR,1,1,9400000,10000000,11,0,0,0
448b5286-4be4-4432-8d2d-f9df01b92b8a,Kementerian Pekerjaan Umum dan Perumahan Rakyat,CPNS,UMUM,PENGELOLA SUMBER DAYA AIR AHLI PERTAMA,KEMENTERIAN PEKERJAAN UMUM DAN PERUMAHAN RAKYAT | Direktorat Jenderal Sumber Daya Air | Direktorat Air Tanah dan Air Baku | Subdirektorat Wilayah III,2,1,9400000,10000000,7,0,0,0
47bd8d59-9374-48f7-a446-cca2c93af93c,Kementerian Pekerjaan Umum dan Perumahan Rakyat,CPNS,UMUM,PENGELOLA SUMBER DAYA AIR AHLI PERTAMA,KEMENTERIAN PEKERJAAN UMUM DAN PERUMAHAN RAKYAT | Direktorat Jenderal Sumber Daya Air | Balai Wilayah Sungai Bangka Belitung | SEKSI OPERASI DAN PEMELIHARAAN,1,1,9400000,10000000,3,0,0,0
494c1f88-04f5-4430-8f44-801271102e1d,Kementerian Pekerjaan Umum dan Perumahan Rakyat,CPNS,UMUM,PENGELOLA SUMBER DAYA AIR AHLI PERTAMA,KEMENTERIAN PEKERJAAN UMUM DAN PERUMAHAN RAKYAT | Direktorat Jenderal Sumber Daya Air | Balai Wilayah Sungai Kalimantan V Tanjung Selor | SEKSI OPERASI DAN PEMELIHARAAN,1,1,9400000,10000000,5,0,0,0
4b3d1aa5-1817-4977-8189-b67f09ca9c5d,Kementerian Pekerjaan Umum dan Perumahan Rakyat,CPNS,UMUM,PENGELOLA SUMBER DAYA AIR AHLI PERTAMA,KEMENTERIAN PEKERJAAN UMUM DAN PERUMAHAN RAKYAT | Direktorat Jenderal Sumber Daya Air | Balai Teknik Bendungan | SEKSI PEMANTAUAN BENDUNGAN,1,1,9400000,10000000,7,0,0,0
4b4dcfdc-ad0f-4bf3-bb16-35e128adbdbb,Kementerian Pekerjaan Umum dan Perumahan Rakyat,CPNS,UMUM,PENGELOLA SUMBER DAYA AIR AHLI PERTAMA,KEMENTERIAN PEKERJAAN UMUM DAN PERUMAHAN RAKYAT | Direktorat Jenderal Sumber Daya Air | Balai Wilayah Sungai Kalimantan I Pontianak | SEKSI OPERASI DAN PEMELIHARAAN,1,1,9400000,10000000,11,0,0,0
4daeae11-eb6f-490d-9591-209b799ff65b,Kementerian Pekerjaan Umum dan Perumahan Rakyat,CPNS,UMUM,PENGELOLA SUMBER DAYA AIR AHLI PERTAMA,KEMENTERIAN PEKERJAAN UMUM DAN PERUMAHAN RAKYAT | Direktorat Jenderal Sumber Daya Air | Balai Besar Wilayah Sungai Bengawan Solo | BIDANG KETERPADUAN PEMBANGUNAN INFRASTRUKTUR SUMBER DAYA AIR,1,1,9400000,10000000,24,0,0,0
4f2edb8b-d3be-4d0b-b54b-2df7a6520e5d,Kementerian Pekerjaan Umum dan Perumahan Rakyat,CPNS,UMUM,PENGELOLA SUMBER DAYA AIR AHLI PERTAMA,KEMENTERIAN PEKERJAAN UMUM DAN PERUMAHAN RAKYAT | Direktorat Jenderal Sumber Daya Air | Balai Wilayah Sungai Papua Barat | SEKSI KETERPADUAN PEMBANGUNAN INFRASTRUKTUR SUMBER DAYA AIR,1,1,9400000,10000000,5,0,0,0
5006f484-37dc-4a39-bb72-0832dfd14b03,Kementerian Pekerjaan Umum dan Perumahan Rakyat,CPNS,UMUM,PENGELOLA SUMBER DAYA AIR AHLI PERTAMA,KEMENTERIAN PEKERJAAN UMUM DAN PERUMAHAN RAKYAT | Direktorat Jenderal Sumber Daya Air | Direktorat Sistem dan Strategi Pengelolaan Sumber Daya Air | Subdirektorat Pengelolaan Pinjaman dan Hibah Luar Negeri,4,1,9400000,10000000,17,0,0,0
50558d39-cf12-4df9-9329-ee6a4ba8a3b5,Kementerian Pekerjaan Umum dan Perumahan Rakyat,CPNS,UMUM,PENGELOLA SUMBER DAYA AIR AHLI PERTAMA,KEMENTERIAN PEKERJAAN UMUM DAN PERUMAHAN RAKYAT | Direktorat Jenderal Sumber Daya Air | Direktorat Sungai dan Pantai | Subdirektorat Wilayah I,1,1,9400000,10000000,5,0,0,0
51686fd4-b931-4625-95ac-43048b451d99,Kementerian Pekerjaan Umum dan Perumahan Rakyat,CPNS,UMUM,PENGELOLA SUMBER DAYA AIR AHLI PERTAMA,KEMENTERIAN PEKERJAAN UMUM DAN PERUMAHAN RAKYAT | Direktorat Jenderal Sumber Daya Air | Balai Besar Wilayah Sungai Pemali Juana | BIDANG PELAKSANAAN JARINGAN PEMANFAATAN AIR,1,1,9400000,10000000,13,0,0,0
5349a668-3d86-401d-bd78-3524da66e8c6,Kementerian Pekerjaan Umum dan Perumahan Rakyat,CPNS,UMUM,PENGELOLA SUMBER DAYA AIR AHLI PERTAMA,KEMENTERIAN PEKERJAAN UMUM DAN PERUMAHAN RAKYAT | Direktorat Jenderal Sumber Daya Air | Balai Besar Wilayah Sungai Ciliwung-Cisadane | BIDANG PELAKSANAAN JARINGAN SUMBER AIR,1,1,9400000,10000000,3,0,0,0
539a5ad9-bb6a-4cd7-ab4d-4d01546dd427,Kementerian Pekerjaan Umum dan Perumahan Rakyat,CPNS,UMUM,PENGELOLA SUMBER DAYA AIR AHLI PERTAMA,KEMENTERIAN PEKERJAAN UMUM DAN PERUMAHAN RAKYAT | Direktorat Jenderal Sumber Daya Air | Direktorat Sistem dan Strategi Pengelolaan Sumber Daya Air | Subdirektorat Keterpaduan Pola Pengelolaan Sumber Daya Air,4,1,9400000,10000000,49,0,0,0
53cac886-673c-43eb-89a2-e171bf96dd3e,Kementerian Pekerjaan Umum dan Perumahan Rakyat,CPNS,UMUM,PENGELOLA SUMBER DAYA AIR AHLI PERTAMA,KEMENTERIAN PEKERJAAN UMUM DAN PERUMAHAN RAKYAT | Direktorat Jenderal Sumber Daya Air | Direktorat Bendungan dan Danau | Subdirektorat Wilayah III,3,1,9400000,10000000,9,0,0,0
5451dbd4-8284-4423-80ee-927fd590f49a,Kementerian Pekerjaan Umum dan Perumahan Rakyat,CPNS,UMUM,PENGELOLA SUMBER DAYA AIR AHLI PERTAMA,KEMENTERIAN PEKERJAAN UMUM DAN PERUMAHAN RAKYAT | Direktorat Jenderal Sumber Daya Air | Direktorat Sungai dan Pantai | Subdirektorat Wilayah III,2,1,9400000,10000000,7,0,0,0
590be050-dee0-49ac-9e9f-e7b7ebbdfdb4,Kementerian Pekerjaan Umum dan Perumahan Rakyat,CPNS,UMUM,PENGELOLA SUMBER DAYA AIR AHLI PERTAMA,KEMENTERIAN PEKERJAAN UMUM DAN PERUMAHAN RAKYAT | Direktorat Jenderal Sumber Daya Air | Balai Besar Wilayah Sungai Pompengan Jeneberang | BIDANG KETERPADUAN PEMBANGUNAN INFRASTRUKTUR SUMBER DAYA AIR,1,1,9400000,10000000,15,0,0,0
5ba51ee4-f0e2-4274-a97d-5e065e33d195,Kementerian Pekerjaan Umum dan Perumahan Rakyat,CPNS,UMUM,PENGELOLA SUMBER DAYA AIR AHLI PERTAMA,KEMENTERIAN PEKERJAAN UMUM DAN PERUMAHAN RAKYAT | Direktorat Jenderal Sumber Daya Air | Balai Teknik Bendungan | SEKSI KAJIAN BENDUNGAN,1,1,9400000,10000000,6,0,0,0
5d73a6eb-704d-442c-95b1-0d106bb14fb4,Kementerian Pekerjaan Umum dan Perumahan Rakyat,CPNS,UMUM,PENGELOLA SUMBER DAYA AIR AHLI PERTAMA,KEMENTERIAN PEKERJAAN UMUM DAN PERUMAHAN RAKYAT | Direktorat Jenderal Sumber Daya Air | Balai Wilayah Sungai Papua Barat | SEKSI PELAKSANAAN,1,1,9400000,10000000,8,0,0,0
5ebdd0af-aa39-4f7a-8686-1bd92bc7651c,Kementerian Pekerjaan Umum dan Perumahan Rakyat,CPNS,UMUM,PENGELOLA SUMBER DAYA AIR AHLI PERTAMA,KEMENTERIAN PEKERJAAN UMUM DAN PERUMAHAN RAKYAT | Direktorat Jenderal Sumber Daya Air | Direktorat Bendungan dan Danau | Subdirektorat Wilayah I,3,1,9400000,10000000,9,0,0,0
5f023689-c4eb-46cb-9ef2-823ec66f70e5,Kementerian Pekerjaan Umum dan Perumahan Rakyat,CPNS,UMUM,PENGELOLA SUMBER DAYA AIR AHLI PERTAMA,KEMENTERIAN PEKERJAAN UMUM DAN PERUMAHAN RAKYAT | Direktorat Jenderal Sumber Daya Air | Direktorat Kepatuhan Intern | Subdirektorat Pembinaan dan Pengembangan Kepatuhan Intern Dan Manajemen Risiko,2,1,9400000,10000000,14,0,0,0
5f1b455f-4952-4718-a43b-601b89630609,Kementerian Pekerjaan Umum dan Perumahan Rakyat,CPNS,UMUM,PENGELOLA SUMBER DAYA AIR AHLI PERTAMA,KEMENTERIAN PEKERJAAN UMUM DAN PERUMAHAN RAKYAT | Direktorat Jenderal Sumber Daya Air | Balai Wilayah Sungai Nusa Tenggara II Kupang | SEKSI OPERASI DAN PEMELIHARAAN,1,1,9400000,10000000,8,0,0,0
64331eff-d10e-41e5-bdef-0dc5ade54121,Kementerian Pekerjaan Umum dan Perumahan Rakyat,CPNS,UMUM,PENGELOLA SUMBER DAYA AIR AHLI PERTAMA,KEMENTERIAN PEKERJAAN UMUM DAN PERUMAHAN RAKYAT | Direktorat Jenderal Sumber Daya Air | Balai Besar Wilayah Sungai Brantas | BIDANG KETERPADUAN PEMBANGUNAN INFRASTRUKTUR SUMBER DAYA AIR,1,1,9400000,10000000,14,0,0,0
648fae90-91b0-41d2-887b-dfde919401c8,Kementerian Pekerjaan Umum dan Perumahan Rakyat,CPNS,UMUM,PENGELOLA SUMBER DAYA AIR AHLI PERTAMA,KEMENTERIAN PEKERJAAN UMUM DAN PERUMAHAN RAKYAT | Direktorat Jenderal Sumber Daya Air | Direktorat Irigasi dan Rawa | Subdirektorat Wilayah II,3,1,9400000,10000000,19,0,0,0
673d20f1-da13-44e2-9ccc-80511afcb967,Kementerian Pekerjaan Umum dan Perumahan Rakyat,CPNS,UMUM,PENGELOLA SUMBER DAYA AIR AHLI PERTAMA,KEMENTERIAN PEKERJAAN UMUM DAN PERUMAHAN RAKYAT | Direktorat Jenderal Sumber Daya Air | Balai Wilayah Sungai Sulawesi III Palu | SEKSI KETERPADUAN PEMBANGUNAN INFRASTRUKTUR SUMBER DAYA AIR,1,1,9400000,10000000,5,0,0,0
675b94a2-5296-46f3-aa82-3a71ef73a47b,Kementerian Pekerjaan Umum dan Perumahan Rakyat,CPNS,UMUM,PENGELOLA SUMBER DAYA AIR AHLI PERTAMA,KEMENTERIAN PEKERJAAN UMUM DAN PERUMAHAN RAKYAT | Direktorat Jenderal Sumber Daya Air | Balai Wilayah Sungai Sumatera IV Batam | SEKSI PELAKSANAAN,1,1,9400000,10000000,4,0,0,0
67e2296a-cf9d-427f-a173-2e71a98edf49,Kementerian Pekerjaan Umum dan Perumahan Rakyat,CPNS,UMUM,PENGELOLA SUMBER DAYA AIR AHLI PERTAMA,KEMENTERIAN PEKERJAAN UMUM DAN PERUMAHAN RAKYAT | Direktorat Jenderal Sumber Daya Air | Balai Wilayah Sungai Sumatera I Banda Aceh | SEKSI KETERPADUAN PEMBANGUNAN INFRASTRUKTUR SUMBER DAYA AIR,1,1,9400000,10000000,14,0,0,0
680ca333-efd0-4f5c-ba8c-cc2a80141f27,Kementerian Pekerjaan Umum dan Perumahan Rakyat,CPNS,UMUM,PENGELOLA SUMBER DAYA AIR AHLI PERTAMA,KEMENTERIAN PEKERJAAN UMUM DAN PERUMAHAN RAKYAT | Direktorat Jenderal Sumber Daya Air | Direktorat Sungai dan Pantai | Subdirektorat Perencanaan Teknis Sungai dan Pantai,1,1,9400000,10000000,6,0,0,0
68bc143e-f0da-44eb-a62a-45df47fa5185,Kementerian Pekerjaan Umum dan Perumahan Rakyat,CPNS,UMUM,PENGELOLA SUMBER DAYA AIR AHLI PERTAMA,KEMENTERIAN PEKERJAAN UMUM DAN PERUMAHAN RAKYAT | Direktorat Jenderal Sumber Daya Air | Pusat Pengendalian Lumpur Sidoarjo | Bidang Operasi dan Pemeliharaan,1,1,9400000,10000000,8,0,0,0
6b4b208c-2afe-4679-8b97-8e51f1559e6d,Kementerian Pekerjaan Umum dan Perumahan Rakyat,CPNS,UMUM,PENGELOLA SUMBER DAYA AIR AHLI PERTAMA,KEMENTERIAN PEKERJAAN UMUM DAN PERUMAHAN RAKYAT | Direktorat Jenderal Sumber Daya Air | Balai Wilayah Sungai Sulawesi I Manado | SEKSI PELAKSANAAN,1,1,9400000,10000000,8,0,0,0
6bda67da-dd47-4066-a9ba-aa5c99607fa7,Kementerian Pekerjaan Umum dan Perumahan Rakyat,CPNS,UMUM,PENGELOLA SUMBER DAYA AIR AHLI PERTAMA,"KEMENTERIAN PEKERJAAN UMUM DAN PERUMAHAN RAKYAT | Direktorat Jenderal Sumber Daya Air | Direktorat Sistem dan Strategi Pengelolaan Sumber Daya Air | Subdirektorat Strategi, Program, dan Anggaran",3,1,9400000,10000000,21,0,0,0
6c6c43d2-40cc-479d-888f-bc87d8e9b651,Kementerian Pekerjaan Umum dan Perumahan Rakyat,CPNS,UMUM,PENGELOLA SUMBER DAYA AIR AHLI PERTAMA,KEMENTERIAN PEKERJAAN UMUM DAN PERUMAHAN RAKYAT | Direktorat Jenderal Sumber Daya Air | Balai Besar Wilayah Sungai Ciliwung-Cisadane | BIDANG OPERASI DAN PEMELIHARAAN,1,1,9400000,10000000,16,0,0,0
71d2ac76-b9cd-40a3-8a0b-5474e6d378cd,Kementerian Pekerjaan Umum dan Perumahan Rakyat,CPNS,PUTRA/PUTRI PAPUA DAN PAPUA BARAT,PENGELOLA SUMBER DAYA AIR AHLI PERTAMA,KEMENTERIAN PEKERJAAN UMUM DAN PERUMAHAN RAKYAT | Direktorat Jenderal Sumber Daya Air | Balai Wilayah Sungai Papua | SEKSI OPERASI DAN PEMELIHARAAN,1,1,9400000,10000000,10,0,0,0
72d45ac3-15d5-45b9-96e3-e2f6d6640822,Kementerian Pekerjaan Umum dan Perumahan Rakyat,CPNS,PUTRA/PUTRI PAPUA DAN PAPUA BARAT,PENGELOLA SUMBER DAYA AIR AHLI PERTAMA,KEMENTERIAN PEKERJAAN UMUM DAN PERUMAHAN RAKYAT | Direktorat Jenderal Sumber Daya Air | Balai Wilayah Sungai Papua Barat | SEKSI OPERASI DAN PEMELIHARAAN,1,1,9400000,10000000,6,0,0,0
755145fe-66fb-41dd-bc6b-a71892959035,Kementerian Pekerjaan Umum dan Perumahan Rakyat,CPNS,UMUM,PENGELOLA SUMBER DAYA AIR AHLI PERTAMA,KEMENTERIAN PEKERJAAN UMUM DAN PERUMAHAN RAKYAT | Direktorat Jenderal Sumber Daya Air | Direktorat Bendungan dan Danau | Subdirektorat Perencanaan Teknis Bendungan dan Danau,3,1,9400000,10000000,21,0,0,0
75e27a39-63e6-49f6-87da-2fd4b35e26f0,Kementerian Pekerjaan Umum dan Perumahan Rakyat,CPNS,UMUM,PENGELOLA SUMBER DAYA AIR AHLI PERTAMA,KEMENTERIAN PEKERJAAN UMUM DAN PERUMAHAN RAKYAT | Direktorat Jenderal Sumber Daya Air | Balai Besar Wilayah Sungai Citarum | Bidang Pelaksanaan Jaringan Pemanfaatan Air,1,1,9400000,10000000,6,0,0,0
76f9fef0-a6b5-436a-84cb-7b5f72954e6e,Kementerian Pekerjaan Umum dan Perumahan Rakyat,CPNS,UMUM,PENGELOLA SUMBER DAYA AIR AHLI PERTAMA,KEMENTERIAN PEKERJAAN UMUM DAN PERUMAHAN RAKYAT | Direktorat Jenderal Sumber Daya Air | Direktorat Irigasi dan Rawa | Subdirektorat Wilayah III,3,1,9400000,10000000,13,0,0,0
78de6c94-125e-4ce9-95c1-02993f10b8c0,Kementerian Pekerjaan Umum dan Perumahan Rakyat,CPNS,UMUM,PENGELOLA SUMBER DAYA AIR AHLI PERTAMA,KEMENTERIAN PEKERJAAN UMUM DAN PERUMAHAN RAKYAT | Direktorat Jenderal Sumber Daya Air | Balai Besar Wilayah Sungai Bengawan Solo | BIDANG OPERASI DAN PEMELIHARAAN,1,1,9400000,10000000,38,0,0,0
792c9a9e-f3fc-47a3-abfb-5b1841d0fea3,Kementerian Pekerjaan Umum dan Perumahan Rakyat,CPNS,UMUM,PENGELOLA SUMBER DAYA AIR AHLI PERTAMA,KEMENTERIAN PEKERJAAN UMUM DAN PERUMAHAN RAKYAT | Direktorat Jenderal Sumber Daya Air | Balai Wilayah Sungai Sulawesi III Palu | SEKSI PELAKSANAAN,1,1,9400000,10000000,6,0,0,0
7b9b6b94-98ce-4ddf-a861-23d33cc8e738,Kementerian Pekerjaan Umum dan Perumahan Rakyat,CPNS,UMUM,PENGELOLA SUMBER DAYA AIR AHLI PERTAMA,KEMENTERIAN PEKERJAAN UMUM DAN PERUMAHAN RAKYAT | Direktorat Jenderal Sumber Daya Air | Balai Wilayah Sungai Sumatera III Pekanbaru | SEKSI KETERPADUAN PEMBANGUNAN INFRASTRUKTUR SUMBER DAYA AIR,1,1,9400000,10000000,8,0,0,0
7c4b3eae-2515-4913-b5f8-352ced133659,Kementerian Pekerjaan Umum dan Perumahan Rakyat,CPNS,UMUM,PENGELOLA SUMBER DAYA AIR AHLI PERTAMA,KEMENTERIAN PEKERJAAN UMUM DAN PERUMAHAN RAKYAT | Direktorat Jenderal Sumber Daya Air | Direktorat Bina Teknik Sumber Daya Air | Subdirektorat Teknologi dan Peralatan Infrastruktur Bidang Sumber Daya Air,4,1,9400000,10000000,21,0,0,0
7cf0fe04-4e60-481a-9311-0d1d65343b6a,Kementerian Pekerjaan Umum dan Perumahan Rakyat,CPNS,UMUM,PENGELOLA SUMBER DAYA AIR AHLI PERTAMA,KEMENTERIAN PEKERJAAN UMUM DAN PERUMAHAN RAKYAT | Direktorat Jenderal Sumber Daya Air | Balai Besar Wilayah Sungai Cimanuk Cisanggarung | Bidang Keterpaduan Pembangunan Infrastruktur Sumber Daya Air,1,1,9400000,10000000,7,0,0,0
7f1cc11f-ea93-4c54-9ac7-cf455bc4aa29,Kementerian Pekerjaan Umum dan Perumahan Rakyat,CPNS,UMUM,PENGELOLA SUMBER DAYA AIR AHLI PERTAMA,KEMENTERIAN PEKERJAAN UMUM DAN PERUMAHAN RAKYAT | Direktorat Jenderal Sumber Daya Air | Balai Teknik Sabo,1,1,9400000,10000000,5,0,0,0
7f817847-6cba-4abe-b3ce-eb6a99c06841,Kementerian Pekerjaan Umum dan Perumahan Rakyat,CPNS,UMUM,PENGELOLA SUMBER DAYA AIR AHLI PERTAMA,KEMENTERIAN PEKERJAAN UMUM DAN PERUMAHAN RAKYAT | Direktorat Jenderal Sumber Daya Air | Balai Teknik Rawa,2,1,9400000,10000000,14,0,0,0
7ff813d1-5e3a-464e-9881-2dca80b19643,Kementerian Pekerjaan Umum dan Perumahan Rakyat,CPNS,UMUM,PENGELOLA SUMBER DAYA AIR AHLI PERTAMA,KEMENTERIAN PEKERJAAN UMUM DAN PERUMAHAN RAKYAT | Direktorat Jenderal Sumber Daya Air | Balai Besar Wilayah Sungai Mesuji Sekampung | BIDANG OPERASI DAN PEMELIHARAAN,1,1,9400000,10000000,11,0,0,0
80b49f60-1b67-4799-94fe-c41469edc1b1,Kementerian Pekerjaan Umum dan Perumahan Rakyat,CPNS,UMUM,PENGELOLA SUMBER DAYA AIR AHLI PERTAMA,KEMENTERIAN PEKERJAAN UMUM DAN PERUMAHAN RAKYAT | Direktorat Jenderal Sumber Daya Air | Balai Wilayah Sungai Bali Penida | SEKSI OPERASI DAN PEMELIHARAAN,1,1,9400000,10000000,23,0,0,0
84f86f2e-5ca5-47cf-addf-8b635c35f103,Kementerian Pekerjaan Umum dan Perumahan Rakyat,CPNS,UMUM,PENGELOLA SUMBER DAYA AIR AHLI PERTAMA,KEMENTERIAN PEKERJAAN UMUM DAN PERUMAHAN RAKYAT | Direktorat Jenderal Sumber Daya Air | Direktorat Bina Operasi dan Pemeliharaan | Subdirektorat Wilayah III,2,1,9400000,10000000,8,0,0,0
882bb8f0-c024-449e-abd6-e2f2bf95615e,Kementerian Pekerjaan Umum dan Perumahan Rakyat,CPNS,UMUM,PENGELOLA SUMBER DAYA AIR AHLI PERTAMA,KEMENTERIAN PEKERJAAN UMUM DAN PERUMAHAN RAKYAT | Direktorat Jenderal Sumber Daya Air | Balai Besar Wilayah Sungai Citarum | Bidang Operasi dan Pemeliharaan,1,1,9400000,10000000,11,0,0,0
89e499e2-cf16-46c3-bfd0-88c693102d6e,Kementerian Pekerjaan Umum dan Perumahan Rakyat,CPNS,UMUM,PENGELOLA SUMBER DAYA AIR AHLI PERTAMA,KEMENTERIAN PEKERJAAN UMUM DAN PERUMAHAN RAKYAT | Direktorat Jenderal Sumber Daya Air | Balai Besar Wilayah Sungai Brantas | BIDANG PELAKSANAAN JARINGAN PEMANFAATAN AIR,1,1,9400000,10000000,14,0,0,0
89f9b6b3-3a57-42d5-9e43-596c569d8e53,Kementerian Pekerjaan Umum dan Perumahan Rakyat,CPNS,UMUM,PENGELOLA SUMBER DAYA AIR AHLI PERTAMA,KEMENTERIAN PEKERJAAN UMUM DAN PERUMAHAN RAKYAT | Direktorat Jenderal Sumber Daya Air | Balai Besar Wilayah Sungai Sumatera VIII Palembang | Bidang Pelaksanaan Jaringan Sumber Air,1,1,9400000,10000000,11,0,0,0
8a702792-21fc-47e3-9b93-3fa7b92de009,Kementerian Pekerjaan Umum dan Perumahan Rakyat,CPNS,UMUM,PENGELOLA SUMBER DAYA AIR AHLI PERTAMA,KEMENTERIAN PEKERJAAN UMUM DAN PERUMAHAN RAKYAT | Direktorat Jenderal Sumber Daya Air | Balai Wilayah Sungai Kalimantan II Palangkaraya | SEKSI PELAKSANAAN,1,1,9400000,10000000,5,0,0,0
8c329919-4b24-4232-9204-50735ae576d1,Kementerian Pekerjaan Umum dan Perumahan Rakyat,CPNS,UMUM,PENGELOLA SUMBER DAYA AIR AHLI PERTAMA,KEMENTERIAN PEKERJAAN UMUM DAN PERUMAHAN RAKYAT | Direktorat Jenderal Sumber Daya Air | Balai Wilayah Sungai Maluku Utara | SEKSI OPERASI DAN PEMELIHARAAN,1,1,9400000,10000000,7,0,0,0
8f51bcbf-c6c7-4789-b971-c0abd8673623,Kementerian Pekerjaan Umum dan Perumahan Rakyat,CPNS,UMUM,PENGELOLA SUMBER DAYA AIR AHLI PERTAMA,KEMENTERIAN PEKERJAAN UMUM DAN PERUMAHAN RAKYAT | Direktorat Jenderal Sumber Daya Air | Sekretariat Dewan Sumber Daya Air Nasional | Bagian Penyusun Program dan Pelaporan | SUBBAGIAN PENYUSUN PROGRAM,2,1,9400000,10000000,8,0,0,0
90858f9c-9195-4895-bdc1-edc8fbd09792,Kementerian Pekerjaan Umum dan Perumahan Rakyat,CPNS,UMUM,PENGELOLA SUMBER DAYA AIR AHLI PERTAMA,KEMENTERIAN PEKERJAAN UMUM DAN PERUMAHAN RAKYAT | Direktorat Jenderal Sumber Daya Air | Balai Wilayah Sungai Sumatera IV Batam | SEKSI OPERASI DAN PEMELIHARAAN,3,1,9400000,10000000,22,0,0,0
91e9a813-b054-4735-aeee-2749360c4535,Kementerian Pekerjaan Umum dan Perumahan Rakyat,CPNS,UMUM,PENGELOLA SUMBER DAYA AIR AHLI PERTAMA,KEMENTERIAN PEKERJAAN UMUM DAN PERUMAHAN RAKYAT | Direktorat Jenderal Sumber Daya Air | Balai Wilayah Sungai Kalimantan IV Samarinda | SEKSI KETERPADUAN PEMBANGUNAN INFRASTRUKTUR SUMBER DAYA AIR,1,1,9400000,10000000,4,0,0,0
93581791-dc75-4442-9eac-7bad2a71a081,Kementerian Pekerjaan Umum dan Perumahan Rakyat,CPNS,UMUM,PENGELOLA SUMBER DAYA AIR AHLI PERTAMA,KEMENTERIAN PEKERJAAN UMUM DAN PERUMAHAN RAKYAT | Direktorat Jenderal Sumber Daya Air | Balai Wilayah Sungai Nusa Tenggara I Mataram | SEKSI PELAKSANAAN,1,1,9400000,10000000,11,0,0,0
9519ce16-e633-4eb8-a472-6f129f26d0bd,Kementerian Pekerjaan Umum dan Perumahan Rakyat,CPNS,UMUM,PENGELOLA SUMBER DAYA AIR AHLI PERTAMA,KEMENTERIAN PEKERJAAN UMUM DAN PERUMAHAN RAKYAT | Direktorat Jenderal Sumber Daya Air | Balai Wilayah Sungai Sulawesi IV Kendari | SEKSI KETERPADUAN PEMBANGUNAN INFRASTRUKTUR SUMBER DAYA AIR,1,1,9400000,10000000,7,0,0,0
974aed1f-bd85-43b3-86b8-a273c4bb92c0,Kementerian Pekerjaan Umum dan Perumahan Rakyat,CPNS,UMUM,PENGELOLA SUMBER DAYA AIR AHLI PERTAMA,KEMENTERIAN PEKERJAAN UMUM DAN PERUMAHAN RAKYAT | Direktorat Jenderal Sumber Daya Air | Balai Teknik Pantai,1,1,9400000,10000000,4,0,0,0
9781d662-06fb-4c63-a9d3-ac15f43e685c,Kementerian Pekerjaan Umum dan Perumahan Rakyat,CPNS,UMUM,PENGELOLA SUMBER DAYA AIR AHLI PERTAMA,KEMENTERIAN PEKERJAAN UMUM DAN PERUMAHAN RAKYAT | Direktorat Jenderal Sumber Daya Air | Balai Wilayah Sungai Papua | SEKSI KETERPADUAN PEMBANGUNAN INFRASTRUKTUR SUMBER DAYA AIR,1,1,9400000,10000000,6,0,0,0
984f9e89-ced5-456d-9b98-999aaad1f605,Kementerian Pekerjaan Umum dan Perumahan Rakyat,CPNS,UMUM,PENGELOLA SUMBER DAYA AIR AHLI PERTAMA,KEMENTERIAN PEKERJAAN UMUM DAN PERUMAHAN RAKYAT | Direktorat Jenderal Sumber Daya Air | Balai Besar Wilayah Sungai Pompengan Jeneberang | BIDANG PELAKSANAAN JARINGAN PEMANFAATAN AIR,1,1,9400000,10000000,20,0,0,0
9ab0864c-27bf-484c-8152-ac950e30dd00,Kementerian Pekerjaan Umum dan Perumahan Rakyat,CPNS,UMUM,PENGELOLA SUMBER DAYA AIR AHLI PERTAMA,KEMENTERIAN PEKERJAAN UMUM DAN PERUMAHAN RAKYAT | Direktorat Jenderal Sumber Daya Air | Balai Besar Wilayah Sungai Pemali Juana | BIDANG OPERASI DAN PEMELIHARAAN,1,1,9400000,10000000,20,0,0,0
9c0f6cfa-6f6a-4b1e-936f-a485d0907f78,Kementerian Pekerjaan Umum dan Perumahan Rakyat,CPNS,UMUM,PENGELOLA SUMBER DAYA AIR AHLI PERTAMA,KEMENTERIAN PEKERJAAN UMUM DAN PERUMAHAN RAKYAT | Direktorat Jenderal Sumber Daya Air | Balai Besar Wilayah Sungai Citanduy | BIDANG PELAKSANAAN,1,1,9400000,10000000,7,0,0,0
9c377e74-9be2-44cd-a72a-01493c2c26bc,Kementerian Pekerjaan Umum dan Perumahan Rakyat,CPNS,UMUM,PENGELOLA SUMBER DAYA AIR AHLI PERTAMA,KEMENTERIAN PEKERJAAN UMUM DAN PERUMAHAN RAKYAT | Direktorat Jenderal Sumber Daya Air | Balai Wilayah Sungai Bali Penida | SEKSI KETERPADUAN PEMBANGUNAN INFRASTRUKTUR SUMBER DAYA AIR,1,1,9400000,10000000,21,0,0,0
9dc4b633-3114-4705-b3a0-d444671701e4,Kementerian Pekerjaan Umum dan Perumahan Rakyat,CPNS,UMUM,PENGELOLA SUMBER DAYA AIR AHLI PERTAMA,KEMENTERIAN PEKERJAAN UMUM DAN PERUMAHAN RAKYAT | Direktorat Jenderal Sumber Daya Air | Direktorat Bendungan dan Danau | Subdirektorat Wilayah II,3,1,9400000,10000000,14,0,0,0
a0a21fd8-f9f5-43ac-9773-deb37aadaf4e,Kementerian Pekerjaan Umum dan Perumahan Rakyat,CPNS,UMUM,PENGELOLA SUMBER DAYA AIR AHLI PERTAMA,KEMENTERIAN PEKERJAAN UMUM DAN PERUMAHAN RAKYAT | Direktorat Jenderal Sumber Daya Air | Balai Teknik Irigasi,2,1,9400000,10000000,17,0,0,0
a0de9314-ced9-471d-9d47-e2d3ab39ae01,Kementerian Pekerjaan Umum dan Perumahan Rakyat,CPNS,UMUM,PENGELOLA SUMBER DAYA AIR AHLI PERTAMA,KEMENTERIAN PEKERJAAN UMUM DAN PERUMAHAN RAKYAT | Direktorat Jenderal Sumber Daya Air | Balai Wilayah Sungai Sumatera I Banda Aceh | SEKSI OPERASI DAN PEMELIHARAAN,1,1,9400000,10000000,16,0,0,0
a1e83455-80a0-406f-beac-9e1dd93eca7d,Kementerian Pekerjaan Umum dan Perumahan Rakyat,CPNS,UMUM,PENGELOLA SUMBER DAYA AIR AHLI PERTAMA,KEMENTERIAN PEKERJAAN UMUM DAN PERUMAHAN RAKYAT | Direktorat Jenderal Sumber Daya Air | Direktorat Bina Operasi dan Pemeliharaan | Subdirektorat Perencanaan Teknis dan Kelembagaan,2,1,9400000,10000000,7,0,0,0
a71363d6-49a9-4d7a-9832-4eaded0e496a,Kementerian Pekerjaan Umum dan Perumahan Rakyat,CPNS,UMUM,PENGELOLA SUMBER DAYA AIR AHLI PERTAMA,KEMENTERIAN PEKERJAAN UMUM DAN PERUMAHAN RAKYAT | Direktorat Jenderal Sumber Daya Air | Balai Wilayah Sungai Nusa Tenggara II Kupang | SEKSI PELAKSANAAN,1,1,9400000,10000000,5,0,0,0
a811c424-8685-43ba-aa1c-8ba7088461e5,Kementerian Pekerjaan Umum dan Perumahan Rakyat,CPNS,UMUM,PENGELOLA SUMBER DAYA AIR AHLI PERTAMA,KEMENTERIAN PEKERJAAN UMUM DAN PERUMAHAN RAKYAT | Direktorat Jenderal Sumber Daya Air | Balai Besar Wilayah Sungai Cidanau-Ciujung-Cidurian | BIDANG PELAKSANAAN JARINGAN PEMANFAATAN AIR,1,1,9400000,10000000,2,0,0,0
a8867800-abc1-4112-9309-0f2c56c50c24,Kementerian Pekerjaan Umum dan Perumahan Rakyat,CPNS,UMUM,PENGELOLA SUMBER DAYA AIR AHLI PERTAMA,KEMENTERIAN PEKERJAAN UMUM DAN PERUMAHAN RAKYAT | Direktorat Jenderal Sumber Daya Air | Balai Wilayah Sungai Sumatera IV Batam | SEKSI KETERPADUAN PEMBANGUNAN INFRASTRUKTUR SUMBER DAYA AIR,16,1,9400000,10000000,398,0,0,0
a8d2ba3c-8f89-4107-86bd-e40c3303869c,Kementerian Pekerjaan Umum dan Perumahan Rakyat,CPNS,UMUM,PENGELOLA SUMBER DAYA AIR AHLI PERTAMA,KEMENTERIAN PEKERJAAN UMUM DAN PERUMAHAN RAKYAT | Direktorat Jenderal Sumber Daya Air | Direktorat Bina Teknik Sumber Daya Air | Subdirektorat Data dan Pengembangan Sistem Informasi Sumber Daya Air,4,1,9400000,10000000,22,0,0,0
a9ee9096-9fdb-4704-ac2d-5e9ce9b12003,Kementerian Pekerjaan Umum dan Perumahan Rakyat,CPNS,UMUM,PENGELOLA SUMBER DAYA AIR AHLI PERTAMA,KEMENTERIAN PEKERJAAN UMUM DAN PERUMAHAN RAKYAT | Direktorat Jenderal Sumber Daya Air | Direktorat Bina Operasi dan Pemeliharaan | Subdirektorat Wilayah II,2,1,9400000,10000000,9,0,0,0
ac1cf890-a627-42e2-8732-3a4400ddd83d,Kementerian Pekerjaan Umum dan Perumahan Rakyat,CPNS,UMUM,PENGELOLA SUMBER DAYA AIR AHLI PERTAMA,KEMENTERIAN PEKERJAAN UMUM DAN PERUMAHAN RAKYAT | Direktorat Jenderal Sumber Daya Air | Balai Wilayah Sungai Sumatera VI Jambi | SEKSI PELAKSANAAN,1,1,9400000,10000000,6,0,0,0
ac7f4607-74ad-4395-99e9-216b5f01c82b,Kementerian Pekerjaan Umum dan Perumahan Rakyat,CPNS,UMUM,PENGELOLA SUMBER DAYA AIR AHLI PERTAMA,KEMENTERIAN PEKERJAAN UMUM DAN PERUMAHAN RAKYAT | Direktorat Jenderal Sumber Daya Air | Balai Wilayah Sungai Sumatera VII Bengkulu | SEKSI OPERASI DAN PEMELIHARAAN,1,1,9400000,10000000,10,0,0,0
af954346-6ca5-4d22-9ba3-4da94176122f,Kementerian Pekerjaan Umum dan Perumahan Rakyat,CPNS,UMUM,PENGELOLA SUMBER DAYA AIR AHLI PERTAMA,KEMENTERIAN PEKERJAAN UMUM DAN PERUMAHAN RAKYAT | Direktorat Jenderal Sumber Daya Air | Balai Wilayah Sungai Sumatera VII Bengkulu | SEKSI KETERPADUAN PEMBANGUNAN INFRASTRUKTUR SUMBER DAYA AIR,1,1,9400000,10000000,2,0,0,0
aff5d474-2b32-47cf-8320-4aa5c4057cce,Kementerian Pekerjaan Umum dan Perumahan Rakyat,CPNS,UMUM,PENGELOLA SUMBER DAYA AIR AHLI PERTAMA,KEMENTERIAN PEKERJAAN UMUM DAN PERUMAHAN RAKYAT | Direktorat Jenderal Sumber Daya Air | Balai Wilayah Sungai Kalimantan V Tanjung Selor | SEKSI KETERPADUAN PEMBANGUNAN INFRASTRUKTUR SUMBER DAYA AIR,1,1,9400000,10000000,2,0,0,0
b094c643-b53a-4cf7-b2a9-03234eb7808d,Kementerian Pekerjaan Umum dan Perumahan Rakyat,CPNS,UMUM,PENGELOLA SUMBER DAYA AIR AHLI PERTAMA,KEMENTERIAN PEKERJAAN UMUM DAN PERUMAHAN RAKYAT | Direktorat Jenderal Sumber Daya Air | Balai Besar Wilayah Sungai Cidanau-Ciujung-Cidurian | BIDANG KETERPADUAN PEMBANGUNAN INFRASTRUKTUR SUMBER DAYA AIR,1,1,9400000,10000000,5,0,0,0
b3439017-7a72-40b7-a117-f61e2a18f7e2,Kementerian Pekerjaan Umum dan Perumahan Rakyat,CPNS,UMUM,PENGELOLA SUMBER DAYA AIR AHLI PERTAMA,KEMENTERIAN PEKERJAAN UMUM DAN PERUMAHAN RAKYAT | Direktorat Jenderal Sumber Daya Air | Balai Wilayah Sungai Kalimantan II Palangkaraya | SEKSI OPERASI DAN PEMELIHARAAN,1,1,9400000,10000000,4,0,0,0
b3491f8d-609b-43d9-828e-4d793f2cd9b6,Kementerian Pekerjaan Umum dan Perumahan Rakyat,CPNS,UMUM,PENGELOLA SUMBER DAYA AIR AHLI PERTAMA,KEMENTERIAN PEKERJAAN UMUM DAN PERUMAHAN RAKYAT | Direktorat Jenderal Sumber Daya Air | Balai Wilayah Sungai Sulawesi II Gorontalo | SEKSI KETERPADUAN PEMBANGUNAN INFRASTRUKTUR SUMBER DAYA AIR,1,1,9400000,10000000,7,0,0,0
b4e60e65-2f81-4f1d-9991-46a40eede8e3,Kementerian Pekerjaan Umum dan Perumahan Rakyat,CPNS,PUTRA/PUTRI PAPUA DAN PAPUA BARAT,PENGELOLA SUMBER DAYA AIR AHLI PERTAMA,KEMENTERIAN PEKERJAAN UMUM DAN PERUMAHAN RAKYAT | Direktorat Jenderal Sumber Daya Air | Balai Wilayah Sungai Papua Merauke | SEKSI KETERPADUAN PEMBANGUNAN INFRASTRUKTUR SUMBER DAYA AIR,1,1,9400000,10000000,1,0,0,0
b50d36be-1487-42f4-a5d2-ae113a2e1959,Kementerian Pekerjaan Umum dan Perumahan Rakyat,CPNS,UMUM,PENGELOLA SUMBER DAYA AIR AHLI PERTAMA,KEMENTERIAN PEKERJAAN UMUM DAN PERUMAHAN RAKYAT | Direktorat Jenderal Sumber Daya Air | Balai Wilayah Sungai Bali Penida | SEKSI PELAKSANAAN,1,1,9400000,10000000,7,0,0,0
b6fd0ebe-b925-4cc4-809e-db75e49d5e55,Kementerian Pekerjaan Umum dan Perumahan Rakyat,CPNS,UMUM,PENGELOLA SUMBER DAYA AIR AHLI PERTAMA,KEMENTERIAN PEKERJAAN UMUM DAN PERUMAHAN RAKYAT | Direktorat Jenderal Sumber Daya Air | Balai Besar Wilayah Sungai Pompengan Jeneberang | BIDANG OPERASI DAN PEMELIHARAAN,1,1,9400000,10000000,24,0,0,0
ba59311d-7171-45a7-a864-9a7b6eacc547,Kementerian Pekerjaan Umum dan Perumahan Rakyat,CPNS,UMUM,PENGELOLA SUMBER DAYA AIR AHLI PERTAMA,KEMENTERIAN PEKERJAAN UMUM DAN PERUMAHAN RAKYAT | Direktorat Jenderal Sumber Daya Air | Balai Besar Wilayah Sungai Cimanuk Cisanggarung | BIDANG OPERASI DAN PEMELIHARAAN,1,1,9400000,10000000,9,0,0,0
bb7f0a14-e4ae-4261-aef2-5bf4ecab66f5,Kementerian Pekerjaan Umum dan Perumahan Rakyat,CPNS,UMUM,PENGELOLA SUMBER DAYA AIR AHLI PERTAMA,KEMENTERIAN PEKERJAAN UMUM DAN PERUMAHAN RAKYAT | Direktorat Jenderal Sumber Daya Air | Balai Besar Wilayah Sungai Sumatera VIII Palembang | Bidang Pelaksanaan Jaringan Pemanfaatan Air,1,1,9400000,10000000,5,0,0,0
bc83a3d9-f2b2-4bdd-a3d8-8d8c24a676d0,Kementerian Pekerjaan Umum dan Perumahan Rakyat,CPNS,UMUM,PENGELOLA SUMBER DAYA AIR AHLI PERTAMA,KEMENTERIAN PEKERJAAN UMUM DAN PERUMAHAN RAKYAT | Direktorat Jenderal Sumber Daya Air | Balai Wilayah Sungai Nusa Tenggara II Kupang | SEKSI KETERPADUAN PEMBANGUNAN INFRASTRUKTUR SUMBER DAYA AIR,1,1,9400000,10000000,4,0,0,0
bc8e9e19-b423-423c-8024-a7581e4c00ef,Kementerian Pekerjaan Umum dan Perumahan Rakyat,CPNS,UMUM,PENGELOLA SUMBER DAYA AIR AHLI PERTAMA,KEMENTERIAN PEKERJAAN UMUM DAN PERUMAHAN RAKYAT | Direktorat Jenderal Sumber Daya Air | Balai Besar Wilayah Sungai Serayu Opak | BIDANG KETERPADUAN PEMBANGUNAN INFRASTRUKTUR SUMBER DAYA AIR,1,1,9400000,10000000,20,0,0,0
be70cad0-79ae-44a6-9d39-1235faf928d7,Kementerian Pekerjaan Umum dan Perumahan Rakyat,CPNS,UMUM,PENGELOLA SUMBER DAYA AIR AHLI PERTAMA,KEMENTERIAN PEKERJAAN UMUM DAN PERUMAHAN RAKYAT | Direktorat Jenderal Sumber Daya Air | Balai Wilayah Sungai Nusa Tenggara I Mataram | SEKSI KETERPADUAN PEMBANGUNAN INFRASTRUKTUR SUMBER DAYA AIR,1,1,9400000,10000000,13,0,0,0
c0555b4f-4f4c-47a1-a797-6930804382a3,Kementerian Pekerjaan Umum dan Perumahan Rakyat,CPNS,UMUM,PENGELOLA SUMBER DAYA AIR AHLI PERTAMA,KEMENTERIAN PEKERJAAN UMUM DAN PERUMAHAN RAKYAT | Direktorat Jenderal Sumber Daya Air | Balai Wilayah Sungai Kalimantan III Banjarmasin | SEKSI OPERASI DAN PEMELIHARAAN,1,1,9400000,10000000,9,0,0,0
c123c1a3-3078-48b8-a738-5871b5cddcfe,Kementerian Pekerjaan Umum dan Perumahan Rakyat,CPNS,UMUM,PENGELOLA SUMBER DAYA AIR AHLI PERTAMA,KEMENTERIAN PEKERJAAN UMUM DAN PERUMAHAN RAKYAT | Direktorat Jenderal Sumber Daya Air | Balai Wilayah Sungai Kalimantan IV Samarinda | SEKSI PELAKSANAAN,1,1,9400000,10000000,2,0,0,0
c26c5465-87af-4f2b-8307-5292a211a49c,Kementerian Pekerjaan Umum dan Perumahan Rakyat,CPNS,UMUM,PENGELOLA SUMBER DAYA AIR AHLI PERTAMA,KEMENTERIAN PEKERJAAN UMUM DAN PERUMAHAN RAKYAT | Direktorat Jenderal Sumber Daya Air | Balai Wilayah Sungai Kalimantan II Palangkaraya | SEKSI KETERPADUAN PEMBANGUNAN INFRASTRUKTUR SUMBER DAYA AIR,1,1,9400000,10000000,4,0,0,0
c33a54bc-b527-4496-803d-c102e4e48999,Kementerian Pekerjaan Umum dan Perumahan Rakyat,CPNS,UMUM,PENGELOLA SUMBER DAYA AIR AHLI PERTAMA,KEMENTERIAN PEKERJAAN UMUM DAN PERUMAHAN RAKYAT | Direktorat Jenderal Sumber Daya Air | Balai Besar Wilayah Sungai Cimanuk Cisanggarung | BIDANG PELAKSANAAN JARINGAN SUMBER AIR,1,1,9400000,10000000,9,0,0,0
c4425766-6895-4f42-94d5-24d8134a7129,Kementerian Pekerjaan Umum dan Perumahan Rakyat,CPNS,UMUM,PENGELOLA SUMBER DAYA AIR AHLI PERTAMA,KEMENTERIAN PEKERJAAN UMUM DAN PERUMAHAN RAKYAT | Direktorat Jenderal Sumber Daya Air | Balai Wilayah Sungai Sulawesi IV Kendari | SEKSI OPERASI DAN PEMELIHARAAN,1,1,9400000,10000000,12,0,0,0
c4c5c23e-97d4-4242-8201-fa9e071bf732,Kementerian Pekerjaan Umum dan Perumahan Rakyat,CPNS,UMUM,PENGELOLA SUMBER DAYA AIR AHLI PERTAMA,KEMENTERIAN PEKERJAAN UMUM DAN PERUMAHAN RAKYAT | Direktorat Jenderal Sumber Daya Air | Balai Wilayah Sungai Papua | SEKSI PELAKSANAAN,1,1,9400000,10000000,7,0,0,0
c54e94b9-a1d7-4eaa-93be-1c364ed7f54a,Kementerian Pekerjaan Umum dan Perumahan Rakyat,CPNS,UMUM,PENGELOLA SUMBER DAYA AIR AHLI PERTAMA,KEMENTERIAN PEKERJAAN UMUM DAN PERUMAHAN RAKYAT | Direktorat Jenderal Sumber Daya Air | Balai Wilayah Sungai Papua Merauke | SEKSI PELAKSANAAN,1,1,9400000,10000000,4,0,0,0
c7a07364-3fde-4574-9108-2ef42296c3ea,Kementerian Pekerjaan Umum dan Perumahan Rakyat,CPNS,UMUM,PENGELOLA SUMBER DAYA AIR AHLI PERTAMA,KEMENTERIAN PEKERJAAN UMUM DAN PERUMAHAN RAKYAT | Direktorat Jenderal Sumber Daya Air | Balai Wilayah Sungai Sulawesi IV Kendari | SEKSI PELAKSANAAN,1,1,9400000,10000000,10,0,0,0
c91595f4-08b8-4f48-97c4-d03d02b1ce04,Kementerian Pekerjaan Umum dan Perumahan Rakyat,CPNS,UMUM,PENGELOLA SUMBER DAYA AIR AHLI PERTAMA,KEMENTERIAN PEKERJAAN UMUM DAN PERUMAHAN RAKYAT | Direktorat Jenderal Sumber Daya Air | Direktorat Air Tanah dan Air Baku | Subdirektorat Wilayah I,1,1,9400000,10000000,4,0,0,0
ca377832-6da2-425b-ace2-afe24234e338,Kementerian Pekerjaan Umum dan Perumahan Rakyat,CPNS,UMUM,PENGELOLA SUMBER DAYA AIR AHLI PERTAMA,KEMENTERIAN PEKERJAAN UMUM DAN PERUMAHAN RAKYAT | Direktorat Jenderal Sumber Daya Air | Balai Besar Wilayah Sungai Ciliwung-Cisadane | BIDANG KETERPADUAN PEMBANGUNAN INFRASTRUKTUR SUMBER DAYA AIR,1,1,9400000,10000000,8,0,0,0
cc53fedc-5708-4232-b104-86eb643aeb04,Kementerian Pekerjaan Umum dan Perumahan Rakyat,CPNS,UMUM,PENGELOLA SUMBER DAYA AIR AHLI PERTAMA,KEMENTERIAN PEKERJAAN UMUM DAN PERUMAHAN RAKYAT | Direktorat Jenderal Sumber Daya Air | Balai Wilayah Sungai Sumatera II Medan | SEKSI OPERASI DAN PEMELIHARAAN,1,1,9400000,10000000,8,0,0,0
cc68ab38-4667-4efc-bb22-3a20dd1b4ce0,Kementerian Pekerjaan Umum dan Perumahan Rakyat,CPNS,UMUM,PENGELOLA SUMBER DAYA AIR AHLI PERTAMA,KEMENTERIAN PEKERJAAN UMUM DAN PERUMAHAN RAKYAT | Direktorat Jenderal Sumber Daya Air | Balai Besar Wilayah Sungai Cimanuk Cisanggarung | BIDANG PELAKSANAAN JARINGAN PEMANFAATAN AIR,1,1,9400000,10000000,9,0,0,0
ccb9d5a9-91da-4fff-8891-5f484967bc14,Kementerian Pekerjaan Umum dan Perumahan Rakyat,CPNS,UMUM,PENGELOLA SUMBER DAYA AIR AHLI PERTAMA,KEMENTERIAN PEKERJAAN UMUM DAN PERUMAHAN RAKYAT | Direktorat Jenderal Sumber Daya Air | Pusat Pengendalian Lumpur Sidoarjo | Bidang Perencanaan,3,1,9400000,10000000,64,0,0,0
cd36fdfd-26ad-41ec-8ed4-0989edfaa75b,Kementerian Pekerjaan Umum dan Perumahan Rakyat,CPNS,UMUM,PENGELOLA SUMBER DAYA AIR AHLI PERTAMA,KEMENTERIAN PEKERJAAN UMUM DAN PERUMAHAN RAKYAT | Direktorat Jenderal Sumber Daya Air | Balai Air Tanah,1,1,9400000,10000000,12,0,0,0
ce32c59a-f5b7-43fb-b033-c13598ee9ae0,Kementerian Pekerjaan Umum dan Perumahan Rakyat,CPNS,UMUM,PENGELOLA SUMBER DAYA AIR AHLI PERTAMA,KEMENTERIAN PEKERJAAN UMUM DAN PERUMAHAN RAKYAT | Direktorat Jenderal Sumber Daya Air | Balai Wilayah Sungai Kalimantan I Pontianak | SEKSI KETERPADUAN PEMBANGUNAN INFRASTRUKTUR SUMBER DAYA AIR,1,1,9400000,10000000,8,0,0,0
cfde6ce2-14b4-469d-9d81-23d170ad7845,Kementerian Pekerjaan Umum dan Perumahan Rakyat,CPNS,UMUM,PENGELOLA SUMBER DAYA AIR AHLI PERTAMA,KEMENTERIAN PEKERJAAN UMUM DAN PERUMAHAN RAKYAT | Direktorat Jenderal Sumber Daya Air | Balai Besar Wilayah Sungai Pemali Juana | BIDANG KETERPADUAN PEMBANGUNAN INFRASTRUKTUR SUMBER DAYA AIR,1,1,9400000,10000000,9,0,0,0
d2d7f21e-e66d-431b-9111-0aee2d6d9fd0,Kementerian Pekerjaan Umum dan Perumahan Rakyat,CPNS,UMUM,PENGELOLA SUMBER DAYA AIR AHLI PERTAMA,KEMENTERIAN PEKERJAAN UMUM DAN PERUMAHAN RAKYAT | Direktorat Jenderal Sumber Daya Air | Direktorat Irigasi dan Rawa | Subdirektorat Wilayah I,3,1,9400000,10000000,12,0,0,0
d328c12a-d962-4ddb-b05e-e1d070ab90cf,Kementerian Pekerjaan Umum dan Perumahan Rakyat,CPNS,UMUM,PENGELOLA SUMBER DAYA AIR AHLI PERTAMA,KEMENTERIAN PEKERJAAN UMUM DAN PERUMAHAN RAKYAT | Direktorat Jenderal Sumber Daya Air | Direktorat Bina Operasi dan Pemeliharaan | Subdirektorat Wilayah I,2,1,9400000,10000000,9,0,0,0
d4ff089e-fa5e-4742-8ff5-30a1e90146fc,Kementerian Pekerjaan Umum dan Perumahan Rakyat,CPNS,UMUM,PENGELOLA SUMBER DAYA AIR AHLI PERTAMA,KEMENTERIAN PEKERJAAN UMUM DAN PERUMAHAN RAKYAT | Direktorat Jenderal Sumber Daya Air | Direktorat Bina Teknik Sumber Daya Air | Subdirektorat Keamanan Bangunan Air,5,1,9400000,10000000,43,0,0,0
d58d24db-7fa6-41f1-8b8a-6b7471c22304,Kementerian Pekerjaan Umum dan Perumahan Rakyat,CPNS,UMUM,PENGELOLA SUMBER DAYA AIR AHLI PERTAMA,KEMENTERIAN PEKERJAAN UMUM DAN PERUMAHAN RAKYAT | Direktorat Jenderal Sumber Daya Air | Balai Wilayah Sungai Sumatera V Padang | SEKSI PELAKSANAAN,1,1,9400000,10000000,13,0,0,0
d6a16469-2126-4f28-943c-8067e8cb1bfb,Kementerian Pekerjaan Umum dan Perumahan Rakyat,CPNS,UMUM,PENGELOLA SUMBER DAYA AIR AHLI PERTAMA,KEMENTERIAN PEKERJAAN UMUM DAN PERUMAHAN RAKYAT | Direktorat Jenderal Sumber Daya Air | Balai Wilayah Sungai Sumatera I Banda Aceh | SEKSI PELAKSANAAN,1,1,9400000,10000000,9,0,0,0
d8497768-bade-4e10-bfd0-4adb7e2e2398,Kementerian Pekerjaan Umum dan Perumahan Rakyat,CPNS,UMUM,PENGELOLA SUMBER DAYA AIR AHLI PERTAMA,KEMENTERIAN PEKERJAAN UMUM DAN PERUMAHAN RAKYAT | Direktorat Jenderal Sumber Daya Air | Balai Besar Wilayah Sungai Cidanau-Ciujung-Cidurian | BIDANG OPERASI DAN PEMELIHARAAN,1,1,9400000,10000000,11,0,0,0
d8b9d416-f20f-46c3-bbd3-746948efa161,Kementerian Pekerjaan Umum dan Perumahan Rakyat,CPNS,UMUM,PENGELOLA SUMBER DAYA AIR AHLI PERTAMA,KEMENTERIAN PEKERJAAN UMUM DAN PERUMAHAN RAKYAT | Direktorat Jenderal Sumber Daya Air | Balai Wilayah Sungai Sumatera II Medan | SEKSI PELAKSANAAN,1,1,9400000,10000000,5,0,0,0
dcf302f4-bba4-4b64-a9e1-74d76c0d4e4f,Kementerian Pekerjaan Umum dan Perumahan Rakyat,CPNS,UMUM,PENGELOLA SUMBER DAYA AIR AHLI PERTAMA,KEMENTERIAN PEKERJAAN UMUM DAN PERUMAHAN RAKYAT | Direktorat Jenderal Sumber Daya Air | Balai Wilayah Sungai Sumatera VI Jambi | SEKSI OPERASI DAN PEMELIHARAAN,1,1,9400000,10000000,15,0,0,0
df1d6200-d0d3-4dc3-b883-22bf47433ce6,Kementerian Pekerjaan Umum dan Perumahan Rakyat,CPNS,UMUM,PENGELOLA SUMBER DAYA AIR AHLI PERTAMA,KEMENTERIAN PEKERJAAN UMUM DAN PERUMAHAN RAKYAT | Direktorat Jenderal Sumber Daya Air | Balai Besar Wilayah Sungai Mesuji Sekampung | BIDANG PELAKSANAAN JARINGAN PEMANFAATAN AIR,1,1,9400000,10000000,6,0,0,0
e4a9c6dd-2999-4924-a667-e51e2a230fc7,Kementerian Pekerjaan Umum dan Perumahan Rakyat,CPNS,UMUM,PENGELOLA SUMBER DAYA AIR AHLI PERTAMA,KEMENTERIAN PEKERJAAN UMUM DAN PERUMAHAN RAKYAT | Direktorat Jenderal Sumber Daya Air | Balai Wilayah Sungai Bangka Belitung | SEKSI KETERPADUAN PEMBANGUNAN INFRASTRUKTUR SUMBER DAYA AIR,1,1,9400000,10000000,4,0,0,0
e670a066-0eb7-4fb3-b4e9-035304e6cffc,Kementerian Pekerjaan Umum dan Perumahan Rakyat,CPNS,UMUM,PENGELOLA SUMBER DAYA AIR AHLI PERTAMA,KEMENTERIAN PEKERJAAN UMUM DAN PERUMAHAN RAKYAT | Direktorat Jenderal Sumber Daya Air | Balai Wilayah Sungai Papua Merauke | SEKSI OPERASI DAN PEMELIHARAAN,1,1,9400000,10000000,6,0,0,0
eaf8cb53-8ac1-45d5-832e-beb8f9ad573d,Kementerian Pekerjaan Umum dan Perumahan Rakyat,CPNS,UMUM,PENGELOLA SUMBER DAYA AIR AHLI PERTAMA,KEMENTERIAN PEKERJAAN UMUM DAN PERUMAHAN RAKYAT | Direktorat Jenderal Sumber Daya Air | Balai Besar Wilayah Sungai Sumatera VIII Palembang | Bidang Keterpaduan Pembangunan Infrastruktur Sumber Daya Air,1,1,9400000,10000000,6,0,0,0
ec645537-8625-4993-aef3-bdd88af87b75,Kementerian Pekerjaan Umum dan Perumahan Rakyat,CPNS,UMUM,PENGELOLA SUMBER DAYA AIR AHLI PERTAMA,KEMENTERIAN PEKERJAAN UMUM DAN PERUMAHAN RAKYAT | Direktorat Jenderal Sumber Daya Air | Balai Wilayah Sungai Kalimantan IV Samarinda | SEKSI OPERASI DAN PEMELIHARAAN,1,1,9400000,10000000,5,0,0,0
ec97212e-ba56-4622-9827-64c5c2b12e3b,Kementerian Pekerjaan Umum dan Perumahan Rakyat,CPNS,UMUM,PENGELOLA SUMBER DAYA AIR AHLI PERTAMA,KEMENTERIAN PEKERJAAN UMUM DAN PERUMAHAN RAKYAT | Direktorat Jenderal Sumber Daya Air | Balai Wilayah Sungai Maluku Utara | SEKSI KETERPADUAN PEMBANGUNAN INFRASTRUKTUR SUMBER DAYA AIR,1,1,9400000,10000000,7,0,0,0
ecd3dbc8-1b4f-464f-85a6-306498bfbe08,Kementerian Pekerjaan Umum dan Perumahan Rakyat,CPNS,UMUM,PENGELOLA SUMBER DAYA AIR AHLI PERTAMA,KEMENTERIAN PEKERJAAN UMUM DAN PERUMAHAN RAKYAT | Direktorat Jenderal Sumber Daya Air | Balai Wilayah Sungai Nusa Tenggara I Mataram | SEKSI OPERASI DAN PEMELIHARAAN,1,1,9400000,10000000,22,0,0,0
ef0b0639-7cc3-437f-b3ff-269936eec21b,Kementerian Pekerjaan Umum dan Perumahan Rakyat,CPNS,UMUM,PENGELOLA SUMBER DAYA AIR AHLI PERTAMA,KEMENTERIAN PEKERJAAN UMUM DAN PERUMAHAN RAKYAT | Direktorat Jenderal Sumber Daya Air | Balai Besar Wilayah Sungai Sumatera VIII Palembang | Bidang Operasi dan Pemeliharaan,1,1,9400000,10000000,9,0,0,0
ef167ff2-a96a-4f32-a166-9cab016da761,Kementerian Pekerjaan Umum dan Perumahan Rakyat,CPNS,UMUM,PENGELOLA SUMBER DAYA AIR AHLI PERTAMA,KEMENTERIAN PEKERJAAN UMUM DAN PERUMAHAN RAKYAT | Direktorat Jenderal Sumber Daya Air | Balai Wilayah Sungai Sumatera II Medan | SEKSI KETERPADUAN PEMBANGUNAN INFRASTRUKTUR SUMBER DAYA AIR,1,1,9400000,10000000,9,0,0,0
f06e49cf-e8a6-461e-883e-f67291686f2f,Kementerian Pekerjaan Umum dan Perumahan Rakyat,CPNS,UMUM,PENGELOLA SUMBER DAYA AIR AHLI PERTAMA,KEMENTERIAN PEKERJAAN UMUM DAN PERUMAHAN RAKYAT | Direktorat Jenderal Sumber Daya Air | Direktorat Irigasi dan Rawa | Subdirektorat Perencanaan Teknis Irigasi dan Rawa,3,1,9400000,10000000,26,0,0,0
f0d54795-eaaf-43cf-b375-89fbfd9b63be,Kementerian Pekerjaan Umum dan Perumahan Rakyat,CPNS,UMUM,PENGELOLA SUMBER DAYA AIR AHLI PERTAMA,KEMENTERIAN PEKERJAAN UMUM DAN PERUMAHAN RAKYAT | Direktorat Jenderal Sumber Daya Air | Balai Wilayah Sungai Bangka Belitung | SEKSI PELAKSANAAN,1,1,9400000,10000000,5,0,0,0
f1f58b9a-a0c7-42a7-ba6d-d0ecbe3074bd,Kementerian Pekerjaan Umum dan Perumahan Rakyat,CPNS,UMUM,PENGELOLA SUMBER DAYA AIR AHLI PERTAMA,KEMENTERIAN PEKERJAAN UMUM DAN PERUMAHAN RAKYAT | Direktorat Jenderal Sumber Daya Air | Balai Wilayah Sungai Sulawesi I Manado | SEKSI OPERASI DAN PEMELIHARAAN,1,1,9400000,10000000,10,0,0,0
f434a2df-a486-40b8-be04-ea3b9a8bc11e,Kementerian Pekerjaan Umum dan Perumahan Rakyat,CPNS,UMUM,PENGELOLA SUMBER DAYA AIR AHLI PERTAMA,KEMENTERIAN PEKERJAAN UMUM DAN PERUMAHAN RAKYAT | Direktorat Jenderal Sumber Daya Air | Balai Hidrolika dan Geoteknik Keairan,1,1,9400000,10000000,5,0,0,0
f738cd59-1d32-4165-a6d2-16b63bd56a68,Kementerian Pekerjaan Umum dan Perumahan Rakyat,CPNS,UMUM,PENGELOLA SUMBER DAYA AIR AHLI PERTAMA,KEMENTERIAN PEKERJAAN UMUM DAN PERUMAHAN RAKYAT | Direktorat Jenderal Sumber Daya Air | Balai Besar Wilayah Sungai Serayu Opak | BIDANG PELAKSANAAN JARINGAN PEMANFAATAN AIR,1,1,9400000,10000000,19,0,0,0
f85b955a-62d7-4445-89b5-951ee8d88de7,Kementerian Pekerjaan Umum dan Perumahan Rakyat,CPNS,UMUM,PENGELOLA SUMBER DAYA AIR AHLI PERTAMA,KEMENTERIAN PEKERJAAN UMUM DAN PERUMAHAN RAKYAT | Direktorat Jenderal Sumber Daya Air | Balai Wilayah Sungai Kalimantan III Banjarmasin | SEKSI KETERPADUAN PEMBANGUNAN INFRASTRUKTUR SUMBER DAYA AIR,1,1,9400000,10000000,5,0,0,0
f87e5071-2a30-46e3-b2ae-e723dc850e41,Kementerian Pekerjaan Umum dan Perumahan Rakyat,CPNS,UMUM,PENGELOLA SUMBER DAYA AIR AHLI PERTAMA,KEMENTERIAN PEKERJAAN UMUM DAN PERUMAHAN RAKYAT | Direktorat Jenderal Sumber Daya Air | Balai Besar Wilayah Sungai Serayu Opak | BIDANG PELAKSANAAN JARINGAN SUMBER AIR,1,1,9400000,10000000,18,0,0,0
f8a272d0-aa06-447b-a446-34b58262912f,Kementerian Pekerjaan Umum dan Perumahan Rakyat,CPNS,UMUM,PENGELOLA SUMBER DAYA AIR AHLI PERTAMA,KEMENTERIAN PEKERJAAN UMUM DAN PERUMAHAN RAKYAT | Direktorat Jenderal Sumber Daya Air | Balai Wilayah Sungai Maluku | SEKSI OPERASI DAN PEMELIHARAAN,1,1,9400000,10000000,10,0,0,0
f960abcf-12e9-467b-804a-0a8ac73c4d1d,Kementerian Pekerjaan Umum dan Perumahan Rakyat,CPNS,UMUM,PENGELOLA SUMBER DAYA AIR AHLI PERTAMA,KEMENTERIAN PEKERJAAN UMUM DAN PERUMAHAN RAKYAT | Direktorat Jenderal Sumber Daya Air | Balai Wilayah Sungai Sumatera VII Bengkulu | SEKSI PELAKSANAAN,1,1,9400000,10000000,6,0,0,0
f9c2cd94-8e9f-44bb-a1f4-2b9dd260f4b6,Kementerian Pekerjaan Umum dan Perumahan Rakyat,CPNS,UMUM,PENGELOLA SUMBER DAYA AIR AHLI PERTAMA,KEMENTERIAN PEKERJAAN UMUM DAN PERUMAHAN RAKYAT | Direktorat Jenderal Sumber Daya Air | Balai Wilayah Sungai Sulawesi II Gorontalo | SEKSI OPERASI DAN PEMELIHARAAN,1,1,9400000,10000000,9,0,0,0
fa32fe5a-d1b2-4827-9567-d494f4b8fe63,Kementerian Pekerjaan Umum dan Perumahan Rakyat,CPNS,UMUM,PENGELOLA SUMBER DAYA AIR AHLI PERTAMA,KEMENTERIAN PEKERJAAN UMUM DAN PERUMAHAN RAKYAT | Direktorat Jenderal Sumber Daya Air | Balai Wilayah Sungai Maluku | SEKSI PELAKSANAAN,1,1,9400000,10000000,4,0,0,0
fc91d04f-027d-4688-b5d5-1706ab5fc6f8,Kementerian Pekerjaan Umum dan Perumahan Rakyat,CPNS,UMUM,PENGELOLA SUMBER DAYA AIR AHLI PERTAMA,KEMENTERIAN PEKERJAAN UMUM DAN PERUMAHAN RAKYAT | Direktorat Jenderal Sumber Daya Air | Balai Besar Wilayah Sungai Ciliwung-Cisadane | BIDANG PELAKSANAAN JARINGAN PEMANFAATAN AIR,1,1,9400000,10000000,12,0,0,0
fd260a89-573f-4230-9b6a-38412f9b491a,Kementerian Pekerjaan Umum dan Perumahan Rakyat,CPNS,UMUM,PENGELOLA SUMBER DAYA AIR AHLI PERTAMA,KEMENTERIAN PEKERJAAN UMUM DAN PERUMAHAN RAKYAT | Direktorat Jenderal Sumber Daya Air | Balai Wilayah Sungai Sulawesi I Manado | SEKSI KETERPADUAN PEMBANGUNAN INFRASTRUKTUR SUMBER DAYA AIR,1,1,9400000,10000000,9,0,0,0
8a01869291548667019154ffbbbc2d99,Kementerian Pekerjaan Umum dan Perumahan Rakyat,CPNS,PUTRA/PUTRI KALIMANTAN,PERENCANA AHLI PERTAMA,KEMENTERIAN PEKERJAAN UMUM DAN PERUMAHAN RAKYAT | Direktorat Jenderal Cipta Karya | Direktorat Sanitasi | Subdirektorat Perencanaan Teknis Sanitasi,1,1,9700000,10300000,3,0,0,0
0eb2e4f9-ebd2-482f-86dc-aa29de955b35,Kementerian Pekerjaan Umum dan Perumahan Rakyat,CPNS,UMUM,PERENCANA AHLI PERTAMA,KEMENTERIAN PEKERJAAN UMUM DAN PERUMAHAN RAKYAT | Direktorat Jenderal Cipta Karya | Direktorat Sanitasi | Subdirektorat Perencanaan Teknis Sanitasi,2,1,9700000,10300000,6,0,0,0
13d60331-edfc-47f8-840a-d84efda73239,Kementerian Pekerjaan Umum dan Perumahan Rakyat,CPNS,UMUM,PERENCANA AHLI PERTAMA,KEMENTERIAN PEKERJAAN UMUM DAN PERUMAHAN RAKYAT | Direktorat Jenderal Sumber Daya Air | Pusat Pengendalian Lumpur Sidoarjo | Bidang Perencanaan,1,1,9700000,10300000,6,0,0,0
15cbbfbd-a9ba-48e8-9040-3ba5f9a397ce,Kementerian Pekerjaan Umum dan Perumahan Rakyat,CPNS,UMUM,PERENCANA AHLI PERTAMA,KEMENTERIAN PEKERJAAN UMUM DAN PERUMAHAN RAKYAT | Direktorat Jenderal Cipta Karya | Balai Prasarana Permukiman Wilayah Jawa Tengah | Subbagian Umum dan Tata Usaha,1,1,9700000,10300000,6,0,0,0
2303b381-e28c-48e0-a7c3-dbaac17c8eb5,Kementerian Pekerjaan Umum dan Perumahan Rakyat,CPNS,UMUM,PERENCANA AHLI PERTAMA,KEMENTERIAN PEKERJAAN UMUM DAN PERUMAHAN RAKYAT | Direktorat Jenderal Cipta Karya | Balai Prasarana Permukiman Wilayah Kalimantan Barat | Seksi Pelaksana Wilayah I,1,1,9700000,10300000,2,0,0,0
3d7266d3-c418-45d4-88fc-1032f6a0996a,Kementerian Pekerjaan Umum dan Perumahan Rakyat,CPNS,UMUM,PERENCANA AHLI PERTAMA,KEMENTERIAN PEKERJAAN UMUM DAN PERUMAHAN RAKYAT | Direktorat Jenderal Cipta Karya | Balai Prasarana Permukiman Wilayah Kalimantan Selatan,1,1,9700000,10300000,7,0,0,0
4b0ec074-93e0-4313-a28a-f208cbb07b78,Kementerian Pekerjaan Umum dan Perumahan Rakyat,CPNS,UMUM,PERENCANA AHLI PERTAMA,KEMENTERIAN PEKERJAAN UMUM DAN PERUMAHAN RAKYAT | Direktorat Jenderal Cipta Karya | Balai Prasarana Permukiman Wilayah Bangka Belitung | Subbagian Umum dan Tata Usaha,1,1,9700000,10300000,1,0,0,0
4bace3ec-118c-4f16-9aff-26364d0cd839,Kementerian Pekerjaan Umum dan Perumahan Rakyat,CPNS,UMUM,PERENCANA AHLI PERTAMA,KEMENTERIAN PEKERJAAN UMUM DAN PERUMAHAN RAKYAT | Direktorat Jenderal Cipta Karya | Balai Prasarana Permukiman Wilayah Bali | Subbagian Umum dan Tata Usaha,1,1,9700000,10300000,17,0,0,0
4d5d25b0-db58-414a-931a-a4eff627e62a,Kementerian Pekerjaan Umum dan Perumahan Rakyat,CPNS,UMUM,PERENCANA AHLI PERTAMA,KEMENTERIAN PEKERJAAN UMUM DAN PERUMAHAN RAKYAT | Direktorat Jenderal Cipta Karya | Balai Prasarana Permukiman Wilayah Sulawesi Utara | Subbagian Umum dan Tata Usaha,1,1,9700000,10300000,6,0,0,0
4fb07d61-cca9-472e-b98e-17bbe1d2d3e0,Kementerian Pekerjaan Umum dan Perumahan Rakyat,CPNS,UMUM,PERENCANA AHLI PERTAMA,KEMENTERIAN PEKERJAAN UMUM DAN PERUMAHAN RAKYAT | Direktorat Jenderal Cipta Karya | Balai Prasarana Permukiman Wilayah Maluku Utara,1,1,9700000,10300000,2,0,0,0
53256978-ba22-49f9-8dad-0c9f6ca62fda,Kementerian Pekerjaan Umum dan Perumahan Rakyat,CPNS,UMUM,PERENCANA AHLI PERTAMA,KEMENTERIAN PEKERJAAN UMUM DAN PERUMAHAN RAKYAT | Direktorat Jenderal Cipta Karya | Balai Prasarana Permukiman Wilayah Kepulauan Riau | Seksi Pelaksana Wilayah I,1,1,9700000,10300000,7,0,0,0
598c1a58-cb84-4721-87cf-1b61a8cc14ac,Kementerian Pekerjaan Umum dan Perumahan Rakyat,CPNS,UMUM,PERENCANA AHLI PERTAMA,KEMENTERIAN PEKERJAAN UMUM DAN PERUMAHAN RAKYAT | Direktorat Jenderal Cipta Karya | Direktorat Bina Teknik Permukiman dan Perumahan | Subbagian Tata Usaha,1,1,9700000,10300000,3,0,0,0
6154ebcf-3f7e-4969-9373-7c7a9d702ae4,Kementerian Pekerjaan Umum dan Perumahan Rakyat,CPNS,UMUM,PERENCANA AHLI PERTAMA,KEMENTERIAN PEKERJAAN UMUM DAN PERUMAHAN RAKYAT | Direktorat Jenderal Cipta Karya | Balai Prasarana Permukiman Wilayah Kalimantan Utara,1,1,9700000,10300000,1,0,0,0
66a6b896-8d59-48d3-a22f-620e1a59ff7a,Kementerian Pekerjaan Umum dan Perumahan Rakyat,CPNS,UMUM,PERENCANA AHLI PERTAMA,KEMENTERIAN PEKERJAAN UMUM DAN PERUMAHAN RAKYAT | Direktorat Jenderal Cipta Karya | Balai Prasarana Permukiman Wilayah Papua | Seksi Pelaksana Wilayah I,1,1,9700000,10300000,4,0,0,0
6cbcb574-dd1b-49ac-b60e-ee8662f2571a,Kementerian Pekerjaan Umum dan Perumahan Rakyat,CPNS,UMUM,PERENCANA AHLI PERTAMA,KEMENTERIAN PEKERJAAN UMUM DAN PERUMAHAN RAKYAT | Direktorat Jenderal Cipta Karya | Direktorat Air Minum | Subdirektorat Wilayah I,1,1,9700000,10300000,5,0,0,0
704edb3c-3a23-4e52-9652-897574b11626,Kementerian Pekerjaan Umum dan Perumahan Rakyat,CPNS,UMUM,PERENCANA AHLI PERTAMA,KEMENTERIAN PEKERJAAN UMUM DAN PERUMAHAN RAKYAT | Direktorat Jenderal Cipta Karya | Balai Prasarana Permukiman Wilayah D.I. Yogyakarta,1,1,9700000,10300000,38,0,0,0
72621dcc-2da6-46fa-a95c-69fc584a768c,Kementerian Pekerjaan Umum dan Perumahan Rakyat,CPNS,UMUM,PERENCANA AHLI PERTAMA,KEMENTERIAN PEKERJAAN UMUM DAN PERUMAHAN RAKYAT | Direktorat Jenderal Cipta Karya | Balai Prasarana Permukiman Wilayah Papua Barat | Subbagian Umum dan Tata Usaha,1,1,9700000,10300000,1,0,0,0
7629bfd0-d4cf-4013-a326-47ff4cd06261,Kementerian Pekerjaan Umum dan Perumahan Rakyat,CPNS,UMUM,PERENCANA AHLI PERTAMA,KEMENTERIAN PEKERJAAN UMUM DAN PERUMAHAN RAKYAT | Direktorat Jenderal Cipta Karya | Direktorat Bina Teknik Permukiman dan Perumahan | Subdirektorat Keandalan Bangunan Gedung,1,1,9700000,10300000,6,0,0,0
79527c41-a9f7-4931-b1dd-850a9260299d,Kementerian Pekerjaan Umum dan Perumahan Rakyat,CPNS,UMUM,PERENCANA AHLI PERTAMA,KEMENTERIAN PEKERJAAN UMUM DAN PERUMAHAN RAKYAT | Direktorat Jenderal Cipta Karya | Balai Prasarana Permukiman Wilayah Jawa Timur | Seksi Pelaksana Wilayah II,1,1,9700000,10300000,6,0,0,0
7c26ff99-ec25-4b5e-b221-b98de564582d,Kementerian Pekerjaan Umum dan Perumahan Rakyat,CPNS,UMUM,PERENCANA AHLI PERTAMA,KEMENTERIAN PEKERJAAN UMUM DAN PERUMAHAN RAKYAT | Direktorat Jenderal Cipta Karya | Balai Prasarana Permukiman Wilayah Sulawesi Tengah,1,1,9700000,10300000,4,0,0,0
7f6d0553-418d-4853-82e2-5ace0efc0f05,Kementerian Pekerjaan Umum dan Perumahan Rakyat,CPNS,UMUM,PERENCANA AHLI PERTAMA,KEMENTERIAN PEKERJAAN UMUM DAN PERUMAHAN RAKYAT | Direktorat Jenderal Cipta Karya | Balai Prasarana Permukiman Wilayah Sumatera Utara | Seksi Pelaksana Wilayah II,1,1,9700000,10300000,3,0,0,0
8303749f-60c0-4713-99a2-649f92938238,Kementerian Pekerjaan Umum dan Perumahan Rakyat,CPNS,UMUM,PERENCANA AHLI PERTAMA,KEMENTERIAN PEKERJAAN UMUM DAN PERUMAHAN RAKYAT | Direktorat Jenderal Cipta Karya | Direktorat Pengembangan Kawasan Permukiman | Subdirektorat Wilayah I,1,1,9700000,10300000,2,0,0,0
841bdfbc-2567-4afa-9eb9-2e53b2d9cce5,Kementerian Pekerjaan Umum dan Perumahan Rakyat,CPNS,UMUM,PERENCANA AHLI PERTAMA,KEMENTERIAN PEKERJAAN UMUM DAN PERUMAHAN RAKYAT | Direktorat Jenderal Cipta Karya | Direktorat Bina Penataan Bangunan,1,1,9700000,10300000,8,0,0,0
90f5e09d-a5f7-4080-834a-991575e87341,Kementerian Pekerjaan Umum dan Perumahan Rakyat,CPNS,UMUM,PERENCANA AHLI PERTAMA,KEMENTERIAN PEKERJAAN UMUM DAN PERUMAHAN RAKYAT | Direktorat Jenderal Cipta Karya | Balai Teknologi Air Minum,1,1,9700000,10300000,4,0,0,0
976b4cc3-592e-48bb-b4a8-e7891c25a203,Kementerian Pekerjaan Umum dan Perumahan Rakyat,CPNS,UMUM,PERENCANA AHLI PERTAMA,"KEMENTERIAN PEKERJAAN UMUM DAN PERUMAHAN RAKYAT | Direktorat Jenderal Sumber Daya Air | Direktorat Sistem dan Strategi Pengelolaan Sumber Daya Air | Subdirektorat Strategi, Program, dan Anggaran",1,1,9700000,10300000,8,0,0,0
98afbadb-e351-4023-a1a4-3954a7ba27ea,Kementerian Pekerjaan Umum dan Perumahan Rakyat,CPNS,UMUM,PERENCANA AHLI PERTAMA,KEMENTERIAN PEKERJAAN UMUM DAN PERUMAHAN RAKYAT | Direktorat Jenderal Cipta Karya | Balai Kawasan Permukiman dan Perumahan,1,1,9700000,10300000,3,0,0,0
99cdf937-a4c7-4960-b351-68ebe2b42569,Kementerian Pekerjaan Umum dan Perumahan Rakyat,CPNS,UMUM,PERENCANA AHLI PERTAMA,KEMENTERIAN PEKERJAAN UMUM DAN PERUMAHAN RAKYAT | Direktorat Jenderal Sumber Daya Air | Direktorat Bendungan dan Danau | Subdirektorat Perencanaan Teknis Bendungan dan Danau,1,1,9700000,10300000,3,0,0,0
9c857918-090a-44a7-8a8a-902334a06be3,Kementerian Pekerjaan Umum dan Perumahan Rakyat,CPNS,UMUM,PERENCANA AHLI PERTAMA,KEMENTERIAN PEKERJAAN UMUM DAN PERUMAHAN RAKYAT | Direktorat Jenderal Cipta Karya | Balai Prasarana Permukiman Wilayah Gorontalo | Subbagian Umum dan Tata Usaha,1,1,9700000,10300000,2,0,0,0
a7cc8940-efe1-4200-a697-dcd659ef2bd0,Kementerian Pekerjaan Umum dan Perumahan Rakyat,CPNS,UMUM,PERENCANA AHLI PERTAMA,KEMENTERIAN PEKERJAAN UMUM DAN PERUMAHAN RAKYAT | Direktorat Jenderal Cipta Karya | Balai Prasarana Permukiman Wilayah Aceh | Subbagian Umum dan Tata Usaha,1,1,9700000,10300000,7,0,0,0
b1edcbe8-940d-41e3-9653-3ae8c039a066,Kementerian Pekerjaan Umum dan Perumahan Rakyat,CPNS,UMUM,PERENCANA AHLI PERTAMA,KEMENTERIAN PEKERJAAN UMUM DAN PERUMAHAN RAKYAT | Direktorat Jenderal Cipta Karya | Balai Prasarana Permukiman Wilayah Papua | Seksi Pelaksana Wilayah II,1,1,9700000,10300000,2,0,0,0
b5632cd3-46db-44b3-ad92-eb2a581d9db5,Kementerian Pekerjaan Umum dan Perumahan Rakyat,CPNS,UMUM,PERENCANA AHLI PERTAMA,KEMENTERIAN PEKERJAAN UMUM DAN PERUMAHAN RAKYAT | Direktorat Jenderal Cipta Karya | Direktorat Prasarana Strategis | Subdirektorat Perencanaan Teknis Prasarana Strategis,1,1,9700000,10300000,2,0,0,0
b87f1dbd-374c-41f2-974c-58d9017abee0,Kementerian Pekerjaan Umum dan Perumahan Rakyat,CPNS,UMUM,PERENCANA AHLI PERTAMA,KEMENTERIAN PEKERJAAN UMUM DAN PERUMAHAN RAKYAT | Direktorat Jenderal Cipta Karya | Balai Prasarana Permukiman Wilayah Nusa Tenggara Timur,1,1,9700000,10300000,3,0,0,0
be433928-449f-4ad6-90f9-3b732ad393be,Kementerian Pekerjaan Umum dan Perumahan Rakyat,CPNS,UMUM,PERENCANA AHLI PERTAMA,KEMENTERIAN PEKERJAAN UMUM DAN PERUMAHAN RAKYAT | Direktorat Jenderal Cipta Karya | Balai Prasarana Permukiman Wilayah Nusa Tenggara Barat | Subbagian Umum dan Tata Usaha,1,1,9700000,10300000,5,0,0,0
bf23c21b-47ca-4284-a2b5-a6b75d3f976a,Kementerian Pekerjaan Umum dan Perumahan Rakyat,CPNS,UMUM,PERENCANA AHLI PERTAMA,KEMENTERIAN PEKERJAAN UMUM DAN PERUMAHAN RAKYAT | Direktorat Jenderal Cipta Karya | Balai Bahan dan Struktur Bangunan Gedung | Subbagian Umum dan Tata Usaha,2,1,9700000,10300000,9,0,0,0
bfd9c1c6-802f-4fdd-8b1f-6391796d051d,Kementerian Pekerjaan Umum dan Perumahan Rakyat,CPNS,UMUM,PERENCANA AHLI PERTAMA,KEMENTERIAN PEKERJAAN UMUM DAN PERUMAHAN RAKYAT | Direktorat Jenderal Cipta Karya | Balai Prasarana Permukiman Wilayah Kalimantan Tengah | Subbagian Umum dan Tata Usaha,1,1,9700000,10300000,2,0,0,0
c934afb6-3d39-44c6-83a3-f11be3087491,Kementerian Pekerjaan Umum dan Perumahan Rakyat,CPNS,UMUM,PERENCANA AHLI PERTAMA,KEMENTERIAN PEKERJAAN UMUM DAN PERUMAHAN RAKYAT | Direktorat Jenderal Cipta Karya | Balai Prasarana Permukiman Wilayah Sumatera Barat | Subbagian Umum dan Tata Usaha,1,1,9700000,10300000,11,0,0,0
cecc5d2e-b011-4a6a-9120-2ecb31f1a168,Kementerian Pekerjaan Umum dan Perumahan Rakyat,CPNS,UMUM,PERENCANA AHLI PERTAMA,KEMENTERIAN PEKERJAAN UMUM DAN PERUMAHAN RAKYAT | Direktorat Jenderal Cipta Karya | Balai Prasarana Permukiman Wilayah Jawa Barat | Subbagian Umum dan Tata Usaha,1,1,9700000,10300000,12,0,0,0
d0a2960b-a047-4ed2-8837-1cbc942b92fd,Kementerian Pekerjaan Umum dan Perumahan Rakyat,CPNS,UMUM,PERENCANA AHLI PERTAMA,KEMENTERIAN PEKERJAAN UMUM DAN PERUMAHAN RAKYAT | Direktorat Jenderal Cipta Karya | Balai Prasarana Permukiman Wilayah Jawa Timur | Seksi Pelaksana Wilayah I,1,1,9700000,10300000,7,0,0,0
d31fcffc-afc8-46e4-b041-3de785552da9,Kementerian Pekerjaan Umum dan Perumahan Rakyat,CPNS,UMUM,PERENCANA AHLI PERTAMA,KEMENTERIAN PEKERJAAN UMUM DAN PERUMAHAN RAKYAT | Direktorat Jenderal Cipta Karya | Balai Prasarana Permukiman Wilayah Maluku | Subbagian Umum dan Tata Usaha,1,1,9700000,10300000,1,0,0,0
d9d56c00-e3ac-4826-9823-ae6609ce916d,Kementerian Pekerjaan Umum dan Perumahan Rakyat,CPNS,UMUM,PERENCANA AHLI PERTAMA,KEMENTERIAN PEKERJAAN UMUM DAN PERUMAHAN RAKYAT | Direktorat Jenderal Cipta Karya | Balai Teknologi Sanitasi | Subbagian Umum dan Tata Usaha,1,1,9700000,10300000,2,0,0,0
dd95a7df-d037-49bb-aad0-82991b946c44,Kementerian Pekerjaan Umum dan Perumahan Rakyat,CPNS,UMUM,PERENCANA AHLI PERTAMA,KEMENTERIAN PEKERJAAN UMUM DAN PERUMAHAN RAKYAT | Direktorat Jenderal Cipta Karya | Direktorat Kepatuhan Intern,2,1,9700000,10300000,6,0,0,0
ddf15370-34a0-45d2-99b9-3885626bdca2,Kementerian Pekerjaan Umum dan Perumahan Rakyat,CPNS,UMUM,PERENCANA AHLI PERTAMA,KEMENTERIAN PEKERJAAN UMUM DAN PERUMAHAN RAKYAT | Direktorat Jenderal Cipta Karya | Balai Prasarana Permukiman Wilayah Sulawesi Barat | Subbagian Umum dan Tata Usaha,1,1,9700000,10300000,4,0,0,0
de39bf97-3dd0-476e-84d7-94e033aceff9,Kementerian Pekerjaan Umum dan Perumahan Rakyat,CPNS,UMUM,PERENCANA AHLI PERTAMA,KEMENTERIAN PEKERJAAN UMUM DAN PERUMAHAN RAKYAT | Direktorat Jenderal Cipta Karya | Balai Prasarana Permukiman Wilayah Jakarta Metropolitan,1,1,9700000,10300000,23,0,0,0
f7ca5822-74b7-4918-88e4-edb91338e027,Kementerian Pekerjaan Umum dan Perumahan Rakyat,CPNS,UMUM,PERENCANA AHLI PERTAMA,KEMENTERIAN PEKERJAAN UMUM DAN PERUMAHAN RAKYAT | Direktorat Jenderal Sumber Daya Air | Direktorat Air Tanah dan Air Baku | Subdirektorat Perencanaan Teknis Air Tanah dan Air Baku,1,1,9700000,10300000,6,0,0,0
f8e8818d-43f8-4651-86a2-b6c671cf6738,Kementerian Pekerjaan Umum dan Perumahan Rakyat,CPNS,UMUM,PERENCANA AHLI PERTAMA,KEMENTERIAN PEKERJAAN UMUM DAN PERUMAHAN RAKYAT | Direktorat Jenderal Cipta Karya | Balai Prasarana Permukiman Wilayah Kalimantan Timur | Subbagian Umum dan Tata Usaha,1,1,9700000,10300000,2,0,0,0
f9e4a89a-dc81-426a-b2ba-615aed2a39c3,Kementerian Pekerjaan Umum dan Perumahan Rakyat,CPNS,UMUM,PERENCANA AHLI PERTAMA,KEMENTERIAN PEKERJAAN UMUM DAN PERUMAHAN RAKYAT | Direktorat Jenderal Sumber Daya Air | Direktorat Bina Operasi dan Pemeliharaan | Subdirektorat Perencanaan Teknis dan Kelembagaan,1,1,9700000,10300000,7,0,0,0
8a0186cc9159ace501915a6a600e7b7e,Kementerian Pemberdayaan Perempuan dan Perlindungan Anak,CPNS,PUTRA/PUTRI KALIMANTAN,MANGGALA INFORMATIKA AHLI PERTAMA,Kementerian Pemberdayaan Perempuan dan Perlindungan Anak | SEKRETARIAT KEMENTERIAN | BIRO  DATA  DAN INFORMASI,1,0,2785700,8800520,8,0,0,0
1c49acff-4f11-4a0d-90bc-04f55b5c6c7d,Kementerian Pemberdayaan Perempuan dan Perlindungan Anak,CPNS,UMUM,MANGGALA INFORMATIKA AHLI PERTAMA,Kementerian Pemberdayaan Perempuan dan Perlindungan Anak | SEKRETARIAT KEMENTERIAN | BIRO  DATA  DAN INFORMASI,2,0,2785700,8800520,23,0,0,0
1d865df3-a2c9-4bd8-9d40-5ebcff909ca0,Kementerian Pemberdayaan Perempuan dan Perlindungan Anak,CPNS,UMUM,PRANATA KOMPUTER AHLI PERTAMA,Kementerian Pemberdayaan Perempuan dan Perlindungan Anak | SEKRETARIAT KEMENTERIAN | BIRO  DATA  DAN INFORMASI,3,0,2785700,9340520,36,0,0,0
cbe13b21-264c-4412-a043-9d0327665d41,Kementerian Pemuda dan Olahraga,CPNS,UMUM,PENGELOLA PENGADAAN BARANG/JASA AHLI PERTAMA,KEMENTERIAN PEMUDA DAN OLAHRAGA | SEKRETARIAT KEMENTERIAN PEMUDA DAN OLAHRAGA | BIRO HUBUNGAN MASYARAKAT DAN UMUM | BAGIAN RUMAH TANGGA DAN LAYANAN PENGADAAN BARANG/JASA,3,0,5063160,7128306,500,0,0,0
c60cd94b-a0fd-4a0d-904d-ffde5d39515b,"Kementerian Pendidikan, Kebudayaan, Riset dan Teknologi",CPNS,UMUM,PRANATA KOMPUTER AHLI PERTAMA,"KEMENTERIAN PENDIDIKAN, KEBUDAYAAN, RISET, DAN TEKNOLOGI | PERGURUAN TINGGI NEGERI | Universitas Nusa Cendana | Unit Pelaksana Teknis Teknologi Informasi dan Komunikasi",1,1,3398120,8600528,2,0,0,0
eb954f15-7605-4ae9-a367-019c522c6a91,"Kementerian Pendidikan, Kebudayaan, Riset dan Teknologi",CPNS,UMUM,PRANATA KOMPUTER AHLI PERTAMA,"KEMENTERIAN PENDIDIKAN, KEBUDAYAAN, RISET, DAN TEKNOLOGI | Direktorat Jenderal Pendidikan Anak Usia Dini, Pendidikan Dasar, dan Pendidikan Menengah | Balai Penjaminan Mutu Pendidikan Provinsi Sumatera Selatan",1,1,3398120,8600528,13,0,0,0
8a0284b9917322570191786e77be09a4,"Kementerian Pendidikan, Kebudayaan, Riset dan Teknologi",CPNS,LULUSAN TERBAIK,PRANATA LABORATORIUM PENDIDIKAN AHLI PERTAMA,"KEMENTERIAN PENDIDIKAN, KEBUDAYAAN, RISET, DAN TEKNOLOGI | PERGURUAN TINGGI NEGERI | Universitas Lampung | Fakultas Teknik",1,1,3398120,8600528,11,0,0,0
8a0284b991732257019179724c4a3654,"Kementerian Pendidikan, Kebudayaan, Riset dan Teknologi",CPNS,LULUSAN TERBAIK,PRANATA LABORATORIUM PENDIDIKAN AHLI PERTAMA,"KEMENTERIAN PENDIDIKAN, KEBUDAYAAN, RISET, DAN TEKNOLOGI | PERGURUAN TINGGI NEGERI | Institut Teknologi Kalimantan | Fakultas Rekayasa dan Teknologi Industri",1,1,3398120,8600528,1,0,0,0
8a0284b99173225701918d00373e70e2,"Kementerian Pendidikan, Kebudayaan, Riset dan Teknologi",CPNS,LULUSAN TERBAIK,PRANATA LABORATORIUM PENDIDIKAN AHLI PERTAMA,"KEMENTERIAN PENDIDIKAN, KEBUDAYAAN, RISET, DAN TEKNOLOGI | PERGURUAN TINGGI NEGERI | Universitas Jambi | Fakultas Sains dan Teknologi",1,1,3398120,8600528,1,0,0,0
1233b93b-5fd9-414a-9c1e-eb9b936a00b2,"Kementerian Pendidikan, Kebudayaan, Riset dan Teknologi",CPNS,UMUM,PRANATA LABORATORIUM PENDIDIKAN AHLI PERTAMA,"KEMENTERIAN PENDIDIKAN, KEBUDAYAAN, RISET, DAN TEKNOLOGI | PERGURUAN TINGGI NEGERI | Institut Teknologi Bacharuddin Jusuf Habibie | Jurusan Teknologi Produksi dan Industri",1,1,3398120,8600528,12,0,0,0
181f3d83-a952-4022-b794-b1a8cb085589,"Kementerian Pendidikan, Kebudayaan, Riset dan Teknologi",CPNS,UMUM,PRANATA LABORATORIUM PENDIDIKAN AHLI PERTAMA,"KEMENTERIAN PENDIDIKAN, KEBUDAYAAN, RISET, DAN TEKNOLOGI | PERGURUAN TINGGI NEGERI | Universitas Nusa Cendana | Fakultas Keguruan dan Ilmu Pendidikan",2,1,3398120,8600528,80,0,0,0
24797b5e-5c27-45ba-8e3f-c714ecc9ec40,"Kementerian Pendidikan, Kebudayaan, Riset dan Teknologi",CPNS,UMUM,PRANATA LABORATORIUM PENDIDIKAN AHLI PERTAMA,"KEMENTERIAN PENDIDIKAN, KEBUDAYAAN, RISET, DAN TEKNOLOGI | PERGURUAN TINGGI NEGERI | Universitas Siliwangi | Fakultas Teknik",1,1,3398120,8600528,3,0,0,0
32bc8baa-424f-4019-a7a8-d8df9896aabf,"Kementerian Pendidikan, Kebudayaan, Riset dan Teknologi",CPNS,UMUM,PRANATA LABORATORIUM PENDIDIKAN AHLI PERTAMA,"KEMENTERIAN PENDIDIKAN, KEBUDAYAAN, RISET, DAN TEKNOLOGI | PERGURUAN TINGGI NEGERI | Universitas Jambi | Fakultas Sains dan Teknologi",2,1,3398120,8600528,55,0,0,0
3bd0554d-053b-4647-9762-e3cd3520f34a,"Kementerian Pendidikan, Kebudayaan, Riset dan Teknologi",CPNS,UMUM,PRANATA LABORATORIUM PENDIDIKAN AHLI PERTAMA,"KEMENTERIAN PENDIDIKAN, KEBUDAYAAN, RISET, DAN TEKNOLOGI | PERGURUAN TINGGI NEGERI | Universitas Sultan Ageng Tirtayasa | Fakultas Teknik",1,1,3398120,8600528,40,0,0,0
4534bf2c-cdb3-4e28-9db5-415c48737dc5,"Kementerian Pendidikan, Kebudayaan, Riset dan Teknologi",CPNS,UMUM,PRANATA LABORATORIUM PENDIDIKAN AHLI PERTAMA,"KEMENTERIAN PENDIDIKAN, KEBUDAYAAN, RISET, DAN TEKNOLOGI | PERGURUAN TINGGI NEGERI | Politeknik Negeri Madura | Jurusan Teknologi Elektro",1,1,3398120,8600528,10,0,0,0
610a4bbe-8881-4a49-aba8-87ad659d4753,"Kementerian Pendidikan, Kebudayaan, Riset dan Teknologi",CPNS,UMUM,PRANATA LABORATORIUM PENDIDIKAN AHLI PERTAMA,"KEMENTERIAN PENDIDIKAN, KEBUDAYAAN, RISET, DAN TEKNOLOGI | PERGURUAN TINGGI NEGERI | Universitas Jenderal Soedirman | Fakultas Teknik",2,1,3398120,8600528,15,0,0,0
78e12fe3-18b1-4baa-9e39-582051699b96,"Kementerian Pendidikan, Kebudayaan, Riset dan Teknologi",CPNS,UMUM,PRANATA LABORATORIUM PENDIDIKAN AHLI PERTAMA,"KEMENTERIAN PENDIDIKAN, KEBUDAYAAN, RISET, DAN TEKNOLOGI | PERGURUAN TINGGI NEGERI | Universitas Lampung | Fakultas Teknik",5,1,3398120,8600528,264,0,0,0
7cb306f0-343d-4b86-a780-5881d2b84db1,"Kementerian Pendidikan, Kebudayaan, Riset dan Teknologi",CPNS,UMUM,PRANATA LABORATORIUM PENDIDIKAN AHLI PERTAMA,"KEMENTERIAN PENDIDIKAN, KEBUDAYAAN, RISET, DAN TEKNOLOGI | PERGURUAN TINGGI NEGERI | Institut Teknologi Kalimantan | Fakultas Rekayasa dan Teknologi Industri",2,1,3398120,8600528,34,0,0,0
8ee573f6-007a-46df-8b19-84293a8c7b8e,"Kementerian Pendidikan, Kebudayaan, Riset dan Teknologi",CPNS,UMUM,PRANATA LABORATORIUM PENDIDIKAN AHLI PERTAMA,"KEMENTERIAN PENDIDIKAN, KEBUDAYAAN, RISET, DAN TEKNOLOGI | PERGURUAN TINGGI NEGERI | Politeknik Negeri Fakfak | Jurusan Manajemen Informatika",1,1,3398120,8600528,2,0,0,0
9892fdd4-db37-401c-a6a6-8c3b922746cd,"Kementerian Pendidikan, Kebudayaan, Riset dan Teknologi",CPNS,UMUM,PRANATA LABORATORIUM PENDIDIKAN AHLI PERTAMA,"KEMENTERIAN PENDIDIKAN, KEBUDAYAAN, RISET, DAN TEKNOLOGI | PERGURUAN TINGGI NEGERI | Politeknik Negeri Bandung | Jurusan Teknik Elektro",1,1,3398120,8600528,21,0,0,0
9ce36214-2286-4a6f-8bc9-13db8a5c8789,"Kementerian Pendidikan, Kebudayaan, Riset dan Teknologi",CPNS,UMUM,PRANATA LABORATORIUM PENDIDIKAN AHLI PERTAMA,"KEMENTERIAN PENDIDIKAN, KEBUDAYAAN, RISET, DAN TEKNOLOGI | PERGURUAN TINGGI NEGERI | UNIVERSITAS LAMBUNG MANGKURAT | Unit Penunjang Akademik Laboratorium Terpadu",1,1,3398120,8600528,1,0,0,0
a4447eb3-5cfb-4542-8745-7beefaac897d,"Kementerian Pendidikan, Kebudayaan, Riset dan Teknologi",CPNS,UMUM,PRANATA LABORATORIUM PENDIDIKAN AHLI PERTAMA,"KEMENTERIAN PENDIDIKAN, KEBUDAYAAN, RISET, DAN TEKNOLOGI | PERGURUAN TINGGI NEGERI | Institut Teknologi Sumatera | Fakultas Sains",1,1,3398120,8600528,25,0,0,0
a4540bd3-2a5e-4b8d-be27-a05f3942ca90,"Kementerian Pendidikan, Kebudayaan, Riset dan Teknologi",CPNS,UMUM,PRANATA LABORATORIUM PENDIDIKAN AHLI PERTAMA,"KEMENTERIAN PENDIDIKAN, KEBUDAYAAN, RISET, DAN TEKNOLOGI | PERGURUAN TINGGI NEGERI | Politeknik Elektronika Negeri Surabaya | Jurusan Teknik Elektro",2,1,3398120,8600528,154,0,0,0
bb838739-ec03-4356-8103-f94d82f7b73c,"Kementerian Pendidikan, Kebudayaan, Riset dan Teknologi",CPNS,UMUM,PRANATA LABORATORIUM PENDIDIKAN AHLI PERTAMA,"KEMENTERIAN PENDIDIKAN, KEBUDAYAAN, RISET, DAN TEKNOLOGI | PERGURUAN TINGGI NEGERI | Universitas Negeri Jakarta | Fakultas Teknik",1,1,3398120,8600528,19,0,0,0
ef2d6383-d832-4b4a-af65-337917d4d313,"Kementerian Pendidikan, Kebudayaan, Riset dan Teknologi",CPNS,UMUM,PRANATA LABORATORIUM PENDIDIKAN AHLI PERTAMA,"KEMENTERIAN PENDIDIKAN, KEBUDAYAAN, RISET, DAN TEKNOLOGI | PERGURUAN TINGGI NEGERI | Universitas Tidar | Fakultas Teknik",1,1,3398120,8600528,23,0,0,0
f71ceaa7-53c3-4609-846f-c80573c506a2,"Kementerian Pendidikan, Kebudayaan, Riset dan Teknologi",CPNS,UMUM,PRANATA LABORATORIUM PENDIDIKAN AHLI PERTAMA,"KEMENTERIAN PENDIDIKAN, KEBUDAYAAN, RISET, DAN TEKNOLOGI | PERGURUAN TINGGI NEGERI | Politeknik Negeri Bandung | Jurusan Teknik Konversi Energi",1,1,3398120,8600528,5,0,0,0
f9349489-1f3b-40cd-8435-59afd18e838b,"Kementerian Pendidikan, Kebudayaan, Riset dan Teknologi",CPNS,UMUM,PRANATA LABORATORIUM PENDIDIKAN AHLI PERTAMA,"KEMENTERIAN PENDIDIKAN, KEBUDAYAAN, RISET, DAN TEKNOLOGI | PERGURUAN TINGGI NEGERI | Institut Teknologi Sumatera | Fakultas Teknologi Industri",1,1,3398120,8600528,9,0,0,0
ffcf20c0-7ada-4f11-bf0f-f7d084bd6d37,"Kementerian Pendidikan, Kebudayaan, Riset dan Teknologi",CPNS,UMUM,PRANATA LABORATORIUM PENDIDIKAN AHLI PERTAMA,"KEMENTERIAN PENDIDIKAN, KEBUDAYAAN, RISET, DAN TEKNOLOGI | PERGURUAN TINGGI NEGERI | Politeknik Negeri Sriwijaya | Jurusan Teknik Elektro",1,1,3398120,8600528,7,0,0,0
9b2d0192-28b2-43cb-a718-d7b19b11185e,Kementerian Perdagangan,CPNS,UMUM,ANALIS INVESTIGASI DAN PENGAMANAN PERDAGANGAN AHLI PERTAMA,Kementerian Perdagangan | Sekretariat Jenderal | Biro Advokasi Perdagangan,7,1,7934250,8474250,38,0,0,0
e3a9acee-4b7d-41b4-9100-1a5505bf6219,Kementerian Perdagangan,CPNS,UMUM,ANALIS INVESTIGASI DAN PENGAMANAN PERDAGANGAN AHLI PERTAMA,Kementerian Perdagangan | Direktorat Jenderal Perdagangan Luar Negeri | Direktorat Pengamanan Perdagangan,15,1,7934250,8474250,504,0,0,0
1789c27e-49df-42f7-8c5a-f61ab12d925d,Kementerian Perdagangan,CPNS,UMUM,ANALIS PERDAGANGAN AHLI PERTAMA,Kementerian Perdagangan | Badan Kebijakan Perdagangan | Pusat Kebijakan Perdagangan Internasional,8,1,7934250,8474250,156,0,0,0
288d5758-b901-4810-a3e6-66d80d857197,Kementerian Perdagangan,CPNS,UMUM,ANALIS PERDAGANGAN AHLI PERTAMA,Kementerian Perdagangan | Direktorat Jenderal Perdagangan Luar Negeri | Direktorat Fasilitasi Ekspor dan Impor,3,1,7934250,8474250,21,0,0,0
46b25231-d212-423a-8b4b-d63120837980,Kementerian Perdagangan,CPNS,PENYANDANG DISABILITAS,ANALIS PERDAGANGAN AHLI PERTAMA,Kementerian Perdagangan | Direktorat Jenderal Perdagangan Dalam Negeri | Direktorat Bina Usaha Perdagangan,1,1,7934250,8474250,5,0,0,0
47296b70-9a4d-4718-b2f6-8fe065b28393,Kementerian Perdagangan,CPNS,UMUM,ANALIS PERDAGANGAN AHLI PERTAMA,Kementerian Perdagangan | Direktorat Jenderal Perundingan Perdagangan Internasional | Direktorat Perundingan Organisasi Perdagangan Dunia,2,1,7934250,8474250,6,0,0,0
50d8789c-746e-487a-8060-41032a4100f7,Kementerian Perdagangan,CPNS,UMUM,ANALIS PERDAGANGAN AHLI PERTAMA,Kementerian Perdagangan | Direktorat Jenderal Pengembangan Ekspor Nasional | DIREKTORAT PENGEMBANGAN EKSPOR JASA DAN PRODUK KREATIF,6,1,7934250,8474250,122,0,0,0
5795f258-834c-4eab-b088-1058c29c77f3,Kementerian Perdagangan,CPNS,UMUM,ANALIS PERDAGANGAN AHLI PERTAMA,Kementerian Perdagangan | Badan Kebijakan Perdagangan | Pusat Kebijakan Perdagangan Domestik,2,1,7934250,8474250,8,0,0,0
5cbb3587-4517-47d5-b73f-5ab0b15aab5f,Kementerian Perdagangan,CPNS,UMUM,ANALIS PERDAGANGAN AHLI PERTAMA,Kementerian Perdagangan | Direktorat Jenderal Perundingan Perdagangan Internasional | Direktorat Perundingan Perdagangan Jasa,5,1,7934250,8474250,16,0,0,0
656c8b89-9ace-4839-a33b-7095ab1d4e39,Kementerian Perdagangan,CPNS,UMUM,ANALIS PERDAGANGAN AHLI PERTAMA,Kementerian Perdagangan | Direktorat Jenderal Perdagangan Dalam Negeri | Direktorat Perdagangan Melalui Sistem Elektronik dan Perdagangan Jasa,3,1,7934250,8474250,11,0,0,0
690fd5fc-8a43-4ec5-855d-8316c82bdc4c,Kementerian Perdagangan,CPNS,UMUM,ANALIS PERDAGANGAN AHLI PERTAMA,Kementerian Perdagangan | Direktorat Jenderal Perdagangan Luar Negeri | Direktorat Ekspor Produk Industri dan Pertambangan,6,1,7934250,8474250,42,0,0,0
7a257f76-c4c4-4c27-bc10-2afb946cd95d,Kementerian Perdagangan,CPNS,PUTRA/PUTRI KALIMANTAN,ANALIS PERDAGANGAN AHLI PERTAMA,Kementerian Perdagangan | Direktorat Jenderal Perundingan Perdagangan Internasional | Direktorat Perundingan Antar Kawasan dan Organisasi Internasional,1,1,7934250,8474250,4,0,0,0
7d1b0cf3-b87c-453e-bbfd-c4a9ecc132e9,Kementerian Perdagangan,CPNS,UMUM,ANALIS PERDAGANGAN AHLI PERTAMA,Kementerian Perdagangan | Direktorat Jenderal Pengembangan Ekspor Nasional | DIREKTORAT PENGEMBANGAN EKSPOR PRODUK PRIMER,7,1,7934250,8474250,131,0,0,0
9d251daf-10f8-444a-a149-11c8554a0bcc,Kementerian Perdagangan,CPNS,UMUM,ANALIS PERDAGANGAN AHLI PERTAMA,Kementerian Perdagangan | Direktorat Jenderal Pengembangan Ekspor Nasional | DIREKTORAT PENGEMBANGAN EKSPOR PRODUK MANUFAKTUR,4,1,7934250,8474250,18,0,0,0
9dee6aab-af15-4a27-bc5e-170793333364,Kementerian Perdagangan,CPNS,UMUM,ANALIS PERDAGANGAN AHLI PERTAMA,Kementerian Perdagangan | Direktorat Jenderal Perundingan Perdagangan Internasional | Direktorat Perundingan Bilateral,7,1,7934250,8474250,54,0,0,0
bee42eda-ccb7-456e-aaf6-6ffca72b9bc6,Kementerian Perdagangan,CPNS,UMUM,ANALIS PERDAGANGAN AHLI PERTAMA,Kementerian Perdagangan | Badan Kebijakan Perdagangan | Pusat Ekspor Impor dan Pengamanan Perdagangan,4,1,7934250,8474250,19,0,0,0
d81d2e10-e136-44b7-9f02-b3f4c3654488,Kementerian Perdagangan,CPNS,PUTRA/PUTRI KALIMANTAN,ANALIS PERDAGANGAN AHLI PERTAMA,Kementerian Perdagangan | Direktorat Jenderal Perdagangan Luar Negeri | Direktorat Pengamanan Perdagangan,1,1,7934250,8474250,4,0,0,0
f255e24d-363a-45a6-b84c-c1b3b0bed76f,Kementerian Perdagangan,CPNS,PUTRA/PUTRI KALIMANTAN,ANALIS PERDAGANGAN AHLI PERTAMA,Kementerian Perdagangan | Direktorat Jenderal Perundingan Perdagangan Internasional | Direktorat Perundingan ASEAN,1,1,7934250,8474250,4,0,0,0
f9c7afee-95cb-421f-aa1f-6a8ad7b9b2c4,Kementerian Perdagangan,CPNS,UMUM,ANALIS PERDAGANGAN AHLI PERTAMA,Kementerian Perdagangan | Sekretariat Jenderal | Biro Advokasi Perdagangan,1,1,7934250,8474250,3,0,0,0
f57baa83-afb3-4538-a96b-d7f2f73438c2,Kementerian Perdagangan,CPNS,UMUM,PEMERIKSA PERDAGANGAN BERJANGKA KOMODITI AHLI PERTAMA,"Kementerian Perdagangan | Badan Pengawas Perdagangan Berjangka Komoditi | Biro Pengawasan Perdagangan Berjangka Komoditi, Sistem Resi Gudang, dan Pasar Lelang Komoditas",3,1,7934250,8474250,23,0,0,0
84388276-9920-427e-9d24-5a7a23530151,Kementerian Perdagangan,CPNS,UMUM,PENJAMIN MUTU PRODUK AHLI PERTAMA,Kementerian Perdagangan | Direktorat Jenderal Perlindungan Konsumen dan Tertib Niaga | Direktorat Standardisasi Dan Pengendalian Mutu,6,1,7934250,8474250,229,0,0,0
59a1852c-370d-490e-a04e-c14d862655a3,Kementerian Perdagangan,CPNS,UMUM,PRANATA LABORATORIUM KEMETROLOGIAN AHLI PERTAMA,Kementerian Perdagangan | Direktorat Jenderal Perlindungan Konsumen dan Tertib Niaga | Direktorat Metrologi | Balai Pengelolaan Standar Ukuran Metrologi Legal,2,1,7934250,8474250,53,0,0,0
8a0186cc9159ace501915a76de8b0923,Kementerian Perencanaan Pembangunan Nasional/Bappenas,CPNS,LULUSAN TERBAIK,PERENCANA AHLI PERTAMA,Kementerian PPN/BAPPENAS | Deputi Bidang Kemaritiman Dan Sumber Daya Alam | Direktorat Kehutanan Dan Konservasi Sumber Daya Air,1,0,9500000,12500000,10,0,0,0
8a0186cc9159ace501915a77a6620a2f,Kementerian Perencanaan Pembangunan Nasional/Bappenas,CPNS,PUTRA/PUTRI KALIMANTAN,PERENCANA AHLI PERTAMA,Kementerian PPN/BAPPENAS | Deputi Bidang Kemaritiman Dan Sumber Daya Alam | Direktorat Kehutanan Dan Konservasi Sumber Daya Air,1,0,9500000,12500000,18,0,0,0
8a0186cc9159ace501915a78915e0b2f,Kementerian Perencanaan Pembangunan Nasional/Bappenas,CPNS,LULUSAN TERBAIK,PERENCANA AHLI PERTAMA,Kementerian PPN/BAPPENAS | Deputi Bidang Kemaritiman Dan Sumber Daya Alam | Direktorat Kelautan Dan Perikanan,1,0,9500000,12500000,12,0,0,0
8a0186cc9159ace501915a79c1470c6f,Kementerian Perencanaan Pembangunan Nasional/Bappenas,CPNS,LULUSAN TERBAIK,PERENCANA AHLI PERTAMA,Kementerian PPN/BAPPENAS | Deputi Bidang Kemaritiman Dan Sumber Daya Alam | Direktorat Lingkungan Hidup,4,0,9500000,12500000,219,0,0,0
8a0186cc9159ace501915a7bd7070f47,Kementerian Perencanaan Pembangunan Nasional/Bappenas,CPNS,LULUSAN TERBAIK,PERENCANA AHLI PERTAMA,Kementerian PPN/BAPPENAS | Deputi Bidang Kemaritiman Dan Sumber Daya Alam | Direktorat Pangan Dan Pertanian,4,0,9500000,12500000,212,0,0,0
8a0186cc9159ace501915a7c83aa105f,Kementerian Perencanaan Pembangunan Nasional/Bappenas,CPNS,PUTRA/PUTRI KALIMANTAN,PERENCANA AHLI PERTAMA,Kementerian PPN/BAPPENAS | Deputi Bidang Kemaritiman Dan Sumber Daya Alam | Direktorat Pangan Dan Pertanian,1,0,9500000,12500000,18,0,0,0
8a0186cc9159ace501915a7de6f31208,Kementerian Perencanaan Pembangunan Nasional/Bappenas,CPNS,PENYANDANG DISABILITAS,PERENCANA AHLI PERTAMA,Kementerian PPN/BAPPENAS | Deputi Bidang Kemaritiman Dan Sumber Daya Alam | Direktorat Pangan Dan Pertanian,1,1,9500000,12500000,10,0,0,0
8a0186cc9159ace501915a7eb74a12da,Kementerian Perencanaan Pembangunan Nasional/Bappenas,CPNS,LULUSAN TERBAIK,PERENCANA AHLI PERTAMA,"Kementerian PPN/BAPPENAS | Deputi Bidang Kemaritiman Dan Sumber Daya Alam | Direktorat Sumber Daya Energi, Mineral Dan Pertambangan",1,0,9500000,12500000,7,0,0,0
8a0384c5915a83e001915a89c8ff05de,Kementerian Perencanaan Pembangunan Nasional/Bappenas,CPNS,PENYANDANG DISABILITAS,PERENCANA AHLI PERTAMA,Kementerian PPN/BAPPENAS | Deputi Bidang Pendanaan Pembangunan | Direktorat Pendanaan Bilateral,1,1,9500000,12500000,8,0,0,0
3cc3e481-0d93-4e18-ade6-05794dc99f41,Kementerian Perencanaan Pembangunan Nasional/Bappenas,CPNS,UMUM,PERENCANA AHLI PERTAMA,Kementerian PPN/BAPPENAS | Deputi Bidang Pendanaan Pembangunan | Direktorat Perencanaan Pendanaan Pembangunan,11,0,9500000,12500000,975,0,0,0
3ceded11-c1bd-4bb4-998b-2e86b1dc2ddf,Kementerian Perencanaan Pembangunan Nasional/Bappenas,CPNS,UMUM,PERENCANA AHLI PERTAMA,Kementerian PPN/BAPPENAS | Deputi Bidang Pendanaan Pembangunan | Direktorat Pengembangan Pendanaan Pembangunan,6,0,9500000,12500000,71,0,0,0
5e1d5c90-668a-4391-a020-9701a2771358,Kementerian Perencanaan Pembangunan Nasional/Bappenas,CPNS,UMUM,PERENCANA AHLI PERTAMA,Kementerian PPN/BAPPENAS | Deputi Bidang Pendanaan Pembangunan | Direktorat Pendanaan Bilateral,13,0,9500000,12500000,1390,0,0,0
717cc7ec-bce7-4b2a-8993-aaee9d339c1d,Kementerian Perencanaan Pembangunan Nasional/Bappenas,CPNS,UMUM,PERENCANA AHLI PERTAMA,Kementerian PPN/BAPPENAS | Deputi Bidang Kemaritiman Dan Sumber Daya Alam | Direktorat Kehutanan Dan Konservasi Sumber Daya Air,2,0,9500000,12500000,33,0,0,0
87868b64-785c-499a-9325-50d94e728674,Kementerian Perencanaan Pembangunan Nasional/Bappenas,CPNS,UMUM,PERENCANA AHLI PERTAMA,Kementerian PPN/BAPPENAS | Deputi Bidang Pendanaan Pembangunan | Direktorat Pendanaan Multilateral,12,0,9500000,12500000,415,0,0,0
8b71fc50-c45d-4a3e-b315-40fa0f49dd60,Kementerian Perencanaan Pembangunan Nasional/Bappenas,CPNS,UMUM,PERENCANA AHLI PERTAMA,Kementerian PPN/BAPPENAS | Deputi Bidang Kemaritiman Dan Sumber Daya Alam | Direktorat Pangan Dan Pertanian,5,0,9500000,12500000,329,0,0,0
9d71bcf7-442c-4670-af51-40ed025a33b1,Kementerian Perencanaan Pembangunan Nasional/Bappenas,CPNS,UMUM,PERENCANA AHLI PERTAMA,Kementerian PPN/BAPPENAS | Deputi Bidang Kemaritiman Dan Sumber Daya Alam | Direktorat Kelautan Dan Perikanan,3,0,9500000,12500000,93,0,0,0
a4003547-78b6-486c-8b16-df4e2d1568c1,Kementerian Perencanaan Pembangunan Nasional/Bappenas,CPNS,UMUM,PERENCANA AHLI PERTAMA,"Kementerian PPN/BAPPENAS | Deputi Bidang Kemaritiman Dan Sumber Daya Alam | Direktorat Sumber Daya Energi, Mineral Dan Pertambangan",2,0,9500000,12500000,74,0,0,0
aa0abe6f-c254-410f-aca9-b6adda697ee9,Kementerian Perencanaan Pembangunan Nasional/Bappenas,CPNS,UMUM,PERENCANA AHLI PERTAMA,Kementerian PPN/BAPPENAS | Deputi Bidang Pendanaan Pembangunan | Direktorat Alokasi Pendanaan Pembangunan,5,0,9500000,12500000,65,0,0,0
b17fe34d-66c9-40a3-9c38-2c35674a5556,Kementerian Perencanaan Pembangunan Nasional/Bappenas,CPNS,UMUM,PERENCANA AHLI PERTAMA,Kementerian PPN/BAPPENAS | Deputi Bidang Kemaritiman Dan Sumber Daya Alam | Direktorat Lingkungan Hidup,9,0,9500000,12500000,1534,0,0,0
645462c3-449c-4d49-be44-ce85345ac645,Kementerian Perhubungan,CPNS,UMUM,AUDITOR PERKERETAAPIAN AHLI PERTAMA,KEMENTERIAN PERHUBUNGAN | DIREKTORAT JENDERAL PERKERETAAPIAN | DIREKTORAT KESELAMATAN PERKERETAAPIAN | SUBDIREKTORAT AUDIT DAN INSPEKSI KESELAMATAN,1,1,2785700,7380850,23,0,0,0
8a03849f914ed85101914ef0d6cf1c3f,Kementerian Perhubungan,CPNS,PUTRA/PUTRI KALIMANTAN,INSPEKTUR PRASARANA PERKERETAAPIAN AHLI PERTAMA,KEMENTERIAN PERHUBUNGAN | DIREKTORAT JENDERAL PERKERETAAPIAN | DIREKTORAT KESELAMATAN PERKERETAAPIAN | SUBDIREKTORAT AUDIT DAN INSPEKSI KESELAMATAN,1,1,2785700,7380850,1,0,0,0
38843067-179e-45c4-9286-ac3e7d319ec8,Kementerian Perhubungan,CPNS,UMUM,INSPEKTUR PRASARANA PERKERETAAPIAN AHLI PERTAMA,KEMENTERIAN PERHUBUNGAN | DIREKTORAT JENDERAL PERKERETAAPIAN | DIREKTORAT KESELAMATAN PERKERETAAPIAN | SUBDIREKTORAT AUDIT DAN INSPEKSI KESELAMATAN,1,1,2785700,7380850,38,0,0,0
91af6de0-f2ad-4065-8cc3-1a2076b8b154,Kementerian Perhubungan,CPNS,UMUM,PENGUJI PRASARANA PERKERETAAPIAN AHLI PERTAMA,KEMENTERIAN PERHUBUNGAN | DIREKTORAT JENDERAL PERKERETAAPIAN | BALAI PENGUJIAN PERKERETAAPIAN | SEKSI PENGUJIAN PRASARANA PERKERETAAPIAN,1,1,3203600,7798750,35,0,0,0
11050999-ff33-46c8-89e0-7cdab6c5d379,Kementerian Perhubungan,CPNS,UMUM,PENGUJI SARANA PERKERETAAPIAN AHLI PERTAMA,KEMENTERIAN PERHUBUNGAN | DIREKTORAT JENDERAL PERKERETAAPIAN | BALAI PENGUJIAN PERKERETAAPIAN | SEKSI PENGUJIAN SARANA PERKERETAAPIAN,1,1,3203600,7798750,64,0,0,0
e0a1891b-98e0-4ca3-b07e-a43ef1c26ed4,Kementerian Perhubungan,CPNS,UMUM,PERENCANA AHLI PERTAMA,KEMENTERIAN PERHUBUNGAN | DIREKTORAT JENDERAL PERKERETAAPIAN | DIREKTORAT PRASARANA PERKERETAAPIAN,1,1,2785700,7380850,29,0,0,0
8a0282659168528c01916d3896ad3790,Kementerian Perindustrian,CPNS,UMUM,ASESOR MANAJEMEN MUTU INDUSTRI AHLI PERTAMA,Kantor Pusat,2,1,7000000,8500000,17,0,0,0
8a0282659168528c01916e6a64261680,Kementerian Perindustrian,CPNS,PUTRA/PUTRI KALIMANTAN,ASESOR MANAJEMEN MUTU INDUSTRI AHLI PERTAMA,Kantor Pusat,1,1,7000000,8500000,3,0,0,0
8a0282659168528c01916d75619f4421,Kementerian Perindustrian,CPNS,UMUM,INSTRUKTUR AHLI PERTAMA,Medan,1,1,7000000,8500000,7,0,0,0
8a0282659168528c01916d7f564d4500,Kementerian Perindustrian,CPNS,UMUM,PEMBINA INDUSTRI AHLI PERTAMA,Kantor Pusat,4,1,7000000,8500000,94,0,0,0
8a0282659168528c01916e7543981d4e,Kementerian Perindustrian,CPNS,PUTRA/PUTRI KALIMANTAN,PEMBINA INDUSTRI AHLI PERTAMA,Kantor Pusat,1,1,7000000,8500000,2,0,0,0
8a0282659168528c01916d9341a1477b,Kementerian Perindustrian,CPNS,UMUM,PENGAWAS INDUSTRI,Kantor Pusat,2,1,6500000,8000000,13,0,0,0
8a0282659168528c01916db5a2835aa2,Kementerian Perindustrian,CPNS,UMUM,PRANATA LABORATORIUM PENDIDIKAN AHLI PERTAMA,Bantaeng dan Morowali,4,1,7000000,8500000,31,0,0,0
8a0282659168528c01916dbc07a45e1f,Kementerian Perindustrian,CPNS,UMUM,PRANATA LABORATORIUM PENDIDIKAN AHLI PERTAMA,Medan,1,1,7000000,8500000,8,0,0,0
8a0282659168528c01916dce385b652d,Kementerian Perindustrian,CPNS,UMUM,TEKNISI SARANA DAN PRASARANA,Pontianak,2,1,6500000,8000000,11,0,0,0
99de26fb-b690-46f3-9724-ebb267392947,Kementerian Pertahanan,CPNS,UMUM,MANGGALA INFORMATIKA AHLI PERTAMA,Pertahanan Keamanan (Hankam) | KEMHAN | PUSAT DATA DAN INFORMASI,7,0,2000000,6000000,47,0,0,0
aafe0075-dfcd-4409-811e-0fec8007c2cb,Kementerian Pertahanan,CPNS,UMUM,SANDIMAN AHLI PERTAMA,Pertahanan Keamanan (Hankam) | KEMHAN | PUSAT DATA DAN INFORMASI,11,0,2000000,6000000,136,0,0,0
8a018692915486670191552781035897,Kementerian Pertahanan,CPNS,PUTRA/PUTRI KALIMANTAN,TEKNISI SARANA DAN PRASARANA,Pertahanan Keamanan (Hankam) | TNI AD | DISADAAD,1,0,2000000,5000000,3,0,0,0
8a0186929154866701915527dfd558fc,Kementerian Pertahanan,CPNS,PUTRA/PUTRI KALIMANTAN,TEKNISI SARANA DAN PRASARANA,Pertahanan Keamanan (Hankam) | TNI AD | DISBINTALAD,1,0,2000000,5000000,2,0,0,0
8a01869291548667019155283ec45941,Kementerian Pertahanan,CPNS,PUTRA/PUTRI KALIMANTAN,TEKNISI SARANA DAN PRASARANA,Pertahanan Keamanan (Hankam) | TNI AD | DISINFOLAHTAD,1,0,2000000,5000000,1,0,0,0
8a0186929154866701915528e15c599c,Kementerian Pertahanan,CPNS,PUTRA/PUTRI KALIMANTAN,TEKNISI SARANA DAN PRASARANA,Pertahanan Keamanan (Hankam) | TNI AD | DISJARAHAD,1,0,2000000,5000000,1,0,0,0
8a0186929154866701915529448059d6,Kementerian Pertahanan,CPNS,PUTRA/PUTRI KALIMANTAN,TEKNISI SARANA DAN PRASARANA,Pertahanan Keamanan (Hankam) | TNI AD | DISJASAD,1,0,2000000,5000000,1,0,0,0
8a018692915486670191552992535a07,Kementerian Pertahanan,CPNS,PUTRA/PUTRI KALIMANTAN,TEKNISI SARANA DAN PRASARANA,Pertahanan Keamanan (Hankam) | TNI AD | DISLAIKAD,1,0,2000000,5000000,0,0,0,0
8a0186929154866701915529fa9a5b07,Kementerian Pertahanan,CPNS,PUTRA/PUTRI KALIMANTAN,TEKNISI SARANA DAN PRASARANA,Pertahanan Keamanan (Hankam) | TNI AD | DISLITBANGAD,1,0,2000000,5000000,1,0,0,0
8a018692915486670191552af7435b93,Kementerian Pertahanan,CPNS,PUTRA/PUTRI KALIMANTAN,TEKNISI SARANA DAN PRASARANA,Pertahanan Keamanan (Hankam) | TNI AD | DISPSIAD,1,0,2000000,5000000,0,0,0,0
8a018692915486670191552ca34f5c45,Kementerian Pertahanan,CPNS,PUTRA/PUTRI KALIMANTAN,TEKNISI SARANA DAN PRASARANA,Pertahanan Keamanan (Hankam) | TNI AD | MABESAD | DENMA MABESAD,2,0,2000000,5000000,4,0,0,0
003e6b7f-762a-4b34-857a-6482be3f5c4e,Kementerian Pertahanan,CPNS,UMUM,TEKNISI SARANA DAN PRASARANA,Pertahanan Keamanan (Hankam) | TNI AD | PUSSENARMED,2,0,2000000,5000000,2,0,0,0
0424bd60-3f13-4085-894e-2797706a6ae2,Kementerian Pertahanan,CPNS,UMUM,TEKNISI SARANA DAN PRASARANA,Pertahanan Keamanan (Hankam) | TNI AD | KODAM XVIII/KSR | HUBDAM XVIII/KSR,5,0,2000000,5000000,2,0,0,0
05f42eec-acb4-4785-b818-a23c0144d42c,Kementerian Pertahanan,CPNS,UMUM,TEKNISI SARANA DAN PRASARANA,Pertahanan Keamanan (Hankam) | TNI AD | KODAM IX/UDY | HUBDAM IX/UDY,5,0,2000000,5000000,6,0,0,0
06da1a1c-be41-4315-89cf-83283f2ca528,Kementerian Pertahanan,CPNS,UMUM,TEKNISI SARANA DAN PRASARANA,Pertahanan Keamanan (Hankam) | TNI AD | DISPSIAD,1,0,2000000,5000000,0,0,0,0
073359fb-9c08-43c3-95cc-c9014d744f5e,Kementerian Pertahanan,CPNS,UMUM,TEKNISI SARANA DAN PRASARANA,Pertahanan Keamanan (Hankam) | TNI AD | RSPAD GATOT SOEBROTO,5,0,2000000,5000000,17,0,0,0
0d3c2a34-219f-4123-8223-5ba5d3b574e2,Kementerian Pertahanan,CPNS,UMUM,TEKNISI SARANA DAN PRASARANA,Pertahanan Keamanan (Hankam) | TNI AD | AKMIL,2,0,2000000,5000000,5,0,0,0
0dbc7d20-6925-4e37-8f94-87318ba154fc,Kementerian Pertahanan,CPNS,UMUM,TEKNISI SARANA DAN PRASARANA,Pertahanan Keamanan (Hankam) | TNI AD | KODAM V/BRW | HUBDAM V/BRW,5,0,2000000,5000000,14,0,0,0
0df75781-1630-48b4-9551-4374718c4998,Kementerian Pertahanan,CPNS,UMUM,TEKNISI SARANA DAN PRASARANA,Pertahanan Keamanan (Hankam) | TNI AD | DITAJENAD,2,0,2000000,5000000,1,0,0,0
101aca43-f7df-4c78-95b2-f9fae1a2b83e,Kementerian Pertahanan,CPNS,UMUM,TEKNISI SARANA DAN PRASARANA,Pertahanan Keamanan (Hankam) | KEMHAN | PUSAT REHABILITASI | RUMAH SAKIT dr. SUYOTO,1,0,2000000,6000000,2,0,0,0
111106f7-7e75-40da-b2c7-55e7a70bc4ca,Kementerian Pertahanan,CPNS,UMUM,TEKNISI SARANA DAN PRASARANA,Pertahanan Keamanan (Hankam) | TNI AD | KODAM XVI/PTM | HUBDAM XVI/PTM,5,0,2000000,5000000,3,0,0,0
12a436bb-b047-499b-b480-8fd12e487732,Kementerian Pertahanan,CPNS,UMUM,TEKNISI SARANA DAN PRASARANA,Pertahanan Keamanan (Hankam) | TNI AD | KODAM IV/DIP | HUBDAM IV/DIP,5,0,2000000,5000000,14,0,0,0
24d28e28-2259-471a-a2e1-4947c3d96159,Kementerian Pertahanan,CPNS,UMUM,TEKNISI SARANA DAN PRASARANA,Pertahanan Keamanan (Hankam) | TNI AD | ITJENAD,2,0,2000000,5000000,2,0,0,0
2708a391-0ba2-4426-8b43-063c1c5dce74,Kementerian Pertahanan,CPNS,UMUM,TEKNISI SARANA DAN PRASARANA,Pertahanan Keamanan (Hankam) | TNI AD | PUSSENIF - TNI AD,2,0,2000000,5000000,2,0,0,0
2bf1ca45-b0b7-47d7-b93d-337ea074096a,Kementerian Pertahanan,CPNS,UMUM,TEKNISI SARANA DAN PRASARANA,Pertahanan Keamanan (Hankam) | KEMHAN | UNIVERSITAS PERTAHANAN | BIRO KEUANGAN DAN UMUM | BAGIAN UMUM,8,0,2000000,6000000,28,0,0,0
2e885bd8-4575-4d75-a790-b40c521931fe,Kementerian Pertahanan,CPNS,UMUM,TEKNISI SARANA DAN PRASARANA,Pertahanan Keamanan (Hankam) | TNI AD | KODAM VI/MLW | HUBDAM VI/MLW,5,0,2000000,5000000,5,0,0,0
3273b555-5fe3-4b3a-8443-9875aaec91d2,Kementerian Pertahanan,CPNS,UMUM,TEKNISI SARANA DAN PRASARANA,Pertahanan Keamanan (Hankam) | TNI AD | KODAM III/SLW | HUBDAM III/SLW,5,0,2000000,5000000,9,0,0,0
343eeee4-ded9-4a09-bcdb-31f7e599faca,Kementerian Pertahanan,CPNS,UMUM,TEKNISI SARANA DAN PRASARANA,Pertahanan Keamanan (Hankam) | TNI AD | KODAM II/SWJ | HUBDAM II/Swj,5,0,2000000,5000000,8,0,0,0
37d4f3fc-5d23-47a1-980d-76726b347927,Kementerian Pertahanan,CPNS,UMUM,TEKNISI SARANA DAN PRASARANA,Pertahanan Keamanan (Hankam) | TNI AD | KODAM I/BB | HUBDAM I/BB,5,0,2000000,5000000,9,0,0,0
39c0329d-9faf-4ac9-a97f-ea426dad4950,Kementerian Pertahanan,CPNS,UMUM,TEKNISI SARANA DAN PRASARANA,Pertahanan Keamanan (Hankam) | KEMHAN | UNIVERSITAS PERTAHANAN | UNIT PENUNJANG AKADEMIK TEKNOLOGI INFORMASI DAN KOMUNIKASI,5,0,2000000,6000000,15,0,0,0
46746277-5c5b-4799-b0bc-3bbbba02a21a,Kementerian Pertahanan,CPNS,UMUM,TEKNISI SARANA DAN PRASARANA,Pertahanan Keamanan (Hankam) | TNI AD | DITKUAD,2,0,2000000,5000000,1,0,0,0
5c7169f2-7eef-4a03-893b-fc3a4c15c260,Kementerian Pertahanan,CPNS,UMUM,TEKNISI SARANA DAN PRASARANA,Pertahanan Keamanan (Hankam) | TNI AD | PUSKESAD,2,0,2000000,5000000,1,0,0,0
5e6f694e-2897-4785-a524-b4a46105b5fa,Kementerian Pertahanan,CPNS,UMUM,TEKNISI SARANA DAN PRASARANA,Pertahanan Keamanan (Hankam) | TNI AD | PUSHUBAD,2,0,2000000,5000000,2,0,0,0
62a61d15-704d-44f8-b31c-12a334d326dd,Kementerian Pertahanan,CPNS,UMUM,TEKNISI SARANA DAN PRASARANA,Pertahanan Keamanan (Hankam) | TNI AD | SESKOAD,2,0,2000000,5000000,1,0,0,0
62bfc9f8-573e-49d1-bf30-78cae5680c9b,Kementerian Pertahanan,CPNS,UMUM,TEKNISI SARANA DAN PRASARANA,Pertahanan Keamanan (Hankam) | TNI AD | DISINFOLAHTAD,1,0,2000000,5000000,1,0,0,0
6a1f3a16-80f0-4b60-beee-50a9c21e0c43,Kementerian Pertahanan,CPNS,UMUM,TEKNISI SARANA DAN PRASARANA,Pertahanan Keamanan (Hankam) | TNI AD | KODAM XIII/MDK | HUBDAM XIII/MDK,5,0,2000000,5000000,5,0,0,0
6f98c428-d814-4228-b117-4e9dff79e8ec,Kementerian Pertahanan,CPNS,UMUM,TEKNISI SARANA DAN PRASARANA,Pertahanan Keamanan (Hankam) | TNI AD | KODAM XIV/HSN | HUBDAM XIV/HSN,5,0,2000000,5000000,10,0,0,0
79ca69de-aeee-4aff-a914-3dd111ccba3c,Kementerian Pertahanan,CPNS,UMUM,TEKNISI SARANA DAN PRASARANA,Pertahanan Keamanan (Hankam) | TNI AD | DITKUMAD,2,0,2000000,5000000,1,0,0,0
87f56737-0551-4b60-9087-d4308254b409,Kementerian Pertahanan,CPNS,UMUM,TEKNISI SARANA DAN PRASARANA,Pertahanan Keamanan (Hankam) | TNI AD | PUSPOMAD,2,0,2000000,5000000,1,0,0,0
8f376eab-b700-459f-9465-878544666364,Kementerian Pertahanan,CPNS,UMUM,TEKNISI SARANA DAN PRASARANA,Pertahanan Keamanan (Hankam) | TNI AD | PUSSENKAV TNI AD,2,0,2000000,5000000,1,0,0,0
9a625677-9bc2-44e3-9f12-5be6c1a160a8,Kementerian Pertahanan,CPNS,UMUM,TEKNISI SARANA DAN PRASARANA,Pertahanan Keamanan (Hankam) | TNI AD | SECAPAAD,2,0,2000000,5000000,3,0,0,0
a17ff426-0d46-4949-b464-757f4d782fb8,Kementerian Pertahanan,CPNS,UMUM,TEKNISI SARANA DAN PRASARANA,Pertahanan Keamanan (Hankam) | TNI AD | KODAM IM | HUBDAM IM,5,0,2000000,5000000,7,0,0,0
ab8c61b7-f1f0-49b2-8c2e-de5728381bec,Kementerian Pertahanan,CPNS,UMUM,TEKNISI SARANA DAN PRASARANA,Pertahanan Keamanan (Hankam) | TNI AD | DISBINTALAD,1,0,2000000,5000000,1,0,0,0
abe6dc20-b3c7-43c6-8f10-b127cb39904d,Kementerian Pertahanan,CPNS,UMUM,TEKNISI SARANA DAN PRASARANA,Pertahanan Keamanan (Hankam) | TNI AD | DISJARAHAD,1,0,2000000,5000000,1,0,0,0
ad8d5135-a916-41dd-867f-0d9792a0bcc3,Kementerian Pertahanan,CPNS,UMUM,TEKNISI SARANA DAN PRASARANA,Pertahanan Keamanan (Hankam) | TNI AD | DISLITBANGAD,1,0,2000000,5000000,1,0,0,0
b5d0d1ea-ca31-48a5-a2fa-3440315d02b2,Kementerian Pertahanan,CPNS,UMUM,TEKNISI SARANA DAN PRASARANA,Pertahanan Keamanan (Hankam) | TNI AD | DITTOPAD,2,0,2000000,5000000,1,0,0,0
b76f98cf-d1a0-499f-8dc8-0b97e4f25993,Kementerian Pertahanan,CPNS,UMUM,TEKNISI SARANA DAN PRASARANA,Pertahanan Keamanan (Hankam) | TNI AD | PUSTERAD,2,0,2000000,5000000,2,0,0,0
b785e182-6cdf-4da7-a436-283aac8249e3,Kementerian Pertahanan,CPNS,UMUM,TEKNISI SARANA DAN PRASARANA,Pertahanan Keamanan (Hankam) | TNI AD | KODAM JAYA | HUBDAM JAYA,5,0,2000000,5000000,10,0,0,0
b7e8a661-5be3-4d59-927e-e12afa31e926,Kementerian Pertahanan,CPNS,UMUM,TEKNISI SARANA DAN PRASARANA,Pertahanan Keamanan (Hankam) | TNI AD | KODAM XII/TPR | HUBDAM XII/TPR,5,0,2000000,5000000,4,0,0,0
b8140a26-6a2a-40a0-9045-2d59f2014fcd,Kementerian Pertahanan,CPNS,UMUM,TEKNISI SARANA DAN PRASARANA,Pertahanan Keamanan (Hankam) | TNI AD | PUSSENARHANUD TNI AD,2,0,2000000,5000000,2,0,0,0
c00d6a14-31d1-4d6d-925e-dbc7adc46673,Kementerian Pertahanan,CPNS,UMUM,TEKNISI SARANA DAN PRASARANA,Pertahanan Keamanan (Hankam) | TNI AD | DISJASAD,1,0,2000000,5000000,1,0,0,0
c9b49bd9-f21e-4f25-9871-c570c3f207d8,Kementerian Pertahanan,CPNS,UMUM,TEKNISI SARANA DAN PRASARANA,Pertahanan Keamanan (Hankam) | KEMHAN | BADAN PENELITIAN DAN PENGEMBANGAN | SEKRETARIAT BADAN PENELITIAN DAN PENGEMBANGAN,4,0,2000000,6000000,14,0,0,0
cb2d9958-5144-4786-be37-bf1dcdc51712,Kementerian Pertahanan,CPNS,UMUM,TEKNISI SARANA DAN PRASARANA,Pertahanan Keamanan (Hankam) | TNI AD | MABESAD | DENMA MABESAD,3,0,2000000,5000000,3,0,0,0
d3a09971-9f1b-429c-9458-18fd67a71a34,Kementerian Pertahanan,CPNS,UMUM,TEKNISI SARANA DAN PRASARANA,Pertahanan Keamanan (Hankam) | TNI AD | DISADAAD,1,0,2000000,5000000,1,0,0,0
dc9fb350-b0d1-4b11-b5e1-af3877668bd9,Kementerian Pertahanan,CPNS,UMUM,TEKNISI SARANA DAN PRASARANA,Pertahanan Keamanan (Hankam) | TNI AD | PUSINTELAD,2,0,2000000,5000000,1,0,0,0
ec9c9e33-2d75-4dac-a7cf-e69f77fe04eb,Kementerian Pertahanan,CPNS,UMUM,TEKNISI SARANA DAN PRASARANA,Pertahanan Keamanan (Hankam) | KEMHAN | BADAN INSTALASI STRATEGIS PERTAHANAN,3,0,2000000,6000000,7,0,0,0
f6506227-f0c8-4584-a873-d1a28f2fe3f4,Kementerian Pertahanan,CPNS,UMUM,TEKNISI SARANA DAN PRASARANA,Pertahanan Keamanan (Hankam) | TNI AD | KODAM XVII/CEN | HUBDAM XVII/CEN,5,0,2000000,5000000,2,0,0,0
fe874335-3093-4543-9bf2-d6f7f0639278,Kementerian Pertahanan,CPNS,UMUM,TEKNISI SARANA DAN PRASARANA,Pertahanan Keamanan (Hankam) | TNI AD | DISLAIKAD,1,0,2000000,5000000,0,0,0,0
c8f63428-aced-48e7-82c5-f52c7ea0615b,Kementerian Pertanian,CPNS,UMUM,PRANATA KOMPUTER AHLI PERTAMA,KEMENTERIAN PERTANIAN | SEKRETARIAT JENDERAL | BIRO KEUANGAN DAN BARANG MILIK NEGARA,1,0,3000000,8000000,24,0,0,0
4253701c-fe7e-47ca-b84a-bb58b14f1473,Kementerian Sosial,CPNS,UMUM,INSTRUKTUR AHLI PERTAMA,"Kementerian Sosial Republik Indonesia | Direktorat Jenderal Rehabilitasi Sosial | Sentra Terpadu ""Pangudi Luhur"" di Bekasi",3,1,7920850,9710350,131,0,0,0
475c81e2-2579-49b1-bc6e-f37714878b90,Kementerian Sosial,CPNS,UMUM,INSTRUKTUR AHLI PERTAMA,"Kementerian Sosial Republik Indonesia | Direktorat Jenderal Rehabilitasi Sosial | Sentra ""Wasana Bahagia"" di Ternate",1,1,7920850,9710350,3,0,0,0
7a1f8828-9d18-438a-b18b-94801aa25a12,Kementerian Sosial,CPNS,UMUM,INSTRUKTUR AHLI PERTAMA,"Kementerian Sosial Republik Indonesia | Direktorat Jenderal Rehabilitasi Sosial | Sentra ""Gau Mabaji"" di Gowa",1,1,7920850,9710350,23,0,0,0
9e9ddd5f-4c1b-4fac-889e-1a6918172038,Kementerian Sosial,CPNS,UMUM,INSTRUKTUR AHLI PERTAMA,"Kementerian Sosial Republik Indonesia | Direktorat Jenderal Rehabilitasi Sosial | Sentra ""Alyatama"" di Jambi",1,1,7920850,9710350,7,0,0,0
a6205818-9c72-4864-b9ff-58a542ba69f4,Kementerian Sosial,CPNS,UMUM,INSTRUKTUR AHLI PERTAMA,"Kementerian Sosial Republik Indonesia | Direktorat Jenderal Rehabilitasi Sosial | Sentra ""Pangurangi"" di Takalar",1,1,7920850,9710350,9,0,0,0
b9f7fa64-00b2-4d52-89a7-d62751f690aa,Kementerian Sosial,CPNS,UMUM,INSTRUKTUR AHLI PERTAMA,"Kementerian Sosial Republik Indonesia | Direktorat Jenderal Rehabilitasi Sosial | Sentra ""Mulya Jaya"" di Jakarta",1,1,7920850,9710350,22,0,0,0
8a03849191353ea10191365cd38c04c3,Lembaga Kebijakan Pengadaan Barang/Jasa Pemerintah,CPNS,UMUM,MANGGALA INFORMATIKA AHLI PERTAMA,LEMBAGA KEBIJAKAN PENGADAAN BARANG/JASA PEMERINTAH,3,1,7638300,8649600,35,0,0,0
583711c2-0624-4fbf-9792-38f1ee563060,Lembaga Kebijakan Pengadaan Barang/Jasa Pemerintah,CPNS,UMUM,SANDIMAN AHLI PERTAMA,LEMBAGA KEBIJAKAN PENGADAAN BARANG / JASA PEMERINTAH | PUSAT DATA DAN INFORMASI,2,1,7993300,9004600,8,0,0,0
995788bb-d3ad-4952-a6cc-6abeffc53cc0,Lembaga Perlindungan Saksi dan Korban,CPNS,UMUM,PRANATA KOMPUTER AHLI PERTAMA,LEMBAGA PERLINDUNGAN SAKSI DAN KORBAN | SEKRETARIAT JENDERAL LEMBAGA PERLINDUNGAN SAKSI DAN KORBAN | BIRO UMUM DAN KEPEGAWAIAN | BAGIAN KERUMAHTANGGAAN DAN LAYANAN PENGADAAN,2,0,3200000,6100000,5,0,0,0
271d9c7c-8a74-480b-b37b-5051853d2d3f,Lembaga Perlindungan Saksi dan Korban,CPNS,UMUM,TEKNISI SARANA DAN PRASARANA,LEMBAGA PERLINDUNGAN SAKSI DAN KORBAN | SEKRETARIAT JENDERAL LEMBAGA PERLINDUNGAN SAKSI DAN KORBAN | PERWAKILAN LEMBAGA PERLINDUNGAN SAKSI DAN KORBAN JAWA TENGAH,1,0,3200000,6100000,5,0,0,0
4e5c1b18-af8b-4b19-9315-e66cbbda3297,Lembaga Perlindungan Saksi dan Korban,CPNS,UMUM,TEKNISI SARANA DAN PRASARANA,LEMBAGA PERLINDUNGAN SAKSI DAN KORBAN | SEKRETARIAT JENDERAL LEMBAGA PERLINDUNGAN SAKSI DAN KORBAN | PERWAKILAN LEMBAGA PERLINDUNGAN SAKSI DAN KORBAN NUSA TENGGARA TIMUR,1,0,3200000,6100000,1,0,0,0
99f25775-fa55-4fd1-9946-93d134e17d29,Lembaga Perlindungan Saksi dan Korban,CPNS,UMUM,TEKNISI SARANA DAN PRASARANA,LEMBAGA PERLINDUNGAN SAKSI DAN KORBAN | SEKRETARIAT JENDERAL LEMBAGA PERLINDUNGAN SAKSI DAN KORBAN | BIRO UMUM DAN KEPEGAWAIAN | BAGIAN KERUMAHTANGGAAN DAN LAYANAN PENGADAAN,10,0,3200000,6100000,174,0,0,0
d759ed9a-de41-4d9d-8df5-43a14cfdd7b6,Lembaga Perlindungan Saksi dan Korban,CPNS,UMUM,TEKNISI SARANA DAN PRASARANA,LEMBAGA PERLINDUNGAN SAKSI DAN KORBAN | SEKRETARIAT JENDERAL LEMBAGA PERLINDUNGAN SAKSI DAN KORBAN | PERWAKILAN LEMBAGA PERLINDUNGAN SAKSI DAN KORBAN JAWA TIMUR,1,0,3200000,6100000,3,0,0,0
8a018615916e75bd01916e90e83201de,Mahkamah Agung RI,CPNS,UMUM,PENATA KELOLA SISTEM DAN TEKNOLOGI INFORMASI,| MAHKAMAH AGUNG RI,72,1,2785700,9281700,723,0,0,0
8a018615916e75bd01916e914c770237,Mahkamah Agung RI,CPNS,UMUM,PENATA KELOLA SISTEM DAN TEKNOLOGI INFORMASI,MAHKAMAH AGUNG RI - PKSDTI (1 KEBUTUHAN FORMASI),1,1,2785700,9281700,11,0,0,0
8a018615916e75bd01916e919912023d,Mahkamah Agung RI,CPNS,UMUM,PENATA KELOLA SISTEM DAN TEKNOLOGI INFORMASI,MAHKAMAH AGUNG RI - PKSDTI (1 KEBUTUHAN FORMASI),1,1,2785700,9281700,0,0,0,0
8a018615916e75bd01916ed02a5b12c1,Mahkamah Agung RI,CPNS,LULUSAN TERBAIK,PENATA KELOLA SISTEM DAN TEKNOLOGI INFORMASI,| MAHKAMAH AGUNG RI,9,1,2785700,9281700,30,0,0,0
8a018615916e75bd01916ed1153912db,Mahkamah Agung RI,CPNS,PUTRA/PUTRI KALIMANTAN,PENATA KELOLA SISTEM DAN TEKNOLOGI INFORMASI,| MAHKAMAH AGUNG RI,1,1,2785700,9281700,5,0,0,0
8a018615916e75bd01916ed1666712ee,Mahkamah Agung RI,CPNS,PUTRA/PUTRI PAPUA DAN PAPUA BARAT,PENATA KELOLA SISTEM DAN TEKNOLOGI INFORMASI,| MAHKAMAH AGUNG RI,1,1,2785700,9281700,1,0,0,0
8a018692915486670191552ddf075d67,Otorita Ibu Kota Nusantara,CPNS,PENYANDANG DISABILITAS,ANALIS KEBIJAKAN AHLI PERTAMA,OTORITA IBU KOTA NUSANTARA | DEPUTI BIDANG SARANA DAN PRASARANA | DIREKTORAT SARANA PRASARANA SOSIAL,2,1,12000000,14500000,7,0,0,0
8a018692915486670191552f97be5ede,Otorita Ibu Kota Nusantara,CPNS,PENYANDANG DISABILITAS,ANALIS KEBIJAKAN AHLI PERTAMA,OTORITA IBU KOTA NUSANTARA | DEPUTI BIDANG PENGENDALIAN PEMBANGUNAN | DIREKTORAT PENGENDALIAN PENYELENGGARAAN PEMERINTAHAN DAN PERIZINAN PEMBANGUNAN,1,1,12000000,14500000,3,0,0,0
6e0964d3-2520-4c76-95fb-944ac7d036a4,Otorita Ibu Kota Nusantara,CPNS,UMUM,ANALIS KEBIJAKAN AHLI PERTAMA,OTORITA IBU KOTA NUSANTARA | DEPUTI BIDANG SARANA DAN PRASARANA | DIREKTORAT SARANA PRASARANA DASAR,4,1,12000000,14500000,22,0,0,0
9cba49ca-260b-4c73-b9e9-b469c62e30b9,Otorita Ibu Kota Nusantara,CPNS,UMUM,ANALIS KEBIJAKAN AHLI PERTAMA,OTORITA IBU KOTA NUSANTARA | DEPUTI BIDANG PERENCANAAN DAN PERTANAHAN | DIREKTORAT PERENCANAAN MAKRO,3,1,12000000,14500000,12,0,0,0
be571192-ce5d-43d5-b741-0543cbe37e93,Otorita Ibu Kota Nusantara,CPNS,UMUM,ANALIS KEBIJAKAN AHLI PERTAMA,OTORITA IBU KOTA NUSANTARA | DEPUTI BIDANG PENGENDALIAN PEMBANGUNAN | DIREKTORAT PENGENDALIAN PENYELENGGARAAN PEMERINTAHAN DAN PERIZINAN PEMBANGUNAN,4,1,12000000,14500000,28,0,0,0
cbdd1fce-8697-4a43-a04a-4bbf5e67d3ab,Otorita Ibu Kota Nusantara,CPNS,UMUM,ANALIS KEBIJAKAN AHLI PERTAMA,OTORITA IBU KOTA NUSANTARA | DEPUTI BIDANG SARANA DAN PRASARANA | DIREKTORAT SARANA PRASARANA SOSIAL,4,1,12000000,14500000,24,0,0,0
d6dabb34-1f52-4c4e-8f8a-c28740f1f451,Otorita Ibu Kota Nusantara,CPNS,UMUM,ANALIS KEBIJAKAN AHLI PERTAMA,"OTORITA IBU KOTA NUSANTARA | DEPUTI BIDANG PENGENDALIAN PEMBANGUNAN | DIREKTORAT PENGAWASAN, PEMANTAUAN, DAN EVALUASI",3,1,12000000,14500000,17,0,0,0
fd9192af-ea7a-4a01-8d5a-90ff49627932,Otorita Ibu Kota Nusantara,CPNS,UMUM,ANALIS KEBIJAKAN AHLI PERTAMA,OTORITA IBU KOTA NUSANTARA | DEPUTI BIDANG PENGENDALIAN PEMBANGUNAN | DIREKTORAT KETENTERAMAN DAN KETERTIBAN UMUM,5,1,12000000,14500000,47,0,0,0
72caf585-c34a-4bf4-a856-a3b6aefe2b17,Otorita Ibu Kota Nusantara,CPNS,UMUM,MANGGALA INFORMATIKA AHLI PERTAMA,OTORITA IBU KOTA NUSANTARA | DEPUTI BIDANG TRANSFORMASI HIJAU DAN DIGITAL | DIREKTORAT DATA DAN KECERDASAN BUATAN,3,1,12000000,14500000,89,0,0,0
53e80d51-b3d7-4c11-9c18-2e6d986f5fa8,Otorita Ibu Kota Nusantara,CPNS,UMUM,PEMBINA JASA KONSTRUKSI AHLI PERTAMA,"OTORITA IBU KOTA NUSANTARA | DEPUTI BIDANG SARANA DAN PRASARANA | DIREKTORAT PENGELOLAAN GEDUNG, KAWASAN DAN PERKOTAAN",2,1,12000000,14500000,13,0,0,0
06a99daf-862d-4798-914c-00526cc4d5f4,Otorita Ibu Kota Nusantara,CPNS,UMUM,PENATA KELOLA BANGUNAN GEDUNG DAN KAWASAN PERMUKIMAN AHLI PERTAMA,"OTORITA IBU KOTA NUSANTARA | DEPUTI BIDANG SARANA DAN PRASARANA | DIREKTORAT PENGELOLAAN GEDUNG, KAWASAN DAN PERKOTAAN",2,1,12000000,14500000,12,0,0,0
4029b316-b7fc-4bed-a1fa-5d10c384eff2,Otorita Ibu Kota Nusantara,CPNS,UMUM,PENATA KELOLA BANGUNAN GEDUNG DAN KAWASAN PERMUKIMAN AHLI PERTAMA,OTORITA IBU KOTA NUSANTARA | DEPUTI BIDANG SARANA DAN PRASARANA | DIREKTORAT SARANA PRASARANA DASAR,4,1,12000000,14500000,40,0,0,0
670e03a7-e42a-4450-bbb6-45c1a3419632,Otorita Ibu Kota Nusantara,CPNS,UMUM,PENATA KELOLA BANGUNAN GEDUNG DAN KAWASAN PERMUKIMAN AHLI PERTAMA,OTORITA IBU KOTA NUSANTARA | DEPUTI BIDANG PERENCANAAN DAN PERTANAHAN | DIREKTORAT PERENCANAAN MIKRO,6,1,12000000,14500000,142,0,0,0
d20ff156-a17b-4fa1-af63-7bb1fbb9ff0b,Otorita Ibu Kota Nusantara,CPNS,UMUM,PENATA KELOLA BANGUNAN GEDUNG DAN KAWASAN PERMUKIMAN AHLI PERTAMA,OTORITA IBU KOTA NUSANTARA | DEPUTI BIDANG SARANA DAN PRASARANA | DIREKTORAT SARANA PRASARANA SOSIAL,4,1,12000000,14500000,12,0,0,0
21020d49-00db-4f3f-8187-788f9e46705d,Otorita Ibu Kota Nusantara,CPNS,UMUM,PENATA PERIZINAN AHLI PERTAMA,"OTORITA IBU KOTA NUSANTARA | DEPUTI BIDANG PENGENDALIAN PEMBANGUNAN | DIREKTORAT PENGAWASAN, PEMANTAUAN, DAN EVALUASI",2,1,12000000,14500000,3,0,0,0
3c80fbce-7795-4831-a5d5-d143747d1562,Otorita Ibu Kota Nusantara,CPNS,UMUM,PENATA PERIZINAN AHLI PERTAMA,OTORITA IBU KOTA NUSANTARA | DEPUTI BIDANG PENDANAAN DAN INVESTASI | DIREKTORAT INVESTASI DAN KEMUDAHAN BERUSAHA,4,1,12000000,14500000,34,0,0,0
6e18efd8-7e48-4a47-bb77-f6726cdb0d41,Otorita Ibu Kota Nusantara,CPNS,UMUM,PENATA PERIZINAN AHLI PERTAMA,OTORITA IBU KOTA NUSANTARA | DEPUTI BIDANG PENGENDALIAN PEMBANGUNAN | DIREKTORAT PENGENDALIAN PENYELENGGARAAN PEMERINTAHAN DAN PERIZINAN PEMBANGUNAN,3,1,12000000,14500000,24,0,0,0
0c5f6ba0-c67c-43a0-8b5d-d57204a2b1ae,Otorita Ibu Kota Nusantara,CPNS,UMUM,PERENCANA AHLI PERTAMA,OTORITA IBU KOTA NUSANTARA | DEPUTI BIDANG TRANSFORMASI HIJAU DAN DIGITAL | DIREKTORAT TRANSFORMASI HIJAU,4,1,12000000,14500000,22,0,0,0
bbe917a9-7ef5-453c-97b4-de3e5df0a939,Otorita Ibu Kota Nusantara,CPNS,UMUM,PERENCANA AHLI PERTAMA,OTORITA IBU KOTA NUSANTARA | DEPUTI BIDANG TRANSFORMASI HIJAU DAN DIGITAL | DIREKTORAT PENGEMBANGAN EKOSISTEM DIGITAL,3,1,12000000,14500000,4,0,0,0
ddc69c64-5127-4bdd-ab0d-da6387fa9810,Otorita Ibu Kota Nusantara,CPNS,UMUM,PERENCANA AHLI PERTAMA,OTORITA IBU KOTA NUSANTARA | DEPUTI BIDANG TRANSFORMASI HIJAU DAN DIGITAL | DIREKTORAT DATA DAN KECERDASAN BUATAN,7,1,12000000,14500000,140,0,0,0
8a0186929154866701915545c8bd77b1,Otorita Ibu Kota Nusantara,CPNS,PUTRA/PUTRI KALIMANTAN,PRANATA KOMPUTER AHLI PERTAMA,OTORITA IBU KOTA NUSANTARA | DEPUTI BIDANG TRANSFORMASI HIJAU DAN DIGITAL | DIREKTORAT PENGEMBANGAN EKOSISTEM DIGITAL,2,1,12000000,14500000,58,0,0,0
8a0186929154866701915546097d78a8,Otorita Ibu Kota Nusantara,CPNS,PUTRA/PUTRI KALIMANTAN,PRANATA KOMPUTER AHLI PERTAMA,OTORITA IBU KOTA NUSANTARA | SEKRETARIAT OTORITA IBU KOTA NUSANTARA | BIRO SUMBER DAYA MANUSIA DAN HUBUNGAN MASYARAKAT,1,1,12000000,14500000,11,0,0,0
0d2fd324-1293-4a6e-838f-5c792efc1fb3,Otorita Ibu Kota Nusantara,CPNS,UMUM,PRANATA KOMPUTER AHLI PERTAMA,OTORITA IBU KOTA NUSANTARA | DEPUTI BIDANG TRANSFORMASI HIJAU DAN DIGITAL | DIREKTORAT DATA DAN KECERDASAN BUATAN,3,1,12000000,14500000,17,0,0,0
5e76ebca-d82e-4c1b-abb3-5a295d1b2537,Otorita Ibu Kota Nusantara,CPNS,UMUM,PRANATA KOMPUTER AHLI PERTAMA,OTORITA IBU KOTA NUSANTARA | SEKRETARIAT OTORITA IBU KOTA NUSANTARA | BIRO SUMBER DAYA MANUSIA DAN HUBUNGAN MASYARAKAT,5,1,12000000,14500000,38,0,0,0
97f24f42-28b3-472d-8112-9abefcbd0aea,Otorita Ibu Kota Nusantara,CPNS,UMUM,PRANATA KOMPUTER AHLI PERTAMA,OTORITA IBU KOTA NUSANTARA | DEPUTI BIDANG TRANSFORMASI HIJAU DAN DIGITAL | DIREKTORAT PENGEMBANGAN EKOSISTEM DIGITAL,3,1,12000000,14500000,14,0,0,0
c23a9cf2-10ef-4ba0-91dd-ccb4a2edc300,Otorita Ibu Kota Nusantara,CPNS,UMUM,PRANATA KOMPUTER AHLI PERTAMA,OTORITA IBU KOTA NUSANTARA | SEKRETARIAT OTORITA IBU KOTA NUSANTARA | BIRO UMUM DAN PENGADAAN BARANG/JASA | BAGIAN TATA USAHA,4,1,12000000,14500000,12,0,0,0
8a763544-b3dc-48f5-8a10-55436ca03f6c,Pemerintah Aceh,CPNS,UMUM,INSPEKTUR KETENAGALISTRIKAN AHLI PERTAMA,ACEH | DINAS ENERGI DAN SUMBER DAYA MINERAL ACEH | BIDANG ENERGI DAN KETENAGALISTRIKAN,3,1,3000000,3200000,73,0,0,0
8a0186cd915aa77f01915ae8fcca4d65,Pemerintah Aceh,CPNS,PENYANDANG DISABILITAS,KONSULTAN INDUSTRI,ACEH | DINAS PERINDUSTRIAN DAN PERDAGANGAN ACEH | BIDANG PEMBANGUNAN SUMBER DAYA INDUSTRI,1,1,3000000,3200000,0,0,0,0
62ffae8a-d44e-497f-8758-dcdfb331b1c7,Pemerintah Aceh,CPNS,UMUM,KONSULTAN INDUSTRI,"ACEH | DINAS PERINDUSTRIAN DAN PERDAGANGAN ACEH | BIDANG SARANA, PRASARANA DAN PEMBERDAYAAN INDUSTRI",4,1,3000000,3200000,136,0,0,0
89d70a95-c670-4e7a-81fb-17b704305fd3,Pemerintah Aceh,CPNS,UMUM,KONSULTAN INDUSTRI,ACEH | DINAS PERINDUSTRIAN DAN PERDAGANGAN ACEH | UPTD RUMAH KEMASAN ACEH | SEKSI BIMBINGAN DAN PENGEMBANGAN,2,1,3000000,3200000,12,0,0,0
eccec104-b88f-4a48-9459-3900f747695d,Pemerintah Aceh,CPNS,UMUM,KONSULTAN INDUSTRI,ACEH | DINAS PERINDUSTRIAN DAN PERDAGANGAN ACEH | BIDANG PEMBANGUNAN SUMBER DAYA INDUSTRI,3,1,3000000,3200000,33,0,0,0
a8ca9a7c-33d3-4c03-a052-3639b3fe86d5,Pemerintah Aceh,CPNS,UMUM,MANGGALA INFORMATIKA AHLI PERTAMA,"ACEH | DINAS KOMUNIKASI, INFORMATIKA DAN PERSANDIAN ACEH | BIDANG PERSANDIAN",3,1,3000000,3200000,25,0,0,0
2085a09c-7d22-49b4-aab6-37624fa4a35c,Pemerintah Aceh,CPNS,UMUM,PENATA KELOLA KELAUTAN DAN PERIKANAN,ACEH | DINAS KELAUTAN DAN PERIKANAN ACEH | UPTD PELABUHAN PERIKANAN PANTAI LABUHAN HAJI | SUB BAGIAN TATA USAHA,3,1,3000000,3200000,46,0,0,0
525801e5-e8a7-4fe7-b966-507c9969e005,Pemerintah Aceh,CPNS,UMUM,PENATA PERIZINAN AHLI PERTAMA,ACEH | DINAS PENANAMAN MODAL DAN PELAYANAN TERPADU SATU PINTU ACEH,6,1,3000000,3200000,293,0,0,0
27b69a9d-f92d-4b11-b1d9-e4dab4899aa9,Pemerintah Aceh,CPNS,UMUM,PENGAWAS INDUSTRI,"ACEH | DINAS PERINDUSTRIAN DAN PERDAGANGAN ACEH | BIDANG SARANA, PRASARANA DAN PEMBERDAYAAN INDUSTRI",4,1,3000000,3200000,177,0,0,0
bc79cd4c-ab41-43c1-a5d4-8ddbffcf1c36,Pemerintah Aceh,CPNS,UMUM,PENGAWAS INDUSTRI,ACEH | DINAS PERINDUSTRIAN DAN PERDAGANGAN ACEH | BIDANG PEMBANGUNAN SUMBER DAYA INDUSTRI,4,1,3000000,3200000,169,0,0,0
b0f42232-e574-4f63-9b68-c3a61e1c2e8f,Pemerintah Aceh,CPNS,UMUM,PENGENDALI KONTEN INTERNET,"ACEH | DINAS KOMUNIKASI, INFORMATIKA DAN PERSANDIAN ACEH | BIDANG TEKNOLOGI INFORMASI DAN KOMUNIKASI",3,1,3000000,3200000,64,0,0,0
0c126de0-69c8-48e9-9c99-7b7039967a3c,Pemerintah Aceh,CPNS,UMUM,TEKNISI SARANA DAN PRASARANA,ACEH | DINAS PERHUBUNGAN ACEH | UPTD PENYELENGGARA PELABUHAN PENYEBERANGAN WILAYAH I | SEKSI FASILITAS,10,1,3000000,3200000,120,0,0,0
0e00bba0-3794-4902-9718-dffa5d00ad7c,Pemerintah Aceh,CPNS,UMUM,TEKNISI SARANA DAN PRASARANA,ACEH | DINAS PERHUBUNGAN ACEH | UPTD PENYELENGGARAAN TERMINAL TIPE B | SEKSI FASILITAS TERMINAL,18,1,3000000,3200000,547,0,0,0
bf68a714-87b7-4ff5-86bc-7989897f4582,Pemerintah Aceh,CPNS,UMUM,TEKNISI SARANA DAN PRASARANA,ACEH | DINAS PERHUBUNGAN ACEH | UPTD PENYELENGGARA PELABUHAN PENYEBERANGAN WILAYAH II | SEKSI FASILITAS,12,1,3000000,3200000,176,0,0,0
d3a7ae4b-8ec8-4aad-86fd-9720af62d458,Pemerintah Aceh,CPNS,UMUM,TEKNISI SARANA DAN PRASARANA,"ACEH | DINAS PERHUBUNGAN ACEH | SEKRETARIAT DINAS PERHUBUNGAN ACEH | SUB BAGIAN HUKUM, KEPEGAWAIAN DAN UMUM",1,1,3000000,3200000,1,0,0,0
d3ceb219-7b3e-47dd-98d7-eb04c5277087,Pemerintah Aceh,CPNS,UMUM,TEKNISI SARANA DAN PRASARANA,ACEH | DINAS PERHUBUNGAN ACEH | UPTD ANGKUTAN MASSAL TRANS KUTARAJA | SEKSI FASILITAS,6,1,3000000,3200000,47,0,0,0
07d254e3-4e19-4a7c-9ba9-8fdec0e4eee3,Pemerintah Kab. Aceh Barat Daya,CPNS,UMUM,PENGAWAS JARINGAN UTILITAS,Pemerintah Kabupaten Aceh Barat Daya | Dinas Pekerjaan Umum dan Penataan Ruang | Bidang Cipta Karya dan Penataan Ruang,1,0,2750000,3200000,10,0,0,0
00d5b70b-6b3d-4e8e-8cb7-a4673d45d5ad,Pemerintah Kab. Aceh Besar,CPNS,UMUM,KONSULTAN INDUSTRI,"PEMERINTAH KABUPATEN ACEH BESAR | DINAS KOPERASI, USAHA KECIL MENENGAH DAN PERDAGANGAN | Bidang Perindustrian | Seksi Industri Kecil dan Menengah",1,0,3033120,3640378,12,0,0,0
e5cc746e-5ea1-4a7e-886a-b84e4ddcf823,Pemerintah Kab. Aceh Besar,CPNS,UMUM,PENATA KELOLA PENANAMAN MODAL AHLI PERTAMA,PEMERINTAH KABUPATEN ACEH BESAR | DINAS PENANAMAN MODAL DAN PELAYANAN TERPADU SATU PINTU,1,0,3033120,3640378,26,0,0,0
a3b0a44e-c207-4d9c-9764-fa9ea160777e,Pemerintah Kab. Aceh Besar,CPNS,UMUM,PENATA PERIZINAN AHLI PERTAMA,PEMERINTAH KABUPATEN ACEH BESAR | DINAS PENANAMAN MODAL DAN PELAYANAN TERPADU SATU PINTU,2,0,3033120,3640378,110,0,0,0
3828b657-30c7-4b4a-b6d5-750286904e9e,Pemerintah Kab. Aceh Besar,CPNS,UMUM,PENGAWAS INDUSTRI,"PEMERINTAH KABUPATEN ACEH BESAR | DINAS KOPERASI, USAHA KECIL MENENGAH DAN PERDAGANGAN | Bidang Perindustrian | Seksi Industri Kecil dan Menengah",1,0,3033120,3640378,20,0,0,0
f9014777-b7ee-422b-854d-d096586cf9e4,Pemerintah Kab. Aceh Besar,CPNS,UMUM,PENGENDALI KONTEN INTERNET,PEMERINTAH KABUPATEN ACEH BESAR | Dinas Komunikasi dan Informatika | Bidang Teknologi Informasi dan Komunikasi | Seksi Infrastruktur dan Jaringan Teknologi Informatika,1,0,3033120,3640378,6,0,0,0
8a0186c79158f6d40191591a135a1a5f,Pemerintah Kab. Aceh Besar,CPNS,PENYANDANG DISABILITAS,PERENCANA AHLI PERTAMA,PEMERINTAH KABUPATEN ACEH BESAR | BADAN PERENCANAAN PEMBANGUNAN DAERAH,1,1,3033120,3640378,1,0,0,0
6de599c1-aef7-4659-92ff-037b9e03ad3f,Pemerintah Kab. Aceh Besar,CPNS,UMUM,PERENCANA AHLI PERTAMA,PEMERINTAH KABUPATEN ACEH BESAR | BADAN PERENCANAAN PEMBANGUNAN DAERAH,1,0,3033120,3640378,48,0,0,0
24c39694-37fb-46fb-9e9c-3f1c2454cfc0,Pemerintah Kab. Aceh Besar,CPNS,UMUM,TEKNISI SARANA DAN PRASARANA,"PEMERINTAH KABUPATEN ACEH BESAR | DINAS PARIWISATA, PEMUDA DAN OLAH RAGA | Bidang Sarana dan Prasarana | Seksi Pemeliharaan Sarana dan Prasarana",1,0,3033120,3640378,11,0,0,0
c77fabf3-0824-498b-b741-659cedf24f35,Pemerintah Kab. Aceh Tamiang,CPNS,UMUM,TEKNISI SARANA DAN PRASARANA,"PEMERINTAH KABUPATEN ACEH TAMIANG | DINAS PENDIDIKAN DAYAH | BIDANG  MANAJEMEN, SARANA DAN PRASARANA",1,0,2785700,5180700,42,0,0,0
fe5a3346-77e0-451a-bf58-0fbd4e51007a,Pemerintah Kab. Aceh Timur,CPNS,UMUM,MANGGALA INFORMATIKA AHLI PERTAMA,PEMERINTAH KABUPATEN ACEH TIMUR | DINAS KOMUNIKASI DAN INFORMATIKA | BIDANG APLIKASI DAN TEKNOLOGI INFORMASI,2,0,2000000,3500000,35,0,0,0
f3ef8d92-0a57-4a41-b2b5-be7c2fd868ad,Pemerintah Kab. Alor,CPNS,UMUM,PENERA AHLI PERTAMA,Pemerintah Kabupaten Alor | Dinas Perdagangan | Unit Pelaksana Teknis Dinas Metrologi Legal,1,1,2785700,3500000,14,0,0,0
0c687876-6160-4ef2-8308-2da7c778c135,Pemerintah Kab. Alor,CPNS,UMUM,PENGELOLA PENGADAAN BARANG/JASA AHLI PERTAMA,Pemerintah Kabupaten Alor | Sekretariat Daerah | Asisten Perekonomian Dan Pembangunan | Bagian Pengadaan Barang Dan Jasa,3,1,2785700,3500000,84,0,0,0
f2fc5f59-eaf2-4093-9f03-b0685ecebe85,Pemerintah Kab. Alor,CPNS,UMUM,PENGGERAK SWADAYA MASYARAKAT AHLI PERTAMA,Pemerintah Kabupaten Alor | Sekretariat Daerah | Asisten Pemerintahan Dan Kesejahteraan Rakyat | Bagian  Kesejahteraan Rakyat,1,1,2785700,3500000,125,0,0,0
a332f78d-f789-4137-bf38-4996762039d6,Pemerintah Kab. Alor,CPNS,UMUM,SANDIMAN AHLI PERTAMA,Pemerintah Kabupaten Alor | Dinas Komunikasi Dan Informatika,1,1,2785700,3500000,2,0,0,0
b4c327fd-4865-47ef-ad39-e8cf633f6c4a,Pemerintah Kab. Balangan,CPNS,UMUM,PENERA AHLI PERTAMA,PEMERINTAH KABUPATEN BALANGAN | DINAS PERINDUSTRIAN DAN PERDAGANGAN,1,0,2785700,8578000,34,0,0,0
a8eaa2a7-7b87-4815-b846-aaf956284675,Pemerintah Kab. Bandung Barat,CPNS,UMUM,PENGAWAS PENYELENGGARAAN URUSAN PEMERINTAHAN DAERAH AHLI PERTAMA,PEMERINTAH KABUPATEN BANDUNG BARAT | INSPEKTORAT DAERAH,2,0,2700000,11000000,174,0,0,0
5a93d608-3ff9-42e1-9502-a9c93b01311a,Pemerintah Kab. Banggai,CPNS,UMUM,ANALIS PERDAGANGAN AHLI PERTAMA,Pemerintah Kabupaten Banggai | Dinas Perdagangan dan Perindustrian | Bidang Perdagangan Dalam dan Luar Negeri Serta Promosi Perdagangan,1,1,3203600,5261500,18,0,0,0
58aecff8-1e7a-4a1b-8fa7-22317be8221c,Pemerintah Kab. Banggai,CPNS,UMUM,ASESOR MANAJEMEN MUTU INDUSTRI AHLI PERTAMA,Pemerintah Kabupaten Banggai | Dinas Perdagangan dan Perindustrian | Bidang Perindustrian,1,1,3203600,5261500,10,0,0,0
218a750e-b2fa-4ff2-9cfa-0253a73f7626,Pemerintah Kab. Banggai,CPNS,UMUM,PENERA AHLI PERTAMA,Pemerintah Kabupaten Banggai | Dinas Perdagangan dan Perindustrian | Bidang Perlindungan Konsumen dan Standarisasi Serta Tertib Ukur,1,1,3203600,5261500,20,0,0,0
33d47b9f-cef7-40d6-8b59-a0f88e804fed,Pemerintah Kab. Banggai,CPNS,UMUM,PENGAWAS KEMETROLOGIAN AHLI PERTAMA,Pemerintah Kabupaten Banggai | Dinas Perdagangan dan Perindustrian | Bidang Perlindungan Konsumen dan Standarisasi Serta Tertib Ukur,1,1,3203600,5261500,13,0,0,0
487e40d6-8d98-4616-b26e-889a191fc748,Pemerintah Kab. Banggai,CPNS,UMUM,PRANATA KOMPUTER AHLI PERTAMA,"Pemerintah Kabupaten Banggai | Dinas Komunikasi, Informatika, Statistik dan Persandian | Bidang Pengelolaan Informasi Publik",1,1,3203600,5261500,6,0,0,0
f4aac5cb-b09a-4060-bbf4-7057d82db336,Pemerintah Kab. Banggai,CPNS,UMUM,PRANATA KOMPUTER AHLI PERTAMA,Pemerintah Kabupaten Banggai | Dinas Sosial | Bidang Pemberdayaan Sosial,1,1,3203600,5261500,4,0,0,0
8a01849d91446dd8019144816a010372,Pemerintah Kab. Banggai Kepulauan,CPNS,PENYANDANG DISABILITAS,ARSIPARIS AHLI PERTAMA,Pemerintah Kabupaten Banggai Kepulauan | Sekretariat Daerah | Asisten Administrasi Umum | Bagian Organisasi,1,1,2700000,3000000,0,0,0,0
8a01849d91446dd801914482bb1d04c8,Pemerintah Kab. Banggai Kepulauan,CPNS,PENYANDANG DISABILITAS,ARSIPARIS AHLI PERTAMA,Pemerintah Kabupaten Banggai Kepulauan | Dinas Perikanan | Sekretariat Dinas Perikanan | Sub Bagian Umum dan Kepegawaian,1,1,2700000,4500000,1,0,0,0
2ac370d4-79cf-4b7e-9237-bf7b6482cab2,Pemerintah Kab. Banggai Kepulauan,CPNS,UMUM,ARSIPARIS AHLI PERTAMA,Pemerintah Kabupaten Banggai Kepulauan | Sekretariat DPRD | Bagian Hukum dan Persidangan | Sub Bagian Perundang-Undangan,1,1,2700000,3000000,20,0,0,0
45cb1411-76ba-43dd-9acd-1d760110972f,Pemerintah Kab. Banggai Kepulauan,CPNS,UMUM,ARSIPARIS AHLI PERTAMA,Pemerintah Kabupaten Banggai Kepulauan | Sekretariat Daerah | Asisten Administrasi Umum | Bagian Organisasi,1,1,2700000,3000000,25,0,0,0
52b5b993-8e4d-4aa2-bbc5-252bbd77a240,Pemerintah Kab. Banggai Kepulauan,CPNS,UMUM,ARSIPARIS AHLI PERTAMA,Pemerintah Kabupaten Banggai Kepulauan | Dinas Kependudukan Dan Pencatatan Sipil | Sekretariat Dinas Kependudukan dan Pencatatan Sipil | Sub Bagian Umum dan Kepegawaian,1,1,2700000,4500000,74,0,0,0
5f6256cb-b57d-4ca6-8072-b41428fc6f35,Pemerintah Kab. Banggai Kepulauan,CPNS,UMUM,ARSIPARIS AHLI PERTAMA,Pemerintah Kabupaten Banggai Kepulauan | Dinas Lingkungan Hidup | Sekretariat Dinas Lingkungan Hidup | Sub Bagian Umum dan Kepegawaian,1,1,2785700,4575200,62,0,0,0
60e4d751-a21e-47c7-a5cb-eed7ad1b62b2,Pemerintah Kab. Banggai Kepulauan,CPNS,UMUM,ARSIPARIS AHLI PERTAMA,Pemerintah Kabupaten Banggai Kepulauan | Dinas Pertanian | Sekretariat Dinas Pertanian | Sub Bagian Umum dan Kepegawaian,1,1,2785700,4575200,43,0,0,0
9752193e-4e33-4f97-956a-5e2d3e9efbd0,Pemerintah Kab. Banggai Kepulauan,CPNS,UMUM,ARSIPARIS AHLI PERTAMA,Pemerintah Kabupaten Banggai Kepulauan | Sekretariat Daerah | Asisten Perekonomian dan Pembangunan | Bagian Pengadaan Barang dan Jasa | Sub Bagian Pengelolaan Layanan Pengadaan Secara Elektronik,1,1,2785700,4575200,13,0,0,0
9cff6e83-f163-4c99-8e27-fb15db3a9b4a,Pemerintah Kab. Banggai Kepulauan,CPNS,UMUM,ARSIPARIS AHLI PERTAMA,Pemerintah Kabupaten Banggai Kepulauan | Dinas Perikanan | Sekretariat Dinas Perikanan | Sub Bagian Umum dan Kepegawaian,1,1,2700000,4500000,16,0,0,0
d13e52e8-7112-4031-80a8-8928051213df,Pemerintah Kab. Banggai Kepulauan,CPNS,UMUM,ARSIPARIS AHLI PERTAMA,Pemerintah Kabupaten Banggai Kepulauan | Badan Kesatuan Bangsa dan Politik | Sekretariat Badan Kesatuan Bangsa dan Politik | Sub Bagian Umum dan Kepegawaian,1,1,2785700,4575200,21,0,0,0
e3d79c93-c1c0-4f2f-8fd0-d72776ab2cec,Pemerintah Kab. Banggai Kepulauan,CPNS,UMUM,ARSIPARIS AHLI PERTAMA,"Pemerintah Kabupaten Banggai Kepulauan | Dinas Perumahan, Kawasan Permukiman dan Pertanahan | Sekretariat Dinas Perumahan, Kawasan Permukiman dan Pertanahan | Sub Bagian Umum dan Kepegawaian",1,1,2785700,4575200,23,0,0,0
34b723d9-3cd9-4ad7-b6cc-7aa95fa6d865,Pemerintah Kab. Banggai Kepulauan,CPNS,UMUM,PENERA AHLI PERTAMA,"Pemerintah Kabupaten Banggai Kepulauan | Dinas Perindustrian, Perdagangan, Koperasi, dan UKM",2,1,2900000,3500000,6,0,0,0
ffdf9875-8ce2-4119-a512-7d7dad6379eb,Pemerintah Kab. Banggai Kepulauan,CPNS,UMUM,PRANATA LABORATORIUM KEMETROLOGIAN AHLI PERTAMA,"Pemerintah Kabupaten Banggai Kepulauan | Dinas Perindustrian, Perdagangan, Koperasi, dan UKM",2,1,2900000,3500000,14,0,0,0
3a9e42d4-6bd0-42cb-8040-8eda32775715,Pemerintah Kab. Banggai Laut,CPNS,UMUM,PENATA KELOLA PENYEHATAN LINGKUNGAN AHLI PERTAMA,PEMERINTAH KAB. BANGGAI LAUT | DINAS LINGKUNGAN HIDUP DAN PERTANAHAN | BIDANG PENGENDALIAN PENCEMARAN DAN KERUSAKAN LINGKUNGAN HIDUP,2,0,3000000,4500000,29,0,0,0
f5db8b54-ea4c-4441-9681-97dca9d12e3e,Pemerintah Kab. Banggai Laut,CPNS,UMUM,PENATA KELOLA PENYEHATAN LINGKUNGAN AHLI PERTAMA,PEMERINTAH KAB. BANGGAI LAUT | DINAS PEKERJAAN UMUM DAN PENATAAN RUANG | BIDANG CIPTA KARYA,1,0,3000000,4500000,6,0,0,0
6844dff7-f6a1-434d-9d48-22169b857609,Pemerintah Kab. Banggai Laut,CPNS,UMUM,PENGELOLA SUMBER DAYA AIR AHLI PERTAMA,PEMERINTAH KAB. BANGGAI LAUT | DINAS PEKERJAAN UMUM DAN PENATAAN RUANG | BIDANG SUMBER DAYA AIR,1,0,3000000,4500000,6,0,0,0
e20e75b9-c126-4ac6-b420-56a03f90587b,Pemerintah Kab. Banggai Laut,CPNS,UMUM,PERENCANA AHLI PERTAMA,PEMERINTAH KAB. BANGGAI LAUT | DINAS PERHUBUNGAN | SEKRETARIAT DINAS PERHUBUNGAN | SUB BAGIAN KEUANGAN DAN ASSET,1,0,3000000,4500000,4,0,0,0
2eb87ede-5d65-431c-a2cb-be8b61c6bab4,Pemerintah Kab. Banggai Laut,CPNS,PENYANDANG DISABILITAS,PRANATA KOMPUTER AHLI PERTAMA,"PEMERINTAH KAB. BANGGAI LAUT | DINAS PENANAMAN MODAL DAN PELAYANAN TERPADU SATU PINTU | BIDANG PENGENDALIAN PELAKSANAAN PENANAMAN MODAL, PENGOLAHAN DATA DAN INFORMASI PENANAMAN MODAL",1,1,3000000,4500000,0,0,0,0
8a0184a391460156019149793ab0527a,Pemerintah Kab. Bangka Selatan,CPNS,PENYANDANG DISABILITAS,PENGELOLA PENGADAAN BARANG/JASA AHLI PERTAMA,PEMERINTAH KABUPATEN BANGKA SELATAN | SEKRETARIAT DAERAH | ASISTEN PEREKONOMIAN DAN PEMBANGUNAN | BAGIAN PENGADAAN BARANG DAN JASA,1,1,2785700,4575200,0,0,0,0
850f0743-8b9a-4b20-8bee-5e7acc6939e2,Pemerintah Kab. Bangka Selatan,CPNS,UMUM,PENGELOLA PENGADAAN BARANG/JASA AHLI PERTAMA,PEMERINTAH KABUPATEN BANGKA SELATAN | SEKRETARIAT DAERAH | ASISTEN PEREKONOMIAN DAN PEMBANGUNAN | BAGIAN PENGADAAN BARANG DAN JASA,4,0,2785700,4575200,235,0,0,0
514bad69-39c8-49f1-a44d-cbc6a17039f4,Pemerintah Kab. Bangka Tengah,CPNS,UMUM,MANGGALA INFORMATIKA AHLI PERTAMA,"PEMERINTAH KABUPATEN BANGKA TENGAH                                     | Dinas Komunikasi, Informatika dan Statistik | Bidang Aplikasi Informatika | Seksi Persandian dan Keamanan Informasi",1,1,2785700,5185700,12,0,0,0
3c5393d9-cab6-45de-96f5-aaae56533860,Pemerintah Kab. Bangka Tengah,CPNS,UMUM,PENGAWAS INDUSTRI,"PEMERINTAH KABUPATEN BANGKA TENGAH                                     | Dinas Perindustrian, Perdagangan, Koperasi dan Usaha Kecil dan Menengah | Bidang Perindustrian",1,0,2785700,4785700,28,0,0,0
8a0186cd915aa77f01915ac711cc2070,Pemerintah Kab. Bangkalan,CPNS,LULUSAN TERBAIK,PENERA AHLI PERTAMA,Pemerintah Kabupaten Bangkalan | Dinas Perdagangan,1,1,2500000,5000000,5,0,0,0
3ba31919-4672-4a7d-9198-e8dfbd6ee9ea,Pemerintah Kab. Bangkalan,CPNS,UMUM,PENERA AHLI PERTAMA,Pemerintah Kabupaten Bangkalan | Dinas Perdagangan,1,1,2500000,5000000,42,0,0,0
7f71cc48-7ed4-4eaa-a68b-8b35c30120b6,Pemerintah Kab. Bangkalan,CPNS,UMUM,PRANATA KOMPUTER AHLI PERTAMA,Pemerintah Kabupaten Bangkalan | Dinas Komunikasi dan Informatika,2,1,2500000,5000000,8,0,0,0
f3d468e0-c16c-485c-9c76-5f68fc19f9f7,Pemerintah Kab. Bangkalan,CPNS,UMUM,PRANATA KOMPUTER AHLI PERTAMA,Pemerintah Kabupaten Bangkalan | Dinas Sosial,1,1,2500000,5000000,12,0,0,0
051178fe-df64-4643-890b-398f88a1bb17,Pemerintah Kab. Banjarnegara,CPNS,UMUM,PENATA KELOLA PENANAMAN MODAL AHLI PERTAMA,Pemerintah Kabupaten Banjarnegara | DINAS TENAGA KERJA PENANAMAN MODAL DAN PELAYANAN TERPADU SATU PINTU | BIDANG PENANAMAN MODAL,1,0,2485900,2485900,78,0,0,0
06043763-51bf-4a6c-884e-6635bf631a9f,Pemerintah Kab. Banjarnegara,CPNS,UMUM,PENATA PERIZINAN AHLI PERTAMA,Pemerintah Kabupaten Banjarnegara | DINAS TENAGA KERJA PENANAMAN MODAL DAN PELAYANAN TERPADU SATU PINTU | BIDANG PELAYANAN PERIZINAN DAN PENGADUAN,1,0,2785700,2785700,57,0,0,0
00e83693-5023-4b8e-8509-5a06a96eb6e4,Pemerintah Kab. Banjarnegara,CPNS,UMUM,PRANATA KOMPUTER AHLI PERTAMA,Pemerintah Kabupaten Banjarnegara | DINAS KOMUNIKASI DAN INFORMATIKA | BIDANG PENYELENGGARAAN E-GOVERNMENT,2,0,2785700,2785700,99,0,0,0
11472fa6-61f8-4a74-954b-83834ac89d53,Pemerintah Kab. Banjarnegara,CPNS,UMUM,PRANATA KOMPUTER AHLI PERTAMA,Pemerintah Kabupaten Banjarnegara | DINAS KESEHATAN | RSUD Hj. ANNA LASMANAH | BAGIAN TATA USAHA | SUB BAGIAN UMUM DAN KEPEGAWAIAN,1,0,2785700,2785700,56,0,0,0
86a4900c-3c64-4fd9-a016-0fa097f0ea59,Pemerintah Kab. Bantul,CPNS,UMUM,PEMBINA INDUSTRI AHLI PERTAMA,"Pemerintah Kabupaten Bantul | Dinas Koperasi, Usaha Kecil dan Menengah, Perindustrian dan Perdagangan | BIDANG PERINDUSTRIAN",1,0,2500000,5000000,40,0,0,0
10d6754f-602f-4a05-b2f0-1c25e0764654,Pemerintah Kab. Bantul,CPNS,UMUM,PENATA KELOLA BANGUNAN GEDUNG DAN KAWASAN PERMUKIMAN AHLI PERTAMA,"Pemerintah Kabupaten Bantul | Dinas Pekerjaan Umum, Perumahan dan Kawasan Permukiman | Bidang Perumahan dan Permukiman",2,0,2500000,5000000,79,0,0,0
53dfc039-1354-4dc0-a0a8-da0cf8e51440,Pemerintah Kab. Bantul,CPNS,UMUM,PENATA KELOLA BANGUNAN GEDUNG DAN KAWASAN PERMUKIMAN AHLI PERTAMA,"Pemerintah Kabupaten Bantul | Dinas Pekerjaan Umum, Perumahan dan Kawasan Permukiman | Bidang Cipta Karya",2,0,2500000,5000000,68,0,0,0
e026d4ba-fabc-4e99-95ae-b3cd99df0039,Pemerintah Kab. Banyuasin,CPNS,UMUM,MANGGALA INFORMATIKA AHLI PERTAMA,"KABUPATEN BANYUASIN | DINAS KOMUNIKASI , INFORMATIKA, STATISTIK DAN PERSANDIAN | BIDANG PERSANDIAN",1,1,2785700,4575200,4,0,0,0
d25fe18c-9203-4a25-a8b1-741fd4f6cd2c,Pemerintah Kab. Banyuasin,CPNS,UMUM,PENERA AHLI PERTAMA,"KABUPATEN BANYUASIN | DINAS KOPERASI USAHA KECIL MENENGAH, PERINDUSTRIAN DAN PERDAGANGAN | UPT METROLOGI LEGAL",2,1,2511500,3203600,87,0,0,0
8a03849a9149c64e01914a10d3722331,Pemerintah Kab. Banyuasin,CPNS,PENYANDANG DISABILITAS,PRANATA KOMPUTER AHLI PERTAMA,"KABUPATEN BANYUASIN | DINAS KOMUNIKASI , INFORMATIKA, STATISTIK DAN PERSANDIAN | BIDANG APLIKASI DAN INFORMATIKA",1,1,2785700,4575200,0,0,0,0
6045db1b-b107-428d-8722-89879cd57ac7,Pemerintah Kab. Banyuasin,CPNS,UMUM,PRANATA KOMPUTER AHLI PERTAMA,KABUPATEN BANYUASIN | DINAS KESEHATAN KAB. BANYU ASIN | RSUD Sukajadi | TATA USAHA,2,1,2562880,4209200,34,0,0,0
6b953a2d-643f-4468-a87b-5104ee44064f,Pemerintah Kab. Banyuasin,CPNS,UMUM,PRANATA KOMPUTER AHLI PERTAMA,"KABUPATEN BANYUASIN | DINAS KOMUNIKASI , INFORMATIKA, STATISTIK DAN PERSANDIAN | SEKRETARIAT DINAS KOMUNIKASI , INFORMATIKA, STATISTIK DAN PERSANDIAN | SUB BAGIAN ADMINISTRASI KEPEGAWAIAN DAN UMUM",2,1,2785700,4575200,15,0,0,0
7269f6a0-730a-446d-a782-2b05d40c9e39,Pemerintah Kab. Banyuasin,CPNS,UMUM,PRANATA KOMPUTER AHLI PERTAMA,"KABUPATEN BANYUASIN | DINAS KOMUNIKASI , INFORMATIKA, STATISTIK DAN PERSANDIAN | BIDANG APLIKASI DAN INFORMATIKA",3,1,2785700,4575200,28,0,0,0
978cb842-3240-4d7d-9466-bc96b51f1b5a,Pemerintah Kab. Banyumas,CPNS,UMUM,PENERA AHLI PERTAMA,Pemerintah Kabupaten Banyumas | DINAS PERINDUSTRIAN DAN PERDAGANGAN | BIDANG METROLOGI,1,1,3200000,5200000,59,0,0,0
3fbfe600-7d33-4c4f-bb2c-c506baec8467,Pemerintah Kab. Banyumas,CPNS,UMUM,PENGELOLA PENGADAAN BARANG/JASA AHLI PERTAMA,Pemerintah Kabupaten Banyumas | Sekretariat Daerah | ASISTEN PEREKONOMIAN DAN PEMBANGUNAN | BAGIAN LAYANAN PENGADAAN BARANG/JASA,8,1,3200000,5200000,589,0,0,0
b81d9543-2239-4134-b208-5cd0bf1d9a7b,Pemerintah Kab. Banyuwangi,CPNS,UMUM,MANGGALA INFORMATIKA AHLI PERTAMA,"PEMERINTAH KABUPATEN BANYUWANGI | Dinas Komunikasi, Informatika dan Persandian",1,0,2750000,3000000,27,0,0,0
c57a8276-6f80-4891-9891-7a5aaa233077,Pemerintah Kab. Banyuwangi,CPNS,UMUM,PENERA AHLI PERTAMA,PEMERINTAH KABUPATEN BANYUWANGI | Dinas Koperasi Usaha Mikro Dan Perdagangan,2,0,2750000,3000000,151,0,0,0
bd83f96a-b052-4af7-8391-a37eb9e82743,Pemerintah Kab. Banyuwangi,CPNS,UMUM,SANDIMAN AHLI PERTAMA,"PEMERINTAH KABUPATEN BANYUWANGI | Dinas Komunikasi, Informatika dan Persandian",1,0,2750000,3000000,16,0,0,0
5bba3940-7351-4bcd-8955-bf24e0ba1f5b,Pemerintah Kab. Barito Selatan,CPNS,UMUM,PEMBINA JASA KONSTRUKSI AHLI PERTAMA,KABUPATEN BARITO SELATAN | DINAS PEKERJAAN UMUM DAN PENATAAN RUANG | UPT WORKSHOP DAN PERALATAN KONSTRUKSI,1,0,3000000,5000000,20,0,0,0
5ac3c49b-8098-41b3-b728-865a9f70723d,Pemerintah Kab. Barito Selatan,CPNS,UMUM,PENERA AHLI PERTAMA,"KABUPATEN BARITO SELATAN | DINAS PERDAGANGAN, KOPERASI, USAHA KECIL DAN MENENGAH | UPT METROLOGI LEGAL",3,0,3000000,5000000,17,0,0,0
674a5c25-0c39-42cd-aed9-696c0b64f47a,Pemerintah Kab. Barito Selatan,CPNS,UMUM,TEKNISI SARANA DAN PRASARANA,"KABUPATEN BARITO SELATAN | DINAS PERUMAHAN, KAWASAN PERMUKIMAN DAN PERTANAHAN | BIDANG PERUMAHAN",2,0,3000000,5000000,3,0,0,0
d8fc8442-04a1-4208-94b8-96e3189f4748,Pemerintah Kab. Barito Selatan,CPNS,UMUM,TEKNISI SARANA DAN PRASARANA,"KABUPATEN BARITO SELATAN | DINAS PERUMAHAN, KAWASAN PERMUKIMAN DAN PERTANAHAN | BIDANG KAWASAN PERMUKIMAN",4,0,3000000,5000000,12,0,0,0
1ad7af72-ddf8-4b08-99f7-a560d98c2ce1,Pemerintah Kab. Barito Timur,CPNS,PENYANDANG DISABILITAS,ARSIPARIS AHLI PERTAMA,PEMERINTAH KAB. BARITO TIMUR | BADAN KEPEGAWAIAN DAN PENGEMBANGAN SUMBER DAYA MANUSIA | SEKRETARIAT BADAN KEPEGAWAIAN DAN PENGEMBANGAN SUMBER DAYA MANUSIA,3,1,2800000,3100000,0,0,0,0
89b3d9d1-e1b4-454d-8da6-f45bf7d6f3a2,Pemerintah Kab. Barito Timur,CPNS,PENYANDANG DISABILITAS,ARSIPARIS AHLI PERTAMA,"PEMERINTAH KAB. BARITO TIMUR | BADAN KEPEGAWAIAN DAN PENGEMBANGAN SUMBER DAYA MANUSIA | BIDANG PENGADAAN, FORMASI, MUTASI, PEMBERHENTIAN, PENSIUN, INFORMASI DAN DATA",4,1,2800000,3100000,0,0,0,0
ca62a51f-b114-4d4f-b187-e6255802ffd7,Pemerintah Kab. Barito Timur,CPNS,PENYANDANG DISABILITAS,ARSIPARIS AHLI PERTAMA,PEMERINTAH KAB. BARITO TIMUR | BADAN KEPEGAWAIAN DAN PENGEMBANGAN SUMBER DAYA MANUSIA | BIDANG PENGEMBANGAN KOMPETENSI DAN PENILAIAN KINERJA APARATUR,4,1,2800000,3100000,0,0,0,0
80bcc647-d33b-418c-9ce2-3350e6584861,Pemerintah Kab. Barito Timur,CPNS,UMUM,ASESOR MANAJEMEN MUTU INDUSTRI AHLI PERTAMA,"PEMERINTAH KAB. BARITO TIMUR | DINAS TENAGA KERJA, TRANSMIGRASI DAN PERINDUSTRIAN",1,1,2800000,3100000,1,0,0,0
84ef6355-3e1f-44a8-a50c-49243017d65b,Pemerintah Kab. Barito Timur,CPNS,UMUM,PENATA KELOLA USAHA KETENAGALISTRIKAN,"PEMERINTAH KAB. BARITO TIMUR | DINAS PEKERJAAN UMUM, PENATAAN RUANG, PERUMAHAN DAN KAWASAN PERMUKIMAN | BIDANG PERUMAHAN DAN PERMUKIMAN",3,1,2800000,3100000,11,0,0,0
d30d8af9-51be-487a-8c9b-aecc2b341c10,Pemerintah Kab. Barito Timur,CPNS,UMUM,PENATA KELOLA USAHA KETENAGALISTRIKAN,PEMERINTAH KAB. BARITO TIMUR | RSUD TAMIANG LAYANG | Bidang Penunjang Medik dan Non Medik RSUD Tamiang Layang | Seksi Penunjang Non Medik,1,1,2800000,3100000,1,0,0,0
3ed2f347-6695-4e0f-96d7-e1021b428eee,Pemerintah Kab. Barito Timur,CPNS,UMUM,PENGAWAS KETENAGAKERJAAN AHLI PERTAMA,"PEMERINTAH KAB. BARITO TIMUR | DINAS TENAGA KERJA, TRANSMIGRASI DAN PERINDUSTRIAN",1,1,2800000,3100000,15,0,0,0
c778b6da-6938-47bb-baac-2ab485ee3d9f,Pemerintah Kab. Barito Timur,CPNS,UMUM,PENGENDALI KONTEN INTERNET,"PEMERINTAH KAB. BARITO TIMUR | DINAS KOMUNIKASI INFORMATIKA, PERSANDIAN DAN STATISTIK | BIDANG PENGELOLAAN INFORMASI DAN KOMUNIKASI PUBLIK",1,1,2800000,3100000,1,0,0,0
2ec4ff2c-29f6-4efb-a69a-5b671ee45511,Pemerintah Kab. Barito Timur,CPNS,UMUM,PENGGERAK SWADAYA MASYARAKAT AHLI PERTAMA,"PEMERINTAH KAB. BARITO TIMUR | DINAS TENAGA KERJA, TRANSMIGRASI DAN PERINDUSTRIAN",1,1,2800000,3100000,7,0,0,0
5ce26435-274e-4c32-bb63-6b2f5575e40d,Pemerintah Kab. Barito Timur,CPNS,UMUM,PRANATA KOMPUTER AHLI PERTAMA,PEMERINTAH KAB. BARITO TIMUR | DINAS PERIKANAN DAN PETERNAKAN | SEKRETARIAT | SUB BAGIAN UMUM DAN KEPEGAWAIAN,1,1,2800000,3100000,0,0,0,0
24eb2688-233f-484c-b7c8-69355a718d24,Pemerintah Kab. Barito Timur,CPNS,UMUM,TEKNISI SARANA DAN PRASARANA,PEMERINTAH KAB. BARITO TIMUR | RSUD TAMIANG LAYANG | Bidang Penunjang Medik dan Non Medik RSUD Tamiang Layang | Seksi Penunjang Non Medik,3,1,2800000,3100000,13,0,0,0
40a83b22-2e81-4709-a808-296608f98191,Pemerintah Kab. Barito Timur,CPNS,UMUM,TEKNISI SARANA DAN PRASARANA,PEMERINTAH KAB. BARITO TIMUR | SATUAN POLISI PAMONG PRAJA | SEKRETARIAT SATUAN POLISI PAMONG PRAJA | SUB BAGIAN UMUM DAN KEPEGAWAIAN,4,1,2800000,3100000,7,0,0,0
7f43ea72-b236-488b-b76a-f799b72a890f,Pemerintah Kab. Barito Timur,CPNS,UMUM,TEKNISI SARANA DAN PRASARANA,PEMERINTAH KAB. BARITO TIMUR | SEKRETARIAT DAERAH | ASISTEN ADMINISTRASI UMUM | BAGIAN UMUM | SUB BAGIAN PERLENGKAPAN - BAGIAN UMUM SEKRETARIAT DAERAH,2,1,2800000,3100000,11,0,0,0
86142d9d-31b0-463e-8573-627e878f2c30,Pemerintah Kab. Barru,CPNS,UMUM,INSTRUKTUR AHLI PERTAMA,"PEMERINTAH KABUPATEN BARRU | DINAS TENAGA KERJA | BIDANG PELATIHAN KERJA, PRODUKTIVITAS KERJA, PENEMPATAN TENAGA KERJA DAN TRANSMIGRASI",1,1,2300000,3300000,44,0,0,0
330c3c40-49b6-43a4-b60c-f3284ce6b4b7,Pemerintah Kab. Batang,CPNS,UMUM,INSTRUKTUR AHLI PERTAMA,PEMERINTAH KABUPATEN BATANG | DINAS KETENAGAKERJAAN | UPT BALAI LATIHAN KERJA,1,1,2785700,3785700,18,0,0,0
38ad7bbb-d1ad-49cb-8c50-1eee2ed78ff7,Pemerintah Kab. Batang,CPNS,UMUM,PRANATA KOMPUTER AHLI PERTAMA,PEMERINTAH KABUPATEN BATANG | DINAS KOMUNIKASI DAN INFORMATIKA | BIDANG PENYELENGGARAAN SISTEM PEMERINTAHAN BERBASIS ELEKTRONIK,1,1,2785700,3785700,34,0,0,0
92b22b84-768e-4765-ab5e-6bee310af1a4,Pemerintah Kab. Batang Hari,CPNS,UMUM,PENERA AHLI PERTAMA,"PEMERINTAH KABUPATEN BATANG HARI | DINAS PERDAGANGAN, KOPERASI, USAHA KECIL DAN MENENGAH | BIDANG PERDAGANGAN",2,1,3000000,5000000,46,0,0,0
a889e886-fa7b-41b4-aa9c-228bcaf5aaf7,Pemerintah Kab. Batang Hari,CPNS,UMUM,PENGAWAS PENYELENGGARAAN URUSAN PEMERINTAHAN DAERAH AHLI PERTAMA,PEMERINTAH KABUPATEN BATANG HARI | INSPEKTORAT  DAERAH,3,1,3000000,5000000,83,0,0,0
4ac50ca3-62a0-45ca-884a-168d7957aaec,Pemerintah Kab. Belitung,CPNS,UMUM,PENATA PERIZINAN AHLI PERTAMA,Pemerintah Kabupaten Belitung | Dinas Penanaman Modal Pelayanan Terpadu Satu Pintu dan Perindustrian | Bidang Penyelenggaraan Pelayanan Perizinan dan Non Perizinan dan Pengaduan,1,1,2785700,2785700,53,0,0,0
ce3f5d8e-f145-483f-b933-bae097f7f238,Pemerintah Kab. Belitung,CPNS,UMUM,PENERA AHLI PERTAMA,Pemerintah Kabupaten Belitung | Dinas Koperasi Usaha Kecil dan Menengah Perdagangan dan Tenaga Kerja | UPT Metrologi Legal,1,1,2785700,2785700,30,0,0,0
0d365f7c-a894-433e-a6ae-39d56106e338,Pemerintah Kab. Belitung,CPNS,UMUM,PENGAWAS PERDAGANGAN AHLI PERTAMA,Pemerintah Kabupaten Belitung | Dinas Koperasi Usaha Kecil dan Menengah Perdagangan dan Tenaga Kerja | Bidang  Usaha Perdagangan,1,1,2785700,2785700,60,0,0,0
e3837c6d-856e-4bf9-8725-c6b058d936c2,Pemerintah Kab. Belitung Timur,CPNS,UMUM,MANGGALA INFORMATIKA AHLI PERTAMA,"PEMERINTAH KABUPATEN BELITUNG TIMUR | DINAS KOMUNIKASI, INFORMATIKA, STATISTIK DAN PERSANDIAN | BIDANG KEAMANAN INFORMASI, PERSANDIAN DAN STATISTIK",1,1,2800000,3700000,13,0,0,0
7d0f0513-7ca5-44ba-82f5-b4bb6648ce05,Pemerintah Kab. Belitung Timur,CPNS,UMUM,PRANATA KOMPUTER AHLI PERTAMA,PEMERINTAH KABUPATEN BELITUNG TIMUR | SEKRETARIAT DAERAH | ASISTEN ADMINISTRASI UMUM | BAGIAN ORGANISASI,1,1,2800000,3300000,12,0,0,0
4197e327-8a54-4f88-a77a-22ec59c6493b,Pemerintah Kab. Belu,CPNS,UMUM,PRANATA KOMPUTER AHLI PERTAMA,PEMERINTAH KAB. BELU                                                   | DINAS PERTANIAN DAN KETAHANAN PANGAN | SEKRETARIAT | SUB BAGIAN UMUM DAN KEPEGAWAIAN,2,1,2900000,3500000,8,0,0,0
491d8bfa-f87f-4e7c-9dff-56b0be0be50f,Pemerintah Kab. Belu,CPNS,UMUM,PRANATA KOMPUTER AHLI PERTAMA,PEMERINTAH KAB. BELU                                                   | DINAS KEPENDUDUKAN DAN PENCATATAN SIPIL | BIDANG PELAYANAN PENDAFTARAN PENDUDUK,1,1,3300000,3500000,3,0,0,0
a5485feb-b80d-4c79-9f96-0086a0b75736,Pemerintah Kab. Belu,CPNS,UMUM,SANDIMAN AHLI PERTAMA,PEMERINTAH KAB. BELU                                                   | DINAS KOMUNIKASI DAN INFORMATIKA | BIDANG PERSANDIAN DAN STATISTIK,1,1,2900000,3500000,1,0,0,0
2480eabf-fbe6-448b-8c31-732adca3f3cd,Pemerintah Kab. Bengkayang,CPNS,UMUM,PENGAWAS KEMETROLOGIAN AHLI PERTAMA,Pemerintah Kabupaten Bengkayang | Dinas Perindustrian Dan Perdagangan | Bidang Kemetrologian,1,1,2000000,5000000,13,0,0,0
0cbebfec-4157-47d9-8d62-86b168551860,Pemerintah Kab. Bengkayang,CPNS,UMUM,SANDIMAN AHLI PERTAMA,Pemerintah Kabupaten Bengkayang | Dinas Komunikasi Dan Informatika | Bidang Statistik Dan Persandian,1,1,2000000,5000000,6,0,0,0
f1338418-7999-483a-aaa1-e235bf75b5a5,Pemerintah Kab. Bengkulu Selatan,CPNS,UMUM,PENGENDALI KONTEN INTERNET,Pemerintah Kabupaten Bengkulu Selatan | Sekretariat Daerah | Asisten Administrasi Umum | Bagian Protokol dan Komunikasi Pimpinan,1,0,2785700,4575200,12,0,0,0
57c8abc4-1f53-405c-ab97-5c03053957e8,Pemerintah Kab. Bengkulu Utara,CPNS,UMUM,PENATA PERIZINAN AHLI PERTAMA,Pemerintah Kabupaten Bengkulu Utara | Dinas Penanaman Modal Dan Pelayanan Terpadu Satu Pintu | Koordinator Jf Dan Kelompok Jf Pelayanaan Terpadu Satu Pintu,2,1,2900000,3500000,42,0,0,0
719b6939-ef84-4ee6-97de-ef13102070ce,Pemerintah Kab. Berau,CPNS,UMUM,MANGGALA INFORMATIKA AHLI PERTAMA,PEMERINTAH KABUPATEN BERAU | DINAS KOMUNIKASI DAN INFORMATIKA | BIDANG PERSANDIAN DAN STATISTIK,1,0,2785700,4575200,14,0,0,0
fc392f19-5463-4d53-babe-1df237b2cb54,Pemerintah Kab. Berau,CPNS,UMUM,PENGAWAS JARINGAN UTILITAS,PEMERINTAH KABUPATEN BERAU | DINAS PEKERJAAN UMUM DAN PENATAAN RUANG | BIDANG AIR MINUM DAN PENYEHATAN LINGKUNGAN PEMUKIMAN,1,0,2785700,4575200,3,0,0,0
3e86d0ef-43b2-4ec1-b77e-53f23dd09f24,Pemerintah Kab. Berau,CPNS,UMUM,PENGAWAS PENYELENGGARAAN URUSAN PEMERINTAHAN DAERAH AHLI PERTAMA,PEMERINTAH KABUPATEN BERAU | INSPEKTORAT,5,0,2785700,4575200,131,0,0,0
8a028490914aa6ad01914acb54b51cef,Pemerintah Kab. Berau,CPNS,PENYANDANG DISABILITAS,PRANATA KOMPUTER AHLI PERTAMA,PEMERINTAH KABUPATEN BERAU | DINAS PERKEBUNAN | SEKRETARIAT,1,1,2785700,4575200,0,0,0,0
3f2f9e8d-ced3-4935-87d7-25c1ca5d7fbe,Pemerintah Kab. Berau,CPNS,UMUM,PRANATA KOMPUTER AHLI PERTAMA,PEMERINTAH KABUPATEN BERAU | DINAS PERPUSTAKAAN DAN KEARSIPAN | SEKRETARIAT,1,0,2785700,4575200,2,0,0,0
80395a26-11dc-40c5-9a70-aa51c87ec1c2,Pemerintah Kab. Berau,CPNS,UMUM,PRANATA KOMPUTER AHLI PERTAMA,PEMERINTAH KABUPATEN BERAU | DINAS PERKEBUNAN | SEKRETARIAT,1,0,2785700,4575200,9,0,0,0
8ed8d7d4-4700-4b01-92e1-76c22dfe9ab9,Pemerintah Kab. Berau,CPNS,UMUM,PRANATA KOMPUTER AHLI PERTAMA,PEMERINTAH KABUPATEN BERAU | DINAS PENANAMAN MODAL DAN PELAYANAN TERPADU SATU PINTU,1,0,2785700,5261500,2,0,0,0
90b23c4e-95c0-48a9-953d-16b9b1741c59,Pemerintah Kab. Berau,CPNS,UMUM,PRANATA KOMPUTER AHLI PERTAMA,PEMERINTAH KABUPATEN BERAU | DINAS PENDIDIKAN | SEKRETARIAT,1,0,2785700,4575200,3,0,0,0
918c5016-83f3-429a-884b-6a69b96d1afd,Pemerintah Kab. Berau,CPNS,UMUM,PRANATA KOMPUTER AHLI PERTAMA,"PEMERINTAH KABUPATEN BERAU | DINAS KOPERASI, PERINDUSTRIAN DAN PERDAGANGAN | SEKRETARIAT",1,0,2785700,4575200,2,0,0,0
c8c879fa-d092-4654-a511-979cd1f4fb6a,Pemerintah Kab. Berau,CPNS,UMUM,SANDIMAN AHLI PERTAMA,PEMERINTAH KABUPATEN BERAU | DINAS KOMUNIKASI DAN INFORMATIKA | BIDANG PERSANDIAN DAN STATISTIK,2,0,2785700,4575200,10,0,0,0
8a0384c7915b4c4c01915e3f292622e5,Pemerintah Kab. Biak Numfor,CPNS,ORANG ASLI PAPUA (OAP),INSTRUKTUR AHLI PERTAMA,Pemerintah Kabupaten Biak Numfor | Dinas Tenaga Kerja | UPTD Loka Latihan Kerja - Usaha Kecil dan Menengah | Kelompok Jabatan Fungsional,5,0,3000000,4000000,11,0,0,0
c74d7168-0cbe-43d5-bf54-4d80fd800afc,Pemerintah Kab. Biak Numfor,CPNS,UMUM (NON OAP),INSTRUKTUR AHLI PERTAMA,Pemerintah Kabupaten Biak Numfor | Dinas Tenaga Kerja | UPTD Loka Latihan Kerja - Usaha Kecil dan Menengah | Kelompok Jabatan Fungsional,1,0,3000000,4000000,1,0,0,0
8a0186ce915e61b701915edafcb71b95,Pemerintah Kab. Biak Numfor,CPNS,ORANG ASLI PAPUA (OAP),PENERA AHLI PERTAMA,Pemerintah Kabupaten Biak Numfor | Dinas Perindustrian dan Perdagangan | UPTD Metereologi | Kelompok Jabatan Fungsional,1,0,3000000,4000000,0,0,0,0
7e2f32a0-4146-489c-a58f-cd0ed39d5461,Pemerintah Kab. Biak Numfor,CPNS,UMUM (NON OAP),PENERA AHLI PERTAMA,Pemerintah Kabupaten Biak Numfor | Dinas Perindustrian dan Perdagangan | UPTD Metereologi | Kelompok Jabatan Fungsional,2,0,3000000,4000000,3,0,0,0
a4858d61-8197-4705-9399-c3f4292cb7de,Pemerintah Kab. Biak Numfor,CPNS,UMUM (NON OAP),"PENGAWAS ENERGI BARU, TERBARUKAN, DAN KONSERVASI ENERGI",Pemerintah Kabupaten Biak Numfor | Badan Riset dan Inovasi Daerah,2,0,3000000,4000000,6,0,0,0
18c66096-abbd-4a9a-b403-173649ecb9b6,Pemerintah Kab. Biak Numfor,CPNS,ORANG ASLI PAPUA (OAP),PENGAWAS INDUSTRI,Pemerintah Kabupaten Biak Numfor | Dinas Perindustrian dan Perdagangan | Bidang Pengembangan Teknologi | Seksi Industri Makanan dan Minuman,1,0,3000000,4000000,1,0,0,0
540268e0-3a0f-4c09-a56f-1c4542edb27e,Pemerintah Kab. Biak Numfor,CPNS,ORANG ASLI PAPUA (OAP),PENGAWAS INDUSTRI,Pemerintah Kabupaten Biak Numfor | Dinas Perindustrian dan Perdagangan | Bidang Perdagangan | Seksi Pembinaan dan Pengembangan Perdagangan,1,0,3000000,4000000,1,0,0,0
6816513b-183b-42b8-b57b-f38c18f0d00f,Pemerintah Kab. Biak Numfor,CPNS,UMUM (NON OAP),PENGAWAS INDUSTRI,Pemerintah Kabupaten Biak Numfor | Dinas Perindustrian dan Perdagangan | Bidang Pengembangan Teknologi | Seksi Industri Mesin dan Teknologi,1,0,3000000,4000000,0,0,0,0
a26a0059-af0a-4dd7-b343-be668eb19317,Pemerintah Kab. Biak Numfor,CPNS,ORANG ASLI PAPUA (OAP),PENGAWAS INDUSTRI,Pemerintah Kabupaten Biak Numfor | Dinas Perindustrian dan Perdagangan | Bidang Perlindungan Konsumen | Seksi Gangguan dan Dampak Lingkungan,1,0,3000000,4000000,0,0,0,0
d82e6fda-d319-427f-bd70-e26ca8884ff8,Pemerintah Kab. Biak Numfor,CPNS,ORANG ASLI PAPUA (OAP),PENGAWAS INDUSTRI,Pemerintah Kabupaten Biak Numfor | Dinas Perindustrian dan Perdagangan | Bidang Pengembangan Teknologi | Seksi Pengawasan Industri,1,0,3000000,4000000,1,0,0,0
e73bad20-76fe-4c6c-ae05-0ab4087de817,Pemerintah Kab. Biak Numfor,CPNS,ORANG ASLI PAPUA (OAP),PENGAWAS INDUSTRI,"Pemerintah Kabupaten Biak Numfor | Dinas Perindustrian dan Perdagangan | Bidang Perindustrian | Seksi Industri Kecil, Menengah dan Besar",1,0,3000000,4000000,1,0,0,0
46c33a29-f3c8-4750-bc41-559ff3187350,Pemerintah Kab. Biak Numfor,CPNS,UMUM (NON OAP),PENGAWAS JARINGAN UTILITAS,Pemerintah Kabupaten Biak Numfor | Dinas Perumahan dan Kawasan Permukiman | Bidang Kawasan Permukiman | Seksi Prasarana Utilitas Umum Kawasan Permukiman,1,0,3000000,4000000,1,0,0,0
8a0186ce915e61b701915f1941cd30be,Pemerintah Kab. Biak Numfor,CPNS,ORANG ASLI PAPUA (OAP),PENGUJI MUTU BARANG AHLI PERTAMA,Pemerintah Kabupaten Biak Numfor | Dinas Perindustrian dan Perdagangan | UPTD Metereologi | Kelompok Jabatan Fungsional,2,0,3000000,4000000,10,0,0,0
09e0ac2d-9b42-48ac-92b3-30fee78bda33,Pemerintah Kab. Biak Numfor,CPNS,UMUM (NON OAP),PENGUJI MUTU BARANG AHLI PERTAMA,Pemerintah Kabupaten Biak Numfor | Dinas Perindustrian dan Perdagangan | UPTD Metereologi | Kelompok Jabatan Fungsional,1,0,3000000,4000000,5,0,0,0
8a0186ce915e61b701915f2107553534,Pemerintah Kab. Biak Numfor,CPNS,ORANG ASLI PAPUA (OAP),PENYULUH PERINDUSTRIAN DAN PERDAGANGAN AHLI PERTAMA,Pemerintah Kabupaten Biak Numfor | Dinas Perindustrian dan Perdagangan | Jabatan Fungsional,2,0,3000000,4000000,2,0,0,0
08d21b2c-0e1f-4913-89b8-a2ff9278a269,Pemerintah Kab. Biak Numfor,CPNS,UMUM (NON OAP),PENYULUH PERINDUSTRIAN DAN PERDAGANGAN AHLI PERTAMA,Pemerintah Kabupaten Biak Numfor | Dinas Perindustrian dan Perdagangan | Jabatan Fungsional,1,0,3000000,4000000,3,0,0,0
dcf5e984-9304-44f7-8cb8-155ca5e1a2f7,Pemerintah Kab. Biak Numfor,CPNS,UMUM (NON OAP),PRANATA HUBUNGAN MASYARAKAT AHLI PERTAMA,Pemerintah Kabupaten Biak Numfor | Sekretariat Dewan Perwakilan Rakyat Daerah | Kelompok Jabatan Fungsional,3,0,3000000,4000000,16,0,0,0
8a0186ce915e61b701915f90ad8468fa,Pemerintah Kab. Biak Numfor,CPNS,ORANG ASLI PAPUA (OAP),PRANATA KOMPUTER AHLI PERTAMA,Pemerintah Kabupaten Biak Numfor | Badan Pengelola Keuangan Aset Daerah | Kelompok Jabatan Fungsional,2,0,3000000,4000000,0,0,0,0
8a0186ce915e61b701915f90f888693a,Pemerintah Kab. Biak Numfor,CPNS,ORANG ASLI PAPUA (OAP),PRANATA KOMPUTER AHLI PERTAMA,Pemerintah Kabupaten Biak Numfor | Badan Perencanaan dan Pembangunan Daerah | Kelompok Jabatan Fungsional,2,0,3000000,4000000,1,0,0,0
8a0186ce915e61b701915f916b1e6965,Pemerintah Kab. Biak Numfor,CPNS,ORANG ASLI PAPUA (OAP),PRANATA KOMPUTER AHLI PERTAMA,Pemerintah Kabupaten Biak Numfor | Dinas Komunikasi dan Informatika | Kelompok Jabatan Fungsional,3,0,3000000,4000000,1,0,0,0
8a0186ce915e61b701915f91df0e69b4,Pemerintah Kab. Biak Numfor,CPNS,ORANG ASLI PAPUA (OAP),PRANATA KOMPUTER AHLI PERTAMA,Pemerintah Kabupaten Biak Numfor | Dinas Kependudukan dan Pencatatan Sipil | Kelompok Jabatan Fungsional,2,0,3000000,4000000,0,0,0,0
8a0186ce915e61b701915f92521c69da,Pemerintah Kab. Biak Numfor,CPNS,ORANG ASLI PAPUA (OAP),PRANATA KOMPUTER AHLI PERTAMA,Pemerintah Kabupaten Biak Numfor | Sekretariat Daerah | Jabatan Fungsional,9,0,3000000,4000000,4,0,0,0
8a0186ce915e61b701915f92e88b6a06,Pemerintah Kab. Biak Numfor,CPNS,ORANG ASLI PAPUA (OAP),PRANATA KOMPUTER AHLI PERTAMA,Pemerintah Kabupaten Biak Numfor | Badan Pendapatan Daerah | Kelompok Jabatan Fungsional,4,0,3000000,4000000,1,0,0,0
8a0186ce915e61b701915f93794b6a33,Pemerintah Kab. Biak Numfor,CPNS,ORANG ASLI PAPUA (OAP),PRANATA KOMPUTER AHLI PERTAMA,Pemerintah Kabupaten Biak Numfor | Dinas Penanaman Modal dan Pelayanan Terpadu Satu Pintu | Kelompok Jabatan Fungsional,4,0,3000000,4000000,0,0,0,0
8a0186ce915e61b701915f93f1226a78,Pemerintah Kab. Biak Numfor,CPNS,ORANG ASLI PAPUA (OAP),PRANATA KOMPUTER AHLI PERTAMA,Pemerintah Kabupaten Biak Numfor | Badan Kepegawaian dan Pengembangan Sumber Daya Manusia | Kelompok Jabatan Fungsional,1,0,3000000,4000000,0,0,0,0
8a0186ce915e61b701915f9533196ac4,Pemerintah Kab. Biak Numfor,CPNS,ORANG ASLI PAPUA (OAP),PRANATA KOMPUTER AHLI PERTAMA,Pemerintah Kabupaten Biak Numfor | Dinas Pendidikan dan Kebudayaan | Kelompok Jabatan Fungsional,4,0,3000000,4000000,1,0,0,0
030ef62a-0037-4634-a519-7cd82341171a,Pemerintah Kab. Biak Numfor,CPNS,UMUM (NON OAP),PRANATA KOMPUTER AHLI PERTAMA,Pemerintah Kabupaten Biak Numfor | Badan Pengelola Keuangan Aset Daerah | Kelompok Jabatan Fungsional,1,0,3000000,4000000,1,0,0,0
039c19e3-0894-4f81-8e33-e7382cd76eee,Pemerintah Kab. Biak Numfor,CPNS,UMUM (NON OAP),PRANATA KOMPUTER AHLI PERTAMA,Pemerintah Kabupaten Biak Numfor | Badan Perencanaan dan Pembangunan Daerah | Kelompok Jabatan Fungsional,1,0,3000000,4000000,0,0,0,0
041e5a35-89a4-4e30-81c2-98973faa5098,Pemerintah Kab. Biak Numfor,CPNS,UMUM (NON OAP),PRANATA KOMPUTER AHLI PERTAMA,Pemerintah Kabupaten Biak Numfor | Dinas Komunikasi dan Informatika | Kelompok Jabatan Fungsional,1,0,3000000,4000000,1,0,0,0
18398056-f04f-44bd-8f45-edfaf3bf2e71,Pemerintah Kab. Biak Numfor,CPNS,UMUM (NON OAP),PRANATA KOMPUTER AHLI PERTAMA,Pemerintah Kabupaten Biak Numfor | Dinas Kependudukan dan Pencatatan Sipil | Kelompok Jabatan Fungsional,1,0,3000000,4000000,1,0,0,0
185b6604-af7f-4b9e-9a01-08d18223d750,Pemerintah Kab. Biak Numfor,CPNS,UMUM (NON OAP),PRANATA KOMPUTER AHLI PERTAMA,Pemerintah Kabupaten Biak Numfor | Sekretariat Daerah | Jabatan Fungsional,1,0,3000000,4000000,0,0,0,0
2adcd3c0-8356-4b4d-a1b8-9f075f5fdcf4,Pemerintah Kab. Biak Numfor,CPNS,UMUM (NON OAP),PRANATA KOMPUTER AHLI PERTAMA,Pemerintah Kabupaten Biak Numfor | Badan Pendapatan Daerah | Kelompok Jabatan Fungsional,1,0,3000000,4000000,0,0,0,0
620664ce-5200-49e6-8ba1-63b68c0d57d9,Pemerintah Kab. Biak Numfor,CPNS,UMUM (NON OAP),PRANATA KOMPUTER AHLI PERTAMA,Pemerintah Kabupaten Biak Numfor | Dinas Penanaman Modal dan Pelayanan Terpadu Satu Pintu | Kelompok Jabatan Fungsional,1,0,3000000,4000000,1,0,0,0
9fe3df02-c302-449a-a0a5-f978a3881657,Pemerintah Kab. Biak Numfor,CPNS,UMUM (NON OAP),PRANATA KOMPUTER AHLI PERTAMA,Pemerintah Kabupaten Biak Numfor | Badan Kepegawaian dan Pengembangan Sumber Daya Manusia | Kelompok Jabatan Fungsional,2,0,3000000,4000000,7,0,0,0
d928c1d9-d2cf-4328-872e-5d2df7a75fee,Pemerintah Kab. Biak Numfor,CPNS,UMUM (NON OAP),PRANATA KOMPUTER AHLI PERTAMA,Pemerintah Kabupaten Biak Numfor | Dinas Pendidikan dan Kebudayaan | Kelompok Jabatan Fungsional,1,0,3000000,4000000,0,0,0,0
8a0186ce915e61b701915f986f066bc2,Pemerintah Kab. Biak Numfor,CPNS,ORANG ASLI PAPUA (OAP),SANDIMAN AHLI PERTAMA,Pemerintah Kabupaten Biak Numfor | Dinas Komunikasi dan Informatika | Kelompok Jabatan Fungsional,1,0,3000000,4000000,1,0,0,0
388d83dd-28f2-45f4-8066-432e2e670fb1,Pemerintah Kab. Biak Numfor,CPNS,UMUM (NON OAP),SANDIMAN AHLI PERTAMA,Pemerintah Kabupaten Biak Numfor | Dinas Komunikasi dan Informatika | Kelompok Jabatan Fungsional,2,0,3000000,4000000,4,0,0,0
8a0186ce915e61b701915fa053b36e33,Pemerintah Kab. Biak Numfor,CPNS,ORANG ASLI PAPUA (OAP),TEKNISI SARANA DAN PRASARANA,Pemerintah Kabupaten Biak Numfor | Badan Riset dan Inovasi Daerah | Sekretariat Badan Riset dan Inovasi Daerah | Sub Bagian Umum dan Kepegawaian,1,0,3000000,4000000,0,0,0,0
049552f9-f9ed-41d2-8a3b-6bfccf900256,Pemerintah Kab. Biak Numfor,CPNS,ORANG ASLI PAPUA (OAP),TEKNISI SARANA DAN PRASARANA,Pemerintah Kabupaten Biak Numfor | Dinas Perumahan dan Kawasan Permukiman | Bidang Kawasan Permukiman | Seksi Penata Permukiman Kumuh,1,0,3000000,4000000,0,0,0,0
13483cde-a9c3-4a68-b27f-6344c1445ffd,Pemerintah Kab. Biak Numfor,CPNS,ORANG ASLI PAPUA (OAP),TEKNISI SARANA DAN PRASARANA,Pemerintah Kabupaten Biak Numfor | Badan Penanggulangan Bencana Daerah | Bidang Kedaruratan dan Logistik | Seksi Tanggap Darurat,1,0,3000000,4000000,1,0,0,0
14a40c11-e558-4cbf-95a0-77fbc7e4a482,Pemerintah Kab. Biak Numfor,CPNS,ORANG ASLI PAPUA (OAP),TEKNISI SARANA DAN PRASARANA,Pemerintah Kabupaten Biak Numfor | Satuan Polisi Pamong Praja | Bidang Sumber Daya Aparatur | Seksi Sarana dan Prasarana,1,0,3000000,4000000,0,0,0,0
35a95764-6b79-4714-b1ee-7ce3282ec253,Pemerintah Kab. Biak Numfor,CPNS,ORANG ASLI PAPUA (OAP),TEKNISI SARANA DAN PRASARANA,Pemerintah Kabupaten Biak Numfor | Dinas Perumahan dan Kawasan Permukiman | Bidang Pertanahan | Seksi Pemanfaatan Lahan Pemakaman,1,0,3000000,4000000,0,0,0,0
3616970c-7ce6-440d-a769-c47282edb2dd,Pemerintah Kab. Biak Numfor,CPNS,ORANG ASLI PAPUA (OAP),TEKNISI SARANA DAN PRASARANA,Pemerintah Kabupaten Biak Numfor | Dinas Pekerjaan Umum dan Penataan Ruang | Bidang Tata Ruang | Seksi Pembinaan Tata Ruang,1,0,3000000,4000000,0,0,0,0
366399ac-d865-49b5-bebd-2bf47792a45d,Pemerintah Kab. Biak Numfor,CPNS,ORANG ASLI PAPUA (OAP),TEKNISI SARANA DAN PRASARANA,Pemerintah Kabupaten Biak Numfor | Dinas Perumahan dan Kawasan Permukiman | Bidang Perumahan Rakyat | Seksi Penyediaan Perumahan,1,0,3000000,4000000,0,0,0,0
436e6bba-7a2b-4a01-83ea-a28ff0532368,Pemerintah Kab. Biak Numfor,CPNS,ORANG ASLI PAPUA (OAP),TEKNISI SARANA DAN PRASARANA,Pemerintah Kabupaten Biak Numfor | Dinas Perumahan dan Kawasan Permukiman | Bidang Perumahan Rakyat | Seksi Pembiayaan Perumahan,1,0,3000000,4000000,0,0,0,0
4a802f58-1cbd-4891-9114-48f4f3d219fd,Pemerintah Kab. Biak Numfor,CPNS,ORANG ASLI PAPUA (OAP),TEKNISI SARANA DAN PRASARANA,Pemerintah Kabupaten Biak Numfor | Dinas Pekerjaan Umum dan Penataan Ruang | Bidang Tata Ruang | Seksi Survey dan Penertiban Tata Ruang,1,0,3000000,4000000,0,0,0,0
4bf5a307-698b-470f-b536-d4f28f276081,Pemerintah Kab. Biak Numfor,CPNS,ORANG ASLI PAPUA (OAP),TEKNISI SARANA DAN PRASARANA,Pemerintah Kabupaten Biak Numfor | Distrik Biak Utara | Seksi Perekonomian dan Pembangunan,1,0,3000000,4000000,0,0,0,0
4c84acac-2527-4b39-a6b4-4e30d05866b3,Pemerintah Kab. Biak Numfor,CPNS,ORANG ASLI PAPUA (OAP),TEKNISI SARANA DAN PRASARANA,Pemerintah Kabupaten Biak Numfor | Dinas Perumahan dan Kawasan Permukiman | Bidang Kawasan Permukiman | Seksi Penataan Permukiman Strategis dan Khusus,1,0,3000000,4000000,0,0,0,0
5f98bf2e-7c5d-4d63-b2ea-1f556c1ba72c,Pemerintah Kab. Biak Numfor,CPNS,ORANG ASLI PAPUA (OAP),TEKNISI SARANA DAN PRASARANA,Pemerintah Kabupaten Biak Numfor | Distrik Biak Kota | Seksi Perekonomian dan Pembangunan,1,0,3000000,4000000,1,0,0,0
6b94f2e9-8bfa-42f5-ba24-5ec2ca812a4c,Pemerintah Kab. Biak Numfor,CPNS,ORANG ASLI PAPUA (OAP),TEKNISI SARANA DAN PRASARANA,Pemerintah Kabupaten Biak Numfor | Distrik Numfor Timur | Seksi Perekonomian dan Pembangunan,1,0,3000000,4000000,0,0,0,0
846ed0fe-a273-4c13-a7b9-df25369acd07,Pemerintah Kab. Biak Numfor,CPNS,ORANG ASLI PAPUA (OAP),TEKNISI SARANA DAN PRASARANA,Pemerintah Kabupaten Biak Numfor | Dinas Perhubungan | Bidang Prasarana | Seksi Perencanaan Prasarana,1,0,3000000,4000000,0,0,0,0
a659abc5-8725-41a3-99dd-c94749b15624,Pemerintah Kab. Biak Numfor,CPNS,ORANG ASLI PAPUA (OAP),TEKNISI SARANA DAN PRASARANA,Pemerintah Kabupaten Biak Numfor | Distrik Samofa | Seksi Perekonomian dan Pembangunan,1,0,3000000,4000000,0,0,0,0
b163ec16-017d-4075-9501-148d7d167e80,Pemerintah Kab. Biak Numfor,CPNS,ORANG ASLI PAPUA (OAP),TEKNISI SARANA DAN PRASARANA,Pemerintah Kabupaten Biak Numfor | Dinas Pekerjaan Umum dan Penataan Ruang | Bidang Bina Marga | Seksi Pemeliharaan dan Pemanfaatan Jalan/Jembatan,1,0,3000000,4000000,1,0,0,0
bcf74435-964e-462f-be82-550b2ba35bb9,Pemerintah Kab. Biak Numfor,CPNS,ORANG ASLI PAPUA (OAP),TEKNISI SARANA DAN PRASARANA,Pemerintah Kabupaten Biak Numfor | Distrik Numfor Barat | Seksi Perekonomian dan Pembangunan,1,0,3000000,4000000,0,0,0,0
c00b7e33-7766-4c8e-a153-8eff5063fe77,Pemerintah Kab. Biak Numfor,CPNS,ORANG ASLI PAPUA (OAP),TEKNISI SARANA DAN PRASARANA,Pemerintah Kabupaten Biak Numfor | Dinas Pekerjaan Umum dan Penataan Ruang | Bidang Bina Konstruksi | Seksi Produk Pengaturan Bina Konstruksi,1,0,3000000,4000000,1,0,0,0
c88e5089-ca50-4361-82d4-90e6517dd26d,Pemerintah Kab. Biak Numfor,CPNS,ORANG ASLI PAPUA (OAP),TEKNISI SARANA DAN PRASARANA,Pemerintah Kabupaten Biak Numfor | Dinas Pekerjaan Umum dan Penataan Ruang | Bidang Cipta Karya | Seksi Tata Bangunan dan Pemukiman,1,0,3000000,4000000,1,0,0,0
ed7e2614-250f-4d18-b661-e160a428c28f,Pemerintah Kab. Biak Numfor,CPNS,UMUM (NON OAP),TEKNISI SARANA DAN PRASARANA,Pemerintah Kabupaten Biak Numfor | Badan Riset dan Inovasi Daerah | Sekretariat Badan Riset dan Inovasi Daerah | Sub Bagian Umum dan Kepegawaian,1,0,3000000,4000000,3,0,0,0
f9ea3d10-6069-4970-89a3-d41f40bfcc29,Pemerintah Kab. Biak Numfor,CPNS,ORANG ASLI PAPUA (OAP),TEKNISI SARANA DAN PRASARANA,Pemerintah Kabupaten Biak Numfor | Dinas Pekerjaan Umum dan Penataan Ruang | Bidang Bina Marga | Seksi Pembangunan dan Peningkatan Jalan,1,0,3000000,4000000,0,0,0,0
32a096ea-7e36-4be1-a465-300e539b4ca5,Pemerintah Kab. Bima,CPNS,UMUM,MANGGALA INFORMATIKA AHLI PERTAMA,"PEMERINTAH KABUPATEN BIMA | DINAS KOMUNIKASI, INFORMATIKA DAN STATISTIK | BIDANG PENGELOLAAN TEKNOLOGI INFORMASI DAN KOMUNIKASI",1,1,2745700,4575200,21,0,0,0
af96ea60-a477-4f7b-8563-a3ee963e4912,Pemerintah Kab. Bima,CPNS,UMUM,PENERA AHLI PERTAMA,PEMERINTAH KABUPATEN BIMA | DINAS PERINDUSTRIAN DAN PERDAGANGAN | BIDANG PERDAGANGAN,1,1,2745700,4575200,13,0,0,0
76fa2fee-ea41-4c74-9bf0-c356f1b0d9d4,Pemerintah Kab. Bireuen,CPNS,UMUM,PENATA KELOLA BANGUNAN GEDUNG DAN KAWASAN PERMUKIMAN AHLI PERTAMA,KABUPATEN BIREUEN | Dinas Pekerjaan Umum dan Penataan Ruang,3,0,3200000,4000000,128,0,0,0
2b84915d-f17c-40cc-9572-2bfe71be1366,Pemerintah Kab. Bogor,CPNS,UMUM,PENERA AHLI PERTAMA,Pemerintah Kabupaten Bogor | Dinas Perdagangan dan Perindustrian | Bidang Tertib Niaga,2,1,2785700,5000000,143,0,0,0
39e46c3c-654d-4bfe-908c-994a38eee2aa,Pemerintah Kab. Bogor,CPNS,UMUM,PENGGERAK SWADAYA MASYARAKAT AHLI PERTAMA,Pemerintah Kabupaten Bogor | Dinas Pemberdayaan Masyarakat dan Desa | Bidang Pemberdayaan Masyarakat Desa,1,1,2785700,5000000,71,0,0,0
a96fcc9c-6360-4385-8b36-f229dd09dc9e,Pemerintah Kab. Bogor,CPNS,UMUM,PENGGERAK SWADAYA MASYARAKAT AHLI PERTAMA,Pemerintah Kabupaten Bogor | Dinas Pemberdayaan Masyarakat dan Desa | Bidang Sarana Prasarana dan Kewilayahan Ekonomi Desa,1,1,2785700,5000000,38,0,0,0
4a213dd3-37e5-4789-822d-dcdf87247383,Pemerintah Kab. Bojonegoro,CPNS,UMUM,PENERA AHLI PERTAMA,"PEMERINTAH KABUPATEN BOJONEGORO | DINAS PERDAGANGAN, KOPERASI DAN USAHA MIKRO",2,1,2785700,8427950,117,0,0,0
56edebc1-cc1e-4c3b-9006-0ca71c4a0266,Pemerintah Kab. Bojonegoro,CPNS,UMUM,PENGELOLA PENGADAAN BARANG/JASA AHLI PERTAMA,PEMERINTAH KABUPATEN BOJONEGORO | SEKRETARIAT DAERAH | ASISTEN PEREKONOMIAN DAN PEMBANGUNAN | BAGIAN PENGADAAN BARANG / JASA,12,1,2785700,8427950,614,0,0,0
eff01ef9-1679-4574-a211-97ebcdb23c54,Pemerintah Kab. Bojonegoro,CPNS,UMUM,PRANATA KOMPUTER AHLI PERTAMA,PEMERINTAH KABUPATEN BOJONEGORO | DINAS KOMUNIKASI DAN INFORMATIKA,3,1,2785700,8427950,183,0,0,0
037d6b45-7d1d-4fa2-8a58-393d786ee5eb,Pemerintah Kab. Bolaang Mongondow Timur,CPNS,PENYANDANG DISABILITAS,ARSIPARIS AHLI PERTAMA,PEMERINTAH KABUPATEN BOLAANG MONGONDOW TIMUR | DINAS PERUMAHAN DAN KAWASAN PERMUKIMAN DAN PERTANAHAN,1,1,3203600,5265000,3,0,0,0
7e8c4463-2ca4-458c-9a7a-1cba3d5a45a9,Pemerintah Kab. Bolaang Mongondow Timur,CPNS,UMUM,ARSIPARIS AHLI PERTAMA,PEMERINTAH KABUPATEN BOLAANG MONGONDOW TIMUR | DINAS KEPENDUDUKAN DAN PENCATATAN SIPIL,1,1,3203600,5265000,122,0,0,0
f62b98fa-c1b3-485c-98db-004d12562a84,Pemerintah Kab. Bolaang Mongondow Timur,CPNS,UMUM,ARSIPARIS AHLI PERTAMA,PEMERINTAH KABUPATEN BOLAANG MONGONDOW TIMUR | BADAN PENGELOLA KEUANGAN DAN PENDAPATAN DAERAH,1,1,3203600,5265000,65,0,0,0
b1677fc6-db44-456d-b6e0-116fb8d69a0f,Pemerintah Kab. Bolaang Mongondow Timur,CPNS,UMUM,PENGAWAS PENYELENGGARAAN URUSAN PEMERINTAHAN DAERAH AHLI PERTAMA,PEMERINTAH KABUPATEN BOLAANG MONGONDOW TIMUR | INSPEKTORAT DAERAH | INSPEKTUR PEMBANTU INVESTIGASI,1,0,3203600,5265000,17,0,0,0
2811b1af-03b0-44ed-b934-91eaf24ef8e6,Pemerintah Kab. Bolaang Mongondow Timur,CPNS,UMUM,SANDIMAN AHLI PERTAMA,PEMERINTAH KABUPATEN BOLAANG MONGONDOW TIMUR | DINAS KOMUNIKASI DAN INFORMATIKA | BIDANG PERSANDIAN DAN STATISTIK,1,1,3203600,5265000,8,0,0,0
74239cf2-8ec5-4625-8c30-8f296f08dafc,Pemerintah Kab. Bolaang Mongondow Utara,CPNS,UMUM,PENGAWAS JARINGAN UTILITAS,Pemerintah Kabupaten Bolaang Mongondow Utara | Dinas Pekerjaan Umum dan Tata Ruang | Bidang Cipta Karya,2,1,2785700,2970700,34,0,0,0
8110a0a8-351d-4e9a-afdb-b28509fa8da7,Pemerintah Kab. Bolaang Mongondow Utara,CPNS,UMUM,PENGAWAS JARINGAN UTILITAS,"Pemerintah Kabupaten Bolaang Mongondow Utara | Dinas Perumahan, Kawasan Permukiman dan Pertanahan | Bidang Prasarana, Sarana dan Utilitas Umum",1,1,2785700,2970700,6,0,0,0
a85044f8-95b9-4e73-9268-bd7e406a6af8,Pemerintah Kab. Brebes,CPNS,UMUM,PENGAWAS KEMETROLOGIAN AHLI PERTAMA,"PEMERINTAH KABUPATEN BREBES | DINAS KOPERASI, USAHA MIKRO DAN PERDAGANGAN | KELOMPOK JABATAN FUNGSIONAL",1,1,2228560,3175698,39,0,0,0
fd5798e4-6a0c-4eaa-a296-7e5a7531455e,Pemerintah Kab. Brebes,CPNS,UMUM,PENGAWAS PERDAGANGAN AHLI PERTAMA,"PEMERINTAH KABUPATEN BREBES | DINAS KOPERASI, USAHA MIKRO DAN PERDAGANGAN | KELOMPOK JABATAN FUNGSIONAL",1,1,2228560,3175698,47,0,0,0
1348d2d0-7e65-4184-977e-89c203a7a310,Pemerintah Kab. Brebes,CPNS,UMUM,PRANATA KOMPUTER AHLI PERTAMA,PEMERINTAH KABUPATEN BREBES | DINAS PERTANIAN DAN KETAHANAN PANGAN | KELOMPOK JABATAN FUNGSIONAL,1,1,2228560,3175698,29,0,0,0
53cd705b-8504-49e3-b7d7-ca86494ecbfe,Pemerintah Kab. Brebes,CPNS,UMUM,PRANATA KOMPUTER AHLI PERTAMA,PEMERINTAH KABUPATEN BREBES | DINAS PERHUBUNGAN | KELOMPOK JABATAN FUNGSIONAL,1,1,2228560,3175698,17,0,0,0
2d8216e7-89c7-418b-a609-d8fa1ccd6d9c,Pemerintah Kab. Bulukumba,CPNS,UMUM,PRANATA KOMPUTER AHLI PERTAMA,"PEMERINTAH DAERAH KAB.BULUKUMBA | DINAS KOMUNIKASI, INFORMATIKA DAN PERSANDIAN | BIDANG APLIKASI DAN INFORMATIKA",4,1,2206500,3201200,133,0,0,0
061fb884-8d56-4746-bc9b-df35adc3c3e7,Pemerintah Kab. Buru Selatan,CPNS,UMUM,ANALIS PERDAGANGAN AHLI PERTAMA,PEMERINTAH KABUPATEN BURU SELATAN | Sekretariat Daerah | Dinas Perdagangan | Bidang Sarana Distribusi Perdagangan,1,1,2800000,3500000,7,0,0,0
b411bb77-aa01-42fe-abb3-42a244e4381c,Pemerintah Kab. Buru Selatan,CPNS,UMUM,MANGGALA INFORMATIKA AHLI PERTAMA,PEMERINTAH KABUPATEN BURU SELATAN | Sekretariat Daerah | Dinas Komunikasi dan Informatika | Bidang Manajeman Sistim Informasi Dan Penyelengaraan E-Government,1,1,2800000,3000000,0,0,0,0
b7c49372-22ca-4081-a324-a77788084817,Pemerintah Kab. Buru Selatan,CPNS,UMUM,MANGGALA INFORMATIKA AHLI PERTAMA,PEMERINTAH KABUPATEN BURU SELATAN | Sekretariat Daerah | Dinas Komunikasi dan Informatika | Bidang Pembinaan Media Informasi,1,1,2800000,3500000,4,0,0,0
f40496ac-3dc1-49da-9e27-f491f824bd1d,Pemerintah Kab. Buru Selatan,CPNS,UMUM,MANGGALA INFORMATIKA AHLI PERTAMA,"PEMERINTAH KABUPATEN BURU SELATAN | Sekretariat Daerah | Dinas Komunikasi dan Informatika | Bidang Layanan Postel, Telematika dan Persandian",1,1,2800000,3500000,2,0,0,0
5d572c9e-b495-4e27-a902-03fcef285f14,Pemerintah Kab. Buru Selatan,CPNS,UMUM,PENATA KELOLA PENANAMAN MODAL AHLI PERTAMA,PEMERINTAH KABUPATEN BURU SELATAN | Sekretariat Daerah | Dinas Penanaman Modal dan Pelayanan Terpadu Satu Pintu,1,1,2800000,3500000,18,0,0,0
a14d9a0e-4d14-4a47-a18b-06bdd3924d35,Pemerintah Kab. Buru Selatan,CPNS,UMUM,PENATA KELOLA PENYEHATAN LINGKUNGAN AHLI PERTAMA,"PEMERINTAH KABUPATEN BURU SELATAN | Sekretariat Daerah | Dinas Perumahan,kawasan pemukiman dan pertanahan | Bidang Kawasan pemukiman",1,1,2800000,3500000,3,0,0,0
75c81189-4a25-4682-b24d-1ae3794f13b5,Pemerintah Kab. Buru Selatan,CPNS,UMUM,PENATA PERIZINAN AHLI PERTAMA,PEMERINTAH KABUPATEN BURU SELATAN | Sekretariat Daerah | Dinas Penanaman Modal dan Pelayanan Terpadu Satu Pintu,1,1,2800000,3500000,5,0,0,0
ab8522dd-1eef-40ae-8440-e4ecec29da84,Pemerintah Kab. Buru Selatan,CPNS,UMUM,PENERA AHLI PERTAMA,PEMERINTAH KABUPATEN BURU SELATAN | Sekretariat Daerah | Dinas Perdagangan | Bidang Metrologi Dan Perlindungan Konsumen,1,1,2800000,3500000,4,0,0,0
e9b1c03a-dcaa-4756-a0c7-5ee5fba75607,Pemerintah Kab. Buru Selatan,CPNS,UMUM,PENGAWAS KEMETROLOGIAN AHLI PERTAMA,PEMERINTAH KABUPATEN BURU SELATAN | Sekretariat Daerah | Dinas Perdagangan | Bidang Metrologi Dan Perlindungan Konsumen,1,1,2800000,3500000,6,0,0,0
8a02826391606efe0191609c4e7314f9,Pemerintah Kab. Buru Selatan,CPNS,PUTRA/PUTRI DAERAH TERTINGGAL,PENGAWAS PENYELENGGARAAN URUSAN PEMERINTAHAN DAERAH AHLI PERTAMA,PEMERINTAH KABUPATEN BURU SELATAN | Sekretariat Daerah | Inspektorat | Inspektur Pembantu wilayah III,1,1,2500000,3000000,2,0,0,0
8a02826391606efe0191609cc60b156c,Pemerintah Kab. Buru Selatan,CPNS,PUTRA/PUTRI DAERAH TERTINGGAL,PENGAWAS PENYELENGGARAAN URUSAN PEMERINTAHAN DAERAH AHLI PERTAMA,PEMERINTAH KABUPATEN BURU SELATAN | Sekretariat Daerah | Inspektorat | Inspektur Pembantu wilayah I,1,1,2500000,3000000,6,0,0,0
000db4b6-413e-481c-9abe-982fba0e8688,Pemerintah Kab. Buru Selatan,CPNS,UMUM,PENGAWAS PENYELENGGARAAN URUSAN PEMERINTAHAN DAERAH AHLI PERTAMA,PEMERINTAH KABUPATEN BURU SELATAN | Sekretariat Daerah | Inspektorat | Inspektur pembantu wilayah II,2,1,2500000,3000000,8,0,0,0
451224ad-7698-4fae-8029-55139913703c,Pemerintah Kab. Buru Selatan,CPNS,UMUM,PENGAWAS PENYELENGGARAAN URUSAN PEMERINTAHAN DAERAH AHLI PERTAMA,PEMERINTAH KABUPATEN BURU SELATAN | Sekretariat Daerah | Inspektorat | Inspektur Pembantu wilayah III,1,1,2500000,3000000,6,0,0,0
666cded7-87cf-4a13-bd20-01533f3775da,Pemerintah Kab. Buru Selatan,CPNS,UMUM,PENGAWAS PENYELENGGARAAN URUSAN PEMERINTAHAN DAERAH AHLI PERTAMA,PEMERINTAH KABUPATEN BURU SELATAN | Sekretariat Daerah | Inspektorat | Inspektur Pembantu wilayah I,1,1,2500000,3000000,10,0,0,0
a533a6a8-9a9f-4c6f-84b5-7211110afda5,Pemerintah Kab. Buru Selatan,CPNS,UMUM,PENGAWAS PERDAGANGAN AHLI PERTAMA,PEMERINTAH KABUPATEN BURU SELATAN | Sekretariat Daerah | Dinas Perdagangan | Bidang Sarana Distribusi Perdagangan,1,1,2800000,3500000,4,0,0,0
cf7675bb-f38d-44b1-b582-c474485d4018,Pemerintah Kab. Buru Selatan,CPNS,UMUM,PENGAWAS PERDAGANGAN AHLI PERTAMA,PEMERINTAH KABUPATEN BURU SELATAN | Sekretariat Daerah | Dinas Perdagangan | Bidang Penguatan Dan Pengembangan Perdagangan,1,1,2800000,3500000,4,0,0,0
625716e3-98f2-43bd-8d68-355bd7804e2b,Pemerintah Kab. Buru Selatan,CPNS,UMUM,PENGUJI MUTU BARANG AHLI PERTAMA,PEMERINTAH KABUPATEN BURU SELATAN | Sekretariat Daerah | Dinas Perdagangan | Bidang Industri,1,1,2800000,3500000,5,0,0,0
9e0661e8-75d0-4af8-b8e0-5f72c432d58c,Pemerintah Kab. Buru Selatan,CPNS,UMUM,PRANATA HUBUNGAN MASYARAKAT AHLI PERTAMA,PEMERINTAH KABUPATEN BURU SELATAN | Sekretariat Daerah | Dinas Komunikasi dan Informatika | Bidang Manajeman Sistim Informasi Dan Penyelengaraan E-Government,1,1,2800000,3500000,34,0,0,0
125980d9-ee50-41cb-8699-bb38d35ccd6a,Pemerintah Kab. Buru Selatan,CPNS,PENYANDANG DISABILITAS,PRANATA KOMPUTER AHLI PERTAMA,"PEMERINTAH KABUPATEN BURU SELATAN | Sekretariat Daerah | Dinas Perumahan,kawasan pemukiman dan pertanahan | Bidang Pertanahan",1,1,2800000,3500000,1,0,0,0
17a07cdf-32b5-4383-9987-ac76353235bd,Pemerintah Kab. Buru Selatan,CPNS,UMUM,PRANATA KOMPUTER AHLI PERTAMA,PEMERINTAH KABUPATEN BURU SELATAN | Sekretariat Daerah | Badan Penanggulangan Bencana Daerah | Bidang Kedaruratan dan Logistik | Sub Bidang Logistik,1,1,2800000,3500000,2,0,0,0
1e8919fa-c07f-4fbc-bde9-f7912c3fd584,Pemerintah Kab. Buru Selatan,CPNS,UMUM,PRANATA KOMPUTER AHLI PERTAMA,PEMERINTAH KABUPATEN BURU SELATAN | Sekretariat Daerah | Dinas Perdagangan | Bidang Sarana Distribusi Perdagangan,1,1,2800000,3500000,3,0,0,0
208879f0-8090-4b27-be31-b3358eb43cc2,Pemerintah Kab. Buru Selatan,CPNS,UMUM,PRANATA KOMPUTER AHLI PERTAMA,PEMERINTAH KABUPATEN BURU SELATAN | Sekretariat Daerah | Dinas Pendidikan | Bidang Sekolah dasar | Seksi Pengembangan dan pendidikan sekolah dasar,1,1,2800000,3500000,0,0,0,0
21611887-2e47-49ae-b075-7132e6f6a949,Pemerintah Kab. Buru Selatan,CPNS,UMUM,PRANATA KOMPUTER AHLI PERTAMA,PEMERINTAH KABUPATEN BURU SELATAN | Sekretariat Daerah | Dinas Pariwisata dan Kebudayaan | Bidang Pengembangan Produk Dan Usaha Wisata,1,1,2800000,3500000,1,0,0,0
295ea816-e90b-4bd6-92a2-a0f4a69f85b8,Pemerintah Kab. Buru Selatan,CPNS,UMUM,PRANATA KOMPUTER AHLI PERTAMA,"PEMERINTAH KABUPATEN BURU SELATAN | Sekretariat Daerah | Dinas Perumahan,kawasan pemukiman dan pertanahan | Bidang Kawasan pemukiman",1,1,2800000,3500000,2,0,0,0
3561ccf7-464a-4e72-9d6b-55ed4d74a520,Pemerintah Kab. Buru Selatan,CPNS,UMUM,PRANATA KOMPUTER AHLI PERTAMA,PEMERINTAH KABUPATEN BURU SELATAN | Sekretariat Daerah | Dinas Penanaman Modal dan Pelayanan Terpadu Satu Pintu | Sekretariat Dinas Penanaman Modal dan PTSP,1,1,2800000,3500000,0,0,0,0
418fe200-01cd-4366-9e89-9dff64043a0c,Pemerintah Kab. Buru Selatan,CPNS,UMUM,PRANATA KOMPUTER AHLI PERTAMA,"PEMERINTAH KABUPATEN BURU SELATAN | Sekretariat Daerah | Dinas Komunikasi dan Informatika | Bidang Layanan Postel, Telematika dan Persandian",1,1,2800000,3500000,1,0,0,0
4e49073d-776a-4748-b555-bdf55cf3d6c6,Pemerintah Kab. Buru Selatan,CPNS,UMUM,PRANATA KOMPUTER AHLI PERTAMA,"PEMERINTAH KABUPATEN BURU SELATAN | Sekretariat Daerah | Dinas Koperasi, Usaha Kecil dan Menengah | Bidang Koperasi, Usaha Kecil dan Menengah",1,1,2800000,3500000,1,0,0,0
5c51570d-6f7b-4420-a1c6-81a26770b0ab,Pemerintah Kab. Buru Selatan,CPNS,UMUM,PRANATA KOMPUTER AHLI PERTAMA,PEMERINTAH KABUPATEN BURU SELATAN | Sekretariat Daerah | Dinas Kependudukan Dan Pencatatan Sipil | Bidang Piak dan Pemanfaatan Data,1,1,2800000,3500000,6,0,0,0
6bd56b31-e31a-4d96-9271-72d0afabdb05,Pemerintah Kab. Buru Selatan,CPNS,PENYANDANG DISABILITAS,PRANATA KOMPUTER AHLI PERTAMA,PEMERINTAH KABUPATEN BURU SELATAN | Sekretariat Daerah | Dinas Perpustakaan dan Arsip Daerah | Bidang Pengelolaan Arsip,1,1,2800000,3500000,0,0,0,0
8aeef2c7-45d6-4291-a04d-cbce77af1475,Pemerintah Kab. Buru Selatan,CPNS,UMUM,PRANATA KOMPUTER AHLI PERTAMA,PEMERINTAH KABUPATEN BURU SELATAN | Sekretariat Daerah | Dinas Pendidikan | Bidang Sekolah menengah pertama | Seksi pengembangan dan pendidikan sekolah menengah pertama,1,1,2800000,3500000,2,0,0,0
a8e7e751-1503-4b2b-a65c-7f94eef42650,Pemerintah Kab. Buru Selatan,CPNS,UMUM,PRANATA KOMPUTER AHLI PERTAMA,PEMERINTAH KABUPATEN BURU SELATAN | Sekretariat Daerah | Badan Kepegawaian dan Pengembangan Sumber Daya Manusia | Bidang Mutasi dan Informasi Kepegawaian,1,1,2800000,3500000,2,0,0,0
c29e9574-3b3f-496a-bb85-2f6417bdc341,Pemerintah Kab. Buru Selatan,CPNS,UMUM,PRANATA KOMPUTER AHLI PERTAMA,PEMERINTAH KABUPATEN BURU SELATAN | Sekretariat Daerah | Badan Pendapatan Daerah | Bidang Penetapan dan Penagihan | Sub Bidang Penetapan,1,1,2500000,3000000,0,0,0,0
c60d5b9d-8a71-471e-bcb0-91356fecdcd4,Pemerintah Kab. Buru Selatan,CPNS,UMUM,PRANATA KOMPUTER AHLI PERTAMA,PEMERINTAH KABUPATEN BURU SELATAN | Sekretariat Daerah | Badan Pendapatan Daerah | Bidang Pengendalian dan Peningkatan | Sub Bidang Pendapatan Asli Daerah,1,1,2800000,3500000,1,0,0,0
c86ee6f1-b01a-4a1b-92aa-fe07c7bc85ab,Pemerintah Kab. Buru Selatan,CPNS,PENYANDANG DISABILITAS,PRANATA KOMPUTER AHLI PERTAMA,PEMERINTAH KABUPATEN BURU SELATAN | Sekretariat Daerah | Dinas Komunikasi dan Informatika | Bidang Pembinaan Media Informasi,1,1,2800000,35000000,0,0,0,0
d595bff3-f9e9-4b21-85f9-b3e6aabe4ca7,Pemerintah Kab. Buru Selatan,CPNS,UMUM,PRANATA KOMPUTER AHLI PERTAMA,PEMERINTAH KABUPATEN BURU SELATAN | Sekretariat Daerah | Dinas Pekerjaan Umum dan penataan ruang | Bidang Penataan Ruang,1,1,2800000,3500000,1,0,0,0
e7971f7f-0cca-41e9-8519-7e0dd303fbe1,Pemerintah Kab. Buru Selatan,CPNS,UMUM,PRANATA KOMPUTER AHLI PERTAMA,PEMERINTAH KABUPATEN BURU SELATAN | Sekretariat Daerah | Dinas Satuan polisi pamong praja | Bidang Penegakan peraturan perundang-undangan | Seksi Penyelidikan Dan Penyidikan,1,1,2800000,3500000,1,0,0,0
f59119e1-2bcf-43f8-8ea4-3e5b1ef446af,Pemerintah Kab. Buru Selatan,CPNS,UMUM,PRANATA KOMPUTER AHLI PERTAMA,PEMERINTAH KABUPATEN BURU SELATAN | Sekretariat Daerah | Dinas Sosial | bidang pemberdayaan sosial,1,1,2800000,3500000,8,0,0,0
f85c16bc-21e4-4111-820e-76dfb7790c94,Pemerintah Kab. Buru Selatan,CPNS,UMUM,PRANATA KOMPUTER AHLI PERTAMA,"PEMERINTAH KABUPATEN BURU SELATAN | Sekretariat Daerah | Dinas Pemberdayaan Masyarakat Dan Desa, Pemberdayaan Perempuan Dan Perlindungan Anak | Bidang Pemberdayaan Perempuan dan Perlindungan Anak",1,1,2800000,3500000,1,0,0,0
fb41e95d-1fa5-4084-a514-0671f138487c,Pemerintah Kab. Buru Selatan,CPNS,PENYANDANG DISABILITAS,PRANATA KOMPUTER AHLI PERTAMA,PEMERINTAH KABUPATEN BURU SELATAN | Sekretariat Daerah | Dinas Kependudukan Dan Pencatatan Sipil | Bidang Pelayanan Pendaftaran Penduduk,1,1,2800000,3500000,0,0,0,0
fcb38b21-1566-4d5c-b2de-55b78170648a,Pemerintah Kab. Buru Selatan,CPNS,UMUM,PRANATA KOMPUTER AHLI PERTAMA,"PEMERINTAH KABUPATEN BURU SELATAN | Sekretariat Daerah | Dinas Perhubungan | BIDANG PERHUBUNGAN LAUT, SUNGAI, DANAU, DAN PENYEBERANGAN | SEKSI SARANA DAN PRASARANA ANGKUTAN LAUT, SUNGAI, DANAU, DAN PENYEBERANGAN",1,1,2800000,3500000,2,0,0,0
fd3a7ad6-d088-4a63-acaa-d792dd3dccf7,Pemerintah Kab. Buru Selatan,CPNS,UMUM,PRANATA KOMPUTER AHLI PERTAMA,"PEMERINTAH KABUPATEN BURU SELATAN | Sekretariat Daerah | Dinas Perpustakaan dan Arsip Daerah | Bidang Pelayanan Perpustakaan, Pembinaan Dan Pembudayaan Kegemaran Membaca",1,1,2800000,3500000,5,0,0,0
bc4d374b-0e33-4376-bc19-2a60991a57b7,Pemerintah Kab. Buru Selatan,CPNS,UMUM,SANDIMAN AHLI PERTAMA,"PEMERINTAH KABUPATEN BURU SELATAN | Sekretariat Daerah | Dinas Komunikasi dan Informatika | Bidang Layanan Postel, Telematika dan Persandian",1,1,2800000,3500000,2,0,0,0
c9f48dc8-b9f4-4e50-8bce-84cf5a248f51,Pemerintah Kab. Buru Selatan,CPNS,UMUM,SANDIMAN AHLI PERTAMA,PEMERINTAH KABUPATEN BURU SELATAN | Sekretariat Daerah | Dinas Komunikasi dan Informatika | Bidang Manajeman Sistim Informasi Dan Penyelengaraan E-Government,1,1,2800000,3500000,0,0,0,0
d49a1662-1a8f-474e-a530-f851df526544,Pemerintah Kab. Buru Selatan,CPNS,UMUM,SANDIMAN AHLI PERTAMA,PEMERINTAH KABUPATEN BURU SELATAN | Sekretariat Daerah | Dinas Komunikasi dan Informatika | Bidang Pembinaan Media Informasi,1,1,2800000,3500000,1,0,0,0
0a763dd4-6fa7-4ef4-b678-1358c9ebe588,Pemerintah Kab. Buton Tengah,CPNS,UMUM,PRANATA KOMPUTER AHLI PERTAMA,PEMERINTAH KABUPATEN BUTON TENGAH | DINAS PENDIDIKAN DAN KEBUDAYAAN,1,1,2200000,2700000,6,0,0,0
252921a2-0fae-4a9b-992e-23d05f3767a2,Pemerintah Kab. Buton Tengah,CPNS,UMUM,PRANATA KOMPUTER AHLI PERTAMA,PEMERINTAH KABUPATEN BUTON TENGAH | SEKRETARIAT DAERAH | ASISTEN PEREKONOMIAN DAN PEMBANGUNAN | Bagian Administrasi Pembangunan,1,1,2200000,2700000,5,0,0,0
b096f2aa-9cac-4ad4-a101-e7d8c30d9ac7,Pemerintah Kab. Buton Tengah,CPNS,UMUM,PRANATA KOMPUTER AHLI PERTAMA,PEMERINTAH KABUPATEN BUTON TENGAH | DINAS PENANAMAN MODAL DAN PELAYANAN TERPADU SATU PINTU,1,1,2200000,2700000,4,0,0,0
c94417c8-8527-4bb6-9acb-a0691c02435c,Pemerintah Kab. Buton Tengah,CPNS,UMUM,PRANATA KOMPUTER AHLI PERTAMA,PEMERINTAH KABUPATEN BUTON TENGAH | BADAN  PENDAPATAN DAERAH | Bidang Pengelolaan Pendapatan Daerah,1,1,2200000,2700000,6,0,0,0
cd8b631f-279c-42ea-a1d3-372277ccf0ed,Pemerintah Kab. Buton Tengah,CPNS,UMUM,PRANATA KOMPUTER AHLI PERTAMA,"PEMERINTAH KABUPATEN BUTON TENGAH | DINAS  KOMUNIKASI, INFORMATIKA, STATISTIK DAN PERSANDIAN",1,1,2200000,2700000,5,0,0,0
d06f81e6-6ecc-4686-91de-02a35fd33e69,Pemerintah Kab. Buton Utara,CPNS,UMUM,PRANATA KOMPUTER AHLI PERTAMA,KABUPATEN BUTON UTARA | DINAS KEPENDUDUKAN DAN PENCATATAN SIPIL | Bidang Pengelolaan Informasi ADM Kependudukan Dan Pemanfaatan Data,1,1,2500000,3000000,21,0,0,0
2ecc4c46-7284-47ae-a6ef-ce2816f8e43a,Pemerintah Kab. Cilacap,CPNS,UMUM,PENGAWAS PENYELENGGARAAN URUSAN PEMERINTAHAN DAERAH AHLI PERTAMA,Pemerintah Kabupaten Cilacap | INSPEKTORAT DAERAH | INSPEKTORAT PEMBANTU II,1,1,3200000,3700000,26,0,0,0
c15cfdfe-a3a8-4e89-884f-957aac885d0f,Pemerintah Kab. Cilacap,CPNS,UMUM,SANDIMAN AHLI PERTAMA,Pemerintah Kabupaten Cilacap | DINAS KOMUNIKASI DAN INFORMATIKA | BIDANG STASTISTIK DAN PERSANDIAN,1,1,3200000,3700000,5,0,0,0
6d6df079-41fe-449f-a651-eccde141a89c,Pemerintah Kab. Cirebon,CPNS,UMUM,PENGELOLA PENGADAAN BARANG/JASA AHLI PERTAMA,PEMERINTAH KABUPATEN CIREBON | SEKRETARIAT DAERAH | ASISTEN PEREKONOMIAN DAN PEMBANGUNAN | BAGIAN PENGADAAN BARANG DAN JASA | SUB BAGIAN PENGELOLAAN PENGADAAN BARANG DAN JASA,7,1,2000000,5000000,3192,0,0,0
176b5f7a-7134-4368-a92a-06101336c98d,Pemerintah Kab. Deiyai,CPNS,UMUM (NON OAP),PRANATA LABORATORIUM KEMETROLOGIAN AHLI PERTAMA,PEMERINTAH KABUPATEN DEIYAI | DINAS PERINDUSTRIAN DAN PERDAGANGAN | Bidang Metrologi dan Pengendalian Industri | Seksi Metrologi,1,1,2900000,3800000,6,0,0,0
24d8a3fc-4fe6-48a5-a70c-a337cbcb4076,Pemerintah Kab. Deiyai,CPNS,ORANG ASLI PAPUA (OAP),TEKNISI SARANA DAN PRASARANA,PEMERINTAH KABUPATEN DEIYAI | DINAS PEKERJAAN UMUM DAN PENATAAN RUANG | BIDANG SUMBER DAYA AIR | Seksi Operasi dan Pemeliharaan,2,1,2900000,3800000,8,0,0,0
ee49ea07-49fd-42b4-8ae2-ccfa40a569ca,Pemerintah Kab. Deli Serdang,CPNS,UMUM,INSTRUKTUR AHLI PERTAMA,Kabupaten Deli Serdang | Dinas Ketenagakerjaan | UPT Balai Latihan Kerja,2,1,2785700,5650378,118,0,0,0
d7c232ac-f7cf-49f6-9392-f9310e79dc63,Pemerintah Kab. Deli Serdang,CPNS,UMUM,PENGAWAS INDUSTRI,Kabupaten Deli Serdang | Dinas Perindustrian dan Perdagangan | Bidang Pembangunan Sumber Daya Industri,1,1,2785700,5650378,39,0,0,0
22b6121b-1260-4f83-b78e-430b226bac8d,Pemerintah Kab. Demak,CPNS,UMUM,PRANATA KOMPUTER AHLI PERTAMA,PEMERINTAH KABUPATEN DEMAK | BADAN PENANGGULANGAN BENCANA DAERAH | SEKRETARIAT | SUB BAGIAN UMUM DAN KEPEGAWAIAN,1,0,2700000,4200000,51,0,0,0
9c9e42e0-81c7-48f9-9dee-a540b7d777d9,Pemerintah Kab. Dharmasraya,CPNS,UMUM,PENGAWAS PENYELENGGARAAN URUSAN PEMERINTAHAN DAERAH AHLI PERTAMA,PEMERINTAH KABUPATEN DHARMASRAYA | INSPEKTORAT | INSPEKTORAT PEMBANTU WILAYAH I,4,0,2531558,2856018,189,0,0,0
6d37b2ca-1b2e-4997-9ac4-6579bb55f5da,Pemerintah Kab. Dharmasraya,CPNS,UMUM,TEKNISI SARANA DAN PRASARANA,PEMERINTAH KABUPATEN DHARMASRAYA | DINAS PEKERJAAN UMUM DAN PENATAAN RUANG | BIDANG CIPTA KARYA,1,0,2531558,2856018,19,0,0,0
58cf81ec-218f-4baa-8320-34ac715a1eb0,Pemerintah Kab. Dogiyai,CPNS,ORANG ASLI PAPUA (OAP),PENILAI PEMERINTAH AHLI PERTAMA,PEMERINTAH KABUPATEN DOGIYAI | SEKRETARIAT DAERAH | ASISTEN SEKDA BIDANG PEMERINTAHAN DAN KESRA | BAGIAN TATA PEMERINTAHAN | SUB BAGIAN TATA PEMERINTAHAN,4,1,2000000,3000000,7,0,0,0
8a02826391606efe0191658865a71b7e,Pemerintah Kab. Dogiyai,CPNS,ORANG ASLI PAPUA (OAP),PRANATA KOMPUTER AHLI PERTAMA,PEMERINTAH KABUPATEN DOGIYAI | SEKRETARIAT DAERAH | ASISTEN SEKDA BIDANG ADMINISTRASI UMUM | BAGIAN UMUM | SUB BAGIAN TATA USAHA,2,1,2000000,3000000,2,0,0,0
2e2376e3-760b-43ab-a90a-eb790cbc23f7,Pemerintah Kab. Dogiyai,CPNS,UMUM (NON OAP),PRANATA KOMPUTER AHLI PERTAMA,PEMERINTAH KABUPATEN DOGIYAI | SEKRETARIAT DAERAH | ASISTEN SEKDA BIDANG ADMINISTRASI UMUM | BAGIAN UMUM | SUB BAGIAN TATA USAHA,2,1,2000000,3000000,1,0,0,0
3b871a20-dd1a-4fae-9298-e23ff00709db,Pemerintah Kab. Dogiyai,CPNS,ORANG ASLI PAPUA (OAP),PRANATA KOMPUTER AHLI PERTAMA,PEMERINTAH KABUPATEN DOGIYAI | DINAS PERHUBUNGAN | SEKRETARIAT | SUB BAGIAN UMUM DAN KEPEGAWAIAN,2,1,2000000,3000000,7,0,0,0
78be517a-8981-454b-91d1-78b20b998765,Pemerintah Kab. Dogiyai,CPNS,ORANG ASLI PAPUA (OAP),PRANATA KOMPUTER AHLI PERTAMA,PEMERINTAH KABUPATEN DOGIYAI | DINAS KOMUNIKASI DAN INFORMATIKA | BIDANG PENGOLAHAN DATA DAN INFORMASI | SEKSI PELAYANAN DATA DAN INFORMASI,1,1,2000000,3000000,1,0,0,0
d409c688-2cff-4886-a223-14dd5a0759bf,Pemerintah Kab. Dogiyai,CPNS,ORANG ASLI PAPUA (OAP),PRANATA KOMPUTER AHLI PERTAMA,"PEMERINTAH KABUPATEN DOGIYAI | DINAS PENDIDIKAN PEMUDA DAN OLAH RAGA | SEKRETARIAT | SUB BAGIAN PERENCANAAN, EVALUASI DAN PELAPORAN",2,1,2000000,3000000,9,0,0,0
ee33ce4a-a84a-4563-b6e5-500848cfdc7f,Pemerintah Kab. Dogiyai,CPNS,ORANG ASLI PAPUA (OAP),PRANATA KOMPUTER AHLI PERTAMA,PEMERINTAH KABUPATEN DOGIYAI | DINAS KOMUNIKASI DAN INFORMATIKA | BIDANG PENGEMBANGAN SISTEM MANAJEMEN | SEKSI PERENCANAAN DAN PENGEMBANGAN TEKNOLOGI INFORMASI,1,1,2000000,3000000,7,0,0,0
15e96660-d0ee-462a-8912-cda88fa7c581,Pemerintah Kab. Dompu,CPNS,UMUM,PENERA AHLI PERTAMA,"BUPATI DOMPU | Sekretariat Daerah | Dinas Perindustrian dan Perdagangan | Bidang Pengawasan,Pengendalian, Industri dan perdagangan",2,1,1000000,5000000,73,0,0,0
8a0186cc9159ace501915a4631b25a89,Pemerintah Kab. Dompu,CPNS,PENYANDANG DISABILITAS,PENGELOLA PENGADAAN BARANG/JASA AHLI PERTAMA,BUPATI DOMPU | Sekretariat Daerah | Asisten Perekonomian dan Pembangunan | Bagian Pengadaan Barang dan Jasa | Sub Bagian Pengelolaan Pengadaan Barang dan Jasa,1,1,1000000,5000000,1,0,0,0
05ec5914-ccc6-412f-ad5d-241b2104e753,Pemerintah Kab. Dompu,CPNS,UMUM,PENGELOLA PENGADAAN BARANG/JASA AHLI PERTAMA,BUPATI DOMPU | Sekretariat Daerah | Asisten Perekonomian dan Pembangunan | Bagian Pengadaan Barang dan Jasa | Sub Bagian Pengelolaan Pengadaan Barang dan Jasa,5,1,1000000,5000000,447,0,0,0
53cc18a1-e734-46b3-9242-d99c66dffbd4,Pemerintah Kab. Dompu,CPNS,UMUM,PENGUJI MUTU BARANG AHLI PERTAMA,"BUPATI DOMPU | Sekretariat Daerah | Dinas Perindustrian dan Perdagangan | Bidang Pengawasan,Pengendalian, Industri dan perdagangan",2,1,1000000,5000000,155,0,0,0
1102c47e-2a7c-4e70-83bd-bb76a37129bd,Pemerintah Kab. Dompu,CPNS,UMUM,PRANATA KOMPUTER AHLI PERTAMA,BUPATI DOMPU | Sekretariat Daerah | Dinas kependudukan dan Pencatatan Sipil | Bidang Pelayanan Pendaftaran Penduduk,1,1,1000000,5000000,6,0,0,0
192fb266-1859-4b94-a4cb-9d4b637a0fff,Pemerintah Kab. Dompu,CPNS,UMUM,PRANATA KOMPUTER AHLI PERTAMA,BUPATI DOMPU | Sekretariat Daerah | Dinas Lingkungan Hidup | Sekretaris Lingkungan Hidup | Sub Bagian Umum dan kepegawaian,1,1,1000000,5000000,6,0,0,0
25d381f9-7777-425b-8cce-44d6e83096c9,Pemerintah Kab. Dompu,CPNS,UMUM,PRANATA KOMPUTER AHLI PERTAMA,"BUPATI DOMPU | Sekretariat Daerah | Inspektorat | Sekretaris Inspektorat | Sub bagian Umum, Kepegawaian dan Keuangan",1,1,1000000,5000000,5,0,0,0
2f305d2f-a6e6-4622-90db-52b95ac80d38,Pemerintah Kab. Dompu,CPNS,UMUM,PRANATA KOMPUTER AHLI PERTAMA,BUPATI DOMPU | Sekretariat Daerah | Dinas pertanian dan Perkebunan | Bidang Tanaman Holtikultura,1,1,1000000,5000000,3,0,0,0
394e440e-945d-4c14-bfb5-cdb283b66c18,Pemerintah Kab. Dompu,CPNS,UMUM,PRANATA KOMPUTER AHLI PERTAMA,BUPATI DOMPU | Sekretariat Daerah | Dinas Perindustrian dan Perdagangan | Sekretaris Dinas Perindustrian dan Perdagangan | Sub Bagian Umum dan Kepegawaian,1,1,1000000,5000000,3,0,0,0
6047c40b-5923-45b6-b191-f1d1effdcec3,Pemerintah Kab. Dompu,CPNS,UMUM,PRANATA KOMPUTER AHLI PERTAMA,BUPATI DOMPU | Sekretariat Daerah | Asisten Perekonomian dan Pembangunan | Bagian Pengadaan Barang dan Jasa | Sub Bagian Pengelolaan Pengadaan Barang dan Jasa,2,1,1000000,5000000,13,0,0,0
68c7943f-69ed-434d-a27a-21defcf548f7,Pemerintah Kab. Dompu,CPNS,UMUM,PRANATA KOMPUTER AHLI PERTAMA,BUPATI DOMPU | Sekretariat Daerah | Dinas Komunikasi dan Informatika | Bidang Aplikasi Informatika,5,1,1000000,5000000,168,0,0,0
747d023b-b16a-4a52-9ab4-d3351dc32e18,Pemerintah Kab. Dompu,CPNS,UMUM,PRANATA KOMPUTER AHLI PERTAMA,"BUPATI DOMPU | Sekretariat Daerah | Badan Perencanaan Pembangunan, Penelitian dan Pengembangan | Sekretaris Badan Perencanaan Pembangunan, Penelitian dan Pembangunan",2,1,1000000,5000000,12,0,0,0
7595a273-d1a5-4fc3-9956-59d7f817f395,Pemerintah Kab. Dompu,CPNS,UMUM,PRANATA KOMPUTER AHLI PERTAMA,"BUPATI DOMPU | Sekretariat Daerah | Dinas Pendidikan, Pemuda dan Olahraga | Bidang Pembinaan Paud dan Pendidikan Non Formal | Seksi Peserta Didik, Pembangunan Karakter, Kelembagaan, Sarana Prasarana Paud Dan Pendidikan Non Formal",1,1,1000000,5000000,3,0,0,0
7624972f-bcc7-4d8b-902d-d4b5d5ece5af,Pemerintah Kab. Dompu,CPNS,UMUM,PRANATA KOMPUTER AHLI PERTAMA,BUPATI DOMPU | Sekretariat Daerah | Badan Pengelolaan Keuangan dan Aset Daerah | Sekretaris Badan Pengelolaan keuangan dan Aset Daerah,1,1,1000000,5000000,2,0,0,0
7857edb7-e7de-4a8a-94b4-29b413158ec4,Pemerintah Kab. Dompu,CPNS,UMUM,PRANATA KOMPUTER AHLI PERTAMA,BUPATI DOMPU | Sekretariat Daerah | Asisten Administrasi Umum | Bagian Umum,1,1,1000000,5000000,4,0,0,0
7e7d1595-4413-408e-be91-55fdb84d2e47,Pemerintah Kab. Dompu,CPNS,UMUM,PRANATA KOMPUTER AHLI PERTAMA,BUPATI DOMPU | Sekretariat Daerah | Dinas ketahanan Pangan | Bidang Penganekaragaman Konsumsi dan Keamanan Pangan,1,1,1000000,5000000,2,0,0,0
9f155341-9ed2-4755-b640-7b0b1002dc4b,Pemerintah Kab. Dompu,CPNS,UMUM,PRANATA KOMPUTER AHLI PERTAMA,BUPATI DOMPU | Sekretariat Daerah | Badan Pengelolaan Keuangan dan Aset Daerah | Bidang Perbendaharaan dan Kas Daerah,1,1,1000000,5000000,3,0,0,0
a15e10a3-2777-446a-89f5-eafeadb1d1d4,Pemerintah Kab. Dompu,CPNS,UMUM,PRANATA KOMPUTER AHLI PERTAMA,BUPATI DOMPU | Sekretariat Daerah | Badan Kepegawaian dan Pengembangan Sumber Daya Manusia | Bidang Pengadaan dan Pemberhentian,2,1,1000000,5000000,21,0,0,0
a98df9c5-9bf4-4c6a-8bdd-80707aaa706b,Pemerintah Kab. Dompu,CPNS,UMUM,PRANATA KOMPUTER AHLI PERTAMA,BUPATI DOMPU | Sekretariat Daerah | Dinas pertanian dan Perkebunan | Bidang Prasarana dan Sarana Pertanian,1,1,1000000,5000000,7,0,0,0
fc424e62-220c-4b47-8ada-b6e9a9d14100,Pemerintah Kab. Dompu,CPNS,UMUM,PRANATA KOMPUTER AHLI PERTAMA,BUPATI DOMPU | Sekretariat Daerah | Dinas pemberdayaan Masyarakat dan Pemerintahan Desa | Sekretaris Dinas | Sub Bagian Program Pelaporan dan Keuangan,1,1,1000000,5000000,2,0,0,0
d1d332e4-4e8f-4cf8-b80f-24d869a1bd90,Pemerintah Kab. Donggala,CPNS,UMUM,INSTRUKTUR AHLI PERTAMA,Pemerintah Kabupaten Donggala | DINAS TENAGA KERJA DAN TRANSMIGRASI,3,0,2500000,4000000,19,0,0,0
8a0384ba915598f4019155c74d002024,Pemerintah Kab. Donggala,CPNS,PENYANDANG DISABILITAS,PENGAWAS PENYELENGGARAAN URUSAN PEMERINTAHAN DAERAH AHLI PERTAMA,Pemerintah Kabupaten Donggala | Inspektorat,1,1,2500000,4000000,0,0,0,0
8a25cace-d5a3-49fa-a3dc-761a6bf12e20,Pemerintah Kab. Donggala,CPNS,UMUM,PENGAWAS PENYELENGGARAAN URUSAN PEMERINTAHAN DAERAH AHLI PERTAMA,Pemerintah Kabupaten Donggala | Inspektorat,15,0,2500000,4000000,338,0,0,0
8a0384ba915598f4019155c6d05c1fe4,Pemerintah Kab. Donggala,CPNS,PENYANDANG DISABILITAS,PRANATA KOMPUTER AHLI PERTAMA,Pemerintah Kabupaten Donggala | Dinas Komunikasi dan Informatika,2,1,2500000,4000000,0,0,0,0
089048bd-0422-4a71-a8af-c8e20192ad28,Pemerintah Kab. Donggala,CPNS,UMUM,PRANATA KOMPUTER AHLI PERTAMA,Pemerintah Kabupaten Donggala | DINAS TENAGA KERJA DAN TRANSMIGRASI,3,0,2500000,4000000,5,0,0,0
503bac9c-df05-452e-a3e2-0ae6cff14a11,Pemerintah Kab. Donggala,CPNS,UMUM,PRANATA KOMPUTER AHLI PERTAMA,Pemerintah Kabupaten Donggala | Dinas Komunikasi dan Informatika,18,0,2500000,4000000,125,0,0,0
524548ab-56ea-44cb-b90f-a7381915feb2,Pemerintah Kab. Donggala,CPNS,UMUM,PRANATA KOMPUTER AHLI PERTAMA,Pemerintah Kabupaten Donggala | Sekretariat Daerah Kabupaten Donggala | Administrasi Umum | Bagian Organisasi,3,0,2500000,4000000,7,0,0,0
dbff4ba8-bc8d-45a0-8c4d-525dc03eb612,Pemerintah Kab. Donggala,CPNS,UMUM,PRANATA KOMPUTER AHLI PERTAMA,Pemerintah Kabupaten Donggala | Dinas Penanaman Modal dan Pelayanan Terpadu Satu Pintu,3,0,2500000,4000000,9,0,0,0
c17a0442-9f45-471d-922d-90f3cc38a196,Pemerintah Kab. Empat Lawang,CPNS,UMUM,SURVEYOR PEMETAAN AHLI PERTAMA,Pemerintah Kabupaten Empat Lawang | DINAS PERUMAHAN RAKYAT DAN KAWASAN PERMUKIMAN SERTA PERTANAHAN | BIDANG PENGURUSAN HAK-HAK ATAS TANAH DAN PENYULUHAN PERTANAHAN,1,1,2579400,4236400,16,0,0,0
682c8233-b54c-4489-948b-9256cb99da42,Pemerintah Kab. Ende,CPNS,UMUM,PENERA AHLI PERTAMA,Pemerintah Kabupaten Ende | Dinas Perdagangan Dan Perindustrian | Unit Pelaksana Teknis Daerah Metrologi Legal,2,0,2000000,3000000,18,0,0,0
2365c1e8-385f-4104-9052-554b826841f7,Pemerintah Kab. Ende,CPNS,UMUM,PRANATA KOMPUTER AHLI PERTAMA,Pemerintah Kabupaten Ende | Dinas Penanaman Modal Dan Pelayanan Terpadu Satu Pintu,3,0,2000000,3000000,15,0,0,0
54dd0e68-b380-4dd9-b650-0e6d2b70ccbf,Pemerintah Kab. Ende,CPNS,UMUM,PRANATA KOMPUTER AHLI PERTAMA,Pemerintah Kabupaten Ende | Badan Pendapatan Daerah | Sekretariat,1,0,2000000,3000000,3,0,0,0
947f1de4-3a65-485d-bbba-2776942e1ac7,Pemerintah Kab. Ende,CPNS,UMUM,PRANATA KOMPUTER AHLI PERTAMA,Pemerintah Kabupaten Ende | DINAS SOSIAL | SEKRETARIAT,2,0,2000000,3000000,9,0,0,0
9fbeb55e-c2cb-4de1-a8c3-39af688fde94,Pemerintah Kab. Ende,CPNS,UMUM,PRANATA KOMPUTER AHLI PERTAMA,Pemerintah Kabupaten Ende | Dinas Perdagangan Dan Perindustrian | Sekretariat,1,0,2000000,3000000,4,0,0,0
c7d71ce4-738b-4169-a03f-0da5ecaf1c59,Pemerintah Kab. Ende,CPNS,UMUM,PRANATA KOMPUTER AHLI PERTAMA,Pemerintah Kabupaten Ende | Dinas Pendidikan Dan Kebudayaan | Sekretariat Dinas Pendidikan dan Kebudayaan,1,0,2000000,3000000,2,0,0,0
ebc9a45f-553c-4f42-8e76-9375ed07a769,Pemerintah Kab. Ende,CPNS,UMUM,PRANATA KOMPUTER AHLI PERTAMA,Pemerintah Kabupaten Ende | Dinas Perikanan | Sekretariat,1,0,2000000,3000000,2,0,0,0
f2d21155-a650-4ff5-b3e1-f7268ed83b1c,Pemerintah Kab. Enrekang,CPNS,UMUM,PRANATA HUBUNGAN MASYARAKAT AHLI PERTAMA,PEMERINTAH KABUPATEN ENREKANG                                          | SEKRETARIAT DAERAH | ASISTEN ADMINISTRASI UMUM | BAGIAN PROTOKOL DAN KOMUNIKASI PIMPINAN | SUB BAGIAN PROTOKOL,1,1,2785500,3650400,44,0,0,0
0b65e514-85c3-46ff-977c-6e2f6dabc500,Pemerintah Kab. Fak-Fak,CPNS,UMUM (NON OAP),PENERA AHLI PERTAMA,Pemerintah Kabupaten Fakfak | Dinas Perdagangan dan Perindustrian Kabupaten Fakfak | UPT Metrologi Legal,1,0,3200000,4200000,12,0,0,0
8a0282659168528c01916a2883367db4,Pemerintah Kab. Fak-Fak,CPNS,UMUM (NON OAP),PRANATA LABORATORIUM KEMETROLOGIAN AHLI PERTAMA,Pemerintah Kabupaten Fakfak | Dinas Perdagangan dan Perindustrian Kabupaten Fakfak | UPT Metrologi Legal,1,0,3200000,4200000,5,0,0,0
9cf4e3ce-f577-41e2-b5aa-d7065df7569d,Pemerintah Kab. Fak-Fak,CPNS,ORANG ASLI PAPUA (OAP),PRANATA LABORATORIUM KEMETROLOGIAN AHLI PERTAMA,Pemerintah Kabupaten Fakfak | Dinas Perdagangan dan Perindustrian Kabupaten Fakfak | UPT Metrologi Legal,1,0,3200000,4200000,2,0,0,0
6be00acc-4aa8-4bf8-aef5-2b82f7bda951,Pemerintah Kab. Flores Timur,CPNS,UMUM,ANALIS KEBAKARAN AHLI PERTAMA,Pemerintah Kabupaten Flores Timur | Satuan Polisi Pamong Praja | BIDANG PENANGGULANGAN KEBAKARAN DAN PERLINDUNGAN MASYARAKAT,1,0,3000000,6000000,2,0,0,0
0baca2a1-22a5-4de1-8fec-70dcbbc94151,Pemerintah Kab. Flores Timur,CPNS,UMUM,ASESOR MANAJEMEN MUTU INDUSTRI AHLI PERTAMA,Pemerintah Kabupaten Flores Timur | Dinas Perdagangan dan Perindustrian | Bidang Meterologi dan Perlindungan Konsumen,1,0,3000000,6000000,3,0,0,0
ab2dd01a-c71d-4bea-8468-f626e395958a,Pemerintah Kab. Flores Timur,CPNS,UMUM,MANGGALA INFORMATIKA AHLI PERTAMA,Pemerintah Kabupaten Flores Timur | Dinas Komunikasi dan Informatika | BIDANG PENYELENGGARAAN E-GOVERNMENT,2,1,3000000,6000000,15,0,0,0
ffd6e9db-924e-4018-ba9d-93cf670fd575,Pemerintah Kab. Flores Timur,CPNS,UMUM,"PENGAWAS ENERGI BARU, TERBARUKAN, DAN KONSERVASI ENERGI",Pemerintah Kabupaten Flores Timur | Sekretariat Daerah | Asisten Perekonomian Dan Pembangunan | Bagian Sumber Daya Alam,1,1,3000000,6000000,15,0,0,0
76e0e98f-c956-4d7e-94fa-02c3071be902,Pemerintah Kab. Flores Timur,CPNS,UMUM,PENGELOLA PENGADAAN BARANG/JASA AHLI PERTAMA,Pemerintah Kabupaten Flores Timur | Sekretariat Daerah | Asisten Perekonomian Dan Pembangunan | Bagian Pengadaan Barang Dan Jasa,5,0,3000000,6000000,457,0,0,0
8a01869291548667019154f4c0ca1a4e,Pemerintah Kab. Flores Timur,CPNS,PENYANDANG DISABILITAS,PENGENDALI KONTEN INTERNET,Pemerintah Kabupaten Flores Timur | Dinas Komunikasi dan Informatika | BIDANG PENYELENGGARAAN E-GOVERNMENT,1,1,3000000,6000000,1,0,0,0
ae967ade-3703-469e-b447-0b2b546d6d84,Pemerintah Kab. Flores Timur,CPNS,UMUM,PENGENDALI KONTEN INTERNET,Pemerintah Kabupaten Flores Timur | Dinas Penanaman Modal dan Pelayanan Terpadu Satu Pintu | Kordinator JF dan Kelompok JF Pelayanan Terpadu Satu Pintu,1,1,3000000,6000000,4,0,0,0
b360a2d2-c9c8-4496-b135-87c1b5f027d9,Pemerintah Kab. Flores Timur,CPNS,UMUM,PENGENDALI KONTEN INTERNET,Pemerintah Kabupaten Flores Timur | Dinas Komunikasi dan Informatika | BIDANG PENYELENGGARAAN E-GOVERNMENT,1,1,3000000,6000000,1,0,0,0
e18d5cd2-d3ad-4a38-8a6c-d263727f784a,Pemerintah Kab. Flores Timur,CPNS,UMUM,PENGENDALI KONTEN INTERNET,Pemerintah Kabupaten Flores Timur | Dinas Pariwisata Dan Kebudayaan | Bidang Pengembangan Produk Wisata,2,1,3000000,6000000,16,0,0,0
a37e44fd-2352-4be7-8ae7-0e9102500c5e,Pemerintah Kab. Garut,CPNS,UMUM,ANALIS KEBAKARAN AHLI PERTAMA,PEMERINTAH KABUPATEN GARUT | DINAS PEMADAM KEBAKARAN KABUPATEN GARUT | BIDANG OPERASI DAN PENYELAMATAN DINAS PEMADAM KEBAKARAN KABUPATEN GARUT,1,0,2812100,4583800,7,0,0,0
40edc17e-820a-4611-a9ff-8fd18a1c25a3,Pemerintah Kab. Garut,CPNS,UMUM,MANGGALA INFORMATIKA AHLI PERTAMA,PEMERINTAH KABUPATEN GARUT | DINAS KOMUNIKASI DAN INFORMATIKA KABUPATEN GARUT | BIDANG PERSANDIAN DAN KEAMANAN INFORMASI DINAS KOMUNIKASI DAN INFORMATIKA KABUPATEN GARUT,1,0,2812100,4583800,19,0,0,0
4a8d6417-e389-411f-bdbf-3cf4b2a0864f,Pemerintah Kab. Garut,CPNS,UMUM,PENATA KELOLA PENYEHATAN LINGKUNGAN AHLI PERTAMA,PEMERINTAH KABUPATEN GARUT | DINAS PEKERJAAN UMUM DAN PENATAAN RUANG KABUPATEN GARUT | BIDANG AIR MINUM DAN PENYEHATAN LINGKUNGAN PERMUKIMAN DINAS PEKERJAAN UMUM DAN PENATAAN RUANG KABUPATEN GARUT,2,0,2812100,4583800,85,0,0,0
8a0186cd915aa77f01915b3c73847617,Pemerintah Kab. Garut,CPNS,PENYANDANG DISABILITAS,PRANATA KOMPUTER AHLI PERTAMA,PEMERINTAH KABUPATEN GARUT | DINAS KETAHANAN PANGAN KABUPATEN GARUT | SEKRETARIAT DINAS KETAHANAN PANGAN KABUPATEN GARUT,1,1,2812100,4583800,0,0,0,0
20526815-3109-4080-b29d-181846ec019b,Pemerintah Kab. Garut,CPNS,PENYANDANG DISABILITAS,PRANATA KOMPUTER AHLI PERTAMA,PEMERINTAH KABUPATEN GARUT | DINAS PEMBERDAYAAN MASYARAKAT DAN DESA KABUPATEN GARUT | SEKRETARIAT DINAS PEMBERDAYAAN MASYARAKAT DAN DESA KABUPATEN GARUT,1,1,2812100,4583800,0,0,0,0
2a6ce34f-2403-4d2b-ab6e-15bfa127322a,Pemerintah Kab. Garut,CPNS,UMUM,PRANATA KOMPUTER AHLI PERTAMA,PEMERINTAH KABUPATEN GARUT | DINAS PERHUBUNGAN KABUPATEN GARUT,1,0,2812100,4583800,8,0,0,0
35ac57b3-de94-4a4e-ab00-4648872d06c3,Pemerintah Kab. Garut,CPNS,UMUM,PRANATA KOMPUTER AHLI PERTAMA,PEMERINTAH KABUPATEN GARUT | DINAS PEMUDA DAN OLAHRAGA KABUPATEN GARUT | SEKRETARIAT DINAS PEMUDA DAN OLAHRAGA KABUPATEN GARUT,1,0,2812100,4583800,11,0,0,0
a2a1a1e8-b0ae-4a15-9313-9a32ca2f2dd7,Pemerintah Kab. Garut,CPNS,UMUM,PRANATA KOMPUTER AHLI PERTAMA,PEMERINTAH KABUPATEN GARUT | DINAS KOPERASI DAN UKM KABUPATEN GARUT | SEKRETARIAT DINAS KOPERASI DAN UKM KABUPATEN GARUT | SUBBAGIAN UMUM DAN KEPEGAWAIAN DINAS KOPERASI KABUPATEN GARUT,1,0,2812100,4583800,8,0,0,0
b0cee434-768a-4bd9-9e14-18f86aa2c103,Pemerintah Kab. Garut,CPNS,PENYANDANG DISABILITAS,PRANATA KOMPUTER AHLI PERTAMA,PEMERINTAH KABUPATEN GARUT | DINAS PENDIDIKAN KABUPATEN GARUT | SEKRETARIAT DINAS PENDIDIKAN KABUPATEN GARUT,1,1,2812100,4583800,0,0,0,0
bd58027c-1df9-4189-a13e-5a07f89e16f1,Pemerintah Kab. Garut,CPNS,PENYANDANG DISABILITAS,PRANATA KOMPUTER AHLI PERTAMA,PEMERINTAH KABUPATEN GARUT | DINAS KOMUNIKASI DAN INFORMATIKA KABUPATEN GARUT | BIDANG APLIKASI INFORMATIKA DINAS KOMUNIKASI DAN INFORMATIKA KABUPATEN GARUT,1,1,2812100,4583800,0,0,0,0
d36f4f4e-1bf9-4fe3-b834-13102e2d07d6,Pemerintah Kab. Garut,CPNS,UMUM,PRANATA KOMPUTER AHLI PERTAMA,PEMERINTAH KABUPATEN GARUT | DINAS KETAHANAN PANGAN KABUPATEN GARUT | SEKRETARIAT DINAS KETAHANAN PANGAN KABUPATEN GARUT,1,0,2812100,4583800,12,0,0,0
f94551ff-7cdd-42e9-8e02-438abf6f6ef3,Pemerintah Kab. Garut,CPNS,UMUM,PRANATA KOMPUTER AHLI PERTAMA,"PEMERINTAH KABUPATEN GARUT | BADAN KEPEGAWAIAN DAN DIKLAT KABUPATEN GARUT | BIDANG PENGADAAN, PEMBERHENTIAN DAN INFORMASI BADAN KEPEGAWAIAN DAN DIKLAT KABUPATEN GARUT",1,0,2812100,4583800,10,0,0,0
0865b9df-ba70-4620-9c15-cc7cefbb7fcc,Pemerintah Kab. Gianyar,CPNS,UMUM,PENATA KELOLA BANGUNAN GEDUNG DAN KAWASAN PERMUKIMAN AHLI PERTAMA,PEMERINTAH KABUPATEN GIANYAR | DINAS PEKERJAAN UMUM DAN PENATAAN RUANG | BIDANG CIPTA KARYA,2,1,2700000,5800000,62,0,0,0
bcc9a578-d7f7-44d8-97ab-dac1bdfb936f,Pemerintah Kab. Gianyar,CPNS,UMUM,PENERA AHLI PERTAMA,PEMERINTAH KABUPATEN GIANYAR | DINAS PERINDUSTRIAN DAN PERDAGANGAN | UPTD METROLOGI LEGAL,2,1,2700000,5800000,76,0,0,0
8a0186cc9159ace5019159fb366d280a,Pemerintah Kab. Gianyar,CPNS,PENYANDANG DISABILITAS,PRANATA KOMPUTER AHLI PERTAMA,PEMERINTAH KABUPATEN GIANYAR | DINAS KOMUNIKASI DAN INFORMATIKA | BIDANG APLIKASI INFORMATIKA (E-GOVERNMENT),3,1,2700000,5800000,1,0,0,0
480cf3b3-dc8a-43e8-913f-e8cb5b997391,Pemerintah Kab. Gianyar,CPNS,UMUM,PRANATA KOMPUTER AHLI PERTAMA,PEMERINTAH KABUPATEN GIANYAR | DINAS KOMUNIKASI DAN INFORMATIKA | BIDANG APLIKASI INFORMATIKA (E-GOVERNMENT),8,1,2700000,5800000,203,0,0,0
de2e820d-1108-4de6-8b67-696f4960d7cd,Pemerintah Kab. Gianyar,CPNS,UMUM,PRANATA KOMPUTER AHLI PERTAMA,PEMERINTAH KABUPATEN GIANYAR | DINAS KOMUNIKASI DAN INFORMATIKA | BIDANG TEKNOLOGI INFORMASI DAN KOMUNIKASI (TIK),3,1,2700000,5800000,46,0,0,0
8a028492914fb63b01914ff9bc2e6109,Pemerintah Kab. Gresik,CPNS,PENYANDANG DISABILITAS,ARSIPARIS AHLI PERTAMA,Pemerintah Kabupaten Gresik | Dinas Kependudukan dan Pencatatan Sipil,1,1,2780000,3400000,5,0,0,0
e92f19f7-4a3d-49cf-bf92-dbf9f99bffea,Pemerintah Kab. Gresik,CPNS,UMUM,ARSIPARIS AHLI PERTAMA,Pemerintah Kabupaten Gresik | Dinas Kependudukan dan Pencatatan Sipil,1,0,2780000,3400000,92,0,0,0
f8b66172-c594-43d8-8432-add51bb20659,Pemerintah Kab. Gresik,CPNS,UMUM,PENATA KELOLA PENYEHATAN LINGKUNGAN AHLI PERTAMA,Pemerintah Kabupaten Gresik | Dinas Lingkungan Hidup,2,0,2780000,3400000,71,0,0,0
a74b0640-df20-4051-8729-6d5aa9cf13ff,Pemerintah Kab. Gresik,CPNS,UMUM,PENATA PERIZINAN AHLI PERTAMA,Pemerintah Kabupaten Gresik | Dinas Penanaman Modal dan Pelayanan Terpadu Satu Pintu,1,0,2780000,3400000,28,0,0,0
8a028492914fb63b01914fff7bea67b6,Pemerintah Kab. Gresik,CPNS,PENYANDANG DISABILITAS,TEKNISI SARANA DAN PRASARANA,Pemerintah Kabupaten Gresik | Dinas Perhubungan | Bidang Tata Kelola Prasarana Perhubungan | Seksi Tata Kelola Prasarana Perhubungan dan Sarana Perparkiran,1,1,2780000,3400000,3,0,0,0
63895335-e790-481f-b5e6-fe242e19ab80,Pemerintah Kab. Gresik,CPNS,UMUM,TEKNISI SARANA DAN PRASARANA,Pemerintah Kabupaten Gresik | Dinas Perhubungan | Bidang Tata Kelola Prasarana Perhubungan | Seksi Tata Kelola Prasarana Perhubungan dan Sarana Perparkiran,2,0,2780000,3400000,98,0,0,0
c9074688-f66a-4a55-8d3a-2915dae4d741,Pemerintah Kab. Gresik,CPNS,UMUM,TEKNISI SARANA DAN PRASARANA,Pemerintah Kabupaten Gresik | Dinas Kependudukan dan Pencatatan Sipil | Bidang Pelayanan Pencatatan Sipil,1,0,2780000,3400000,8,0,0,0
e21911bb-b668-4fa8-b76b-2c48adecda37,Pemerintah Kab. Gresik,CPNS,UMUM,TEKNISI SARANA DAN PRASARANA,Pemerintah Kabupaten Gresik | Dinas Kependudukan dan Pencatatan Sipil | Bidang Pelayanan Pendaftaran Penduduk,1,0,2780000,3400000,8,0,0,0
efbb000a-f71c-4ee4-a2d1-49c1edf22780,Pemerintah Kab. Gresik,CPNS,UMUM,TEKNISI SARANA DAN PRASARANA,Pemerintah Kabupaten Gresik | Dinas Kependudukan dan Pencatatan Sipil | Sekretariat Dinas Kependudukan dan Pencatatan Sipil | Sub Bagian Umum dan Kepegawaian,1,0,2780000,3400000,17,0,0,0
2805761d-725e-4d91-917a-629b07d41361,Pemerintah Kab. Grobogan,CPNS,UMUM,PENERA AHLI PERTAMA,Pemerintah Kabupaten Grobogan | Dinas Perindustrian dan Perdagangan | Bidang Perdagangan,1,0,3000000,4000000,131,0,0,0
1a0014e9-fea3-4a5e-a8ba-9329c2f357e0,Pemerintah Kab. Grobogan,CPNS,UMUM,PRANATA KOMPUTER AHLI PERTAMA,Pemerintah Kabupaten Grobogan | Dinas Pertanian | Sekretariat | Sub Bagian Keuangan,1,0,3000000,4000000,66,0,0,0
22da43af-6cb8-42a9-9cea-04652fbc10b3,Pemerintah Kab. Grobogan,CPNS,UMUM,PRANATA KOMPUTER AHLI PERTAMA,Pemerintah Kabupaten Grobogan | RSUD Dr. R. Soedjati Soemodiardjo | Wakil Direktur Bidang Umum dan Keuangan | Bagian Bina Program | Sub Bagian Sistem Informasi Manajemen Rumah Sakit dan Pelaporan,1,0,3000000,4000000,32,0,0,0
5bc25849-a7dc-4e62-88f2-fe03bc34555c,Pemerintah Kab. Gunung Mas,CPNS,UMUM,PEMERIKSA FORENSIK DIGITAL,"Pemerintah Kab. Gunung Mas | DINAS KOMUNIKASI, INFORMATIKA, PERSANDIAN DAN STATISTIK | BIDANG PERSANDIAN",2,0,3203600,5261500,7,0,0,0
02ab0d80-65a1-4064-97d4-137a93031aae,Pemerintah Kab. Gunung Mas,CPNS,UMUM,PENGAWAS PENYELENGGARAAN URUSAN PEMERINTAHAN DAERAH AHLI PERTAMA,Pemerintah Kab. Gunung Mas | INSPEKTORAT | INSPEKTUR PEMBANTU WILAYAH I,8,0,3203600,5261500,168,0,0,0
504eb296-f5b4-429e-8f69-5174389c8f40,Pemerintah Kab. Gunung Mas,CPNS,UMUM,PENGENDALI KONTEN INTERNET,"Pemerintah Kab. Gunung Mas | DINAS KOMUNIKASI, INFORMATIKA, PERSANDIAN DAN STATISTIK | BIDANG E-GOVERMENT",1,0,3203600,5261500,0,0,0,0
135deba0-a450-4cec-93bd-5b0afad8ee2d,Pemerintah Kab. Gunung Mas,CPNS,UMUM,PENILAI PEMERINTAH AHLI PERTAMA,Pemerintah Kab. Gunung Mas | BADAN KEUANGAN DAN ASET DAERAH,3,0,3203600,5261500,28,0,0,0
43e63fe9-28ed-44fa-b368-81355934abbc,Pemerintah Kab. Gunung Mas,CPNS,UMUM,PRANATA KOMPUTER AHLI PERTAMA,Pemerintah Kab. Gunung Mas | BADAN KEPEGAWAIAN DAN PENGEMBANGAN SUMBER DAYA MANUSIA,3,0,3203600,5261500,31,0,0,0
7cfad49e-fec9-465d-9f98-dee30d610a2b,Pemerintah Kab. Gunung Mas,CPNS,UMUM,PRANATA KOMPUTER AHLI PERTAMA,Pemerintah Kab. Gunung Mas | SEKRETARIAT DPRD,3,0,3203600,5261500,13,0,0,0
bfbf41ac-af1c-4cb8-8949-ac5a67a63feb,Pemerintah Kab. Gunung Mas,CPNS,UMUM,PRANATA KOMPUTER AHLI PERTAMA,Pemerintah Kab. Gunung Mas | DINAS KEBUDAYAAN DAN PARIWISATA,2,0,3203600,5261500,6,0,0,0
c12d49e9-13c9-4555-be11-fb8d86c24239,Pemerintah Kab. Gunung Mas,CPNS,UMUM,PRANATA KOMPUTER AHLI PERTAMA,"Pemerintah Kab. Gunung Mas | DINAS KOMUNIKASI, INFORMATIKA, PERSANDIAN DAN STATISTIK",2,0,3203600,5261500,6,0,0,0
cc0a7b87-71ef-430b-bf4e-0ae10458dc7e,Pemerintah Kab. Gunung Mas,CPNS,UMUM,PRANATA KOMPUTER AHLI PERTAMA,Pemerintah Kab. Gunung Mas | BADAN KEUANGAN DAN ASET DAERAH,2,0,3203600,5261500,4,0,0,0
495c26c5-ee02-4815-b3b4-11d4722f5211,Pemerintah Kab. Halmahera Selatan,CPNS,UMUM,ANALIS KEBIJAKAN AHLI PERTAMA,PEMERINTAH KAB. HALMAHERA SELATAN | DINAS KELAUTAN DAN PERIKANAN | SEKRETARIAT - DINAS KELAUTAN DAN PERIKANAN,1,1,2785700,6373200,3,0,0,0
3d63f34e-a3e6-4859-b9e2-e502edd318e6,Pemerintah Kab. Halmahera Selatan,CPNS,UMUM,PENGAWAS PENYELENGGARAAN URUSAN PEMERINTAHAN DAERAH AHLI PERTAMA,PEMERINTAH KAB. HALMAHERA SELATAN | INSPEKTORAT | Inspektur Pembantu Wilayah II,1,1,2785700,6373200,5,0,0,0
6c43f13c-1eef-4404-bc36-a429971703e8,Pemerintah Kab. Halmahera Selatan,CPNS,UMUM,PENGAWAS PENYELENGGARAAN URUSAN PEMERINTAHAN DAERAH AHLI PERTAMA,PEMERINTAH KAB. HALMAHERA SELATAN | INSPEKTORAT | Inspektur Pembantu Wilayah IV,1,1,2785700,6373200,1,0,0,0
9712b29e-ca12-46f5-b7df-bfa45eb8c9ff,Pemerintah Kab. Halmahera Selatan,CPNS,UMUM,PENGAWAS PENYELENGGARAAN URUSAN PEMERINTAHAN DAERAH AHLI PERTAMA,PEMERINTAH KAB. HALMAHERA SELATAN | INSPEKTORAT | Inspektur Pembantu Wilayah I,1,1,2785700,6373200,7,0,0,0
a9388b37-8caa-4dab-8eb5-464e8655db00,Pemerintah Kab. Halmahera Selatan,CPNS,UMUM,PENGAWAS PENYELENGGARAAN URUSAN PEMERINTAHAN DAERAH AHLI PERTAMA,PEMERINTAH KAB. HALMAHERA SELATAN | INSPEKTORAT | Inspektur Pembantu Wilayah III,1,1,2785700,6373200,4,0,0,0
dc98d2a7-68d1-4a90-a999-8c0d893589ef,Pemerintah Kab. Halmahera Selatan,CPNS,UMUM,PERENCANA AHLI PERTAMA,PEMERINTAH KAB. HALMAHERA SELATAN | BADAN PERENCANAAN PEMBANGUNAN DAN PENILITIAN PENGEMBANGAN DAERAH | SEKRETARIAT - BADAN PERENCANAAN PEMBANGUNAN DAN PENELITIAN PENGEMBANGAN DAERAH,3,1,2785700,6373200,11,0,0,0
f1990b45-a8ef-4dc8-9afe-ae2715d162e9,Pemerintah Kab. Halmahera Selatan,CPNS,UMUM,PERENCANA AHLI PERTAMA,PEMERINTAH KAB. HALMAHERA SELATAN | DINAS PERUMAHAN DAN KAWASAN PEMUKIMAN,1,1,2785700,6373200,2,0,0,0
f1f6ffe6-69d5-4c6c-86ce-2b8326a9f072,Pemerintah Kab. Halmahera Selatan,CPNS,UMUM,PERENCANA AHLI PERTAMA,PEMERINTAH KAB. HALMAHERA SELATAN | DINAS PEKERJAAN UMUM DAN  PENATAAN RUANG,1,1,2785700,6373200,4,0,0,0
8c212ccf-cd4b-4b7e-932b-312c6d8fa284,Pemerintah Kab. Halmahera Selatan,CPNS,UMUM,PRANATA LABORATORIUM KEMETROLOGIAN AHLI PERTAMA,"PEMERINTAH KAB. HALMAHERA SELATAN | DINAS KOPERASI, UKM, PERINDUSTRIAN DAN PERDAGANGAN | BIDANG USAHA MIKRO KECIL MENENGAH(UMKM)",1,1,2785700,6373200,1,0,0,0
9ca97a32-323a-4040-a5ba-77cf8891e797,Pemerintah Kab. Halmahera Tengah,CPNS,UMUM,PRANATA KOMPUTER AHLI PERTAMA,KABUPATEN HALMAHERA TENGAH | SEKRETARIAT DAERAH | DINAS PENANAMAN MODAL DAN PERIZINAN TERPADU SATU PINTU,1,1,2000000,4000000,13,0,0,0
2f52d7a5-516b-4b64-98a0-c228832175a2,Pemerintah Kab. Halmahera Timur,CPNS,UMUM,MANGGALA INFORMATIKA AHLI PERTAMA,"PEMERINTAH KAB. HALMAHERA TIMUR | DINAS KOMUNIKASI, INFORMATIKA, PERSANDIAN DAN STATISTIK | BIDANG INFORMATIKA",3,1,2579400,2785700,12,0,0,0
6e9586e3-4930-4f04-b86f-d5b6aa8b9153,Pemerintah Kab. Halmahera Timur,CPNS,UMUM,PENATA PERIZINAN AHLI PERTAMA,PEMERINTAH KAB. HALMAHERA TIMUR | DINAS PENANAMAN MODAL DAN PELAYANAN TERPADU SATU PINTU,3,1,2785700,4575200,4,0,0,0
41e88453-f426-48ea-ad32-2064ae6769e3,Pemerintah Kab. Halmahera Timur,CPNS,UMUM,PRANATA KOMPUTER AHLI PERTAMA,PEMERINTAH KAB. HALMAHERA TIMUR | BADAN KESATUAN BANGSA DAN POLITIK | SEKRETARIS BADAN | SUB BAGIAN UMUM DAN KEPEGAWAIAN,1,1,2785700,4575200,0,0,0,0
425435f1-48d9-4355-885c-e0eba9f8ef37,Pemerintah Kab. Halmahera Timur,CPNS,UMUM,PRANATA KOMPUTER AHLI PERTAMA,PEMERINTAH KAB. HALMAHERA TIMUR | SEKRETARIS DAERAH | ASISTEN III BIDANG ADMINISTRASI UMUM | BAGIAN KOMUNIKASI DAN DOKUMENTASI PIMPINAN,1,1,2785700,4575200,0,0,0,0
491e43de-8cc8-41c5-85a2-496d4bd4526c,Pemerintah Kab. Halmahera Timur,CPNS,UMUM,PRANATA KOMPUTER AHLI PERTAMA,"PEMERINTAH KAB. HALMAHERA TIMUR | DINAS PEMBERDAYAAN MASYARAKAT DAN DESA | SEKRETARIAT DINAS | SUB. BAGIAN KEUNGAN, PERENCANAAN, EVALUASI DAN PELAPORAN",1,1,2785700,4575200,0,0,0,0
4cc65250-48ed-4afd-9560-d79f306f095c,Pemerintah Kab. Halmahera Timur,CPNS,UMUM,PRANATA KOMPUTER AHLI PERTAMA,PEMERINTAH KAB. HALMAHERA TIMUR | DINAS PERTANIAN | SEKRETARIAT DINAS | SUB BAGIAN UMUM,1,1,2785700,4575200,0,0,0,0
7ebcc7ad-c325-497e-aed8-0b14507fd3a3,Pemerintah Kab. Halmahera Timur,CPNS,UMUM,PRANATA KOMPUTER AHLI PERTAMA,PEMERINTAH KAB. HALMAHERA TIMUR | BADAN PENGELOLA KEUANGAN DAN ASET DAERAH | BIDANG PENDAPATAN | SUB BIDANG PAJAK DAN RETRIBUSI DAERAH,1,1,2785700,4575200,1,0,0,0
a52cf719-beb7-446c-9b4b-dff87a2121f7,Pemerintah Kab. Halmahera Timur,CPNS,UMUM,PRANATA KOMPUTER AHLI PERTAMA,PEMERINTAH KAB. HALMAHERA TIMUR | DINAS PEMBERDAYAAN MASYARAKAT DAN DESA | SEKRETARIAT DINAS,1,1,2785700,4575200,0,0,0,0
b6bcab9d-d2df-460b-b7d2-40174c5580b4,Pemerintah Kab. Halmahera Timur,CPNS,UMUM,PRANATA KOMPUTER AHLI PERTAMA,PEMERINTAH KAB. HALMAHERA TIMUR | SEKRETARIS DAERAH | ASISTEN I BIDANG PEMERINTAHAN DAN KESEJAHTERAAN RAKYAT | BAGIAN KESEJAHTERAAN RAKYAT,1,1,2785700,4575200,0,0,0,0
c623c808-361f-4d8d-828c-db0f5d4b9eae,Pemerintah Kab. Halmahera Timur,CPNS,UMUM,PRANATA KOMPUTER AHLI PERTAMA,PEMERINTAH KAB. HALMAHERA TIMUR | DINAS PARIWISATA DAN KEBUDAYAAN | BIDANG PENGEMBANGAN USAHA DAN PEMASARAN,1,1,2785700,4575200,0,0,0,0
c7b92aa6-9466-4665-b773-0d1bc75626de,Pemerintah Kab. Halmahera Timur,CPNS,UMUM,PRANATA KOMPUTER AHLI PERTAMA,"PEMERINTAH KAB. HALMAHERA TIMUR | DINAS KOMUNIKASI, INFORMATIKA, PERSANDIAN DAN STATISTIK | BIDANG INFORMATIKA",2,1,2785700,4575200,3,0,0,0
d7f45dd8-e563-4895-86c8-7c7b4c3f8fa1,Pemerintah Kab. Halmahera Timur,CPNS,UMUM,PRANATA KOMPUTER AHLI PERTAMA,PEMERINTAH KAB. HALMAHERA TIMUR | DINAS PERTANIAN | BIDANG PERKEBUNAN,1,1,2785700,4575200,2,0,0,0
e7295cb9-91e2-4d78-952f-13e62d343fbd,Pemerintah Kab. Halmahera Timur,CPNS,UMUM,PRANATA KOMPUTER AHLI PERTAMA,"PEMERINTAH KAB. HALMAHERA TIMUR | BADAN KEPEGAWAIAN DAN PENGEMBANGAN SUMBER DAYA APARATUR | SEKRETARIAT | SUB BAGIAN KEUANGAN, PERENCANAAN, EVALUASI DAN PELAPORAN",1,1,2785700,4575200,1,0,0,0
8a0384c7915b4c4c01915e103a2c177e,Pemerintah Kab. Halmahera Timur,CPNS,PENYANDANG DISABILITAS,SANDIMAN AHLI PERTAMA,"PEMERINTAH KAB. HALMAHERA TIMUR | DINAS KOMUNIKASI, INFORMATIKA, PERSANDIAN DAN STATISTIK | BIDANG PERSANDIAN DAN STATISTIK",1,1,2785700,4575200,0,0,0,0
dfa5c02d-4ecf-4333-8c64-3e5638173318,Pemerintah Kab. Halmahera Timur,CPNS,UMUM,SANDIMAN AHLI PERTAMA,"PEMERINTAH KAB. HALMAHERA TIMUR | DINAS KOMUNIKASI, INFORMATIKA, PERSANDIAN DAN STATISTIK | BIDANG PERSANDIAN DAN STATISTIK",5,1,2785700,4575200,26,0,0,0
68bd3d3d-e98d-49c7-bd03-8ad602f205f4,Pemerintah Kab. Halmahera Utara,CPNS,UMUM,ASESOR MANAJEMEN MUTU INDUSTRI AHLI PERTAMA,PEMERINTAH KABUPATEN HALMAHERA UTARA | DINAS PERDAGANGAN DAN PERINDUSTRIAN | BIDANG PERINDUSTRIAN,1,1,2785700,4575200,2,0,0,0
1fd14a48-45cc-490e-898d-d7e59e7b3fed,Pemerintah Kab. Halmahera Utara,CPNS,UMUM,INSTRUKTUR AHLI PERTAMA,PEMERINTAH KABUPATEN HALMAHERA UTARA | DINAS TENAGA KERJA DAN TRANSMIGRASI | BIDANG PENEMPATAN TENAGA KERJA DAN PERLUASAN TENAGA KERJA,1,1,2785700,4575200,37,0,0,0
b4291d2d-89cc-419e-a303-5d79fa96dce5,Pemerintah Kab. Halmahera Utara,CPNS,UMUM,PENATA PERIZINAN AHLI PERTAMA,PEMERINTAH KABUPATEN HALMAHERA UTARA | DINAS PENANAMAN MODAL DAN PELAYANAN TERPADU SATU PINTU,1,1,2785700,4575200,8,0,0,0
0a419252-3e53-4725-9a9b-2ac12f885062,Pemerintah Kab. Halmahera Utara,CPNS,UMUM,PENGAWAS PENYELENGGARAAN URUSAN PEMERINTAHAN DAERAH AHLI PERTAMA,PEMERINTAH KABUPATEN HALMAHERA UTARA | INSPEKTORAT | INSPEKTUR PEMBANTU KHUSUS,1,1,2785700,4575200,11,0,0,0
2c60010e-4832-46e4-a3e8-b0e0ebd6b7fd,Pemerintah Kab. Halmahera Utara,CPNS,UMUM,PENGAWAS PENYELENGGARAAN URUSAN PEMERINTAHAN DAERAH AHLI PERTAMA,PEMERINTAH KABUPATEN HALMAHERA UTARA | INSPEKTORAT | INSPEKTUR PEMBANTU WILAYAH II,1,1,2785700,4575200,1,0,0,0
3d76510a-b6c7-495e-805f-8a2363ddafae,Pemerintah Kab. Halmahera Utara,CPNS,UMUM,PENGAWAS PENYELENGGARAAN URUSAN PEMERINTAHAN DAERAH AHLI PERTAMA,PEMERINTAH KABUPATEN HALMAHERA UTARA | INSPEKTORAT | INSPEKTUR PEMBANTU WILAYAH III,1,1,2785700,4575200,4,0,0,0
9783eef2-6ad1-41d6-94c8-f6f7584087ba,Pemerintah Kab. Halmahera Utara,CPNS,UMUM,PENGAWAS PENYELENGGARAAN URUSAN PEMERINTAHAN DAERAH AHLI PERTAMA,PEMERINTAH KABUPATEN HALMAHERA UTARA | INSPEKTORAT | INSPEKTUR PEMBANTU WILAYAH IV,1,1,2785700,4575200,5,0,0,0
fef5ddc0-3388-429d-90ad-e3c7e3b16176,Pemerintah Kab. Halmahera Utara,CPNS,UMUM,PENGAWAS PENYELENGGARAAN URUSAN PEMERINTAHAN DAERAH AHLI PERTAMA,PEMERINTAH KABUPATEN HALMAHERA UTARA | INSPEKTORAT | INSPEKTUR PEMBANTU WILAYAH I,1,1,2785700,4575200,6,0,0,0
45c153d7-84a7-48a0-a03b-905f0567265a,Pemerintah Kab. Halmahera Utara,CPNS,UMUM,PENGELOLA PENGADAAN BARANG/JASA AHLI PERTAMA,PEMERINTAH KABUPATEN HALMAHERA UTARA | SEKRETARIAT DAERAH | ASISTEN III BIDANG PEREKONOMIAN DAN PEMBANGUNAN | BAGIAN PENGADAAN BARANG DAN JASA SETDA,1,1,2785700,4575200,6,0,0,0
034a0d5a-0ca0-4cba-9130-34fb6b0a5949,Pemerintah Kab. Halmahera Utara,CPNS,UMUM,PENGGERAK SWADAYA MASYARAKAT AHLI PERTAMA,PEMERINTAH KABUPATEN HALMAHERA UTARA | SEKRETARIAT DAERAH | KECAMATAN GALELA SELATAN | SEKSI PEMBERDAYAAN MASYARAKAT,1,1,2785700,4575200,4,0,0,0
10f2f128-ca52-496f-9596-c3f8eb169854,Pemerintah Kab. Halmahera Utara,CPNS,UMUM,PENGGERAK SWADAYA MASYARAKAT AHLI PERTAMA,"PEMERINTAH KABUPATEN HALMAHERA UTARA | SEKRETARIAT DAERAH | KECAMATAN GALELA SELATAN | SEKSI EKONOMI, PEMBANGUNAN DAN KESEJAHTERAAN",1,1,2785700,4575200,4,0,0,0
1b18ee0a-1ff9-4260-b121-f1186e41963e,Pemerintah Kab. Halmahera Utara,CPNS,UMUM,PENGGERAK SWADAYA MASYARAKAT AHLI PERTAMA,"PEMERINTAH KABUPATEN HALMAHERA UTARA | SEKRETARIAT DAERAH | KECAMATAN KAO | SEKSI EKONOMI, PEMBANGUNAN DAN KESEJAHTERAAN SOSIAL",1,1,2785700,4575200,4,0,0,0
1d7e3b79-8a75-4a0b-bd03-dc4e64408e83,Pemerintah Kab. Halmahera Utara,CPNS,UMUM,PENGGERAK SWADAYA MASYARAKAT AHLI PERTAMA,PEMERINTAH KABUPATEN HALMAHERA UTARA | DINAS PEMBERDAYAAN MASYARAKAT DAN DESA | BIDANG PEMBANGUNAN KAWASAN PERDESAAN,1,1,2785700,4575200,8,0,0,0
22a23550-c846-479d-ba94-b5c9d1d3e8e4,Pemerintah Kab. Halmahera Utara,CPNS,UMUM,PENGGERAK SWADAYA MASYARAKAT AHLI PERTAMA,"PEMERINTAH KABUPATEN HALMAHERA UTARA | SEKRETARIAT DAERAH | KECAMATAN MALIFUT | SEKSI EKONOMI, PEMBANGUNAN DAN KESEJAHTERAAN SOSIAL",1,1,2785700,4575200,2,0,0,0
3736b6e2-2cf3-445f-871d-3bd87138407b,Pemerintah Kab. Halmahera Utara,CPNS,UMUM,PENGGERAK SWADAYA MASYARAKAT AHLI PERTAMA,"PEMERINTAH KABUPATEN HALMAHERA UTARA | SEKRETARIAT DAERAH | KECAMATAN GALELA BARAT | SEKSI EKONOMI, PEMBANGUNAN DAN KESEJAHTERAAN SOSIAL",1,1,2785700,4575200,3,0,0,0
3d8e173e-93c9-478a-b8f9-6b683995c30e,Pemerintah Kab. Halmahera Utara,CPNS,UMUM,PENGGERAK SWADAYA MASYARAKAT AHLI PERTAMA,"PEMERINTAH KABUPATEN HALMAHERA UTARA | SEKRETARIAT DAERAH | KECAMATAN GALELA UTARA | SEKSI EKONOMI, PEMBANGUNAN DAN KESEJAHTERAAN SOSIAL",1,1,2785700,4575200,9,0,0,0
3e023510-1d6a-402f-b357-e6e6894f9118,Pemerintah Kab. Halmahera Utara,CPNS,UMUM,PENGGERAK SWADAYA MASYARAKAT AHLI PERTAMA,"PEMERINTAH KABUPATEN HALMAHERA UTARA | SEKRETARIAT DAERAH | KECAMATAN KAO UTARA | SEKSI EKONOMI, PEMBANGUNAN DAN KESEJAHTERAAN SOSIAL",1,1,2785700,4575200,1,0,0,0
3e4820ba-8d50-4d22-b0bc-3a38733c8cf2,Pemerintah Kab. Halmahera Utara,CPNS,UMUM,PENGGERAK SWADAYA MASYARAKAT AHLI PERTAMA,PEMERINTAH KABUPATEN HALMAHERA UTARA | SEKRETARIAT DAERAH | KECAMATAN TOBELO BARAT | SEKSI PEMBERDAYAAN MASYARAKAT,1,1,2785700,4575200,8,0,0,0
4282e0e6-afb5-41be-8c85-37e54dd63163,Pemerintah Kab. Halmahera Utara,CPNS,UMUM,PENGGERAK SWADAYA MASYARAKAT AHLI PERTAMA,PEMERINTAH KABUPATEN HALMAHERA UTARA | SEKRETARIAT DAERAH | KECAMATAN LOLODA KEPULAUAN | SEKSI PEMBERDAYAAN MASYARAKAT,1,1,2785700,4575200,6,0,0,0
51e64fd3-080e-451f-b30b-4a785e8bac07,Pemerintah Kab. Halmahera Utara,CPNS,UMUM,PENGGERAK SWADAYA MASYARAKAT AHLI PERTAMA,PEMERINTAH KABUPATEN HALMAHERA UTARA | SEKRETARIAT DAERAH | KECAMATAN MALIFUT | SEKSI PEMBERDAYAAN MASYARAKAT,1,1,2785700,4575200,3,0,0,0
594f6f8a-349a-45cb-a1c7-a849e7226e2c,Pemerintah Kab. Halmahera Utara,CPNS,UMUM,PENGGERAK SWADAYA MASYARAKAT AHLI PERTAMA,"PEMERINTAH KABUPATEN HALMAHERA UTARA | DINAS PEMBERDAYAAN PEREMPUAN PA DAN KB | BIDANG KB, KS DAN PENGENDALIAN PENDUDUK",1,1,2785700,4575200,7,0,0,0
8ee3a050-8484-456b-a839-dea752e8d588,Pemerintah Kab. Halmahera Utara,CPNS,UMUM,PENGGERAK SWADAYA MASYARAKAT AHLI PERTAMA,"PEMERINTAH KABUPATEN HALMAHERA UTARA | SEKRETARIAT DAERAH | KECAMATAN LOLODA KEPULAUAN | SEKSI EKONOMI, PEMBANGUNAN DAN KESEJAHTERAAN SOSIAL",1,1,2785700,4575200,5,0,0,0
932f3221-a69d-49ca-8ca5-8f9a4c050c4d,Pemerintah Kab. Halmahera Utara,CPNS,UMUM,PENGGERAK SWADAYA MASYARAKAT AHLI PERTAMA,PEMERINTAH KABUPATEN HALMAHERA UTARA | SEKRETARIAT DAERAH | KECAMATAN KAO BARAT | SEKSI PEMBERDAYAAN MASYARAKAT,1,1,2785700,4575200,3,0,0,0
b4f64fca-acee-4231-a9b8-790b495e08e9,Pemerintah Kab. Halmahera Utara,CPNS,UMUM,PENGGERAK SWADAYA MASYARAKAT AHLI PERTAMA,PEMERINTAH KABUPATEN HALMAHERA UTARA | SEKRETARIAT DAERAH | KECAMATAN KAO UTARA | SEKSI PEMBERDAYAAN MASYARAKAT,1,1,2785700,4575200,4,0,0,0
c0b4ed3a-90b0-46a2-922a-bb960b8d3a15,Pemerintah Kab. Halmahera Utara,CPNS,UMUM,PENGGERAK SWADAYA MASYARAKAT AHLI PERTAMA,PEMERINTAH KABUPATEN HALMAHERA UTARA | DINAS PEMBERDAYAAN MASYARAKAT DAN DESA | BIDANG PEMBERDAYAAN MASYARAKAT DAN DESA,1,1,2785700,4575200,8,0,0,0
cec51769-ff24-4ab1-a6fc-98764de17e39,Pemerintah Kab. Halmahera Utara,CPNS,UMUM,PENGGERAK SWADAYA MASYARAKAT AHLI PERTAMA,PEMERINTAH KABUPATEN HALMAHERA UTARA | SEKRETARIAT DAERAH | KECAMATAN GALELA BARAT | SEKSI PEMBERDAYAAN MASYARAKAT,1,1,2785700,4575200,3,0,0,0
d11c87e7-7576-49af-9187-2af8368eaeb3,Pemerintah Kab. Halmahera Utara,CPNS,UMUM,PENGGERAK SWADAYA MASYARAKAT AHLI PERTAMA,PEMERINTAH KABUPATEN HALMAHERA UTARA | SEKRETARIAT DAERAH | KECAMATAN GALELA UTARA | SEKSI PEMBERDAYAAN MASYARAKAT,1,1,2785700,4575200,6,0,0,0
f63687f3-f15d-4e67-b22a-bcf0b377b927,Pemerintah Kab. Halmahera Utara,CPNS,UMUM,PENGGERAK SWADAYA MASYARAKAT AHLI PERTAMA,PEMERINTAH KABUPATEN HALMAHERA UTARA | DINAS PEMBERDAYAAN PEREMPUAN PA DAN KB | BIDANG PERLINDUNGAN DAN PEMENUHAN HAK ANAK,1,1,2785700,4575200,5,0,0,0
fbbe9e4c-6920-4222-b40f-b9850a0e79d1,Pemerintah Kab. Halmahera Utara,CPNS,UMUM,PENGGERAK SWADAYA MASYARAKAT AHLI PERTAMA,"PEMERINTAH KABUPATEN HALMAHERA UTARA | SEKRETARIAT DAERAH | KECAMATAN TOBELO BARAT | SEKSI EKONOMI, PEMBANGUNAN DAN KESEJAHTERAAN SOSIAL",1,1,2785700,4575200,5,0,0,0
6557636f-dcd7-4b3b-9a1b-d1c84a104972,Pemerintah Kab. Halmahera Utara,CPNS,UMUM,PRANATA HUBUNGAN MASYARAKAT AHLI PERTAMA,"PEMERINTAH KABUPATEN HALMAHERA UTARA | DINAS KOMUNIKASI, INFORMATIKA DAN PERSANDIAN | BIDANG PENGELOLAAN OPINI ASPIRASI PUBLIK DAN LAYANAN HUBUNGAN MEDIA",1,1,2785700,4575200,31,0,0,0
8a01869291548667019154e2f306788d,Pemerintah Kab. Hulu Sungai Selatan,CPNS,PENYANDANG DISABILITAS,PRANATA KOMPUTER AHLI PERTAMA,PEMERINTAH KABUPATEN HULU SUNGAI SELATAN | BADAN PENGELOLAAN KEUANGAN DAN PENDAPATAN DAERAH | BIDANG ANGGARAN,1,1,3000000,6700000,0,0,0,0
8671b473-bfc4-4d93-8d87-879678cc3536,Pemerintah Kab. Hulu Sungai Selatan,CPNS,UMUM,PRANATA KOMPUTER AHLI PERTAMA,PEMERINTAH KABUPATEN HULU SUNGAI SELATAN | BADAN PERENCANAAN PEMBANGUNAN PENELITIAN DAN PENGEMBANGAN DAERAH | BIDANG PENELITIAN DAN PENGEMBANGAN,1,1,3000000,6700000,19,0,0,0
91a8009e-4d3b-4e6f-b84e-b1be69de47c0,Pemerintah Kab. Hulu Sungai Selatan,CPNS,UMUM,PRANATA KOMPUTER AHLI PERTAMA,PEMERINTAH KABUPATEN HULU SUNGAI SELATAN | BADAN PERENCANAAN PEMBANGUNAN PENELITIAN DAN PENGEMBANGAN DAERAH | BIDANG PERENCANAAN,1,1,3000000,6700000,17,0,0,0
bdeb094e-3a81-4da0-9509-f8ca877dd3b9,Pemerintah Kab. Hulu Sungai Selatan,CPNS,UMUM,PRANATA KOMPUTER AHLI PERTAMA,PEMERINTAH KABUPATEN HULU SUNGAI SELATAN | DINAS PERDAGANGAN | SEKRETARIAT | SUB BAGIAN UMUM DAN KEPEGAWAIAN,1,1,3000000,6700000,21,0,0,0
c60e5084-fcf3-4edd-810b-6091bf1d21ff,Pemerintah Kab. Hulu Sungai Selatan,CPNS,UMUM,PRANATA KOMPUTER AHLI PERTAMA,PEMERINTAH KABUPATEN HULU SUNGAI SELATAN | BADAN PENGELOLAAN KEUANGAN DAN PENDAPATAN DAERAH | BIDANG ANGGARAN,3,1,3000000,6700000,74,0,0,0
4e53e723-426e-4de7-8d8e-07cf369692d0,Pemerintah Kab. Hulu Sungai Tengah,CPNS,UMUM,PRANATA HUBUNGAN MASYARAKAT AHLI PERTAMA,Pemerintah Kabupaten Hulu Sungai Tengah | SEKRETARIAT DAERAH | ASISTEN PEMERINTAHAN DAN KESEJAHTERAAN RAKYAT | BAGIAN KESEJAHTERAAN RAKYAT,1,1,2785700,5422378,168,0,0,0
82da5ba9-5b9b-4eb1-8dce-bcf7402fb571,Pemerintah Kab. Hulu Sungai Tengah,CPNS,UMUM,PRANATA HUBUNGAN MASYARAKAT AHLI PERTAMA,Pemerintah Kabupaten Hulu Sungai Tengah | SEKRETARIAT DPRD | BAGIAN KEUANGAN,1,1,2785700,5422378,98,0,0,0
d86d2e6b-5a89-4d86-ba08-bed265e3444d,Pemerintah Kab. Hulu Sungai Tengah,CPNS,UMUM,PRANATA HUBUNGAN MASYARAKAT AHLI PERTAMA,Pemerintah Kabupaten Hulu Sungai Tengah | DINAS KOMUNIKASI DAN INFORMATIKA | Bidang Komunikasi dan Informasi Publik,1,1,2785700,5422378,100,0,0,0
6169389b-2b6b-47e7-8df0-bfcb4462b773,Pemerintah Kab. Hulu Sungai Tengah,CPNS,UMUM,SANDIMAN AHLI PERTAMA,Pemerintah Kabupaten Hulu Sungai Tengah | DINAS KOMUNIKASI DAN INFORMATIKA | Bidang Informatika dan Persandian,1,1,2785700,5422378,5,0,0,0
8a0384b491502874019153f621ac2043,Pemerintah Kab. Hulu Sungai Utara,CPNS,PENYANDANG DISABILITAS,PENGELOLA PENGADAAN BARANG/JASA AHLI PERTAMA,PEMERINTAH KABUPATEN HULU SUNGAI UTARA | SEKRETARIAT DAERAH | ASISTEN PEREKONOMIAN DAN PEMBANGUNAN | BAGIAN PENGADAAN BARANG DAN JASA,1,1,3000000,5000000,1,0,0,0
51b03845-b643-49da-8771-a3dbe73a69c4,Pemerintah Kab. Hulu Sungai Utara,CPNS,UMUM,PENGELOLA PENGADAAN BARANG/JASA AHLI PERTAMA,PEMERINTAH KABUPATEN HULU SUNGAI UTARA | SEKRETARIAT DAERAH | ASISTEN PEREKONOMIAN DAN PEMBANGUNAN | BAGIAN PENGADAAN BARANG DAN JASA,4,1,3000000,5000000,127,0,0,0
edbd979e-4783-493e-a9e2-850c1d00eb85,Pemerintah Kab. Indragiri Hulu,CPNS,UMUM,PENGELOLA PENGADAAN BARANG/JASA AHLI PERTAMA,PEMERINTAH KABUPATEN INDRAGIRI HULU | SEKRETARIAT DAERAH | ASISTEN PEREKONOMIAN DAN PEMBANGUNAN | BAGIAN PENGADAAN BARANG DAN JASA,2,1,3000000,7000000,345,0,0,0
eedb834e-1755-4681-9d64-e2450bbd4510,Pemerintah Kab. Indramayu,CPNS,UMUM,PENERA AHLI PERTAMA,"PEMERINTAH KABUPATEN INDRAMAYU | DINAS KOPERASI, USAHA KECIL DAN MENENGAH, PERDAGANGAN DAN PERINDUSTRIAN",2,0,2647200,4124900,75,0,0,0
2143d38e-11d9-4526-816f-3b46d591d22e,Pemerintah Kab. Indramayu,CPNS,UMUM,PENGAWAS INDUSTRI,"PEMERINTAH KABUPATEN INDRAMAYU | DINAS KOPERASI, USAHA KECIL DAN MENENGAH, PERDAGANGAN DAN PERINDUSTRIAN | BIDANG PERINDUSTRIAN",1,0,2647200,4124900,78,0,0,0
8a01869291548667019154ff68d82ccc,Pemerintah Kab. Intan Jaya,CPNS,ORANG ASLI PAPUA (OAP),ARSIPARIS AHLI PERTAMA,PEMERINTAH KABUPATEN INTAN JAYA | SEKRETARIAT DAERAH | Asisten Bidang Administrasi Umum SETDA | BAGIAN UMUM | SUBBAGIAN KEPEGAWAIAN dan KESEKRETARIATAN,8,0,1000000,5000000,12,0,0,0
cea6119c-cb9b-4036-888c-2866ed92e1bd,Pemerintah Kab. Intan Jaya,CPNS,UMUM (NON OAP),ARSIPARIS AHLI PERTAMA,PEMERINTAH KABUPATEN INTAN JAYA | SEKRETARIAT DAERAH | Asisten Bidang Administrasi Umum SETDA | BAGIAN UMUM | SUBBAGIAN KEPEGAWAIAN dan KESEKRETARIATAN,1,0,1000000,5000000,3,0,0,0
8a0384ba915598f4019155c6cc301fbf,Pemerintah Kab. Intan Jaya,CPNS,ORANG ASLI PAPUA (OAP),PENGAWAS INDUSTRI,PEMERINTAH KABUPATEN INTAN JAYA | DINAS TENAGA KERJA DAN PERINDUSTRIAN | Bidang Teknologi Industri | Seksi Standarisasi Teknologi Industri,7,0,1000000,5000000,40,0,0,0
28c858a9-e32b-4e92-a023-7e711a470350,Pemerintah Kab. Jayapura,CPNS,ORANG ASLI PAPUA (OAP),PRANATA KOMPUTER AHLI PERTAMA,PEMERINTAH KABUPATEN JAYAPURA | BADAN KEPEGAWAIAN DAN PENGEMBANGAN SUMBER DAYA MANUSIA | BIDANG PENGOLAHAN DATA DAN PENSIUN | SUB BIDANG ADMINISTRASI DAN PENGOLAHAN DATA,2,1,2650000,3650000,2,0,0,0
3e647c8d-93d3-4f6f-a896-5ab4a6a54d89,Pemerintah Kab. Jayapura,CPNS,ORANG ASLI PAPUA (OAP),PRANATA KOMPUTER AHLI PERTAMA,PEMERINTAH KABUPATEN JAYAPURA | BADAN KEPEGAWAIAN DAN PENGEMBANGAN SUMBER DAYA MANUSIA | BIDANG PENGADAAN DAN MUTASI | SUB BIDANG PENGADAAN,2,1,2650000,3650000,4,0,0,0
493c4f38-cf9f-47d6-89f3-e76845110058,Pemerintah Kab. Jayapura,CPNS,ORANG ASLI PAPUA (OAP),PRANATA KOMPUTER AHLI PERTAMA,PEMERINTAH KABUPATEN JAYAPURA | BADAN KEPEGAWAIAN DAN PENGEMBANGAN SUMBER DAYA MANUSIA | BIDANG PENGADAAN DAN MUTASI | SUB BIDANG MUTASI PEGAWAI,2,1,2650000,3650000,2,0,0,0
ec039192-5c9d-4aaf-ae77-dda38ff945c7,Pemerintah Kab. Jember,CPNS,UMUM,PENERA AHLI PERTAMA,PEMERINTAH KABUPATEN JEMBER | DINAS PERINDUSTRIAN DAN PERDAGANGAN | UPTD METROLOGI LEGAL,2,1,2922900,3513600,185,0,0,0
01bf4215-9167-4e3f-a82d-ac3524cd9de6,Pemerintah Kab. Jember,CPNS,UMUM,PENGAWAS JARINGAN UTILITAS,"PEMERINTAH KABUPATEN JEMBER | DINAS PERUMAHAN RAKYAT, KAWASAN PERMUKIMAN DAN CIPTA KARYA | BIDANG PRASARANA, SARANA DAN UTILITAS UMUM",1,1,2922900,3513600,36,0,0,0
8a0384979144c5430191459e8dc92c12,Pemerintah Kab. Jembrana,CPNS,PENYANDANG DISABILITAS,ANALIS KEBIJAKAN AHLI PERTAMA,"PEMERINTAH KABUPATEN JEMBRANA | BADAN PERENCANAAN PEMBANGUNAN DAERAH | BIDANG PERENCANAAN, PENGENDALIAN, EVALUASI, DAN DATA PEMBANGUNAN DAERAH BADAN PERENCANAAN PEMBANGUNAN DAERAH",1,1,2500000,3500000,2,0,0,0
411274a6-22cf-4b92-a469-2f5166ccd176,Pemerintah Kab. Jembrana,CPNS,UMUM,ANALIS KEBIJAKAN AHLI PERTAMA,"PEMERINTAH KABUPATEN JEMBRANA | BADAN PERENCANAAN PEMBANGUNAN DAERAH | BIDANG PERENCANAAN, PENGENDALIAN, EVALUASI, DAN DATA PEMBANGUNAN DAERAH BADAN PERENCANAAN PEMBANGUNAN DAERAH",1,1,2500000,3500000,26,0,0,0
b2d0c7b0-3dc3-478a-8769-221f0805dfc5,Pemerintah Kab. Jepara,CPNS,UMUM,PENGAWAS INDUSTRI,PEMERINTAH KABUPATEN JEPARA | DINAS PERINDUSTRIAN DAN PERDAGANGAN | BIDANG PERINDUSTRIAN,2,1,2000000,6000000,303,0,0,0
57edbf65-bf33-448b-8a2f-314e23ab78d0,Pemerintah Kab. Kapuas Hulu,CPNS,UMUM,ANALIS KEBAKARAN AHLI PERTAMA,Pemerintah Kab. Kapuas hulu | Badan Penanggulangan Bencana Daerah | Bidang Pencegahan dan Kesiapsiagaan,1,1,2785700,3285700,8,0,0,0
51c57952-f500-42dd-96e4-1b9ccefbbed0,Pemerintah Kab. Kapuas Hulu,CPNS,UMUM,PEMBINA JASA KONSTRUKSI AHLI PERTAMA,Pemerintah Kab. Kapuas hulu | Dinas Pekerjaan Umum dan Penataan Ruang | Bidang Jasa Konstruksi,1,1,2785700,3285700,6,0,0,0
6c06d937-cd2e-4c0c-88b8-abe287ce31a7,Pemerintah Kab. Kapuas Hulu,CPNS,UMUM,PENGAWAS JARINGAN UTILITAS,Pemerintah Kab. Kapuas hulu | Dinas Pekerjaan Umum dan Penataan Ruang | Bidang Penyehatan Lingkungan,1,1,2785700,3285700,20,0,0,0
7ea69da4-8c39-45ac-bb27-f8a693dd7bf8,Pemerintah Kab. Karawang,CPNS,UMUM,ARSIPARIS AHLI PERTAMA,Pemerintah Kabupaten Karawang | SEKRETARIAT DAERAH | ASISTEN ADMINISTRASI UMUM | BAGIAN UMUM,2,1,3000000,3800000,677,0,0,0
5ce033bd-50b2-4d95-a56e-51ad3cb32296,Pemerintah Kab. Karawang,CPNS,UMUM,PENGELOLA PENGADAAN BARANG/JASA AHLI PERTAMA,Pemerintah Kabupaten Karawang | SEKRETARIAT DAERAH | ASISTEN PEREKONOMIAN DAN PEMBANGUNAN | BAGIAN PENGADAAN BARANG DAN JASA,14,1,3000000,3800000,2419,0,0,0
f83f30cd-d414-42c5-b052-5c3d1ebc87ac,Pemerintah Kab. Karimun,CPNS,UMUM,"PENGAWAS ENERGI BARU, TERBARUKAN, DAN KONSERVASI ENERGI","PEMERINTAH KAB. KARIMUN | DINAS KOPERASI USAHA MIKRO, PERDAGANGAN DAN ENERGI SUMBER DAYA MINERAL | BIDANG ENERGI DAN SUMBER DAYA MINERAL",1,1,2228560,4326186,17,0,0,0
7ce5735e-784c-4248-9564-05cc3ef95b3c,Pemerintah Kab. Karimun,CPNS,UMUM,PENGELOLA KESELAMATAN KETENAGALISTRIKAN,"PEMERINTAH KAB. KARIMUN | DINAS KOPERASI USAHA MIKRO, PERDAGANGAN DAN ENERGI SUMBER DAYA MINERAL | BIDANG ENERGI DAN SUMBER DAYA MINERAL",1,0,2228560,4326186,7,0,0,0
c1f49525-cc0a-4d33-bf32-90cae8919013,Pemerintah Kab. Karimun,CPNS,UMUM,PENGENDALI KONTEN INTERNET,"PEMERINTAH KAB. KARIMUN | DINAS KOMUNIKASI, INFORMATIKA , STATISTIK DAN PERSANDIAN | BIDANG KOMUNIKASI PUBLIK DAN KEHUMASAN",1,1,2228560,4326186,2,0,0,0
0cab148e-0d0d-4e6e-b195-1fc60fc2f070,Pemerintah Kab. Kaur,CPNS,UMUM,PENATA KELOLA PENYEHATAN LINGKUNGAN AHLI PERTAMA,PEMERINTAH KABUPATEN KAUR | DINAS PEKERJAAN UMUM DAN PENATAAN RUANG,1,1,2785700,5000000,3,0,0,0
6973ca8b-efe7-43bf-9a2c-5b9445e80f30,Pemerintah Kab. Kaur,CPNS,UMUM,PENATA KELOLA PENYEHATAN LINGKUNGAN AHLI PERTAMA,PEMERINTAH KABUPATEN KAUR | DINAS PERUMAHAN DAN KAWASAN PEMUKIMAN,1,1,2785700,5000000,6,0,0,0
832a593a-b5a8-48d3-9042-fa979ea593b3,Pemerintah Kab. Kayong Utara,CPNS,UMUM,MANGGALA INFORMATIKA AHLI PERTAMA,"Pemerintah Kabupaten Kayong Utara | Dinas Komunikasi Dan Informatika | Bidang Penyelenggaraan Pemerintahan Berbasis Elektronik | Seksi Infrastruktur, Teknologi Dan Persandian",1,1,2000000,6000000,9,0,0,0
90f1930d-3443-4287-b471-1f48cb070878,Pemerintah Kab. Kebumen,CPNS,UMUM,PENGELOLA PENGADAAN BARANG/JASA AHLI PERTAMA,Pemerintah Kabupaten Kebumen | Sekretariat Daerah | Asisten Perekonomian dan Pembangunan | Bagian Pengadaan Barang dan Jasa | Subbagian Pengelolaan Pengadaan Barang dan Jasa,5,0,2228560,3208235,221,0,0,0
6a0077d5-d12e-4f6e-aa43-21e2bcdc8770,Pemerintah Kab. Kebumen,CPNS,UMUM,PRANATA KOMPUTER AHLI PERTAMA,Pemerintah Kabupaten Kebumen | Dinas Komunikasi dan Informatika | Bidang Pengembangan Informatika,1,0,2228560,3208235,11,0,0,0
0aa74be8-02d8-45f2-a030-fb675167c408,Pemerintah Kab. Kebumen,CPNS,UMUM,SANDIMAN AHLI PERTAMA,Pemerintah Kabupaten Kebumen | Dinas Komunikasi dan Informatika | Bidang Pengembangan Informatika,1,0,2228560,3208235,39,0,0,0
eef84ed8-01fc-4988-b9b7-849aeda4330f,Pemerintah Kab. Kediri,CPNS,UMUM,PENGAWAS INDUSTRI,Pemerintah Kabupaten Kediri | Dinas Perdagangan | Bidang Perindustrian,2,0,2228560,4812920,357,0,0,0
5e6e9a73-fc98-483a-922b-e4d70e3e8a6d,Pemerintah Kab. Kepulauan Anambas,CPNS,UMUM,ARSIPARIS AHLI PERTAMA,PEMERINTAH KABUPATEN KEPULAUAN ANAMBAS | DINAS KEPENDUDUKAN DAN PENCATATAN SIPIL | SEKRETARIAT DINAS KEPENDUDUKAN DAN PENCATATAN SIPIL,1,1,2785700,7685700,12,0,0,0
98ac7534-7bf3-4daf-8725-ff6e03968fb1,Pemerintah Kab. Kepulauan Anambas,CPNS,UMUM,ARSIPARIS AHLI PERTAMA,PEMERINTAH KABUPATEN KEPULAUAN ANAMBAS | BADAN PENANGGULANGAN BENCANA DAERAH | SEKRETARIAT BADAN PENANGGULANGAN BENCANA DAERAH,1,1,2785700,7685700,13,0,0,0
cf5b79c1-7b71-43b2-8ce9-221795abe5b2,Pemerintah Kab. Kepulauan Anambas,CPNS,UMUM,ARSIPARIS AHLI PERTAMA,PEMERINTAH KABUPATEN KEPULAUAN ANAMBAS | DINAS PERHUBUNGAN DAN LINGKUNGAN HIDUP | SEKRETARIAT DINAS PERHUBUNGAN DAN LINGKUNGAN HIDUP,1,1,2785700,7685700,7,0,0,0
580e8d9d-3828-45f6-b581-d0efcac5e901,Pemerintah Kab. Kepulauan Anambas,CPNS,UMUM,PENGAWAS PENYELENGGARAAN URUSAN PEMERINTAHAN DAERAH AHLI PERTAMA,PEMERINTAH KABUPATEN KEPULAUAN ANAMBAS | INSPEKTORAT DAERAH | INSPEKTORAT PEMBANTU BIDANG II,2,1,2785700,7685700,8,0,0,0
8622ffd4-8189-4bba-8e1b-d201165d7b57,Pemerintah Kab. Kepulauan Anambas,CPNS,UMUM,PENGAWAS PENYELENGGARAAN URUSAN PEMERINTAHAN DAERAH AHLI PERTAMA,PEMERINTAH KABUPATEN KEPULAUAN ANAMBAS | INSPEKTORAT DAERAH | INSPEKTORAT PEMBANTU BIDANG I,2,1,2785700,7685700,8,0,0,0
aa65e615-ff89-4c13-8aa9-5c1c2a1e524f,Pemerintah Kab. Kepulauan Anambas,CPNS,UMUM,PENGAWAS PENYELENGGARAAN URUSAN PEMERINTAHAN DAERAH AHLI PERTAMA,PEMERINTAH KABUPATEN KEPULAUAN ANAMBAS | INSPEKTORAT DAERAH | INSPEKTORAT PEMBANTU BIDANG IV,2,1,2785700,7685700,8,0,0,0
d3c57057-569c-4cee-8eef-0060e97a8a9e,Pemerintah Kab. Kepulauan Anambas,CPNS,UMUM,PENGAWAS PENYELENGGARAAN URUSAN PEMERINTAHAN DAERAH AHLI PERTAMA,PEMERINTAH KABUPATEN KEPULAUAN ANAMBAS | INSPEKTORAT DAERAH | INSPEKTORAT PEMBANTU BIDANG III,2,1,2785700,7685700,34,0,0,0
8a028491914ebc4d01914ec0876e00af,Pemerintah Kab. Kepulauan Anambas,CPNS,PENYANDANG DISABILITAS,PENGELOLA PENGADAAN BARANG/JASA AHLI PERTAMA,PEMERINTAH KABUPATEN KEPULAUAN ANAMBAS | SEKRETARIAT DAERAH | ASISTEN PEREKONOMIAN DAN PEMBANGUNAN | BAGIAN PENGADAAN BARANG DAN JASA,2,1,2785700,7685700,1,0,0,0
10d0532c-7acd-434a-ab1e-a721158ace46,Pemerintah Kab. Kepulauan Anambas,CPNS,UMUM,PENGELOLA PENGADAAN BARANG/JASA AHLI PERTAMA,PEMERINTAH KABUPATEN KEPULAUAN ANAMBAS | SEKRETARIAT DAERAH | ASISTEN PEREKONOMIAN DAN PEMBANGUNAN | BAGIAN PENGADAAN BARANG DAN JASA,6,1,2785700,7685700,202,0,0,0
0a9d62b5-59b6-4de7-9991-ddb1060a5bbe,Pemerintah Kab. Kepulauan Anambas,CPNS,UMUM,PRANATA KOMPUTER AHLI PERTAMA,PEMERINTAH KABUPATEN KEPULAUAN ANAMBAS | DINAS PERPUSTAKAAN DAN ARSIP DAERAH | SEKRETARIAT DINAS PERPUSTAKAAN DAN ARSIP DAERAH,1,1,2785700,7685700,6,0,0,0
a82e550f-fbb1-46ce-b908-d8b520ee16c5,Pemerintah Kab. Kepulauan Anambas,CPNS,UMUM,PRANATA KOMPUTER AHLI PERTAMA,PEMERINTAH KABUPATEN KEPULAUAN ANAMBAS | SEKRETARIAT DAERAH | ASISTEN ADMINISTRASI UMUM | BAGIAN ORGANISASI,1,1,2785700,7685700,4,0,0,0
4cd5cc2d-0a0b-4b22-9b24-b270d77a787b,Pemerintah Kab. Kepulauan Aru,CPNS,UMUM,PENGUJI MUTU BARANG AHLI PERTAMA,Pemerintah Kabupaten Kepulauan Aru | Dinas Perdagangan dan Perindustrian,4,1,2700000,4500000,35,0,0,0
de6ae719-1fb1-4481-a76b-6fc4001662ce,Pemerintah Kab. Kepulauan Sangihe,CPNS,UMUM,ANALIS KEBIJAKAN AHLI PERTAMA,Pemerintah Kabupaten  Kepulauan Sangihe | DINAS PERUMAHAN RAKYAT DAN KAWASAN PERMUKIMAN SERTA PERTANAHAN DAERAH | BIDANG PEMBANGUNAN DAN PENGEMBANGAN PERUMAHAN DAN KAWASAN PERMUKIMAN,1,1,2228560,3228560,5,0,0,0
7efc59e5-73ac-4489-ab20-f7682c52fc8d,Pemerintah Kab. Kepulauan Talaud,CPNS,UMUM,PENGAWAS JARINGAN UTILITAS,"KABUPATEN  KEPULAUAN TALAUD | DINAS PERUMAHAN DAN KAWASAN PERMUKIMAN | BIDANG KAWASAN PERMUKIMAN DAN PRASARANA, SARANA DAN UTILITAS UMUM",3,0,2500000,3500000,30,0,0,0
8afa437b-e24a-42d1-90f9-2ffdf47798d4,Pemerintah Kab. Kepulauan Talaud,CPNS,UMUM,TEKNISI SARANA DAN PRASARANA,"KABUPATEN  KEPULAUAN TALAUD | DINAS PERUMAHAN DAN KAWASAN PERMUKIMAN | BIDANG KAWASAN PERMUKIMAN DAN PRASARANA, SARANA DAN UTILITAS UMUM",2,0,2500000,3500000,13,0,0,0
36422d9e-467a-4d09-98e9-83117b020554,Pemerintah Kab. Kepulauan Tanimbar,CPNS,UMUM,ANALIS KEBIJAKAN AHLI PERTAMA,"KABUPATEN KEPULAUAN TANIMBAR | BADAN KESATUAN BANGSA DAN POLITIK | BIDANG KETAHANAN EKONOMI, SOSIAL, BUDAYA, AGAMA DAN ORGANISASI KEMASYARAKATAN",1,1,1000000,2785700,1,0,0,0
e95bb30d-561e-445f-bd12-a2fb32911b98,Pemerintah Kab. Kepulauan Tanimbar,CPNS,UMUM,ANALIS KEBIJAKAN AHLI PERTAMA,KABUPATEN KEPULAUAN TANIMBAR | DINAS PENANAMAN MODAL DAN PELAYANAN TERPADUH SATU PINTU | Bidang Penyelenggaraan Pelayanan Perizinan Dan Non Perizinan,2,1,1000000,2785700,3,0,0,0
96c7b228-18bc-4449-b344-0edbb3a826d6,Pemerintah Kab. Kepulauan Tanimbar,CPNS,UMUM,ANALIS KERJA SAMA AHLI PERTAMA,KABUPATEN KEPULAUAN TANIMBAR | SEKRETARIAT DAERAH | ASISTEN PEREKONOMIAN DAN PEMBANGUNAN | KEPALA BAGIAN PEREKONOMIAN DAN SUMBER DAYA ALAM | Subbagian Pembinaan BUMD dan BLUD,2,1,1000000,2785700,2,0,0,0
b1760a99-076b-45d2-8849-6666fa57725b,Pemerintah Kab. Kepulauan Tanimbar,CPNS,UMUM,ANALIS KERJA SAMA AHLI PERTAMA,"KABUPATEN KEPULAUAN TANIMBAR | DINAS PENANAMAN MODAL DAN PELAYANAN TERPADUH SATU PINTU | BIDANG Perencanaan, Promosi, Dan Pengendalian Penanaman Modal",1,1,1000000,2785700,2,0,0,0
0a7d764f-5ea7-4ec3-86df-169cf549cf97,Pemerintah Kab. Kepulauan Tanimbar,CPNS,UMUM,ARSIPARIS AHLI PERTAMA,KABUPATEN KEPULAUAN TANIMBAR | KECAMATAN WUARLABOBAR | Sekretariat | Sub Bagian Umum dan Kepegawaian,1,1,1000000,2785700,9,0,0,0
4bd561c9-6728-4e1b-8ef8-71967b51f2e7,Pemerintah Kab. Kepulauan Tanimbar,CPNS,UMUM,ARSIPARIS AHLI PERTAMA,KABUPATEN KEPULAUAN TANIMBAR | KECAMATAN SELARU | Sekretariat | Sub Bagian Umum dan Kepegawaian,1,1,1000000,2785700,3,0,0,0
88c4883e-78d3-41d6-b4ac-0ea3abe594a1,Pemerintah Kab. Kepulauan Tanimbar,CPNS,UMUM,ARSIPARIS AHLI PERTAMA,KABUPATEN KEPULAUAN TANIMBAR | KECAMATAN TANIMBAR SELATAN | Sekretariat | Sub Bagian Umum dan Kepegawaian,1,1,1000000,2785700,3,0,0,0
b663e1fb-c23a-4814-b7d4-b2abaa3c5bfb,Pemerintah Kab. Kepulauan Tanimbar,CPNS,UMUM,ARSIPARIS AHLI PERTAMA,KABUPATEN KEPULAUAN TANIMBAR | DINAS KEPENDUDUKAN DAN PENCATATAN SIPIL | BIDANG PENCATATAN SIPIL,1,1,1000000,2785700,0,0,0,0
8a028492914fb63b01914ff46d8d5a69,Pemerintah Kab. Kepulauan Tanimbar,CPNS,PENYANDANG DISABILITAS,PENATA KELOLA PENANAMAN MODAL AHLI PERTAMA,"KABUPATEN KEPULAUAN TANIMBAR | DINAS PENANAMAN MODAL DAN PELAYANAN TERPADUH SATU PINTU | BIDANG Perencanaan, Promosi, Dan Pengendalian Penanaman Modal",1,1,1000000,2785700,0,0,0,0
e8f4846e-70da-4a42-bb5d-184cdb6b1586,Pemerintah Kab. Kepulauan Tanimbar,CPNS,UMUM,PENATA KELOLA PENANAMAN MODAL AHLI PERTAMA,"KABUPATEN KEPULAUAN TANIMBAR | DINAS PENANAMAN MODAL DAN PELAYANAN TERPADUH SATU PINTU | BIDANG Perencanaan, Promosi, Dan Pengendalian Penanaman Modal",1,1,1000000,2785700,1,0,0,0
faf16854-14f6-4f2c-abd5-e73a32957d5f,Pemerintah Kab. Kepulauan Tanimbar,CPNS,UMUM,PENERA AHLI PERTAMA,"KABUPATEN KEPULAUAN TANIMBAR | DINAS PERINDUSTRIAN, PERDAGANGAN DAN TENAGA KERJA | Bidang Perdagangan",1,1,1000000,2785700,4,0,0,0
32d653dc-e9d8-4e5c-8199-55b6c129df17,Pemerintah Kab. Kepulauan Tanimbar,CPNS,UMUM,PENGGERAK SWADAYA MASYARAKAT AHLI PERTAMA,KABUPATEN KEPULAUAN TANIMBAR | DINAS PEMBERDAYAAN MASYARAKAT DAN DESA | Bidang Pembangunan Dan Pengembangan Usaha Ekonomi Desa,1,1,1000000,2785700,3,0,0,0
f6504abd-6ca7-42ed-98d7-57cc8603c7a0,Pemerintah Kab. Kepulauan Tanimbar,CPNS,UMUM,PENGGERAK SWADAYA MASYARAKAT AHLI PERTAMA,KABUPATEN KEPULAUAN TANIMBAR | DINAS PEMBERDAYAAN MASYARAKAT DAN DESA | Bidang Pemerintahan Desa,1,1,1000000,2785700,0,0,0,0
24b8c6bb-10f5-4d26-a3dc-f842b6f139f5,Pemerintah Kab. Kepulauan Tanimbar,CPNS,UMUM,PRANATA KOMPUTER AHLI PERTAMA,KABUPATEN KEPULAUAN TANIMBAR | DINAS PARIWISATA | SEKRETARIS | Subbagian Umum dan Kepegawaian,1,1,1000000,2785700,0,0,0,0
2d972e5b-6355-4fe3-84f5-3f11d364a93c,Pemerintah Kab. Kepulauan Tanimbar,CPNS,UMUM,PRANATA KOMPUTER AHLI PERTAMA,KABUPATEN KEPULAUAN TANIMBAR | SEKRETARIAT DAERAH | ASISTEN ADMINISTRASI UMUM | BAGIAN PROTOKOL DAN KOMUNIKASI PIMPINAN | Subbagian Dokumentasi Pimpinan,1,1,1000000,2785700,1,0,0,0
40bd0c19-83f8-412a-b53f-89f7cf919296,Pemerintah Kab. Kepulauan Tanimbar,CPNS,UMUM,PRANATA KOMPUTER AHLI PERTAMA,KABUPATEN KEPULAUAN TANIMBAR | DINAS KOMUNIKASI DAN INFORMATIKA | BIDANG PENYELENGGARAAN E-GOVERNMENT DAN PERSANDIAN,1,1,1000000,2785700,3,0,0,0
4e8b9621-3948-4e6b-bba9-25058c392f58,Pemerintah Kab. Kepulauan Tanimbar,CPNS,UMUM,PRANATA KOMPUTER AHLI PERTAMA,KABUPATEN KEPULAUAN TANIMBAR | DINAS PENDIDIKAN DAN KEBUDAYAAN | BIDANG PEMBINAAN KETENAGAAN | SEKSI PENDIDIKAN TENAGA KEPENDIDIKAN (PTK) PENDIDIKAN DASAR,1,1,2785700,2785700,1,0,0,0
54bcda59-dda5-4eb2-a672-7d72771179f9,Pemerintah Kab. Kepulauan Tanimbar,CPNS,UMUM,PRANATA KOMPUTER AHLI PERTAMA,KABUPATEN KEPULAUAN TANIMBAR | DINAS KEPENDUDUKAN DAN PENCATATAN SIPIL | BIDANG PENGELOLAAN INFORMASI DAN PEMANFAATAN DATA KEPENDUDUKAN,1,1,1000000,2785700,1,0,0,0
61e50b96-465f-4ebb-bdf8-6ed952cf7a44,Pemerintah Kab. Kepulauan Tanimbar,CPNS,UMUM,PRANATA KOMPUTER AHLI PERTAMA,"KABUPATEN KEPULAUAN TANIMBAR | DINAS KOPERASI, USAHA KECIL, MENENGAH DAN TRANSMIGRASI | Sekretariat | Sub Bagian Umum dan Kepegawaian",1,1,1000000,2785700,0,0,0,0
6826150b-8e0f-4f4b-b8fd-e1ac88331d68,Pemerintah Kab. Kepulauan Tanimbar,CPNS,UMUM,PRANATA KOMPUTER AHLI PERTAMA,"KABUPATEN KEPULAUAN TANIMBAR | DINAS SUMBER DAYA AIR, BINA MARGA DAN BINA KONSTRUKSI | SEKRETARIS | Sub Bagian Umum dan Kepegawaian",1,1,1000000,2785700,0,0,0,0
a53da755-b791-48d1-8eb7-9cb0d22db70a,Pemerintah Kab. Kepulauan Tanimbar,CPNS,UMUM,PRANATA KOMPUTER AHLI PERTAMA,KABUPATEN KEPULAUAN TANIMBAR | SEKRETARIAT DAERAH | ASISTEN PEREKONOMIAN DAN PEMBANGUNAN | KEPALA BAGIAN ADMINISTRASI PEMBANGUNAN | Subbagian Penyusunan Program,1,1,1000000,2785700,0,0,0,0
e06c56f2-4b91-4657-850f-09e075f5ad11,Pemerintah Kab. Kepulauan Tanimbar,CPNS,UMUM,PRANATA KOMPUTER AHLI PERTAMA,KABUPATEN KEPULAUAN TANIMBAR | BADAN KESATUAN BANGSA DAN POLITIK | SEKRETARIAT | SUBBAGIAN UMUM DAN KEPEGAWAIAN,1,1,1000000,2785700,0,0,0,0
ed378b34-73e8-4237-98c5-0e57de390c3b,Pemerintah Kab. Kepulauan Tanimbar,CPNS,UMUM,PRANATA KOMPUTER AHLI PERTAMA,KABUPATEN KEPULAUAN TANIMBAR | BADAN PENGELOLAAN KEUANGAN DAN ASET DAERAH | SEKRETARIS | SUBBAGIAN UMUM DAN KEPEGAWAIAN,1,1,2785700,2785700,0,0,0,0
5d7715d2-f1de-401b-8e63-67135782d998,Pemerintah Kab. Kepulauan Tanimbar,CPNS,UMUM,TEKNISI SARANA DAN PRASARANA,KABUPATEN KEPULAUAN TANIMBAR | DINAS PERUMAHAN DAN KAWASAN PERMUKIMAN | BIDANG PERUMAHAN RAKYAT,1,1,1000000,2785700,0,0,0,0
fc28ee50-d2db-4ce6-a8f9-d8ca07364f11,Pemerintah Kab. Kepulauan Yapen ,CPNS,ORANG ASLI PAPUA (OAP),PENATA KELOLA USAHA KETENAGALISTRIKAN,Pemerintah Kabupaten Kepulauan Yapen | Dinas Pekerjaan Umum dan Perumahan Rakyat | Bidang Cipta Karya | Seksi Perencanaan Teknis,2,1,1000000,2000000,3,0,0,0
45ee8362-181b-4a52-aea2-d6945c1b9fc9,Pemerintah Kab. Kerinci,CPNS,UMUM,ANALIS PERDAGANGAN AHLI PERTAMA,PEMERINTAH KABUPATEN KERINCI | SEKRETARIS DAERAH | DINAS PERINDUSTRIAN DAN PERDAGANGAN | BIDANG PERDAGANGAN,2,0,2785700,6331513,44,0,0,0
c640e7a0-89fc-4c32-aee7-6f818ea31c60,Pemerintah Kab. Kerinci,CPNS,UMUM,ARSIPARIS AHLI PERTAMA,"PEMERINTAH KABUPATEN KERINCI | SEKRETARIS DAERAH | DINAS LINGKUNGAN HIDUP | SEKRETARIAT | SUB BAGIAN PERENCANAAN, KEUANGAN DAN PELAPORAN",1,0,2785700,6331513,134,0,0,0
11b7ceb2-0c6c-4d15-a9ec-bd5ac8b45c6f,Pemerintah Kab. Kerinci,CPNS,UMUM,PRANATA KOMPUTER AHLI PERTAMA,PEMERINTAH KABUPATEN KERINCI | SEKRETARIS DAERAH | DINAS PEMUDA DAN OLAHRAGA | SEKRETARIAT | SUB BAGIAN UMUM DAN KEPEGAWAIAN,1,0,2785700,6331513,5,0,0,0
cd5f8352-941b-44a9-8911-a868ade68e0b,Pemerintah Kab. Kerinci,CPNS,UMUM,PRANATA KOMPUTER AHLI PERTAMA,PEMERINTAH KABUPATEN KERINCI | SEKRETARIS DAERAH | BADAN PENGELOLAAN KEUANGAN DAN PENDAPATAN DAERAH | BIDANG ANGGARAN,1,0,2785700,6331513,8,0,0,0
e2df7b25-9e5d-442e-b318-3452f40af52c,Pemerintah Kab. Kerinci,CPNS,UMUM,PRANATA KOMPUTER AHLI PERTAMA,PEMERINTAH KABUPATEN KERINCI | SEKRETARIS DAERAH | DINAS KOMUNIKASI DAN INFORMATIKA | KEPALA BIDANG LAYANAN E-GOVERNMENT,1,0,2785700,6331513,4,0,0,0
180a53a3-0c9f-4e21-9b41-35c72a0f6480,Pemerintah Kab. Kolaka Timur,CPNS,UMUM,PENELAAH KETERTELUSURAN STANDAR PENGUKURAN,"PEMERINTAH KAB. KOLAKA TIMUR | DINAS PERDAGANGAN,PERINDUSTRIAN,KOPERASI,USAHA KECIL DAN MENENGAH | BIDANG KELEMBAGAAN DAN PENGAWASAN KOPERASI",1,0,3000000,4000000,5,0,0,0
90566fe4-5490-4091-a09b-638f201b4957,Pemerintah Kab. Kolaka Timur,CPNS,UMUM,PRANATA KOMPUTER AHLI PERTAMA,PEMERINTAH KAB. KOLAKA TIMUR | BADAN PENDAPATAN DAERAH,1,0,3000000,4000000,2,0,0,0
0e1092c5-e778-479e-a124-49e0f1faebe1,Pemerintah Kab. Kolaka Timur,CPNS,UMUM,TEKNISI SARANA DAN PRASARANA,PEMERINTAH KAB. KOLAKA TIMUR | SEKRETARIAT DAERAH | ASISTEN ADMINISTRASI UMUM | BAGIAN UMUM | Sub Bagian Administrasi Keuangan,2,0,3000000,4000000,27,0,0,0
338491d0-8779-46d9-aae1-58a9c314e44d,Pemerintah Kab. Kolaka Utara,CPNS,UMUM,INSTRUKTUR AHLI PERTAMA,Pemerintah Kabupaten Kolaka Utara | Sekretariat Daerah | Dinas Tenaga Kerja dan Transmigrasi | UPTD Balai Latihan Kerja,1,1,2785700,2785700,4,0,0,0
a626352b-b90b-4e1b-a422-0e21a135ba25,Pemerintah Kab. Kolaka Utara,CPNS,UMUM,TEKNISI SARANA DAN PRASARANA,Pemerintah Kabupaten Kolaka Utara | Sekretariat Daerah | Dinas Kebakaran | Bidang Sarana dan Laboratorium,1,1,2785700,2785700,2,0,0,0
2e564fe1-7b5a-4fd3-96f5-2e8648573305,Pemerintah Kab. Konawe,CPNS,UMUM,PENGAWAS JARINGAN UTILITAS,"PEMERINTAH KABUPATEN KONAWE | DINAS PEKERJAAN UMUM, PENATAAN RUANG, PERUMAHAN DAN KAWASAN PEMUKIMAN | BIDANG BINA MARGA",5,1,3000000,5000000,20,0,0,0
b1a6769c-9c4c-460c-8c8b-ea0dfbdcc9bc,Pemerintah Kab. Konawe,CPNS,UMUM,PENGAWAS JARINGAN UTILITAS,"PEMERINTAH KABUPATEN KONAWE | DINAS PEKERJAAN UMUM, PENATAAN RUANG, PERUMAHAN DAN KAWASAN PEMUKIMAN | BIDANG CIPTA KARYA",10,1,3000000,5000000,92,0,0,0
3a7eaad2-a718-46f2-aaeb-26601d10f6a7,Pemerintah Kab. Konawe Selatan,CPNS,UMUM,ANALIS KEBIJAKAN AHLI PERTAMA,Pemerintah Kab. Konawe Selatan | Sekretariat Daerah Kab. Konawe Selatan | Dinas Perhubungan | Bidang Perhubungan Darat,1,1,2785700,3585700,2,0,0,0
a9b021e9-7da0-4965-9553-c5fb8b78619a,Pemerintah Kab. Konawe Selatan,CPNS,UMUM,PENATA KELOLA BANGUNAN GEDUNG DAN KAWASAN PERMUKIMAN AHLI PERTAMA,"Pemerintah Kab. Konawe Selatan | Sekretariat Daerah Kab. Konawe Selatan | Dinas Perumahan, Kawasan Permukiman Dan Pertanahan | Bidang Kawasan Permukiman",1,1,2785700,3585700,4,0,0,0
dbb62c9c-7dbf-456d-9f1d-b239222f7ed6,Pemerintah Kab. Konawe Selatan,CPNS,UMUM,PENATA KELOLA BANGUNAN GEDUNG DAN KAWASAN PERMUKIMAN AHLI PERTAMA,"Pemerintah Kab. Konawe Selatan | Sekretariat Daerah Kab. Konawe Selatan | Dinas Perumahan, Kawasan Permukiman Dan Pertanahan | Bidang Perumahan",3,1,2785700,3585700,10,0,0,0
1d6c30a8-7326-4b83-a2e7-bc6670548ba4,Pemerintah Kab. Konawe Selatan,CPNS,UMUM,PENERA AHLI PERTAMA,Pemerintah Kab. Konawe Selatan | Sekretariat Daerah Kab. Konawe Selatan | Dinas Perindustrian dan Perdagangan | Bidang Metrologi dan Perlindungan Konsumen,2,1,2785700,3585700,22,0,0,0
c8da13ed-3cfe-4c5d-ac6b-5c236cb49248,Pemerintah Kab. Konawe Selatan,CPNS,UMUM,PENGAWAS KEMETROLOGIAN AHLI PERTAMA,Pemerintah Kab. Konawe Selatan | Sekretariat Daerah Kab. Konawe Selatan | Dinas Perindustrian dan Perdagangan | Bidang Metrologi dan Perlindungan Konsumen,1,1,2785700,3585700,6,0,0,0
f8a99b0b-5789-4038-96f4-02c15fcfb403,Pemerintah Kab. Konawe Selatan,CPNS,UMUM,PENGUJI MUTU BARANG AHLI PERTAMA,Pemerintah Kab. Konawe Selatan | Sekretariat Daerah Kab. Konawe Selatan | Dinas Perindustrian dan Perdagangan | Bidang Metrologi dan Perlindungan Konsumen,2,1,2785700,3585700,27,0,0,0
847b94ca-dfe7-484e-97b7-cc606bdaa8f8,Pemerintah Kab. Konawe Utara,CPNS,UMUM,INSTRUKTUR AHLI PERTAMA,PEMERINTAH KABUPATEN KONAWE UTARA | DINAS TRANSMIGRASI DAN TENAGA KERJA,1,0,3000000,5000000,6,0,0,0
1f4a506e-b8f9-4d04-92f9-4df3592a5fc4,Pemerintah Kab. Konawe Utara,CPNS,UMUM,PENGAWAS TRANSPORTASI DARAT,PEMERINTAH KABUPATEN KONAWE UTARA | DINAS PERHUBUNGAN | BIDANG PERHUBUNGAN DARAT,1,0,3000000,5000000,5,0,0,0
ac2fdc50-a06f-4c9b-807e-827afff4a54a,Pemerintah Kab. Konawe Utara,CPNS,UMUM,PENGUJI MUTU BARANG AHLI PERTAMA,PEMERINTAH KABUPATEN KONAWE UTARA | DINAS PERDAGANGAN DAN PERINDUSTRIAN,1,0,3000000,5000000,10,0,0,0
417b272c-7c6e-469b-bf1e-df1f30da86ac,Pemerintah Kab. Kotabaru,CPNS,UMUM,INSTRUKTUR AHLI PERTAMA,PEMERINTAH KABUPATEN KOTABARU | DINAS KETENAGAKERJAAN DAN TRANSMIGRASI,5,1,2785700,7166024,38,0,0,0
452541a1-bc3e-47d6-847a-35abe2aa85f1,Pemerintah Kab. Kotabaru,CPNS,UMUM,PENATA KELOLA BANGUNAN GEDUNG DAN KAWASAN PERMUKIMAN AHLI PERTAMA,"PEMERINTAH KABUPATEN KOTABARU | DINAS PERUMAHAN RAKYAT, PERMUKIMAN DAN PERTANAHAN",1,1,2785700,7166024,9,0,0,0
8f4e7118-ce6d-4874-8dab-c0f9cfe8d6e8,Pemerintah Kab. Kotabaru,CPNS,UMUM,PRANATA KOMPUTER AHLI PERTAMA,PEMERINTAH KABUPATEN KOTABARU | SATUAN POLISI PAMONG PRAJA DAN PEMADAM KEBAKARAN,1,1,2785700,7166024,1,0,0,0
a31b1347-819c-4623-bc07-fe69cfa19705,Pemerintah Kab. Kotabaru,CPNS,UMUM,PRANATA KOMPUTER AHLI PERTAMA,PEMERINTAH KABUPATEN KOTABARU | DINAS KESEHATAN,1,1,2785700,7166000,0,0,0,0
ac647e3b-11a5-4606-927b-ab52d93277b9,Pemerintah Kab. Kotabaru,CPNS,UMUM,PRANATA KOMPUTER AHLI PERTAMA,PEMERINTAH KABUPATEN KOTABARU | DINAS PEMBERDAYAAN MASYARAKAT DAN DESA,1,1,2785700,7166024,0,0,0,0
faac59ce-ce21-4ebd-a18f-f0a683a96089,Pemerintah Kab. Kotabaru,CPNS,UMUM,PRANATA KOMPUTER AHLI PERTAMA,PEMERINTAH KABUPATEN KOTABARU | BADAN PENDAPATAN DAERAH,1,1,2785700,7166024,2,0,0,0
fb3e9273-06dc-44e6-8777-99be1e3fb025,Pemerintah Kab. Kotabaru,CPNS,UMUM,PRANATA KOMPUTER AHLI PERTAMA,PEMERINTAH KABUPATEN KOTABARU | DINAS SOSIAL,1,1,2785700,7166024,2,0,0,0
12887965-a1c0-4f4b-8a59-d1b025deda0b,Pemerintah Kab. Kotabaru,CPNS,UMUM,TEKNISI SARANA DAN PRASARANA,"PEMERINTAH KABUPATEN KOTABARU | DINAS PERUMAHAN RAKYAT, PERMUKIMAN DAN PERTANAHAN | BIDANG PERUMAHAN RAKYAT",1,1,2700000,7000000,5,0,0,0
2bac30e2-6f4f-4b97-aa5c-45cb49bd98d8,Pemerintah Kab. Kotabaru,CPNS,UMUM,TEKNISI SARANA DAN PRASARANA,"PEMERINTAH KABUPATEN KOTABARU | DINAS PARIWISATA, PEMUDA DAN OLAHRAGA | BIDANG DESTINASI PARIWISATA",4,1,2785700,7166024,32,0,0,0
82df2633-cea4-425b-804f-aad69ad00542,Pemerintah Kab. Kotabaru,CPNS,UMUM,TEKNISI SARANA DAN PRASARANA,PEMERINTAH KABUPATEN KOTABARU | DINAS KESEHATAN | UPTD RUMAH SAKIT UMUM DAERAH SENGAYAM | SUB BAGIAN TATA USAHA,2,1,2700000,7000000,12,0,0,0
8358b2df-4519-40b6-ae1a-2a060134b516,Pemerintah Kab. Kotabaru,CPNS,UMUM,TEKNISI SARANA DAN PRASARANA,"PEMERINTAH KABUPATEN KOTABARU | DINAS KESEHATAN | UPTD RUMAH SAKIT UMUM DAERAH SENGAYAM | SEKSI PELAYANAN MEDIK, PENUNJANG MEDIK DAN KEFARMASIAN",1,1,2700000,7000000,16,0,0,0
9127ca51-c1bd-4b0a-9cea-8c45ae49f696,Pemerintah Kab. Kotabaru,CPNS,UMUM,TEKNISI SARANA DAN PRASARANA,PEMERINTAH KABUPATEN KOTABARU | DINAS KESEHATAN | UPTD RUMAH SAKIT UMUM DAERAH SENGAYAM | SEKSI KEPERAWATAN DAN PENUNJANG,1,1,2700000,7000000,2,0,0,0
c06de4cf-9657-421b-b40a-2d37ed763cc7,Pemerintah Kab. Kotabaru,CPNS,UMUM,TEKNISI SARANA DAN PRASARANA,PEMERINTAH KABUPATEN KOTABARU | DINAS KESEHATAN | UPTD RUMAH SAKIT UMUM DAERAH SENGAYAM,6,1,2785700,7166024,72,0,0,0
1381ed01-95d2-4222-9e67-5952b5d61262,Pemerintah Kab. Kotawaringin Barat,CPNS,UMUM,TEKNISI SARANA DAN PRASARANA,PEMERINTAH KABUPATEN KOTAWARINGIN BARAT | BADAN KEUANGAN DAN ASET DAERAH | SEKRETARIAT | SUBBAGIAN TATA USAHA,1,1,2700000,2900000,3,0,0,0
9f101e8a-66f2-466c-b2fb-3481c2065359,Pemerintah Kab. Kotawaringin Barat,CPNS,UMUM,TEKNISI SARANA DAN PRASARANA,PEMERINTAH KABUPATEN KOTAWARINGIN BARAT | SEKRETARIAT DPRD | BAGIAN UMUM,1,1,2700000,2900000,18,0,0,0
c6497c9b-d1df-41a6-8ae6-2745603cd4d5,Pemerintah Kab. Kutai Barat,CPNS,UMUM,MANGGALA INFORMATIKA AHLI PERTAMA,PEMERINTAH KABUPATEN KUTAI BARAT | DINAS KOMUNIKASI DAN INFORMATIKA | BIDANG PENGEMBANGAN KOMPETENSI STATISTIK DAN PERSANDIAN,1,1,3000000,15000000,6,0,0,0
05f52bf0-ef76-43d3-a757-8dac10e851ba,Pemerintah Kab. Kutai Barat,CPNS,UMUM,PRANATA KOMPUTER AHLI PERTAMA,PEMERINTAH KABUPATEN KUTAI BARAT | SEKRETARIAT DAERAH KABUPATEN KUTAI BARAT | ASISTEN ADMINISTRASI UMUM SEKRETARIAT DAERAH KABUPATEN KUTAI BARAT | BAGIAN UMUM | SUB BAGIAN PERLENGKAPAN,2,1,3000000,15000000,2,0,0,0
1c881f97-7ab4-471c-8692-37fb607c80a9,Pemerintah Kab. Kutai Barat,CPNS,UMUM,PRANATA KOMPUTER AHLI PERTAMA,PEMERINTAH KABUPATEN KUTAI BARAT | SEKRETARIAT DAERAH KABUPATEN KUTAI BARAT | ASISTEN ADMINISTRASI UMUM SEKRETARIAT DAERAH KABUPATEN KUTAI BARAT | BAGIAN UMUM | SUB BAGIAN RUMAH TANGGA,1,1,3000000,15000000,1,0,0,0
83d22c24-e0e5-45c7-9237-b028b524f169,Pemerintah Kab. Kutai Barat,CPNS,UMUM,PRANATA KOMPUTER AHLI PERTAMA,"PEMERINTAH KABUPATEN KUTAI BARAT | SEKRETARIAT DAERAH KABUPATEN KUTAI BARAT | ASISTEN ADMINISTRASI UMUM SEKRETARIAT DAERAH KABUPATEN KUTAI BARAT | BAGIAN UMUM | SUB BAGIAN TATA USAHA PIMPINAN, STAF AHLI DAN KEPEGAWAIAN",2,1,3000000,15000000,4,0,0,0
8496d95d-cff1-4294-9eb9-a6ee3563c894,Pemerintah Kab. Kutai Barat,CPNS,UMUM,PRANATA KOMPUTER AHLI PERTAMA,PEMERINTAH KABUPATEN KUTAI BARAT | DINAS KOMUNIKASI DAN INFORMATIKA | BIDANG APLIKASI  INFORMATIKA,3,1,3000000,15000000,4,0,0,0
8ed8c188-98cf-4c2e-9fc9-6de82983882a,Pemerintah Kab. Kutai Barat,CPNS,UMUM,PRANATA KOMPUTER AHLI PERTAMA,PEMERINTAH KABUPATEN KUTAI BARAT | DINAS KESEHATAN | SEKRETARIAT DINAS KESEHATAN | - SUB.BAGIAN PERENCANAAN PROGRAM DAN KEUANGAN,1,1,3000000,15000000,0,0,0,0
ac97124d-4ecb-4552-b1ae-31594b61a27b,Pemerintah Kab. Kutai Barat,CPNS,UMUM,PRANATA KOMPUTER AHLI PERTAMA,PEMERINTAH KABUPATEN KUTAI BARAT | DINAS KESEHATAN | UPTD RUMAH SAKIT UMUM DAERAH KELAS D PRATAMA SENDAWAR | JABATAN FUNGSIONAL | PRANATA KOMPUTER,1,1,3000000,15000000,1,0,0,0
74d395a9-71a8-4f3e-b11a-315d4b423930,Pemerintah Kab. Kutai Barat,CPNS,UMUM,SANDIMAN AHLI PERTAMA,PEMERINTAH KABUPATEN KUTAI BARAT | DINAS KOMUNIKASI DAN INFORMATIKA | BIDANG PENGEMBANGAN KOMPETENSI STATISTIK DAN PERSANDIAN,2,1,3000000,15000000,11,0,0,0
4e0e31f9-1241-40c1-862b-6f16a7cb550c,Pemerintah Kab. Kutai Barat,CPNS,UMUM,TEKNISI SARANA DAN PRASARANA,PEMERINTAH KABUPATEN KUTAI BARAT | DINAS PEKERJAAN UMUM DAN PENATAAN RUANG | BIDANG CIPTA KARYA,8,1,3000000,15000000,55,0,0,0
a04b06da-7835-4ddf-ac2f-446d48edab65,Pemerintah Kab. Kutai Barat,CPNS,UMUM,TEKNISI SARANA DAN PRASARANA,PEMERINTAH KABUPATEN KUTAI BARAT | DINAS KESEHATAN | UPTD RUMAH SAKIT UMUM DAERAH KELAS D PRATAMA SENDAWAR | BIDANG PELAYANAN NON MEDIK | NON MEDIK LAINNYA,1,1,3000000,15000000,2,0,0,0
a675a058-7905-440a-b83e-6c4593a201b5,Pemerintah Kab. Kutai Barat,CPNS,UMUM,TEKNISI SARANA DAN PRASARANA,PEMERINTAH KABUPATEN KUTAI BARAT | DINAS PEKERJAAN UMUM DAN PENATAAN RUANG | UPTD LABORATORIUM KONSTRUKSI,5,1,3000000,15000000,19,0,0,0
ae0f1d12-ab21-435f-979b-3d78efb8c621,Pemerintah Kab. Kutai Barat,CPNS,UMUM,TEKNISI SARANA DAN PRASARANA,PEMERINTAH KABUPATEN KUTAI BARAT | DINAS PEKERJAAN UMUM DAN PENATAAN RUANG | BIDANG BINA MARGA,10,1,3000000,15000000,117,0,0,0
da76e50d-130d-4acb-aa1a-8110bbafa4af,Pemerintah Kab. Kutai Barat,CPNS,UMUM,TEKNISI SARANA DAN PRASARANA,PEMERINTAH KABUPATEN KUTAI BARAT | DINAS PEKERJAAN UMUM DAN PENATAAN RUANG | BIDANG PENATAAN RUANG,5,1,3000000,15000000,12,0,0,0
96213ace-4084-40d7-a908-fc56959e7c9f,Pemerintah Kab. Kutai Timur,CPNS,UMUM,PENATA PERIZINAN AHLI PERTAMA,PEMERINTAH KABUPATEN KUTAI TIMUR                                       | DINAS PENANAMAN MODAL DAN PELAYANAN TERPATU SATU PINTU,7,1,2785700,9834489,105,0,0,0
cee5256d-5000-4b7e-87a4-b6a14bcb1732,Pemerintah Kab. Kutai Timur,CPNS,UMUM,PRANATA HUBUNGAN MASYARAKAT AHLI PERTAMA,PEMERINTAH KABUPATEN KUTAI TIMUR                                       | SEKRETARIAT DAERAH | ASSISTEN ADMINISTRASI UMUM | BAGIAN PROTOKOL DAN KOMUNIKASI PIMPINAN,2,1,2785700,9834489,130,0,0,0
6713ebf9-5570-43c2-b8ff-d36461c5e327,Pemerintah Kab. Kutai Timur,CPNS,UMUM,SANDIMAN AHLI PERTAMA,"PEMERINTAH KABUPATEN KUTAI TIMUR                                       | DINAS KOMUNIKASI, INFORMATIKA, STATISTIK DAN PERSANDIAN | BIDANG INFRASTRUKTUR TEKNOLOGI INFORMASI KOMUNIKASI DAN PERSANDIAN",2,1,2785700,9834489,17,0,0,0
dcc76d37-01f3-4745-9e63-51c6f1796e55,Pemerintah Kab. Labuhanbatu Utara,CPNS,UMUM,MANGGALA INFORMATIKA AHLI PERTAMA,PEMERINTAH KABUPATEN LABUHANBATU UTARA | DINAS KOMUNIKASI DAN INFORMATIKA | KELOMPOK JABATAN FUNGSIONAL,2,1,2785700,5261500,26,0,0,0
1c8c2dfc-0391-4185-8bef-2d49a97f41e4,Pemerintah Kab. Labuhanbatu Utara,CPNS,UMUM,PENGAWAS JARINGAN UTILITAS,PEMERINTAH KABUPATEN LABUHANBATU UTARA | DINAS PEKERJAAN UMUM DAN TATA RUANG | SEKRETARIAT | SUB BAGIAN UMUM,1,1,2785700,5261500,10,0,0,0
299958ed-b467-45a3-97b1-37bb888dc108,Pemerintah Kab. Labuhanbatu Utara,CPNS,UMUM,PENGAWAS KEMETROLOGIAN AHLI PERTAMA,PEMERINTAH KABUPATEN LABUHANBATU UTARA | DINAS PERDAGANGAN DAN KOPERASI USAHA KECIL DAN MENENGAH | KELOMPOK JABATAN FUNGSIONAL,3,1,2785700,5261500,73,0,0,0
d563d2b7-1dbe-4068-9c24-d2bce7d4836d,Pemerintah Kab. Lamandau,CPNS,UMUM,PENATA KELOLA BANGUNAN GEDUNG DAN KAWASAN PERMUKIMAN AHLI PERTAMA,"Pemerintah Kabupaten Lamandau | Dinas Pekerjaan Umum dan Penataan Ruang, Perumahan dan Kawasan Permukiman dan Pertanahan | Bidang Perumahan dan Kawasan Permukiman",1,1,2785700,4575200,5,0,0,0
c071a987-7cfe-48e1-9b34-0c5cbdb72d6f,Pemerintah Kab. Lamandau,CPNS,UMUM,PENERA AHLI PERTAMA,"Pemerintah Kabupaten Lamandau | Dinas Koperasi, Usaha Kecil dan Menengah, Perdagangan dan Perindustrian | Bidang Perdagangan",1,1,2785700,4575200,3,0,0,0
af432cac-6671-49a5-b384-7e8a5a4471b1,Pemerintah Kab. Lamandau,CPNS,UMUM,PENGENDALI KONTEN INTERNET,"Pemerintah Kabupaten Lamandau | Dinas Komunikasi dan Informatika, Statistik dan Persandian | Bidang Pengelolaan Media Publik dan Kehumasan",1,1,2785700,4575200,3,0,0,0
4d6cfc0b-1e3f-4f51-b555-266532d43609,Pemerintah Kab. Lamandau,CPNS,UMUM,PRANATA KOMPUTER AHLI PERTAMA,"Pemerintah Kabupaten Lamandau | Dinas Komunikasi dan Informatika, Statistik dan Persandian | Bidang Statistik, Manajemen Data dan Persandian | Seksi Persandian dan Pengamanan Data",1,1,2785700,4575200,1,0,0,0
f56d1bc7-45c0-45bf-893c-aeea36545029,Pemerintah Kab. Lamandau,CPNS,UMUM,PRANATA KOMPUTER AHLI PERTAMA,"Pemerintah Kabupaten Lamandau | Dinas Komunikasi dan Informatika, Statistik dan Persandian | Bidang Pengelolaan Infrastruktur dan Ekosistem TIK",2,1,2785700,4575200,2,0,0,0
69852815-92f0-460e-b18f-001886ef511e,Pemerintah Kab. Lamandau,CPNS,UMUM,TEKNISI SARANA DAN PRASARANA,"Pemerintah Kabupaten Lamandau | Sekretariat Daerah Kabupaten Lamandau | Asisten Administrasi Umum | Bagian Umum | Sub Bagian Tata Usaha Pimpinan, Staf Ahli dan Kepegawaian",2,1,2785700,4575200,6,0,0,0
bc837c59-3dc2-4c21-9c5f-fd5222184295,Pemerintah Kab. Lamongan,CPNS,UMUM,PENATA KELOLA BANGUNAN GEDUNG DAN KAWASAN PERMUKIMAN AHLI PERTAMA,"PEMERINTAH KABUPATEN LAMONGAN | DINAS PERUMAHAN RAKYAT, KAWASAN PERMUKIMAN DAN CIPTA KARYA | BIDANG PERUMAHAN DAN KAWASAN PERMUKIMAN",5,0,3000000,4500000,179,0,0,0
9497123d-fdfa-424d-93c9-959d4a4456f7,Pemerintah Kab. Lamongan,CPNS,UMUM,PENGAWAS JARINGAN UTILITAS,PEMERINTAH KABUPATEN LAMONGAN | DINAS PEKERJAAN UMUM BINA MARGA | BIDANG PENGELOLAAN JALAN,2,0,3000000,4500000,28,0,0,0
e969804f-fd62-43c5-a77b-071d2b9a53a1,Pemerintah Kab. Lamongan,CPNS,UMUM,PENGAWAS JARINGAN UTILITAS,PEMERINTAH KABUPATEN LAMONGAN | DINAS PEKERJAAN UMUM SUMBER DAYA AIR | BIDANG BINA PENATAGUNAAN SUMBER DAYA AIR,1,0,3000000,4500000,9,0,0,0
f5962670-fa67-4fed-b18e-ff3f18f375d1,Pemerintah Kab. Lamongan,CPNS,UMUM,PENGAWAS JARINGAN UTILITAS,PEMERINTAH KABUPATEN LAMONGAN | DINAS PEKERJAAN UMUM SUMBER DAYA AIR | BIDANG PEMBANGUNAN DAN REHABILITASI,1,0,3000000,4500000,10,0,0,0
8d877f03-8284-4250-b431-d1b1ae01b2cf,Pemerintah Kab. Lamongan,CPNS,UMUM,PENGAWAS KEMETROLOGIAN AHLI PERTAMA,PEMERINTAH KABUPATEN LAMONGAN | DINAS PERINDUSTRIAN DAN PERDAGANGAN | BIDANG PERDAGANGAN,1,0,3000000,4500000,72,0,0,0
0eefba28-6e66-4779-8b00-45f887ab5a9a,Pemerintah Kab. Lamongan,CPNS,UMUM,TEKNISI SARANA DAN PRASARANA,PEMERINTAH KABUPATEN LAMONGAN | RUMAH SAKIT UMUM DAERAH NGIMBANG | BIDANG PENUNJANG | SEKSI PENUNJANG NON MEDIK,2,0,3000000,4500000,14,0,0,0
26828910-802a-48e5-9b93-3b66120a8930,Pemerintah Kab. Lamongan,CPNS,UMUM,TEKNISI SARANA DAN PRASARANA,PEMERINTAH KABUPATEN LAMONGAN | RUMAH SAKIT UMUM DAERAH KARANGKEMBANG | SEKSI PELAYANAN PENUNJANG MEDIK DAN NON MEDIK,4,0,3000000,4500000,114,0,0,0
9759821d-d51f-488e-b2fc-4556f0eb9fb4,Pemerintah Kab. Lampung Utara,CPNS,UMUM,PENGAWAS JARINGAN UTILITAS,"PEMERINTAH KABUPATEN LAMPUNG UTARA | DINAS PERUMAHAN RAKYAT, KAWASAN PEMUKIMAN, CIPTA KARYA DAN PENATAAN RUANG | BIDANG PERUMAHAN",1,1,2254500,2751600,27,0,0,0
7fa42cc3-e208-45bb-bbe1-faf4e4ff18e3,Pemerintah Kab. Lampung Utara,CPNS,PENYANDANG DISABILITAS,PRANATA KOMPUTER AHLI PERTAMA,PEMERINTAH KABUPATEN LAMPUNG UTARA | BADAN PERENCANAAN PEMBANGUNAN DAERAH | SEKRETARIAT,1,1,2605900,3103000,1,0,0,0
979583de-4ec2-43bc-936e-4db9323499f9,Pemerintah Kab. Lampung Utara,CPNS,UMUM,PRANATA KOMPUTER AHLI PERTAMA,PEMERINTAH KABUPATEN LAMPUNG UTARA | DINAS KOMUNIKASI DAN INFORMATIKA | SEKRETARIAT DINAS KOMUNIKASI DAN INFORMATIKA,1,1,2605900,3103000,29,0,0,0
a1050416-62ac-4138-9e4b-2431bf420c17,Pemerintah Kab. Lampung Utara,CPNS,UMUM,PRANATA KOMPUTER AHLI PERTAMA,PEMERINTAH KABUPATEN LAMPUNG UTARA | SEKRETARIAT DAERAH | ASISTEN III ADMINISTRASI UMUM | BAGIAN PERENCANAAN DAN KEUANGAN,1,1,2605900,3103000,34,0,0,0
d3784201-e190-4801-97e9-b4d4b89bf70e,Pemerintah Kab. Lampung Utara,CPNS,UMUM,PRANATA KOMPUTER AHLI PERTAMA,PEMERINTAH KABUPATEN LAMPUNG UTARA | BADAN KESATUAN BANGSA DAN POLITIK | SEKRETARIAT BADAN KESATUAN BANGSA DAN POLITIK,1,1,2605900,3103000,18,0,0,0
18b16a28-fb0e-4df0-b81a-b6344c4cd93e,Pemerintah Kab. Lampung Utara,CPNS,UMUM,TEKNISI SARANA DAN PRASARANA,"PEMERINTAH KABUPATEN LAMPUNG UTARA | DINAS SUMBER DAYA AIR, BINA MARGA DAN BINA KONSTRUKSI | BIDANG SUMBER DAYA AIR",1,1,2254500,2751600,9,0,0,0
4f5ff9e1-6542-414a-bcce-f2b911dc2b70,Pemerintah Kab. Lampung Utara,CPNS,UMUM,TEKNISI SARANA DAN PRASARANA,"PEMERINTAH KABUPATEN LAMPUNG UTARA | DINAS PERUMAHAN RAKYAT, KAWASAN PEMUKIMAN, CIPTA KARYA DAN PENATAAN RUANG | BIDANG CIPTA KARYA",1,1,2254500,2751600,21,0,0,0
d8accc30-4cc1-4244-a23d-16511d531a7b,Pemerintah Kab. Lampung Utara,CPNS,UMUM,TEKNISI SARANA DAN PRASARANA,"PEMERINTAH KABUPATEN LAMPUNG UTARA | DINAS SUMBER DAYA AIR, BINA MARGA DAN BINA KONSTRUKSI | BIDANG BINA MARGA",1,1,2254500,2751600,6,0,0,0
2e9f6fb2-c302-470e-9e92-891e34e8fbd4,Pemerintah Kab. Landak,CPNS,UMUM,PRANATA KOMPUTER AHLI PERTAMA,"Pemerintah Kabupaten Landak | Dinas Penanaman Modal, Pelayanan Terpadu Satu Pintu dan Tenaga Kerja Kabupaten Landak | Koordinator JF dan Kelompok JF Pelayanan Terpadu Satu Pintu",2,1,3000000,5000000,20,0,0,0
7c97ea40-c4f3-48f3-837d-b9aeaccd9b6a,Pemerintah Kab. Lanny Jaya,CPNS,ORANG ASLI PAPUA (OAP),PENGAWAS JARINGAN UTILITAS,Pemerintah Kabupaten Lanny Jaya | Dinas Pekerjaan Umum Dan Penataan Ruang | Bidang Cipta Karya | Seksi Penyediaan Sarana Air Bersih Dan SPAM,2,0,2900000,3800000,17,0,0,0
b55386c5-33e7-4183-b9e8-cdce84a9a760,Pemerintah Kab. Lanny Jaya,CPNS,ORANG ASLI PAPUA (OAP),PRANATA KOMPUTER AHLI PERTAMA,Pemerintah Kabupaten Lanny Jaya | Dinas Penanaman Modal Dan Pelayanan Satu Pintu | Sekretariat | Sub Bagian Perencanaan Dan Keuangan,1,0,2900000,3800000,1,0,0,0
198fa5ba-3060-4821-92a9-fb2761e42110,Pemerintah Kab. Lebong,CPNS,UMUM,PENATA KELOLA BANGUNAN GEDUNG DAN KAWASAN PERMUKIMAN AHLI PERTAMA,"PEMERINTAH KABUPATEN LEBONG | DINAS PEKERJAAN UMUM, PENATAAN RUANG DAN PERHUBUNGAN",2,1,2785700,4575200,25,0,0,0
9f6fd423-8a50-4aa8-8d1d-a7668cbb2b31,Pemerintah Kab. Lebong,CPNS,UMUM,PRANATA KOMPUTER AHLI PERTAMA,PEMERINTAH KABUPATEN LEBONG | DINAS PERTANIAN DAN PERIKANAN .,2,1,2785700,4575200,11,0,0,0
fef5c594-ae82-4f54-bdd9-3c041901fb47,Pemerintah Kab. Lebong,CPNS,UMUM,PRANATA KOMPUTER AHLI PERTAMA,PEMERINTAH KABUPATEN LEBONG | DINAS PEMBERDAYAAN MASYARAKAT DAN DESA .,1,1,2785700,4575200,1,0,0,0
51f4e368-5c4e-443c-a19f-2573c5d58b7e,Pemerintah Kab. Lembata,CPNS,UMUM,MANGGALA INFORMATIKA AHLI PERTAMA,Pemerintah Daerah Kabupaten Lembata | Dinas Komunikasi dan Informatika | Bidang Statistik dan Persandian | Seksi Persandian,1,1,2785700,3500000,3,0,0,0
988fe960-679a-4082-beb1-b9317b7e1467,Pemerintah Kab. Lembata,CPNS,UMUM,MANGGALA INFORMATIKA AHLI PERTAMA,Pemerintah Daerah Kabupaten Lembata | Dinas Komunikasi dan Informatika | Bidang Infrastruktur dan Pengembangan Teknologi Informasi Komunikasi,2,1,2485900,3500000,12,0,0,0
a1e4a533-415d-42fd-b8b6-8fc079720841,Pemerintah Kab. Limapuluh Kota,CPNS,UMUM,ANALIS KEBIJAKAN AHLI PERTAMA,PEMERINTAH KABUPATEN LIMA PULUH KOTA | SEKRETARIAT DAERAH | ASISTEN PEREKONOMIAN DAN PEMBANGUNAN | BAGIAN PEREKONOMIAN DAN SUMBER DAYA ALAM,2,1,3000000,5000000,57,0,0,0
5c75b147-9353-4c78-8083-17ad4f7b45c8,Pemerintah Kab. Limapuluh Kota,CPNS,UMUM,PENGAWAS INDUSTRI,PEMERINTAH KABUPATEN LIMA PULUH KOTA | DINAS PERINDUSTRIAN DAN TENAGA KERJA | BIDANG PEMBINAAN DAN PENGAWASAN INDUSTRI,1,1,3000000,5000000,31,0,0,0
d7e5cbd3-f0e9-438d-b570-a35a5a3cbee5,Pemerintah Kab. Limapuluh Kota,CPNS,UMUM,SANDIMAN AHLI PERTAMA,PEMERINTAH KABUPATEN LIMA PULUH KOTA | DINAS KOMUNIKASI DAN INFORMATIKA,2,1,3000000,5000000,19,0,0,0
057a806c-1058-4739-b90b-93d95b520b68,Pemerintah Kab. Lingga,CPNS,UMUM,PENGENDALI KONTEN INTERNET,PEMERINTAH KABUPATEN LINGGA | DINAS KOMUNIKASI DAN INFORMATIKA | BIDANG PENGELOLAAN INFORMASI DAN KOMUNIKASI PUBLIK,3,1,2579400,4079400,2,0,0,0
f4c79a82-37f8-4e42-9a14-529dbe852b67,Pemerintah Kab. Lingga,CPNS,UMUM,PRANATA KOMPUTER AHLI PERTAMA,"PEMERINTAH KABUPATEN LINGGA | DINAS KOMUNIKASI DAN INFORMATIKA | BIDANG LAYANAN E-GOVERNMENT, TEKNOLOGI INFORMASI DAN KOMUNIKASI",4,1,2579400,4079400,16,0,0,0
4321317b-6731-48a1-b4ff-b6def2a07410,Pemerintah Kab. Lingga,CPNS,UMUM,SANDIMAN AHLI PERTAMA,"PEMERINTAH KABUPATEN LINGGA | DINAS KOMUNIKASI DAN INFORMATIKA | BIDANG LAYANAN E-GOVERNMENT, TEKNOLOGI INFORMASI DAN KOMUNIKASI",1,1,2579400,4079400,5,0,0,0
070ad6aa-e49e-4dc5-af78-a7dd4d4683bd,Pemerintah Kab. Lombok Timur,CPNS,UMUM,SANDIMAN AHLI PERTAMA,PEMERINTAH KABUPATEN LOMBOK TIMUR | DINAS KOMUNIKASI INFORMATIKA DAN PERSANDIAN | BIDANG PERSANDIAN DAN KEAMANAN INFORMASI,1,0,2785700,4575200,48,0,0,0
c62f802e-99cb-4b7b-9653-8de3e95899ca,Pemerintah Kab. Lombok Utara,CPNS,UMUM,ANALIS KEBAKARAN AHLI PERTAMA,PEMERINTAH KABUPATEN LOMBOK UTARA | DINAS PEMADAM KEBAKARAN DAN PENYELAMATAN | Bidang Pencegahan,1,1,2785700,6084097,81,0,0,0
46a06b64-0c6c-413c-a4e5-65c3878b40b8,Pemerintah Kab. Lumajang,CPNS,UMUM,ANALIS KEBAKARAN AHLI PERTAMA,PEMERINTAH KABUPATEN LUMAJANG | SEKRETARIAT DAERAH | SATUAN POLISI PAMONG PRAJA,3,0,3200000,5200000,97,0,0,0
33d9fb13-b944-46ae-87ae-fb9ab257130d,Pemerintah Kab. Lumajang,CPNS,UMUM,PEMBINA JASA KONSTRUKSI AHLI PERTAMA,PEMERINTAH KABUPATEN LUMAJANG | SEKRETARIAT DAERAH | DINAS PEKERJAAN UMUM DAN TATA RUANG | BIDANG TEKNIS DAN KONTRUKSI,2,0,3200000,5200000,26,0,0,0
1e68c9fe-a894-4338-a18c-58ee9cd57b7e,Pemerintah Kab. Lumajang,CPNS,UMUM,PENATA KELOLA BANGUNAN GEDUNG DAN KAWASAN PERMUKIMAN AHLI PERTAMA,PEMERINTAH KABUPATEN LUMAJANG | SEKRETARIAT DAERAH | DINAS PERUMAHAN DAN KAWASAN PERMUKIMAN,2,0,3200000,5200000,50,0,0,0
dad533fc-2a55-4832-a101-ba1b65abfa4f,Pemerintah Kab. Lumajang,CPNS,UMUM,PENATA KELOLA BANGUNAN GEDUNG DAN KAWASAN PERMUKIMAN AHLI PERTAMA,PEMERINTAH KABUPATEN LUMAJANG | SEKRETARIAT DAERAH | DINAS PEKERJAAN UMUM DAN TATA RUANG | BIDANG TEKNIS DAN KONTRUKSI,1,0,3200000,5200000,17,0,0,0
fe2d905c-ff72-4235-b011-ce8732374afb,Pemerintah Kab. Lumajang,CPNS,UMUM,PENATA KELOLA PENYEHATAN LINGKUNGAN AHLI PERTAMA,PEMERINTAH KABUPATEN LUMAJANG | SEKRETARIAT DAERAH | DINAS PERUMAHAN DAN KAWASAN PERMUKIMAN,3,0,3200000,5200000,213,0,0,0
bd94e758-95f3-4609-9c84-35f494339606,Pemerintah Kab. Lumajang,CPNS,UMUM,PERENCANA AHLI PERTAMA,"PEMERINTAH KABUPATEN LUMAJANG | SEKRETARIAT DAERAH | BADAN PERENCANAAN PEMBANGUNAN DAERAH | BIDANG PERENCANAAN, PENGENDALIAN DAN EVALUASI PEMBANGUNAN DAERAH",2,0,3200000,5200000,48,0,0,0
becb7dbb-c1fd-4bd1-b700-bc7b785a5c17,Pemerintah Kab. Lumajang,CPNS,UMUM,PRANATA KOMPUTER AHLI PERTAMA,PEMERINTAH KABUPATEN LUMAJANG | SEKRETARIAT DAERAH | DINAS KESEHATAN PENGENDALIAN PENDUDUK DAN KELUARGA BERENCANA | RSUD DR HARYOTO | WADIR UMUM DAN KEUANGAN,1,0,3200000,5200000,42,0,0,0
fc3357a2-0ec7-420d-84c6-8c622f86889c,Pemerintah Kab. Luwu,CPNS,UMUM,MANGGALA INFORMATIKA AHLI PERTAMA,"PEMERINTAH KABUPATEN LUWU | DINAS KOMUNIKASI, INFORMATIKA, STATISTIK DAN PERSANDIAN",1,1,3139900,3896600,18,0,0,0
a7259e62-43f6-4a37-9d60-0dcf9e3ab60b,Pemerintah Kab. Luwu Timur,CPNS,UMUM,ANALIS KEBAKARAN AHLI PERTAMA,PEMERINTAH KABUPATEN LUWU TIMUR | DINAS PEMADAM KEBAKARAN DAN PENYELAMATAN,13,1,3000000,4000000,105,0,0,0
38cedb84-2e8f-4f88-8376-ea82f97a57e1,Pemerintah Kab. Luwu Timur,CPNS,UMUM,PENATA KELOLA BANGUNAN GEDUNG DAN KAWASAN PERMUKIMAN AHLI PERTAMA,"PEMERINTAH KABUPATEN LUWU TIMUR | DINAS PERUMAHAN, KAWASAN PERMUKIMAN DAN PERTANAHAN",5,1,3000000,4000000,89,0,0,0
29278442-0c9a-4f1c-817e-bdc719c48f90,Pemerintah Kab. Luwu Timur,CPNS,UMUM,TEKNISI SARANA DAN PRASARANA,PEMERINTAH KABUPATEN LUWU TIMUR | DINAS PERHUBUNGAN | BIDANG LALULINTAS DAN KESELAMATAN JALAN | SEKSI PENGAWASAN LALULINTAS DAN PENGUJIAN KENDARAAN BERMOTOR,1,1,3000000,4000000,2,0,0,0
2e27f5b2-f0ad-4e29-8a32-7e0f6cb771f3,Pemerintah Kab. Luwu Timur,CPNS,UMUM,TEKNISI SARANA DAN PRASARANA,PEMERINTAH KABUPATEN LUWU TIMUR | DINAS PERHUBUNGAN | BIDANG ANGKUTAN JALAN | SEKSI ANGKUTAN,1,1,3000000,4000000,2,0,0,0
3ba4f4ee-64b1-4cfb-86ec-dcdf26e7febb,Pemerintah Kab. Luwu Timur,CPNS,UMUM,TEKNISI SARANA DAN PRASARANA,PEMERINTAH KABUPATEN LUWU TIMUR | DINAS PERHUBUNGAN | BIDANG PELAYARAN | SEKSI KEPELABUHANAN,2,1,3000000,4000000,20,0,0,0
3c33ac70-9b0f-4de3-9501-add088bdedcc,Pemerintah Kab. Luwu Timur,CPNS,UMUM,TEKNISI SARANA DAN PRASARANA,"PEMERINTAH KABUPATEN LUWU TIMUR | DINAS PERHUBUNGAN | BIDANG LALULINTAS DAN KESELAMATAN JALAN | SEKSI REKAYASALALULINTAS, FASILITAS KESELAMATAN JALAN DAN PENERANGAN JALAN UMUM",2,1,3000000,4000000,28,0,0,0
69984fd9-dc4b-475b-a05c-322a5345ddc0,Pemerintah Kab. Luwu Timur,CPNS,UMUM,TEKNISI SARANA DAN PRASARANA,PEMERINTAH KABUPATEN LUWU TIMUR | KECAMATAN | KECAMATAN MANGKUTANA | SEKRETARIS CAMAT | SUB BAGIAN UMUM DAN KEUANGAN,1,1,3000000,4000000,7,0,0,0
931cb09c-241e-4f2c-9ca4-30bc93934d42,Pemerintah Kab. Luwu Timur,CPNS,UMUM,TEKNISI SARANA DAN PRASARANA,PEMERINTAH KABUPATEN LUWU TIMUR | DINAS PERHUBUNGAN | BIDANG PELAYARAN | SEKSI ANGKUTAN PELAYARAN RAKYAT DAN ANGKUTAN SUNGAI DANAU DAN PENYEBRANGAN,2,1,3000000,4000000,5,0,0,0
ada95d9c-9fe4-4cce-8331-7ad67769d8ae,Pemerintah Kab. Luwu Timur,CPNS,UMUM,TEKNISI SARANA DAN PRASARANA,PEMERINTAH KABUPATEN LUWU TIMUR | DINAS PERHUBUNGAN | BIDANG ANGKUTAN JALAN | SEKSI TERMINAL DAN PERPARKIRAN,1,1,3000000,4000000,2,0,0,0
fc28eadf-f126-4363-ab6e-34cdaf894826,Pemerintah Kab. Luwu Timur,CPNS,UMUM,TEKNISI SARANA DAN PRASARANA,PEMERINTAH KABUPATEN LUWU TIMUR | KECAMATAN | KECAMATAN ANGKONA | SEKRETARIS CAMAT | SUB BAGIAN UMUM DAN KEUANGAN,1,1,3000000,4000000,5,0,0,0
9604bdff-9fb2-4d27-ab96-a05f0483bb65,Pemerintah Kab. Magelang,CPNS,UMUM,ANALIS PERDAGANGAN AHLI PERTAMA,"PEMERINTAH KABUPATEN MAGELANG | DINAS PERDAGANGAN, KOPERASI, USAHA KECIL DAN MENENGAH | BIDANG PERDAGANGAN",2,1,2500000,2900000,225,0,0,0
c23a3bf5-f565-4c87-b573-0bb0f0c54bdc,Pemerintah Kab. Magelang,CPNS,UMUM,ANALIS PERDAGANGAN AHLI PERTAMA,"PEMERINTAH KABUPATEN MAGELANG | DINAS PERDAGANGAN, KOPERASI, USAHA KECIL DAN MENENGAH | BIDANG PASAR",1,1,2500000,2900000,49,0,0,0
c16c348a-83a9-4ffd-9e0f-4b95da44a6d1,Pemerintah Kab. Magelang,CPNS,UMUM,ARSIPARIS AHLI PERTAMA,PEMERINTAH KABUPATEN MAGELANG | SEKRETARIAT DAERAH | ASISTEN ADMINISTRASI UMUM | BAGIAN UMUM | JABATAN FUNGSIONAL,1,1,2500000,2900000,1393,0,0,0
12bcabc9-6d5c-4ad0-ad42-c516ee324032,Pemerintah Kab. Magelang,CPNS,UMUM,PENGELOLA PENGADAAN BARANG/JASA AHLI PERTAMA,PEMERINTAH KABUPATEN MAGELANG | SEKRETARIAT DAERAH | ASISTEN PEREKONOMIAN DAN PEMBANGUNAN | BAGIAN PENGADAAN BARANG DAN JASA,1,1,2500000,2900000,432,0,0,0
5e9baa03-7fd4-4368-9a9c-0f785133e419,Pemerintah Kab. Magetan,CPNS,UMUM,MANGGALA INFORMATIKA AHLI PERTAMA,PEMERINTAH KABUPATEN MAGETAN | DINAS KOMUNIKASI DAN INFORMATIKA KABUPATEN MAGETAN,1,0,2785700,4785700,39,0,0,0
0cde7f72-dc69-46b4-9b70-6fa0759a4803,Pemerintah Kab. Majalengka,CPNS,UMUM,PRANATA KOMPUTER AHLI PERTAMA,PEMERINTAH KABUPATEN MAJALENGKA | DINAS PERHUBUNGAN | SEKRETARIAT DINAS PERHUBUNGAN,1,0,2785700,3175698,32,0,0,0
56d176d7-b03b-4acc-8695-d837ffb6879d,Pemerintah Kab. Malaka,CPNS,UMUM,ANALIS KEBIJAKAN AHLI PERTAMA,PEMERINTAH KABUPATEN MALAKA | DINAS PEKERJAAN UMUM DAN PENATAAN RUANG | SEKRETARIAT,2,1,2500000,3500000,8,0,0,0
e65adc70-b8ec-4860-8a23-0d3ea42fb060,Pemerintah Kab. Malaka,CPNS,UMUM,INSTRUKTUR AHLI PERTAMA,PEMERINTAH KABUPATEN MALAKA | DINAS KETENAGAKERJAAN DAN TRANSMIGRASI | DINAS KETENAGAKERJAAN DAN TRANSMIGRASI | KEPALA BIDANG PELATIHAN DAN PENEMPATAN DAN TENAGA KERJA | SUB KOORDINATOR SUBSTANSI PELATIHAN TENAGA KERJA,1,1,2500000,3500000,31,0,0,0
1e551f14-d8e8-40aa-a4b8-541a6c2db69f,Pemerintah Kab. Malaka,CPNS,UMUM,PEMBINA JASA KONSTRUKSI AHLI PERTAMA,PEMERINTAH KABUPATEN MALAKA | DINAS PEKERJAAN UMUM DAN PENATAAN RUANG | BIDANG JASA KONTRUKSI,4,1,2500000,3500000,16,0,0,0
c05b4774-8cca-410a-ad2e-bca576f2cd8f,Pemerintah Kab. Malaka,CPNS,UMUM,PENATA PERIZINAN AHLI PERTAMA,PEMERINTAH KABUPATEN MALAKA | DINAS PENANAMAN MODAL DAN PTSP,4,1,2500000,3500000,29,0,0,0
b65a54e0-3815-4346-9c38-81c4a7989694,Pemerintah Kab. Malaka,CPNS,UMUM,PENGUJI MUTU BARANG AHLI PERTAMA,"PEMERINTAH KABUPATEN MALAKA | DINAS PERINDUSTRIAN,KOPERASI,USAHA KECIL DAN MENENGAH",4,1,2500000,3500000,102,0,0,0
3d80cb41-a233-4ece-959e-eeec0bb28e1e,Pemerintah Kab. Malaka,CPNS,UMUM,PERENCANA AHLI PERTAMA,PEMERINTAH KABUPATEN MALAKA | DINAS LINGKUNGAN HIDUP,1,1,2500000,3500000,2,0,0,0
a116542c-9c94-4534-8d19-ccfaebe199c1,Pemerintah Kab. Maluku Barat Daya,CPNS,UMUM,PRANATA KOMPUTER AHLI PERTAMA,"PEMERINTAH KABUPATEN MALUKU BARAT DAYA | BADAN PERENCANAAN PEMBANGUNAN DAERAH, PENELITIAN DAN PENGEMBANGAN | SEKRETARIAT BADAN PERENCANAAN PEMBANGUNAN DAERAH, PENELITIAN DAN PENGEMBANGAN",1,1,3203600,4321200,0,0,0,0
c5f71b7b-47fb-4571-910a-653a34c2832d,Pemerintah Kab. Maluku Barat Daya,CPNS,UMUM,PRANATA KOMPUTER AHLI PERTAMA,PEMERINTAH KABUPATEN MALUKU BARAT DAYA | BADAN KEUANGAN DAN ASET DAERAH | BIDANG ANGGARAN,1,1,3203600,4319717,0,0,0,0
4f9e48ca-0b2b-480c-a580-1ce2505cd78a,Pemerintah Kab. Maluku Tengah,CPNS,UMUM,PENGENDALI KONTEN INTERNET,Pemerintah Kabupaten Maluku Tengah | Sekretariat Daerah | Dinas Komunikasi Dan Informatika | Bidang Penyelenggaraan E-Government,1,0,3203600,5261500,6,0,0,0
932f7b99-0f0e-4ee7-ab34-8b298be85b2d,Pemerintah Kab. Maluku Tenggara,CPNS,UMUM,ASESOR MANAJEMEN MUTU INDUSTRI AHLI PERTAMA,PEMERINTAH KABUPATEN MALUKU TENGGARA | DINAS PERINDUSTRIAN PERDAGANGAN DAN KETENAGAKERJAAN,2,1,2000000,5000000,7,0,0,0
9d27a312-9c53-4651-9550-47184f0cb5f4,Pemerintah Kab. Maluku Tenggara,CPNS,UMUM,INSTRUKTUR AHLI PERTAMA,PEMERINTAH KABUPATEN MALUKU TENGGARA | DINAS PERINDUSTRIAN PERDAGANGAN DAN KETENAGAKERJAAN,2,1,2000000,5000000,9,0,0,0
851a4c7f-c9ec-4e63-b6a9-22b76e85c3b7,Pemerintah Kab. Maluku Tenggara,CPNS,UMUM,PENATA KELOLA BANGUNAN GEDUNG DAN KAWASAN PERMUKIMAN AHLI PERTAMA,"PEMERINTAH KABUPATEN MALUKU TENGGARA | DINAS PERUMAHAN, KAWASAN PERMUKIMAN DAN PERTANAHAN",2,1,2000000,5000000,17,0,0,0
da270b98-2747-4291-9561-4138c9c61437,Pemerintah Kab. Maluku Tenggara,CPNS,UMUM,PENERA AHLI PERTAMA,PEMERINTAH KABUPATEN MALUKU TENGGARA | DINAS PERINDUSTRIAN PERDAGANGAN DAN KETENAGAKERJAAN,1,1,2000000,5000000,5,0,0,0
cfab0f0a-bb0b-4530-ad31-a2f247d2559b,Pemerintah Kab. Maluku Tenggara,CPNS,UMUM,PENGAWAS KEMETROLOGIAN AHLI PERTAMA,PEMERINTAH KABUPATEN MALUKU TENGGARA | DINAS PERINDUSTRIAN PERDAGANGAN DAN KETENAGAKERJAAN,1,1,2000000,5000000,1,0,0,0
8a0384b4915028740191536958c35364,Pemerintah Kab. Maluku Tenggara,CPNS,PENYANDANG DISABILITAS,PENGAWAS PENYELENGGARAAN URUSAN PEMERINTAHAN DAERAH AHLI PERTAMA,PEMERINTAH KABUPATEN MALUKU TENGGARA | INSPEKTORAT,1,1,2000000,5000000,1,0,0,0
99d5ef8e-f03b-4c2a-b0bc-8990866b8d82,Pemerintah Kab. Maluku Tenggara,CPNS,UMUM,PENGAWAS PENYELENGGARAAN URUSAN PEMERINTAHAN DAERAH AHLI PERTAMA,PEMERINTAH KABUPATEN MALUKU TENGGARA | INSPEKTORAT,2,1,2000000,5000000,9,0,0,0
61b18aa1-181d-4971-98eb-bf5eebc6d090,Pemerintah Kab. Maluku Tenggara,CPNS,UMUM,PENILAI PEMERINTAH AHLI PERTAMA,PEMERINTAH KABUPATEN MALUKU TENGGARA | SEKRETARIAT DAERAH | ASISTEN PEMERINTAHAN DAN KESEJAHTERAAN RAKYAT | BAGIAN PEMERINTAHAN,1,1,2000000,5000000,2,0,0,0
354fb5ca-73bf-421b-86bd-1d7f1b742849,Pemerintah Kab. Maluku Tenggara,CPNS,UMUM,PRANATA KOMPUTER AHLI PERTAMA,PEMERINTAH KABUPATEN MALUKU TENGGARA | INSPEKTORAT,1,1,2000000,5000000,2,0,0,0
8b69b259-beba-494b-8d63-181b198fb142,Pemerintah Kab. Maluku Tenggara,CPNS,UMUM,PRANATA KOMPUTER AHLI PERTAMA,PEMERINTAH KABUPATEN MALUKU TENGGARA | BADAN KEPEGAWAIAN DAN PENGEMBANGAN SUMBER DAYA MANUSIA,1,1,2000000,5000000,3,0,0,0
90df6927-d32e-49c5-946d-1f5897a409b9,Pemerintah Kab. Maluku Tenggara,CPNS,UMUM,PRANATA KOMPUTER AHLI PERTAMA,PEMERINTAH KABUPATEN MALUKU TENGGARA | DINAS KESEHATAN,1,1,2000000,5000000,2,0,0,0
a9b039eb-786b-44de-8c0f-1bfec1899459,Pemerintah Kab. Maluku Tenggara,CPNS,UMUM,PRANATA KOMPUTER AHLI PERTAMA,PEMERINTAH KABUPATEN MALUKU TENGGARA | DINAS KETAHANAN PANGAN,1,1,2000000,5000000,1,0,0,0
c8c4e7bf-ca4a-4d3f-bafd-1438fa602b94,Pemerintah Kab. Maluku Tenggara,CPNS,UMUM,PRANATA KOMPUTER AHLI PERTAMA,PEMERINTAH KABUPATEN MALUKU TENGGARA | RSUD KAREL SADSUITUBUN LANGGUR,1,1,2000000,5000000,1,0,0,0
f7525249-9953-4f57-98ec-557ef0218e34,Pemerintah Kab. Maluku Tenggara,CPNS,UMUM,PRANATA KOMPUTER AHLI PERTAMA,PEMERINTAH KABUPATEN MALUKU TENGGARA | DINAS PENANAMAN MODAL DAN PELAYANAN TERPADU SATU PINTU,1,1,2000000,5000000,0,0,0,0
4d576311-f282-42a4-89e9-77d2f4c83bd4,Pemerintah Kab. Mamasa,CPNS,UMUM,PRANATA KOMPUTER AHLI PERTAMA,Pemerintah Daerah Kabupaten Mamasa | Sekretariat Daerah | Asisten II Perekonomian Dan Pembangunan | Bagian Pembangunan dan Sumber Daya Alam,1,1,3000000,5000000,9,0,0,0
2993418d-2298-412e-a24c-4d6ab0603ece,Pemerintah Kab. Mamberamo Tengah,CPNS,ORANG ASLI PAPUA (OAP),PENYULUH PERINDUSTRIAN DAN PERDAGANGAN AHLI PERTAMA,Kabupaten Mamberamo Tengah | BUPATI MAMBERAMO TENGAH | Sekretariat Daerah | Dinas Perindustrian dan Perdagangan | Bidang Perdagangan | Seksi Perdagangan Dalam Negeri,4,0,3000000,3500000,4,0,0,0
0ff9bf47-ffd2-4e10-b3f7-72ce12ce683d,Pemerintah Kab. Mamberamo Tengah,CPNS,UMUM (NON OAP),PRANATA KOMPUTER AHLI PERTAMA,Kabupaten Mamberamo Tengah | BUPATI MAMBERAMO TENGAH | Sekretariat Daerah | Badan Kepegawaian dan Pengembangan Sumber Daya Manusia | Bidang Administrasi dan Informasi Kepegawaian | Sub Bidang Pengelolaan Sistem Informasi Kepegawaian,2,0,3000000,3500000,8,0,0,0
23ec4420-bd5c-4576-969a-e7f68ab6f02e,Pemerintah Kab. Mamberamo Tengah,CPNS,ORANG ASLI PAPUA (OAP),PRANATA KOMPUTER AHLI PERTAMA,Kabupaten Mamberamo Tengah | BUPATI MAMBERAMO TENGAH | Sekretariat Daerah | Dinas Kependudukan dan Pencatatan Sipil | Bidang Pemanfaatan Data dan Inovasi Pelayanan | Seksi Pemanfaatan Data dan Dokumen Kependudukan,2,1,3000000,3500000,2,0,0,0
a0971553-ea0e-49d0-950b-95a282822495,Pemerintah Kab. Mamberamo Tengah,CPNS,ORANG ASLI PAPUA (OAP),PRANATA KOMPUTER AHLI PERTAMA,Kabupaten Mamberamo Tengah | BUPATI MAMBERAMO TENGAH | Sekretariat Daerah | Asisten Bidang Pemerintahan,3,0,3000000,3500000,3,0,0,0
e9b19e83-e531-4b11-9e44-c3b7c088a9c5,Pemerintah Kab. Mamuju Tengah,CPNS,UMUM,PENERA AHLI PERTAMA,"PEMERINTAH KAB. MAMUJU TENGAH | DINAS KOPERASI USAHA KECIL DAN MENENGAH, PERINDUSTRIAN DAN PERDAGANGAN | BIDANG KEMETROLOGIAN",2,0,1000000,5000000,37,0,0,0
ab3c194f-6f28-4956-84c6-1f0211f08191,Pemerintah Kab. Mamuju Tengah,CPNS,UMUM,PENGELOLA SUMBER DAYA AIR AHLI PERTAMA,PEMERINTAH KAB. MAMUJU TENGAH | DINAS PEKERJAAN UMUM DAN PENATAAN RUANG | BIDANG SUMBER DAYA AIR (SDA),1,0,1000000,5000000,27,0,0,0
9622f703-2395-423a-8765-3212d0182246,Pemerintah Kab. Mamuju Tengah,CPNS,UMUM,PRANATA KOMPUTER AHLI PERTAMA,PEMERINTAH KAB. MAMUJU TENGAH | DINAS PENANAMAN MODAL DAN PELAYANAN TERPADU SATU PINTU | SEKRETARIAT DINAS PENANAMAN MODAL DAN PELAYANAN TERPADU SATU PINTU,2,0,1000000,5000000,19,0,0,0
eeb73a79-1d33-418e-bcbc-68e8238bb9ec,Pemerintah Kab. Mamuju Tengah,CPNS,UMUM,PRANATA KOMPUTER AHLI PERTAMA,"PEMERINTAH KAB. MAMUJU TENGAH | DINAS KOMUNIKASI, INFORMATIKA, STATISTIK DAN PERSANDIAN | Bidang Informatika",2,0,1000000,5000000,14,0,0,0
2ad779f6-6294-44a8-8b31-7fb7cab74fd3,Pemerintah Kab. Manggarai,CPNS,UMUM,ANALIS PERDAGANGAN AHLI PERTAMA,Pemerintah Kabupaten Manggarai | Sekretariat Daerah | Dinas Perdagangan dan Perindustrian | Bidang Pembinaan Usaha dan Distribusi Perdagangan,1,1,3000000,4000000,11,0,0,0
24480946-49fd-4f8c-afc6-256f8b99552b,Pemerintah Kab. Manggarai,CPNS,UMUM,ARSIPARIS AHLI PERTAMA,Pemerintah Kabupaten Manggarai | Sekretariat Daerah | Dinas Kearsipan dan Perpustakaan | Bidang Pengembangan dan Sistem Jaringan,1,1,3000000,4000000,30,0,0,0
684d2bc4-ac78-40f6-94be-6a3d9a1554d5,Pemerintah Kab. Manggarai,CPNS,UMUM,PENERA AHLI PERTAMA,Pemerintah Kabupaten Manggarai | Sekretariat Daerah | Dinas Perdagangan dan Perindustrian | Bidang Standarisasi dan Perlindungan Konsumen,3,1,3000000,4000000,38,0,0,0
6c1add43-1886-4d79-bd7f-3a5c5b471927,Pemerintah Kab. Manggarai,CPNS,UMUM,PENGAWAS JARINGAN UTILITAS,Pemerintah Kabupaten Manggarai | Sekretariat Daerah | Dinas Pekerjaan Umum dan Penataan Ruang | Bidang Sumber Daya Air,1,1,3000000,4000000,4,0,0,0
305f7f37-401d-4cb2-bfe3-ff5ef9efc065,Pemerintah Kab. Manggarai,CPNS,UMUM,PENGAWAS PENYELENGGARAAN URUSAN PEMERINTAHAN DAERAH AHLI PERTAMA,Pemerintah Kabupaten Manggarai | Sekretariat Daerah | Inspektorat Daerah | Irban Wilayah IV,5,1,3000000,4000000,31,0,0,0
4c912d63-6027-4492-84c8-b3eb622342b3,Pemerintah Kab. Manggarai,CPNS,UMUM,PENGAWAS PENYELENGGARAAN URUSAN PEMERINTAHAN DAERAH AHLI PERTAMA,Pemerintah Kabupaten Manggarai | Sekretariat Daerah | Inspektorat Daerah | Irban Wilayah I,3,1,3000000,4000000,6,0,0,0
812fd4a4-c016-4a76-ad20-7e82899a7490,Pemerintah Kab. Manggarai,CPNS,UMUM,PENGAWAS PENYELENGGARAAN URUSAN PEMERINTAHAN DAERAH AHLI PERTAMA,Pemerintah Kabupaten Manggarai | Sekretariat Daerah | Inspektorat Daerah | IRBAN WILAYAH V,3,1,3000000,4000000,5,0,0,0
9828f557-67b6-4fcc-8c75-3ba880b3a2ee,Pemerintah Kab. Manggarai,CPNS,UMUM,PENGAWAS PENYELENGGARAAN URUSAN PEMERINTAHAN DAERAH AHLI PERTAMA,Pemerintah Kabupaten Manggarai | Sekretariat Daerah | Inspektorat Daerah | Irban Wilayah III,3,1,3000000,4000000,4,0,0,0
c1a318f6-9d36-4734-af43-279912dc8233,Pemerintah Kab. Manggarai,CPNS,UMUM,PENGAWAS PENYELENGGARAAN URUSAN PEMERINTAHAN DAERAH AHLI PERTAMA,Pemerintah Kabupaten Manggarai | Sekretariat Daerah | Inspektorat Daerah | Irban Wilayah II,3,1,3000000,4000000,6,0,0,0
0e23f454-4c2f-4df5-baac-3cf7a2821cdd,Pemerintah Kab. Manggarai,CPNS,UMUM,PENGENDALI KONTEN INTERNET,Pemerintah Kabupaten Manggarai | Sekretariat Daerah | Dinas Komunikasi dan Informatika | BIDANG TEKNOLOGI INFORMASI DAN KOMUNIKASI PUBLIK,1,1,3000000,4000000,4,0,0,0
087dd101-b052-439c-99c3-bec8fe04de56,Pemerintah Kab. Manggarai,CPNS,UMUM,PRANATA KOMPUTER AHLI PERTAMA,Pemerintah Kabupaten Manggarai | Sekretariat Daerah | Badan Kepegawaian dan Pengembangan Sumber Daya Manusia Daerah | Bidang Pengadaan dan Pengembangan Karier Aparatur,2,1,3000000,4000000,3,0,0,0
7fbd1a70-6ad7-4c32-b0c4-5149a40cddf5,Pemerintah Kab. Manggarai,CPNS,UMUM,PRANATA KOMPUTER AHLI PERTAMA,Pemerintah Kabupaten Manggarai | Sekretariat Daerah | Badan Kepegawaian dan Pengembangan Sumber Daya Manusia Daerah | Bidang Pengembangan Sdm Aparatur,2,1,3000000,4000000,3,0,0,0
0171647d-cf88-4ab4-8e85-28658a899388,Pemerintah Kab. Manggarai Barat,CPNS,UMUM,INSTRUKTUR AHLI PERTAMA,"PEMERINTAH KABUPATEN MANGGARAI BARAT | DINAS TENAGA KERJA, TRANSMIGRASI KOPERASI DAN UKM | BIDANG PERENCANAAN, PELATIHAN DAN PENEMPATAN TENAGA KERJA",2,1,3000000,4000000,2,0,0,0
9b1544c8-8585-49de-9a06-498a85104334,Pemerintah Kab. Manggarai Barat,CPNS,UMUM,PENATA KELOLA BANGUNAN GEDUNG DAN KAWASAN PERMUKIMAN AHLI PERTAMA,"PEMERINTAH KABUPATEN MANGGARAI BARAT | DINAS CIPTA KARYA, TATA RUANG, PERUMAHAN DAN KAWASAN PERMUKIMAN | BIDANG AIR MINUM DAN PENYEHATAN LINGKUNGAN PERMUKIMAN",5,0,3000000,4000000,44,0,0,0
c106af36-9350-4400-87f5-2b4be3429444,Pemerintah Kab. Manggarai Barat,CPNS,UMUM,PENERA AHLI PERTAMA,PEMERINTAH KABUPATEN MANGGARAI BARAT | DINAS PERDAGANGAN DAN PERINDUSTRIAN | BIDANG PERINDUSTRIAN,2,0,3000000,4000000,40,0,0,0
02224854-5a92-4111-8b4c-35ce302faa60,Pemerintah Kab. Manggarai Barat,CPNS,UMUM,PENGAWAS JARINGAN UTILITAS,"PEMERINTAH KABUPATEN MANGGARAI BARAT | DINAS SUMBER DAYA AIR, BINA MARGA DAN BINA KONSTRUKSI | BIDANG PEMBANGUNAN, PRESERVASI JALAN DAN JEMBATAN",2,0,3000000,4000000,2,0,0,0
34c2a80e-9840-4df2-9fc1-93950f18097f,Pemerintah Kab. Manggarai Barat,CPNS,UMUM,PENGAWAS TRANSPORTASI DARAT,PEMERINTAH KABUPATEN MANGGARAI BARAT | DINAS PERHUBUNGAN | BIDANG LALU LINTAS | SEKSI MANAJEMEN LALU LINTAS,3,0,3000000,4000000,10,0,0,0
d3c347c2-8dc6-46dd-bfcf-277511ecb960,Pemerintah Kab. Manggarai Barat,CPNS,UMUM,PENYULUH PERINDUSTRIAN DAN PERDAGANGAN AHLI PERTAMA,PEMERINTAH KABUPATEN MANGGARAI BARAT | DINAS PERDAGANGAN DAN PERINDUSTRIAN | BIDANG PEMBINAAN DAN PENGEMBANGAN PERDAGANGAN,2,0,3000000,4000000,23,0,0,0
66728bce-b4d5-4c4e-8e66-13a9281619ba,Pemerintah Kab. Manggarai Barat,CPNS,UMUM,PERENCANA AHLI PERTAMA,PEMERINTAH KABUPATEN MANGGARAI BARAT | BADAN PENANGGULANGAN BENCANA DAERAH | BIDANG PENCEGAHAN DAN KESIAPSIAGAAN,1,1,3000000,3000000,2,0,0,0
84bd3d7c-b34f-49dc-b4e8-9bc8be0f609b,Pemerintah Kab. Manggarai Barat,CPNS,UMUM,PERENCANA AHLI PERTAMA,PEMERINTAH KABUPATEN MANGGARAI BARAT | BADAN PENANGGULANGAN BENCANA DAERAH | BIDANG REHABILITASI DAN REKONSTRUKSI,2,1,3000000,4000000,4,0,0,0
d4391903-ec32-485d-95c4-ca7a66986019,Pemerintah Kab. Manggarai Barat,CPNS,UMUM,PRANATA KOMPUTER AHLI PERTAMA,"PEMERINTAH KABUPATEN MANGGARAI BARAT | RUMAH SAKIT UMUM DAERAH KOMODO | BAGIAN TATA USAHA | SUBBAGIAN PROGRAM, DATA DAN EVALUASI",2,1,3000000,3000000,9,0,0,0
420d8413-3d6b-4f46-a90e-8c3968f734c5,Pemerintah Kab. Manggarai Barat,CPNS,UMUM,TEKNISI SARANA DAN PRASARANA,"PEMERINTAH KABUPATEN MANGGARAI BARAT | DINAS SUMBER DAYA AIR, BINA MARGA DAN BINA KONSTRUKSI | BIDANG PEMBANGUNAN, PRESERVASI JALAN DAN JEMBATAN",3,0,3000000,4000000,27,0,0,0
f0956f2f-17d6-4c8b-bc6e-8d30c16d1bb0,Pemerintah Kab. Manggarai Barat,CPNS,UMUM,TEKNISI SARANA DAN PRASARANA,"PEMERINTAH KABUPATEN MANGGARAI BARAT | DINAS CIPTA KARYA, TATA RUANG, PERUMAHAN DAN KAWASAN PERMUKIMAN | BIDANG PENGEMBANGAN INFRASTRUKTUR PERMUKIMAN DAN PENATAAN BANGUNAN",2,0,3000000,4000000,13,0,0,0
7662ee1e-4add-4114-8ac1-74fb1e45c081,Pemerintah Kab. Manggarai Timur,CPNS,UMUM,KONSULTAN INDUSTRI,"PEMERINTAH KABUPATEN MANGGARAI TIMUR | DINAS PERDAGANGAN, KOPERASI, USAHA KECIL DAN MENENGAH | Bidang Industri",1,1,2785700,3500000,1,0,0,0
72555055-e551-49a4-a470-0cd4cf4f3b0c,Pemerintah Kab. Manggarai Timur,CPNS,UMUM,PENGAWAS INDUSTRI,"PEMERINTAH KABUPATEN MANGGARAI TIMUR | DINAS PERDAGANGAN, KOPERASI, USAHA KECIL DAN MENENGAH | Bidang Industri",1,1,2785700,3500000,8,0,0,0
a3145dd4-2496-46fb-8783-43dafd55758e,Pemerintah Kab. Manggarai Timur,CPNS,UMUM,PENGAWAS PENYELENGGARAAN URUSAN PEMERINTAHAN DAERAH AHLI PERTAMA,PEMERINTAH KABUPATEN MANGGARAI TIMUR | INSPEKTORAT DAERAH | INSPEKTUR PEMBANTU WILAYAH III,2,1,2785700,3500000,5,0,0,0
e1f95b78-ba97-4c80-841b-f8f81b4cf7d4,Pemerintah Kab. Manggarai Timur,CPNS,UMUM,PERENCANA AHLI PERTAMA,PEMERINTAH KABUPATEN MANGGARAI TIMUR | DINAS PERHUBUNGAN | SEKRETARIAT DINAS PERHUBUNGAN,1,1,2785700,5261500,5,0,0,0
288ce343-b771-4c15-a466-8e565d6f17de,Pemerintah Kab. Manggarai Timur,CPNS,UMUM,PRANATA KOMPUTER AHLI PERTAMA,"PEMERINTAH KABUPATEN MANGGARAI TIMUR | BADAN PERENCANAAN PEMBANGUNAN, PENELITIAN DAN PENGEMBANGAN DAERAH | SEKRETARIAT BADAN PERENCANAAN PEMBANGUNAN, PENELITIAN DAN PENGEMBANGAN DAERAH | SUB BAGIAN KEPEGAWAIAN DAN UMUM",1,1,2785700,3500000,2,0,0,0
a15113c3-0dd6-4bb6-a792-ea8e263f2838,Pemerintah Kab. Manokwari,CPNS,ORANG ASLI PAPUA (OAP),KONSULTAN INDUSTRI,"Pemerintah Kabupaten Manokwari | Dinas Perdagangan dan Perindustrian | Bidang Perindustrian | Seksi Kerjasama, Pengawasan dan Promosi Investasi Industri",1,0,2500000,5000000,3,0,0,0
2920339e-7e6a-4868-9e33-5138ce9c365c,Pemerintah Kab. Manokwari,CPNS,ORANG ASLI PAPUA (OAP),PEMERIKSA FORENSIK DIGITAL,Pemerintah Kabupaten Manokwari | Dinas Kesehatan | Rumah Sakit Umum Daerah | Bidang Penunjang | Seksi Penunjang Non Medik,1,0,2500000,5000000,1,0,0,0
a2c4690e-0214-41c4-9b26-f79bc931dc75,Pemerintah Kab. Manokwari,CPNS,ORANG ASLI PAPUA (OAP),PEMERIKSA FORENSIK DIGITAL,"Pemerintah Kabupaten Manokwari | Dinas Komunikasi, Informatika dan Persandian | Bidang Aplikasi Informatika | Seksi Pengelolaan Sistem Pemerintahan Berbasis Elektronik",1,0,2500000,5000000,1,0,0,0
ea4c784d-b50d-4f05-8b90-836c9f19c6b7,Pemerintah Kab. Manokwari,CPNS,UMUM (NON OAP),PEMERIKSA FORENSIK DIGITAL,Pemerintah Kabupaten Manokwari | Dinas Kesehatan | Rumah Sakit Umum Pratama Warmare,1,0,2500000,5000000,2,0,0,0
8a0186cc9159ace501915a7d8bcb119a,Pemerintah Kab. Manokwari,CPNS,ORANG ASLI PAPUA (OAP),PENELAAH AKREDITASI LEMBAGA PENILAIAN KESESUAIAN,Pemerintah Kabupaten Manokwari | Dinas Pertanian dan Ketahanan Pangan | Bidang Konsumsi dan Keamanan Pangan | Seksi Keamanan Pangan,1,0,2500000,5000000,7,0,0,0
6d5dd855-8a05-45ff-9df1-1ae2a4039b66,Pemerintah Kab. Manokwari,CPNS,UMUM (NON OAP),PENELAAH AKREDITASI LEMBAGA PENILAIAN KESESUAIAN,Pemerintah Kabupaten Manokwari | Dinas Pertanian dan Ketahanan Pangan | Bidang Konsumsi dan Keamanan Pangan | Seksi Keamanan Pangan,1,0,2500000,5000000,13,0,0,0
50a75487-a0f5-4317-b3a0-9f80c28e59a4,Pemerintah Kab. Manokwari,CPNS,ORANG ASLI PAPUA (OAP),PENGAWAS INDUSTRI,"Pemerintah Kabupaten Manokwari | Dinas Perdagangan dan Perindustrian | Bidang Perindustrian | Seksi Kerjasama, Pengawasan dan Promosi Investasi Industri",1,0,2500000,5000000,10,0,0,0
d69f7fb3-d2d3-44a7-85e1-5f3b07fd82d5,Pemerintah Kab. Manokwari,CPNS,UMUM (NON OAP),PENGAWAS JARINGAN UTILITAS,"Pemerintah Kabupaten Manokwari | Dinas Perumahan Rakyat dan Kawasan Permukiman | Bidang Prasarana, Sarana dan Utilitas Umum | Seksi Perencanaan Penyediaan Prasarana, Sarana, Utilitas Umum",1,0,2500000,5000000,15,0,0,0
1dae7b3e-4bc2-4a60-95c1-65e0e1c2c017,Pemerintah Kab. Manokwari Selatan,CPNS,UMUM (NON OAP),ASESOR MANAJEMEN MUTU INDUSTRI AHLI PERTAMA,"PEMERINTAH KAB. MANOKWARI SELATAN | DINAS PERINDUSTRIAN, PERDAGANGAN DAN KOPERASI DAN UKM | BIDANG KOPERASI DAN USAHA MIKRO | SEKSI PEMBERDAYAAN DAN PENGEMBANGAN KOPERASI DAN USAHA MIKRO",1,0,2785700,4575200,1,0,0,0
9b0e892b-354f-4648-8f96-1b32940447f5,Pemerintah Kab. Manokwari Selatan,CPNS,UMUM (NON OAP),ASESOR MANAJEMEN MUTU INDUSTRI AHLI PERTAMA,"PEMERINTAH KAB. MANOKWARI SELATAN | DINAS PERINDUSTRIAN, PERDAGANGAN DAN KOPERASI DAN UKM | BIDANG PERDAGANGAN | SEKSI KETERSEDIAAN BARANG KEBUTUHAN POKOK DAN BARANG PENTING",1,0,2785700,4575200,2,0,0,0
69a71086-29e8-47a7-a3aa-bd530caf9435,Pemerintah Kab. Manokwari Selatan,CPNS,UMUM (NON OAP),PEMBINA INDUSTRI AHLI PERTAMA,"PEMERINTAH KAB. MANOKWARI SELATAN | DINAS PERINDUSTRIAN, PERDAGANGAN DAN KOPERASI DAN UKM | BIDANG PERINDUSTRIAN | SEKSI INDUSTRI KECIL DAN MENENGAH",1,0,2785700,4575200,6,0,0,0
7aa72f91-7bef-4920-b32c-af3523262d53,Pemerintah Kab. Manokwari Selatan,CPNS,UMUM (NON OAP),PEMBINA INDUSTRI AHLI PERTAMA,"PEMERINTAH KAB. MANOKWARI SELATAN | DINAS PERINDUSTRIAN, PERDAGANGAN DAN KOPERASI DAN UKM | BIDANG KOPERASI DAN USAHA MIKRO | SEKSI PEMBERDAYAAN DAN PENGEMBANGAN KOPERASI DAN USAHA MIKRO",1,0,2785700,4575200,2,0,0,0
e601fe9e-e166-4d11-8565-eacf7d19182c,Pemerintah Kab. Manokwari Selatan,CPNS,ORANG ASLI PAPUA (OAP),PENERA AHLI PERTAMA,"PEMERINTAH KAB. MANOKWARI SELATAN | DINAS PERINDUSTRIAN, PERDAGANGAN DAN KOPERASI DAN UKM | BIDANG PERDAGANGAN | SEKSI TERA, TERA ULANG, PENGAWASAN DAN SARANA DISTRIBUSI PERDAGANGAN",4,0,2785700,4575200,5,0,0,0
8a0384c8915fa2df01915fcc00250589,Pemerintah Kab. Merangin,CPNS,LULUSAN TERBAIK,PEMBINA JASA KONSTRUKSI AHLI PERTAMA,BUPATI MERANGIN | DINAS PEKERJAAN UMUM DAN PENATAAN RUANG | BIDANG BINA KONSTRUKSI,1,1,2785700,5373234,1,0,0,0
cdad44a9-9035-4e7a-8be0-e76941b2bd95,Pemerintah Kab. Merangin,CPNS,UMUM,PEMBINA JASA KONSTRUKSI AHLI PERTAMA,BUPATI MERANGIN | DINAS PEKERJAAN UMUM DAN PENATAAN RUANG | BIDANG BINA KONSTRUKSI,1,1,2785700,5373234,6,0,0,0
8a0384c8915fa2df01915fcd32a205b8,Pemerintah Kab. Merangin,CPNS,LULUSAN TERBAIK,PRANATA KOMPUTER AHLI PERTAMA,BUPATI MERANGIN | BADAN KEPEGAWAIAN DAN PENGEMBANGAN SUMBER DAYA MANUSIA DAERAH | BIDANG KEPEGAWAIAN,1,1,2785700,5373234,2,0,0,0
0a7b6d68-fac6-47db-928e-4edf5d4c8fd5,Pemerintah Kab. Merangin,CPNS,UMUM,PRANATA KOMPUTER AHLI PERTAMA,BUPATI MERANGIN | BADAN PERENCANAAN PEMBANGUNAN DAERAH | SEKRETARIAT,1,1,2785700,5373234,4,0,0,0
2db4e244-ede6-4ad8-8c34-95e6e593b20d,Pemerintah Kab. Merangin,CPNS,UMUM,PRANATA KOMPUTER AHLI PERTAMA,BUPATI MERANGIN | DINAS TANAMAN PANGAN DAN HOLTIKULTURA | BIDANG PROGRAM DAN PENYULUHAN,1,1,2785700,5373234,6,0,0,0
740d7377-5ca5-4948-a31f-f79c3b3d2f57,Pemerintah Kab. Merangin,CPNS,UMUM,PRANATA KOMPUTER AHLI PERTAMA,BUPATI MERANGIN | DINAS PEKERJAAN UMUM DAN PENATAAN RUANG | SEKRETARIAT,1,1,2785700,5373234,1,0,0,0
8602473a-5f67-4446-872e-1ff0bc88349c,Pemerintah Kab. Merangin,CPNS,UMUM,PRANATA KOMPUTER AHLI PERTAMA,BUPATI MERANGIN | BADAN KESATUAN BANGSA DAN POLITIK | SEKRETARIAT,1,1,2785700,5373234,5,0,0,0
b4aab07f-474a-4e25-a2bf-e1195a469dc2,Pemerintah Kab. Merangin,CPNS,UMUM,PRANATA KOMPUTER AHLI PERTAMA,BUPATI MERANGIN | DINAS KESEHATAN | SEKRETARIAT | SUB BAGIAN UMUM,2,1,2785700,5373234,42,0,0,0
d1bdf701-d33c-4dd9-8414-cd5b8c2e9e91,Pemerintah Kab. Merangin,CPNS,UMUM,PRANATA KOMPUTER AHLI PERTAMA,BUPATI MERANGIN | BADAN KEPEGAWAIAN DAN PENGEMBANGAN SUMBER DAYA MANUSIA DAERAH | BIDANG KEPEGAWAIAN,1,1,2785700,5373234,7,0,0,0
dc99bbf6-5350-4886-9be4-7101d02b112c,Pemerintah Kab. Merangin,CPNS,UMUM,PRANATA KOMPUTER AHLI PERTAMA,BUPATI MERANGIN | DINAS TANAMAN PANGAN DAN HOLTIKULTURA | SEKRETARIAT,1,1,2785700,5373234,8,0,0,0
4932cd9b-d66f-4ef7-8106-c44f03de74bc,Pemerintah Kab. Mesuji,CPNS,UMUM,TEKNISI SARANA DAN PRASARANA,PEMERINTAH KABUPATEN MESUJI | SEKRETARIAT DAERAH | ASISTEN BIDANG ADMINISTRASI UMUM KABUPATEN MESUJI | BAGIAN UMUM,1,1,2785700,2785700,18,0,0,0
32019ffd-f58a-424c-8269-da534c33e475,Pemerintah Kab. Mimika,CPNS,UMUM (NON OAP),PRANATA KOMPUTER AHLI PERTAMA,Pemerintah Kabupaten Mimika | Dinas Komunikasi dan Informatika | Bidang Pengelolaan Informasi dan Saluran Komunikasi Publik,1,0,5000000,7000000,9,0,0,0
838ac8ac-d202-4f5d-9f02-b6531491ecd2,Pemerintah Kab. Mimika,CPNS,UMUM (NON OAP),PRANATA KOMPUTER AHLI PERTAMA,Pemerintah Kabupaten Mimika | Dinas Komunikasi dan Informatika | Bidang Penyelenggaraan e-Government,1,0,5000000,7000000,11,0,0,0
8a0384c5915a83e001915a9cdbb415ba,Pemerintah Kab. Mimika,CPNS,ORANG ASLI PAPUA (OAP),TEKNISI SARANA DAN PRASARANA,Pemerintah Kabupaten Mimika | Dinas Pekerjaan Umum dan Penataan Ruang | Bidang Cipta Karya | Seksi Penyehatan Prasarana Permukiman,2,0,5000000,7000000,27,0,0,0
f22a4ecd-2819-47cf-8b62-6cbc758d8ace,Pemerintah Kab. Mimika,CPNS,UMUM (NON OAP),TEKNISI SARANA DAN PRASARANA,Pemerintah Kabupaten Mimika | Dinas Pekerjaan Umum dan Penataan Ruang | Bidang Cipta Karya | Seksi Penyehatan Prasarana Permukiman,1,0,5000000,7000000,51,0,0,0
faa0fa5f-1a5e-46dc-9791-83829ddd00d3,Pemerintah Kab. Minahasa,CPNS,UMUM,PENELAAH PENGEMBANGAN STANDAR,PEMERINTAH KABUPATEN MINAHASA | DINAS KEBUDAYAAN DAN PARIWISATA | BIDANG KESENIAN,3,1,2500000,4000000,131,0,0,0
0d770dcf-1071-407e-bffb-2f2952311771,Pemerintah Kab. Minahasa Selatan,CPNS,UMUM,PENGAWAS PENYELENGGARAAN URUSAN PEMERINTAHAN DAERAH AHLI PERTAMA,Pemerintah Kabupaten Minahasa Selatan | Inspektorat Daerah Kabupaten Minahasa Selatan,12,1,2700000,7000000,188,0,0,0
5c115ff5-17f0-4fb6-bc66-a1b501c9c44b,Pemerintah Kab. Minahasa Selatan,CPNS,UMUM,PERENCANA AHLI PERTAMA,Pemerintah Kabupaten Minahasa Selatan | Dinas Kependudukan dan Pencatatan Sipil,2,1,2700000,7000000,8,0,0,0
8a02826391606efe0191608a11000712,Pemerintah Kab. Minahasa Selatan,CPNS,PENYANDANG DISABILITAS,PRANATA KOMPUTER AHLI PERTAMA,Pemerintah Kabupaten Minahasa Selatan | Sekretariat Daerah Kabupaten Minahasa Selatan | Asisten Perekonomian dan Pembangunan | Bagian Administrasi Pembangunan,1,1,2700000,7000000,1,0,0,0
0afc0442-1dec-44fe-a4de-184531007266,Pemerintah Kab. Minahasa Selatan,CPNS,UMUM,PRANATA KOMPUTER AHLI PERTAMA,Pemerintah Kabupaten Minahasa Selatan | Badan Pendapatan Daerah,2,1,2700000,7000000,6,0,0,0
0e4d2c80-dd89-489e-b9f4-0e7d91a3e0a6,Pemerintah Kab. Minahasa Selatan,CPNS,UMUM,PRANATA KOMPUTER AHLI PERTAMA,Pemerintah Kabupaten Minahasa Selatan | Dinas Perikanan,2,1,2700000,7000000,2,0,0,0
139d7b34-2c44-4ca3-8144-d4fcfbd92952,Pemerintah Kab. Minahasa Selatan,CPNS,UMUM,PRANATA KOMPUTER AHLI PERTAMA,Pemerintah Kabupaten Minahasa Selatan | Sekretariat Daerah Kabupaten Minahasa Selatan | Asisten Administrasi Umum | Bagian Perencanaan dan Keuangan,2,1,2700000,7000000,3,0,0,0
1683b431-46a2-44f9-ba82-ced6a7021929,Pemerintah Kab. Minahasa Selatan,CPNS,UMUM,PRANATA KOMPUTER AHLI PERTAMA,Pemerintah Kabupaten Minahasa Selatan | Dinas Perhubungan,2,1,2700000,7000000,1,0,0,0
1771227d-5c88-43e4-b758-51cee0af3ff6,Pemerintah Kab. Minahasa Selatan,CPNS,UMUM,PRANATA KOMPUTER AHLI PERTAMA,Pemerintah Kabupaten Minahasa Selatan | Sekretariat Daerah Kabupaten Minahasa Selatan | Asisten Administrasi Umum | Bagian Organisasi,2,1,2700000,7000000,0,0,0,0
24662a9b-5260-4a80-b855-062b462d01a9,Pemerintah Kab. Minahasa Selatan,CPNS,UMUM,PRANATA KOMPUTER AHLI PERTAMA,Pemerintah Kabupaten Minahasa Selatan | Sekretariat Dewan Perwakilan Rakyat Daerah,2,1,2700000,7000000,2,0,0,0
2daf1cbb-a67d-4fd2-94ff-4e3c0c3d8c2d,Pemerintah Kab. Minahasa Selatan,CPNS,UMUM,PRANATA KOMPUTER AHLI PERTAMA,Pemerintah Kabupaten Minahasa Selatan | Dinas Pertanian,2,1,2700000,7000000,2,0,0,0
3c1a265f-ca75-4da2-8185-e85e783cbdf3,Pemerintah Kab. Minahasa Selatan,CPNS,UMUM,PRANATA KOMPUTER AHLI PERTAMA,Pemerintah Kabupaten Minahasa Selatan | Dinas Komunikasi dan Informatika,3,1,2700000,7000000,12,0,0,0
432e912c-ecbe-42b4-9aa7-fdc7e0a724c9,Pemerintah Kab. Minahasa Selatan,CPNS,UMUM,PRANATA KOMPUTER AHLI PERTAMA,Pemerintah Kabupaten Minahasa Selatan | Sekretariat Daerah Kabupaten Minahasa Selatan | Asisten Perekonomian dan Pembangunan | Bagian Administrasi Pembangunan,3,1,2700000,7000000,10,0,0,0
5870f6a8-0db9-4d01-b15c-7d5b32c7b46c,Pemerintah Kab. Minahasa Selatan,CPNS,UMUM,PRANATA KOMPUTER AHLI PERTAMA,Pemerintah Kabupaten Minahasa Selatan | Dinas Pemberdayaan Masyarakat dan Desa,2,1,2700000,7000000,3,0,0,0
61f68934-c303-4b2f-b286-c5080470d767,Pemerintah Kab. Minahasa Selatan,CPNS,UMUM,PRANATA KOMPUTER AHLI PERTAMA,Pemerintah Kabupaten Minahasa Selatan | Dinas Pemberdayaan Perempuan dan Perlindungan Anak,2,1,2700000,7000000,3,0,0,0
62e622d7-8b70-4a9c-8696-392ea6c7a481,Pemerintah Kab. Minahasa Selatan,CPNS,UMUM,PRANATA KOMPUTER AHLI PERTAMA,Pemerintah Kabupaten Minahasa Selatan | Badan Keuangan dan Aset Daerah,2,1,2700000,7000000,7,0,0,0
6b5bad3c-de17-4d41-97e3-f63ee5c477c8,Pemerintah Kab. Minahasa Selatan,CPNS,UMUM,PRANATA KOMPUTER AHLI PERTAMA,Pemerintah Kabupaten Minahasa Selatan | Dinas Pengendalian Penduduk dan Keluarga Berencana,2,1,2700000,7000000,1,0,0,0
7f733726-47c6-4354-9912-2f5345326293,Pemerintah Kab. Minahasa Selatan,CPNS,UMUM,PRANATA KOMPUTER AHLI PERTAMA,Pemerintah Kabupaten Minahasa Selatan | Dinas Kesehatan,2,1,2700000,7000000,3,0,0,0
93de4587-01dc-47c6-b5d5-b990123cab06,Pemerintah Kab. Minahasa Selatan,CPNS,UMUM,PRANATA KOMPUTER AHLI PERTAMA,Pemerintah Kabupaten Minahasa Selatan | DInas Pemuda dan Olahraga,2,1,2700000,7000000,3,0,0,0
a9f93f89-a084-4c9d-a4f3-52669ee3a965,Pemerintah Kab. Minahasa Selatan,CPNS,UMUM,PRANATA KOMPUTER AHLI PERTAMA,Pemerintah Kabupaten Minahasa Selatan | Dinas Penanaman Modal dan Pelayanan Terpadu Satu Pintu,2,1,2700000,7000000,4,0,0,0
cb110159-5cd4-42c1-885a-1f81bcf08957,Pemerintah Kab. Minahasa Selatan,CPNS,UMUM,PRANATA KOMPUTER AHLI PERTAMA,Pemerintah Kabupaten Minahasa Selatan | Dinas Tenaga Kerja dan Transmigrasi,2,1,2700000,7000000,2,0,0,0
ceb141d7-e10d-4cd8-8761-ddb1bdb2d55a,Pemerintah Kab. Minahasa Selatan,CPNS,UMUM,PRANATA KOMPUTER AHLI PERTAMA,Pemerintah Kabupaten Minahasa Selatan | Sekretariat Daerah Kabupaten Minahasa Selatan | Asisten Perekonomian dan Pembangunan | Bagian Pengadaan Barang dan Jasa,2,1,2700000,7000000,2,0,0,0
d22d963f-ee5a-4fd8-b4f3-3916b8192a79,Pemerintah Kab. Minahasa Selatan,CPNS,UMUM,PRANATA KOMPUTER AHLI PERTAMA,Pemerintah Kabupaten Minahasa Selatan | Sekretariat Daerah Kabupaten Minahasa Selatan | Asisten Perekonomian dan Pembangunan | Bagian Sumber Daya Alam,2,1,2700000,7000000,0,0,0,0
d38628e6-ac5c-484a-b21e-03b407677d89,Pemerintah Kab. Minahasa Selatan,CPNS,UMUM,PRANATA KOMPUTER AHLI PERTAMA,Pemerintah Kabupaten Minahasa Selatan | Dinas Koperasi dan UMKM,2,1,2700000,7000000,3,0,0,0
d3a4618a-6434-42e9-a991-ee982ecea22b,Pemerintah Kab. Minahasa Selatan,CPNS,UMUM,PRANATA KOMPUTER AHLI PERTAMA,Pemerintah Kabupaten Minahasa Selatan | Sekretariat Daerah Kabupaten Minahasa Selatan | Asisten Pemerintahan dan Kesejahteraan Rakyat | Bagian Tata Pemerintahan Umum,2,1,2700000,7000000,1,0,0,0
d64428b7-252b-4fd0-93a9-62a691856aa3,Pemerintah Kab. Minahasa Selatan,CPNS,UMUM,PRANATA KOMPUTER AHLI PERTAMA,Pemerintah Kabupaten Minahasa Selatan | Sekretariat Daerah Kabupaten Minahasa Selatan | Asisten Administrasi Umum | Bagian Umum,2,1,2700000,7000000,2,0,0,0
8eb76753-284d-4eb6-aa8a-4271cf34542d,Pemerintah Kab. Minahasa Tenggara,CPNS,UMUM,ANALIS KEBAKARAN AHLI PERTAMA,KABUPATEN MINAHASA TENGGARA | SATUAN POLISI PAMONG PRAJA,3,1,2785700,4575200,7,0,0,0
fc3de332-39c3-4edf-ab64-f97e31819f7c,Pemerintah Kab. Minahasa Tenggara,CPNS,UMUM,PENGAWAS JARINGAN UTILITAS,KABUPATEN MINAHASA TENGGARA | DINAS PEKERJAAN UMUM DAN PENATAAN RUANG,2,1,2785700,4575200,8,0,0,0
174467cd-9dbb-430d-95c8-61878ce9fa3d,Pemerintah Kab. Minahasa Tenggara,CPNS,UMUM,PENGUJI MUTU BARANG AHLI PERTAMA,"KABUPATEN MINAHASA TENGGARA | DINAS KOPERASI, USAHA KECIL DAN MENENGAH, PERINDUSTRIAN DAN PERDAGANGAN",2,1,2785700,5000000,9,0,0,0
c490df1c-7589-4823-bc8a-9b248d69caf0,Pemerintah Kab. Morowali,CPNS,UMUM,PEMBINA JASA KONSTRUKSI AHLI PERTAMA,PEMERINTAH KABUPATEN MOROWALI | DINAS PEKERJAAN UMUM DAN PENATAAN RUANG DAERAH | BIDANG JASA KONSTRUKSI,1,1,2785700,3000000,5,0,0,0
163d0552-1256-4c19-8878-609afdf09088,Pemerintah Kab. Morowali,CPNS,UMUM,PENATA KELOLA BANGUNAN GEDUNG DAN KAWASAN PERMUKIMAN AHLI PERTAMA,PEMERINTAH KABUPATEN MOROWALI | DINAS PEKERJAAN UMUM DAN PENATAAN RUANG DAERAH | BIDANG CIPTA KARYA,2,1,2785700,3000000,27,0,0,0
dbfe5d08-cc3b-4e53-8352-456ff22552f1,Pemerintah Kab. Morowali,CPNS,UMUM,PENERA AHLI PERTAMA,PEMERINTAH KABUPATEN MOROWALI | DINAS PERDAGANGAN DAN PERINDUSTRIAN DAERAH | BIDANG KEMETROLOGIAN DAN STANDARISASI PERLINDUNGAN KONSUMEN,2,1,2785700,3000000,38,0,0,0
86b44b58-432a-47f0-b8af-e1a17c344024,Pemerintah Kab. Morowali,CPNS,UMUM,PENGAWAS KEMETROLOGIAN AHLI PERTAMA,PEMERINTAH KABUPATEN MOROWALI | DINAS PERDAGANGAN DAN PERINDUSTRIAN DAERAH | BIDANG KEMETROLOGIAN DAN STANDARISASI PERLINDUNGAN KONSUMEN,1,1,2785700,3000000,14,0,0,0
a3bec762-7f57-430a-8573-8635845774fb,Pemerintah Kab. Morowali,CPNS,UMUM,SANDIMAN AHLI PERTAMA,"PEMERINTAH KABUPATEN MOROWALI | DINAS KOMUNIKASI, INFORMATIKA, STATISTIK DAN PERSANDIAN DAERAH | BIDANG PERSANDIAN DAN KEAMANAN INFORMASI",1,1,2785700,3000000,7,0,0,0
6a9513b9-a704-4a95-bfec-b0cac17658b6,Pemerintah Kab. Morowali Utara,CPNS,UMUM,PENERA AHLI PERTAMA,"PEMERINTAH DAERAH KABUPATEN MOROWALI UTARA | PEMDA KAB. MOROWALI UTARA | DINAS KOPERASI, USAHA MIKRO, KECIL DAN MENENGAH, PERINDUSTRIAN DAN PERDAGANGAN DAERAH | BIDANG PERINDUSTRIAN DAN PERDAGANGAN | SEKSI PERDANGANGAN",2,0,2785700,2785700,86,0,0,0
eeaa68ee-7a4e-4aad-878f-1eff075f3f42,Pemerintah Kab. Muara Enim,CPNS,UMUM,PENATA KELOLA PENYEHATAN LINGKUNGAN AHLI PERTAMA,PEMERINTAH KABUPATEN MUARA ENIM | DINAS LINGKUNGAN HIDUP,1,1,2785700,3175698,6,0,0,0
596088ea-76f8-4065-94ed-1f4f7ec2f032,Pemerintah Kab. Muara Enim,CPNS,UMUM,PENERA AHLI PERTAMA,"PEMERINTAH KABUPATEN MUARA ENIM | DINAS PERINDUSTRIAN, PERDAGANGAN SERTA ENERGI DAN SUMBER DAYA MINERAL",1,1,2785700,3175698,29,0,0,0
1d4a0979-12e2-4407-9c6a-8723b10b581b,Pemerintah Kab. Muara Enim,CPNS,UMUM,PENGAWAS JARINGAN UTILITAS,PEMERINTAH KABUPATEN MUARA ENIM | DINAS PERUMAHAN RAKYAT DAN KAWASAN PERMUKIMAN SERTA PERTANAHAN | BIDANG PRASARANA DAN SARANA UTILITAS UMUM (PSU),2,1,2785700,3175698,46,0,0,0
d250ca86-0246-41a9-aa79-1ca5c7f1b49a,Pemerintah Kab. Muara Enim,CPNS,UMUM,PENGAWAS JARINGAN UTILITAS,PEMERINTAH KABUPATEN MUARA ENIM | DINAS PEKERJAAN UMUM DAN PENATAAN RUANG | BIDANG PEMBANGUNAN JALAN DAN JEMBATAN,2,1,2785700,3175698,31,0,0,0
e10c7020-c917-43e9-ade2-09f4637d24ca,Pemerintah Kab. Muara Enim,CPNS,UMUM,PENGAWAS JARINGAN UTILITAS,PEMERINTAH KABUPATEN MUARA ENIM | DINAS PEKERJAAN UMUM DAN PENATAAN RUANG | BIDANG PRESERVASI JALAN DAN JEMBATAN,2,1,2785700,3175698,26,0,0,0
d0c33169-7797-40bc-bf13-f3737d0306ba,Pemerintah Kab. Muara Enim,CPNS,UMUM,PENGAWAS KEMETROLOGIAN AHLI PERTAMA,"PEMERINTAH KABUPATEN MUARA ENIM | DINAS PERINDUSTRIAN, PERDAGANGAN SERTA ENERGI DAN SUMBER DAYA MINERAL",1,1,2785700,3175698,8,0,0,0
1bda1063-a662-43d8-af6f-1a0bf0e591d1,Pemerintah Kab. Muara Enim,CPNS,UMUM,PRANATA KOMPUTER AHLI PERTAMA,PEMERINTAH KABUPATEN MUARA ENIM | SATUAN POLISI PAMONG PRAJA,1,1,2785700,3175698,3,0,0,0
7b582cd1-abbb-45cd-bd23-20fed1640586,Pemerintah Kab. Muara Enim,CPNS,UMUM,PRANATA KOMPUTER AHLI PERTAMA,PEMERINTAH KABUPATEN MUARA ENIM | BADAN PENDAPATAN DAERAH,3,1,2785700,3175698,78,0,0,0
7de4b740-85d6-4064-92f3-a244087ed81b,Pemerintah Kab. Muara Enim,CPNS,UMUM,PRANATA KOMPUTER AHLI PERTAMA,PEMERINTAH KABUPATEN MUARA ENIM | DINAS KEPEMUDAAN DAN OLAHRAGA,1,1,2785700,3175698,5,0,0,0
a4c2152e-9247-43d4-8db3-c2f00fbe7080,Pemerintah Kab. Muara Enim,CPNS,UMUM,PRANATA KOMPUTER AHLI PERTAMA,PEMERINTAH KABUPATEN MUARA ENIM | DINAS KESEHATAN,1,1,2785700,3175698,4,0,0,0
be72b4cc-6f52-4308-b4ad-965e3c7670b2,Pemerintah Kab. Muara Enim,CPNS,UMUM,PRANATA KOMPUTER AHLI PERTAMA,PEMERINTAH KABUPATEN MUARA ENIM | DINAS KETAHANAN PANGAN,1,1,2785700,3175698,6,0,0,0
af68ced2-5041-41fc-b3ee-0c7c652c9bd5,Pemerintah Kab. Muara Enim,CPNS,UMUM,SURVEYOR PEMETAAN AHLI PERTAMA,PEMERINTAH KABUPATEN MUARA ENIM | DINAS PERKEBUNAN,1,1,2785700,3175698,22,0,0,0
0b342070-e4b8-4ae0-8861-07fd58a43105,Pemerintah Kab. Muara Enim,CPNS,UMUM,TEKNISI SARANA DAN PRASARANA,PEMERINTAH KABUPATEN MUARA ENIM | DINAS PEKERJAAN UMUM DAN PENATAAN RUANG | BIDANG TATA BANGUNAN DAN JASA KONTRUKSI,3,1,2785700,3175698,51,0,0,0
0f5fc675-e31c-4028-be40-34601193857b,Pemerintah Kab. Muara Enim,CPNS,UMUM,TEKNISI SARANA DAN PRASARANA,PEMERINTAH KABUPATEN MUARA ENIM | DINAS PEKERJAAN UMUM DAN PENATAAN RUANG | BIDANG PRESERVASI JALAN DAN JEMBATAN,3,1,2785700,3175698,41,0,0,0
f2b09ef9-6b7a-4dcc-a811-f0ce6b791a28,Pemerintah Kab. Muara Enim,CPNS,UMUM,TEKNISI SARANA DAN PRASARANA,PEMERINTAH KABUPATEN MUARA ENIM | DINAS PEKERJAAN UMUM DAN PENATAAN RUANG | BIDANG PEMBANGUNAN JALAN DAN JEMBATAN,3,1,2785700,3175698,40,0,0,0
8a01849d91446dd8019144a5d21a0d79,Pemerintah Kab. Mukomuko,CPNS,PENYANDANG DISABILITAS,ARSIPARIS AHLI PERTAMA,Pemerintah Kabupaten Mukomuko | Sekretariat Daerah | Asisten Pemerintahan dan Kesejahteraan Rakyat | Bagian Kesejahteraan Rakyat,1,1,2000000,4000000,3,0,0,0
8a01849d91446dd8019144b6c33b1131,Pemerintah Kab. Mukomuko,CPNS,PENYANDANG DISABILITAS,ARSIPARIS AHLI PERTAMA,Pemerintah Kabupaten Mukomuko | Sekretariat Daerah | Asisten Administrasi Umum | Bagian Perencanaan dan Keuangan,1,1,2000000,4000000,2,0,0,0
23d25f45-9b99-40c5-9b1a-feb8601aba63,Pemerintah Kab. Mukomuko,CPNS,UMUM,ARSIPARIS AHLI PERTAMA,"Pemerintah Kabupaten Mukomuko | Dinas Perindustrian, Perdagangan, Koperasi dan UKM | Sekretariat | Sub Bagian Umum dan Kepegawaian",1,1,2000000,4000000,18,0,0,0
2b44aa50-6377-4991-a1c1-72dd22bae68d,Pemerintah Kab. Mukomuko,CPNS,UMUM,ARSIPARIS AHLI PERTAMA,Pemerintah Kabupaten Mukomuko | Sekretariat Daerah | Asisten Administrasi Umum | Bagian Umum,2,1,2000000,4000000,193,0,0,0
414729fa-9b01-4a42-90ea-1c6173fe036a,Pemerintah Kab. Mukomuko,CPNS,UMUM,ARSIPARIS AHLI PERTAMA,Pemerintah Kabupaten Mukomuko | Dinas Penanaman Modal dan Pelayananan Terpadu Satu Pintu | Sekretariat | Sub Bagian Umum dan Kepegawaian,1,1,2000000,4000000,14,0,0,0
41e540ce-0b5c-437d-8bf7-297574e250a5,Pemerintah Kab. Mukomuko,CPNS,UMUM,ARSIPARIS AHLI PERTAMA,Pemerintah Kabupaten Mukomuko | Sekretariat Daerah | Asisten Pemerintahan dan Kesejahteraan Rakyat | Bagian Kesejahteraan Rakyat,1,1,2000000,4000000,25,0,0,0
43482dd5-596e-4119-81e3-3b4de3f61246,Pemerintah Kab. Mukomuko,CPNS,UMUM,ARSIPARIS AHLI PERTAMA,Pemerintah Kabupaten Mukomuko | Sekretariat Daerah | Asisten Perekonomian dan Pembangunan | Bagian Administrasi Pembangunan,1,1,2000000,4000000,9,0,0,0
54646f7b-8dca-4163-b050-bbbca59d8235,Pemerintah Kab. Mukomuko,CPNS,UMUM,ARSIPARIS AHLI PERTAMA,Pemerintah Kabupaten Mukomuko | Sekretariat Daerah | Asisten Administrasi Umum | Bagian Perencanaan dan Keuangan,1,1,2000000,4000000,11,0,0,0
58a89497-1638-4c42-b752-42ad40b06597,Pemerintah Kab. Mukomuko,CPNS,UMUM,ARSIPARIS AHLI PERTAMA,Pemerintah Kabupaten Mukomuko | Dinas Kearsipan dan Perpustakaan Daerah | Bidang Pengelolaan dan Pembinaan Arsip,1,1,2000000,4000000,53,0,0,0
58bae12a-fe6a-479c-82b2-83682a0b2f5c,Pemerintah Kab. Mukomuko,CPNS,UMUM,ARSIPARIS AHLI PERTAMA,"Pemerintah Kabupaten Mukomuko | Badan Perencanaan, Penelitian dan Pengembangan Daerah | Sekretariat | Sub Bagian Umum dan Kepegawaian",1,1,2000000,4000000,17,0,0,0
5b4e90bd-29c3-411a-8703-1617b21dce3c,Pemerintah Kab. Mukomuko,CPNS,UMUM,ARSIPARIS AHLI PERTAMA,Pemerintah Kabupaten Mukomuko | Dinas Tenaga Kerja dan Transmigrasi | Sekretariat | Sub Bagian Umum dan Kepegawaian,2,1,2000000,4000000,219,0,0,0
5c28d8f2-0d6b-466b-b651-289b9b9587aa,Pemerintah Kab. Mukomuko,CPNS,UMUM,ARSIPARIS AHLI PERTAMA,"Pemerintah Kabupaten Mukomuko | Dinas Pengendalian Penduduk dan KB, Pemberdayaan Perempuan dan Perlindungan Anak | Sekretariat | Sub Bagian Umum dan Kepegawaian",1,1,2000000,4000000,56,0,0,0
6c13c631-6159-418b-a5ef-cbd2cdbcdf40,Pemerintah Kab. Mukomuko,CPNS,UMUM,ARSIPARIS AHLI PERTAMA,Pemerintah Kabupaten Mukomuko | Badan Kesatuan Bangsa dan Politik | Sekretariat | Sub Bagian Umum dan Kepegawaian,2,1,2000000,4000000,122,0,0,0
9a5d0c14-f5c0-444b-aa61-4c0dd75494ac,Pemerintah Kab. Mukomuko,CPNS,UMUM,ARSIPARIS AHLI PERTAMA,"Pemerintah Kabupaten Mukomuko | Dinas Ketahanan Pangan | Sekretariat | Sub Bagian Umum dan Kepegawaian, Dinas Ketahanan Pangan",1,1,2000000,4000000,19,0,0,0
a35be6e6-d8d6-4bc5-be36-582996844664,Pemerintah Kab. Mukomuko,CPNS,UMUM,ARSIPARIS AHLI PERTAMA,Pemerintah Kabupaten Mukomuko | Sekretariat Daerah | Asisten Perekonomian dan Pembangunan | Bagian Perekonomian dan Sumber Daya Alam,2,1,2000000,4000000,118,0,0,0
c34a2353-abfc-42d6-bbcd-247de73e638e,Pemerintah Kab. Mukomuko,CPNS,UMUM,ARSIPARIS AHLI PERTAMA,Pemerintah Kabupaten Mukomuko | Badan Penanggulangan Bencana Daerah | Sekretariat | Sub Bagian Umum dan Kepegawaian,1,1,2000000,4000000,21,0,0,0
d843942a-71eb-470c-807f-f078deb238c1,Pemerintah Kab. Mukomuko,CPNS,UMUM,ARSIPARIS AHLI PERTAMA,Pemerintah Kabupaten Mukomuko | Sekretariat Daerah | Asisten Pemerintahan dan Kesejahteraan Rakyat | Bagian Tata  Pemerintahan dan Kerja Sama,2,1,2000000,4000000,100,0,0,0
ddfebdc0-add5-4b49-96d3-45f6a12fa8b1,Pemerintah Kab. Mukomuko,CPNS,UMUM,ARSIPARIS AHLI PERTAMA,Pemerintah Kabupaten Mukomuko | Dinas Kesehatan | Sekretariat | Sub Bagian Umum dan Kepegawaian,1,1,2000000,4000000,74,0,0,0
dfd07357-7d81-4d92-9242-b917f21fbfa8,Pemerintah Kab. Mukomuko,CPNS,UMUM,ARSIPARIS AHLI PERTAMA,Pemerintah Kabupaten Mukomuko | Dinas Kependudukan dan Pencatatan Sipil | Sekretariat | Sub Bagian Umum dan Kepegawaian,1,1,2000000,4000000,42,0,0,0
012e0525-769b-4166-a296-36da2e7c6eea,Pemerintah Kab. Muna Barat,CPNS,UMUM,ANALIS KEBAKARAN AHLI PERTAMA,PEMERINTAH KABUPATEN MUNA BARAT | SATUAN POLISI  PAMONG PRAJA | BIDANG PEMADAM KEBAKARAN | SEKSI PENGENDALIAN OPERASI PENYELAMATAN DAN PELATIHAN,2,1,3461020,5126784,11,0,0,0
8ce5a5b9-cfaf-4e50-a6da-c7936832eb9d,Pemerintah Kab. Muna Barat,CPNS,UMUM,ANALIS KEBIJAKAN AHLI PERTAMA,PEMERINTAH KABUPATEN MUNA BARAT | DINAS PENANAMAN MODAL DAN PELAYANAN TERPADU SATU PINTU,2,1,3461020,5126784,112,0,0,0
1b169c8d-9502-4da9-b949-35813ddc5410,Pemerintah Kab. Muna Barat,CPNS,UMUM,ANALIS PERDAGANGAN AHLI PERTAMA,PEMERINTAH KABUPATEN MUNA BARAT | DINAS PERDAGANGAN DAN PERINDUSTRIAN | BIDANG PERDAGANGAN,1,1,3461020,5126784,9,0,0,0
8a0384ba915598f4019156f95947732f,Pemerintah Kab. Muna Barat,CPNS,PENYANDANG DISABILITAS,ARSIPARIS AHLI PERTAMA,PEMERINTAH KABUPATEN MUNA BARAT | DINAS KEPENDUDUKAN DAN PENCATATAN SIPIL | BIDANG  PENGELOLAAN INFORMASI ADMINISTRASI KEPENDUDUKAN,1,1,3461020,5126784,5,0,0,0
e82923e7-9ea9-49f4-b1ea-315892137631,Pemerintah Kab. Muna Barat,CPNS,UMUM,ARSIPARIS AHLI PERTAMA,PEMERINTAH KABUPATEN MUNA BARAT | DINAS KEPENDUDUKAN DAN PENCATATAN SIPIL | BIDANG  PENGELOLAAN INFORMASI ADMINISTRASI KEPENDUDUKAN,3,1,3461020,5126784,199,0,0,0
4def86ed-67c2-44ce-898c-84b4240dd775,Pemerintah Kab. Muna Barat,CPNS,UMUM,PENATA KELOLA BANGUNAN GEDUNG DAN KAWASAN PERMUKIMAN AHLI PERTAMA,PEMERINTAH KABUPATEN MUNA BARAT | DINAS PEKERJAAN UMUM DAN PENATAAN RUANG | BIDANG PENATAAN RUANG | SEKSI PERENCANAAN PENATA RUANG,2,1,3461020,5126784,12,0,0,0
8a0384ba915598f4019156f9de7f735c,Pemerintah Kab. Muna Barat,CPNS,PENYANDANG DISABILITAS,PENATA PERIZINAN AHLI PERTAMA,PEMERINTAH KABUPATEN MUNA BARAT | DINAS PENANAMAN MODAL DAN PELAYANAN TERPADU SATU PINTU,1,1,3461020,5126784,3,0,0,0
fc22347e-77d2-4036-aa32-581131d3457a,Pemerintah Kab. Muna Barat,CPNS,UMUM,PENATA PERIZINAN AHLI PERTAMA,PEMERINTAH KABUPATEN MUNA BARAT | DINAS PENANAMAN MODAL DAN PELAYANAN TERPADU SATU PINTU,3,1,3461020,5126784,48,0,0,0
62d4be79-f9cd-4f03-b3eb-c6315cce38eb,Pemerintah Kab. Muna Barat,CPNS,UMUM,PENERA AHLI PERTAMA,PEMERINTAH KABUPATEN MUNA BARAT | DINAS PERDAGANGAN DAN PERINDUSTRIAN | UPT METROLOGI LEGAL,2,1,3461020,5126784,33,0,0,0
52fa5917-da30-4b0d-abb8-65731ee5104c,Pemerintah Kab. Muna Barat,CPNS,UMUM,PENGAWAS KEMETROLOGIAN AHLI PERTAMA,PEMERINTAH KABUPATEN MUNA BARAT | DINAS PERDAGANGAN DAN PERINDUSTRIAN | UPT METROLOGI LEGAL,1,1,3461020,5126784,7,0,0,0
9a55ca57-4e85-46b3-a2de-4358032c72c6,Pemerintah Kab. Muna Barat,CPNS,UMUM,PENGGERAK SWADAYA MASYARAKAT AHLI PERTAMA,PEMERINTAH KABUPATEN MUNA BARAT | DINAS TRANSMIGRASI DAN TENAGA KERJA | BIDANG PEMBINAAN MASYARAKAT TRANSMIGRASI`,1,1,3461020,5126784,6,0,0,0
1cf5492f-dc45-4ea8-b399-642a7d72c4df,Pemerintah Kab. Muna Barat,CPNS,UMUM,PENILAI PEMERINTAH AHLI PERTAMA,PEMERINTAH KABUPATEN MUNA BARAT | SEKRETARIAT DAERAH | ASISTEN PEMERINTAHAN DAN KESEJAHTERAAN RAKYAT | BAGIAN PEMERINTAHAN DAN KERJASAMA | SUB BAGIAN KERJASAMA,2,1,3461020,5126784,20,0,0,0
0d657e60-f15b-4b69-81ad-013d940cfbd8,Pemerintah Kab. Muna Barat,CPNS,UMUM,PRANATA KOMPUTER AHLI PERTAMA,"PEMERINTAH KABUPATEN MUNA BARAT | INSPEKTORAT | SEKRETARIAT INSPEKTORAT | SUB BAGIAN KEUANGAN, UMUM, DAN KEPEGAWAIAN",1,1,3461020,5126784,3,0,0,0
1cd62a5b-e9ca-4657-b3f5-134ca481ad43,Pemerintah Kab. Muna Barat,CPNS,UMUM,PRANATA KOMPUTER AHLI PERTAMA,PEMERINTAH KABUPATEN MUNA BARAT | SEKRETARIAT DAERAH | ASISTEN ADMINISTRASI UMUM DAN KEPEGAWAIAN | BAGIAN ORGANISASI,1,1,3461020,5126784,3,0,0,0
720fe81b-75eb-43e1-b0c3-ca99f014a0b5,Pemerintah Kab. Muna Barat,CPNS,UMUM,PRANATA KOMPUTER AHLI PERTAMA,PEMERINTAH KABUPATEN MUNA BARAT | DINAS PENANAMAN MODAL DAN PELAYANAN TERPADU SATU PINTU,2,1,3461020,5126784,16,0,0,0
7c6b4f80-edad-423b-8d1a-7d1218122963,Pemerintah Kab. Muna Barat,CPNS,UMUM,PRANATA KOMPUTER AHLI PERTAMA,PEMERINTAH KABUPATEN MUNA BARAT | SEKRETARIAT DAERAH | ASISTEN PEREKONOMIAN DAN PEMBANGUNAN | BAGIAN PENGADAAN BARANG DAN JASA,2,1,3461020,5126784,10,0,0,0
82381bce-3ecd-4041-904f-e4402922ba43,Pemerintah Kab. Muna Barat,CPNS,UMUM,PRANATA KOMPUTER AHLI PERTAMA,PEMERINTAH KABUPATEN MUNA BARAT | DINAS PERPUSTAKAAN DAN KEARSIPAN | BIDANG PENGELOLAAN KEARSIPAN,1,1,3461020,5126784,1,0,0,0
c05fa8e5-3b64-4d5c-bb03-6875897f4e94,Pemerintah Kab. Muna Barat,CPNS,UMUM,PRANATA KOMPUTER AHLI PERTAMA,PEMERINTAH KABUPATEN MUNA BARAT | BADAN PENDAPATAN DAERAH | BIDANG PENGAWASAN PENDAPATAN DAERAH | SUB BIDANG PENGAWASAN DAN PENGENDALIAN,1,1,3461020,5126784,2,0,0,0
d9093008-29bc-426f-b2d0-76dbb440b9ab,Pemerintah Kab. Muna Barat,CPNS,UMUM,PRANATA KOMPUTER AHLI PERTAMA,"PEMERINTAH KABUPATEN MUNA BARAT | DINAS LINGKUNGAN HIDUP | SEKRETARIAT DINAS LINGKUNGAN HIDUP | SUB BAGIAN PERENCANAAN, ASET DAN EVALUASI",1,1,3461020,5126784,1,0,0,0
fe167938-75cb-41ed-b059-3969b385408e,Pemerintah Kab. Muna Barat,CPNS,UMUM,PRANATA KOMPUTER AHLI PERTAMA,PEMERINTAH KABUPATEN MUNA BARAT | RUMAH SAKIT UMUM DAERAH | BIDANG TATA USAHA | SEKSI PERENCANAAN DAN PROGRAM,2,1,3461020,5126784,7,0,0,0
8c779fa8-2cfd-4bea-8fad-e15c3b0b0665,Pemerintah Kab. Musi Banyuasin,CPNS,UMUM,INSTRUKTUR AHLI PERTAMA,Pemerintah Kabupaten Musi Banyuasin | DINAS TENAGA KERJA DAN TRANSMIGRASI | UPT BALAI LATIHAN KERJA | SUB BAGIAN TATA USAHA UPT BALAI LATIHAN KERJA,2,0,2785500,3785500,49,0,0,0
718a525c-cfcc-4578-8594-2fdd8ea9f61d,Pemerintah Kab. Musi Rawas,CPNS,UMUM,PENERA AHLI PERTAMA,Pemerintah Kabupaten Musi Rawas | Dinas Perindustrian Dan Perdagangan | Bidang Kemetrologian,1,1,2228560,4000000,23,0,0,0
068934fe-1b40-45d0-9825-63615cfe9cd1,Pemerintah Kab. Musi Rawas Utara,CPNS,UMUM,PENGAWAS JARINGAN UTILITAS,PEMERINTAH KABUPATEN MUSI RAWAS UTARA | DINAS PEKERJAAN UMUM DAN PENATAAN RUANG | BIDANG CIPTA KARYA,2,0,2785700,3865698,70,0,0,0
7686cbff-fedc-47bd-8a2a-b12a3426ee2f,Pemerintah Kab. Musi Rawas Utara,CPNS,UMUM,PENGENDALI KONTEN INTERNET,PEMERINTAH KABUPATEN MUSI RAWAS UTARA | DINAS KOMUNIKASI DAN INFORMATIKA | BIDANG KOMUNIKASI DAN INFORMASI PUBLIK,1,0,2785700,3865698,14,0,0,0
8a0384c7915b4c4c01915e13be19184e,Pemerintah Kab. Nabire,CPNS,ORANG ASLI PAPUA (OAP),TEKNISI SARANA DAN PRASARANA,PEMERINTAH KABUPATEN NABIRE | SEKRETARIAT DPRD | BAGIAN UMUM | SUB BAGIAN PERLENGKAPAN & PROTOKOLER,1,1,2900000,3800000,5,0,0,0
4a0ce4d7-a47c-46ba-9499-0776cecaf96b,Pemerintah Kab. Nabire,CPNS,UMUM (NON OAP),TEKNISI SARANA DAN PRASARANA,PEMERINTAH KABUPATEN NABIRE | SEKRETARIAT DPRD | BAGIAN UMUM | SUB BAGIAN PERLENGKAPAN & PROTOKOLER,1,1,2900000,3800000,6,0,0,0
2ce54993-0554-4af9-af91-1944358f1844,Pemerintah Kab. Nagan Raya,CPNS,UMUM,PENERA AHLI PERTAMA,"PEMERINTAH KABUPATEN NAGAN RAYA | DINAS PERINDUSTRIAN, PERDAGANGAN, KOPERASI, USAHA KECIL DAN MENENGAH | UPTD METROLOGI LEGAL",2,1,3500000,4000000,72,0,0,0
48eb8c97-c745-4468-b30d-f3fd083a0d17,Pemerintah Kab. Nagan Raya,CPNS,UMUM,PENGAWAS JARINGAN UTILITAS,PEMERINTAH KABUPATEN NAGAN RAYA | DINAS PEKERJAAN UMUM DAN PENATAAN RUANG | BIDANG BINA MARGA,1,1,3500000,4000000,27,0,0,0
c224f9d0-6a17-4ef4-b90e-a049cc10d21a,Pemerintah Kab. Nagan Raya,CPNS,UMUM,PENGAWAS JARINGAN UTILITAS,PEMERINTAH KABUPATEN NAGAN RAYA | DINAS PERUMAHAN RAKYAT DAN KAWASAN PERMUKIMAN | BIDANG KAWASAN PERMUKIMAN,1,1,3500000,4000000,25,0,0,0
3558cf7d-8a13-4edb-a42d-3ffbe0dc71a9,Pemerintah Kab. Nagan Raya,CPNS,UMUM,TEKNISI SARANA DAN PRASARANA,PEMERINTAH KABUPATEN NAGAN RAYA | DINAS PEKERJAAN UMUM DAN PENATAAN RUANG | BIDANG PENGAIRAN,1,1,3500000,4000000,12,0,0,0
ee392ab5-352d-4b4e-95e4-3ab6b0ca18fd,Pemerintah Kab. Nagan Raya,CPNS,UMUM,TEKNISI SARANA DAN PRASARANA,PEMERINTAH KABUPATEN NAGAN RAYA | DINAS PEKERJAAN UMUM DAN PENATAAN RUANG | BIDANG PENATAAN RUANG DAN BINA KONSTRUKSI,1,1,3500000,4000000,23,0,0,0
c14ef616-9810-427b-9f7a-3da164e83966,Pemerintah Kab. Nagekeo,CPNS,UMUM,TEKNISI SARANA DAN PRASARANA,Pemerintah Kabupaten Nagekeo | Dinas Pekerjaan Umum dan Penataan Ruang | Bidang Cipta Karya,2,1,2750000,3450000,20,0,0,0
59eb1187-91ad-48a6-b2d8-baf011254308,Pemerintah Kab. Natuna,CPNS,UMUM,INSTRUKTUR AHLI PERTAMA,PEMERINTAH KAB. NATUNA | DINAS TENAGA KERJA DAN TRANSMIGRASI | DINAS TENAGA KERJA DAN TRANSMIGRASI | UPT BALAI LATIHAN KERJA,1,1,3300000,11000000,17,0,0,0
8a0384c8915fa2df0191603e4eaa177d,Pemerintah Kab. Nduga,CPNS,ORANG ASLI PAPUA (OAP),PENGAWAS JARINGAN UTILITAS,PEMERINTAH KABUPATEN NDUGA | DINAS KOMUNIKASI DAN INFORMATIKA | BIDANG KOMUNIKASI INFORMATIKA | SEKSI KOMUNIKASI DAN INFORMASI PUBLIK,5,1,3000000,3900000,5,0,0,0
84cc2f2e-4149-4ccd-a4e8-fa5ebb38dabc,Pemerintah Kab. Nduga,CPNS,UMUM (NON OAP),PENGAWAS JARINGAN UTILITAS,PEMERINTAH KABUPATEN NDUGA | DINAS KOMUNIKASI DAN INFORMATIKA | BIDANG KOMUNIKASI INFORMATIKA | SEKSI KOMUNIKASI DAN INFORMASI PUBLIK,1,1,3000000,3900000,6,0,0,0
1dd90d01-cae7-4816-b43c-673df525059a,Pemerintah Kab. Ngada,CPNS,UMUM,PENATA PERIZINAN AHLI PERTAMA,PEMERINTAH KABUPATEN NGADA | DINAS PENANAMAN MODAL DAN PELAYANAN TERPADU SATU PINTU,2,0,3000000,3500000,8,0,0,0
34fab2d7-3696-4a51-bb19-e0c179b64bce,Pemerintah Kab. Ngada,CPNS,UMUM,PENERA AHLI PERTAMA,PEMERINTAH KABUPATEN NGADA | DINAS PERINDUSTRIAN DAN PERDAGANGAN,1,0,3000000,3500000,3,0,0,0
5bbbb353-9cd4-42a6-aadb-5df234147682,Pemerintah Kab. Ngada,CPNS,UMUM,PENGUJI MUTU BARANG AHLI PERTAMA,PEMERINTAH KABUPATEN NGADA | DINAS PERINDUSTRIAN DAN PERDAGANGAN,1,0,3000000,3500000,4,0,0,0
fcbf3596-37b7-4d08-957e-72070577ec87,Pemerintah Kab. Ngada,CPNS,UMUM,PRANATA KOMPUTER AHLI PERTAMA,"PEMERINTAH KABUPATEN NGADA | DINAS PEKERJAAN UMUM, PERUMAHAN RAKYAT DAN PERTANAHAN",2,0,3000000,3500000,6,0,0,0
175182cd-cd48-41a2-8237-67ad18b6dbf2,Pemerintah Kab. Ngada,CPNS,UMUM,TEKNISI SARANA DAN PRASARANA,"PEMERINTAH KABUPATEN NGADA | DINAS PEKERJAAN UMUM, PERUMAHAN RAKYAT DAN PERTANAHAN | BIDANG CIPTA KARYA",2,0,3000000,3500000,27,0,0,0
8a0186c991593869019159423a9e0893,Pemerintah Kab. Ngawi,CPNS,PENYANDANG DISABILITAS,PENGENDALI KONTEN INTERNET,"Kabupaten Ngawi | Dinas Komunikasi, Informatika, Statistik dan Persandian | Bidang Informasi dan Komunikasi Publik",1,1,2785700,5180700,1,0,0,0
a37842e7-7680-4896-86e4-7ee9f027bae9,Pemerintah Kab. Ngawi,CPNS,UMUM,PENGENDALI KONTEN INTERNET,"Kabupaten Ngawi | Dinas Komunikasi, Informatika, Statistik dan Persandian | Bidang Informasi dan Komunikasi Publik",1,1,2785700,5180700,22,0,0,0
61c2ed14-ab07-45ac-b777-67ba736dbe21,Pemerintah Kab. Ngawi,CPNS,UMUM,TEKNISI SARANA DAN PRASARANA,Kabupaten Ngawi | Dinas Perikanan dan Peternakan | Bidang Perikanan,2,1,2785700,5180700,15,0,0,0
697f93e3-8b96-40ba-a5d7-7cc59b8fc20f,Pemerintah Kab. Ngawi,CPNS,UMUM,TEKNISI SARANA DAN PRASARANA,Kabupaten Ngawi | Dinas Pekerjaan Umum dan Penataan Ruang | UPT DPUPR Wilayah III,5,1,2785700,5180700,263,0,0,0
80319c72-ddf0-48b4-82f0-a49b190a334a,Pemerintah Kab. Ngawi,CPNS,UMUM,TEKNISI SARANA DAN PRASARANA,Kabupaten Ngawi | Dinas Perhubungan | Bidang Teknik Sarana dan Prasarana | Seksi Pemeliharaan Penerangan Jalan,3,1,2785700,5180700,51,0,0,0
b5e5c9cd-6a95-4494-a15a-2f81fffa409e,Pemerintah Kab. Ngawi,CPNS,UMUM,TEKNISI SARANA DAN PRASARANA,Kabupaten Ngawi | Dinas Perumahan Rakyat dan Kawasan Permukiman,3,1,2785700,5180700,34,0,0,0
dd3e8474-f764-4aa0-89bc-ce4bc9d2db9c,Pemerintah Kab. Ngawi,CPNS,UMUM,TEKNISI SARANA DAN PRASARANA,Kabupaten Ngawi | Sekretariat Daerah | Asisten Administrasi Umum | Bagian Umum,3,1,2785700,5180700,26,0,0,0
f967e456-19be-46e0-b8ee-3211d65b068d,Pemerintah Kab. Ngawi,CPNS,UMUM,TEKNISI SARANA DAN PRASARANA,Kabupaten Ngawi | Dinas Sosial | Sekretariat Dinas | Sub Bagian Umum,1,1,2785700,5180700,3,0,0,0
576f2b96-abb5-49fd-b930-546c7a179135,Pemerintah Kab. Nias,CPNS,UMUM,PENERA AHLI PERTAMA,"PEMERINTAH KABUPATEN NIAS | DINAS KOPERASI, USAHA KECIL DAN MENENGAH, PERDAGANGAN SERTA KETENAGAKERJAAN",1,1,1685700,6373200,5,0,0,0
7428acd9-a717-4533-85b3-6135ebb7f695,Pemerintah Kab. Nias,CPNS,UMUM,PENGAWAS INDUSTRI,PEMERINTAH KABUPATEN NIAS | SEKRETARIAT DAERAH | ASISTEN PEREKONOMIAN DAN PEMBANGUNAN | BAGIAN PEREKONOMIAN DAN SUMBER DAYA ALAM | SUB BAGIAN PEREKONOMIAN,1,1,1685700,6373200,11,0,0,0
81558846-14e7-44af-9ebe-ed196ce37bbe,Pemerintah Kab. Nias,CPNS,UMUM,SANDIMAN AHLI PERTAMA,PEMERINTAH KABUPATEN NIAS | DINAS KOMUNIKASI DAN INFORMATIKA,1,1,1685700,6373200,1,0,0,0
84b09be7-8962-4e05-b957-5ce69fa853bf,Pemerintah Kab. Nias Barat,CPNS,UMUM,ASESOR MANAJEMEN MUTU INDUSTRI AHLI PERTAMA,PEMERINTAH KABUPATEN NIAS BARAT | DINAS PERDAGANGAN DAN PERINDUSTRIAN KABUPATEN NIAS BARAT | Bidang Perdagangan,1,1,2785700,6373200,13,0,0,0
9710c30b-6cf5-4d6d-bc2a-6bf70bb6ec0d,Pemerintah Kab. Nias Barat,CPNS,UMUM,PENYULUH PERINDUSTRIAN DAN PERDAGANGAN AHLI PERTAMA,PEMERINTAH KABUPATEN NIAS BARAT | DINAS PERDAGANGAN DAN PERINDUSTRIAN KABUPATEN NIAS BARAT | Bidang Perindustrian,1,1,2785700,6373200,13,0,0,0
5163d3ea-114a-4aaa-a2b6-56cd68074773,Pemerintah Kab. Nias Barat,CPNS,UMUM,PRANATA KOMPUTER AHLI PERTAMA,PEMERINTAH KABUPATEN NIAS BARAT | DINAS KOMUNIKASI DAN INFORMATIKA KABUPATEN NIAS BARAT | BIDANG PENYELENGGARAAN E-GOVERNMENT,2,1,2785700,6373200,16,0,0,0
c0233598-fdb3-4185-bbe2-37e90fb2174e,Pemerintah Kab. Nias Barat,CPNS,UMUM,PRANATA KOMPUTER AHLI PERTAMA,PEMERINTAH KABUPATEN NIAS BARAT | DINAS KOMUNIKASI DAN INFORMATIKA KABUPATEN NIAS BARAT | BIDANG PENGELOLAAN INFORMASI KOMUNIKASI PUBLIK DAN STATISTIK,2,1,2785700,6373200,19,0,0,0
8a0186ce915e61b701915f69d7d25a9c,Pemerintah Kab. Nias Utara,CPNS,PENYANDANG DISABILITAS,PEMBINA INDUSTRI AHLI PERTAMA,KABUPATEN NIAS UTARA | Dinas Ketenagakerjaan dan Koperasi Usaha Kecil Menengah | BIDANG PERINDUSTRIAN | SEKSI FASILITASI DAN PERLINDUNGAN USAHA INDUSTRI,1,1,3000000,4000000,0,0,0,0
c8f8b442-294e-4f33-a7f9-54b1bb84c8a8,Pemerintah Kab. Nias Utara,CPNS,UMUM,PEMBINA INDUSTRI AHLI PERTAMA,KABUPATEN NIAS UTARA | Dinas Ketenagakerjaan dan Koperasi Usaha Kecil Menengah | BIDANG PERINDUSTRIAN | SEKSI FASILITASI DAN PERLINDUNGAN USAHA INDUSTRI,4,1,3000000,4000000,71,0,0,0
47eeda1f-0d03-40d4-bcca-bdd98cf868c8,Pemerintah Kab. Nunukan,CPNS,UMUM,PENATA KELOLA BANGUNAN GEDUNG DAN KAWASAN PERMUKIMAN AHLI PERTAMA,PEMERINTAH KABUPATEN NUNUKAN                                           | DINAS PEKERJAAN UMUM DAN PENATAAN RUANG,2,1,2579400,5000000,14,0,0,0
11fb61a0-d34e-44fc-abae-6b018285c3ae,Pemerintah Kab. Ogan Ilir,CPNS,UMUM,ANALIS KEBAKARAN AHLI PERTAMA,Pemerintah Kabupaten Ogan Ilir | Dinas Pemadam Kebakaran dan Penyelamatan | Bidang Pencegahan | Seksi Pencegahan dan Inspeksi,1,0,3354617,3961875,10,0,0,0
70e1b7d4-636a-4adc-a9e8-89d6323f7d6b,Pemerintah Kab. Ogan Ilir,CPNS,UMUM,ANALIS KEBAKARAN AHLI PERTAMA,Pemerintah Kabupaten Ogan Ilir | Dinas Pemadam Kebakaran dan Penyelamatan,1,0,3354617,3961875,13,0,0,0
7d24f89a-a4c8-47ad-a2cd-b555c2ba790e,Pemerintah Kab. Ogan Ilir,CPNS,UMUM,ANALIS KEBAKARAN AHLI PERTAMA,Pemerintah Kabupaten Ogan Ilir | Dinas Pemadam Kebakaran dan Penyelamatan | Bidang Pemadaman dan Penyelamatan | Seksi Pemadaman dan Investigasi,1,0,3354617,3961875,7,0,0,0
24f7cb06-4299-466e-a449-efd5cd7542ad,Pemerintah Kab. Ogan Ilir,CPNS,UMUM,PENATA KELOLA BANGUNAN GEDUNG DAN KAWASAN PERMUKIMAN AHLI PERTAMA,"Pemerintah Kabupaten Ogan Ilir | Dinas Perumahan Rakyat dan Kawasan Permukiman serta Pertanahan | Bidang Prasarana, Sarana dan Utilitas Umum",1,1,3614504,4280268,19,0,0,0
3d66be79-ce91-41fe-aaa8-f23b4ba36cc4,Pemerintah Kab. Ogan Ilir,CPNS,UMUM,PENATA KELOLA BANGUNAN GEDUNG DAN KAWASAN PERMUKIMAN AHLI PERTAMA,Pemerintah Kabupaten Ogan Ilir | Dinas Perumahan Rakyat dan Kawasan Permukiman serta Pertanahan | Bidang Permukiman,1,1,3354617,3961875,8,0,0,0
50111520-ff0d-43cd-aecc-509fb34a6be4,Pemerintah Kab. Ogan Ilir,CPNS,UMUM,PENERA AHLI PERTAMA,"Pemerintah Kabupaten Ogan Ilir | Dinas Perindustrian, Perdagangan, Koperasi dan Usaha Kecil Menengah | Bidang Perdagangan",1,1,3354617,3961875,40,0,0,0
90b86f97-f9d7-4c8d-b8b1-b31ba7021bf6,Pemerintah Kab. Ogan Ilir,CPNS,UMUM,PENILAI PEMERINTAH AHLI PERTAMA,Pemerintah Kabupaten Ogan Ilir | Badan Pendapatan Daerah | Bidang Penagihan dan Pembukuan,1,1,3284564,3799983,25,0,0,0
87ab9d92-d795-4385-aea6-b6effc95bbe7,Pemerintah Kab. Ogan Komering Ilir,CPNS,UMUM,ARSIPARIS AHLI PERTAMA,"Kabupaten Ogan Komering Ilir | Dinas Kearsipan Dan Perpustakaan | Bidang Pengelolaan, Layanan dan Pemanfaatan Arsip",1,1,2785700,3200000,72,0,0,0
4f9b6758-2f47-4a0c-af00-e3c4301a6980,Pemerintah Kab. Ogan Komering Ulu Timur,CPNS,UMUM,ANALIS KEBAKARAN AHLI PERTAMA,Pemerintah Kabupaten Ogan Komering Ulu Timur | Dinas Pemadam Kebakaran dan Penyelamatan,8,1,2785700,3865698,460,0,0,0
7ee2ca9c-9b7f-4fb0-ac23-e295ebc3e835,Pemerintah Kab. Ogan Komering Ulu Timur,CPNS,UMUM,ARSIPARIS AHLI PERTAMA,Pemerintah Kabupaten Ogan Komering Ulu Timur | Dinas Perpustakaan dan Kearsipan,1,1,2785700,3865698,159,0,0,0
ce83b167-d5a9-41f1-b61f-50fcc6e5d544,Pemerintah Kab. Ogan Komering Ulu Timur,CPNS,UMUM,MANGGALA INFORMATIKA AHLI PERTAMA,Pemerintah Kabupaten Ogan Komering Ulu Timur | Dinas Komunikasi dan Informatika | Bidang Persandian dan Keamanan Informasi,1,1,2785700,3865698,13,0,0,0
5a4e7984-a6cf-4403-b5e2-829eba8c3e69,Pemerintah Kab. Ogan Komering Ulu Timur,CPNS,UMUM,PENATA KELOLA BANGUNAN GEDUNG DAN KAWASAN PERMUKIMAN AHLI PERTAMA,Pemerintah Kabupaten Ogan Komering Ulu Timur | Dinas Perumahan dan Kawasan Permukiman | Bidang Perumahan,1,1,2785700,3865698,9,0,0,0
ec9795e6-a080-479d-a640-825a587fbee0,Pemerintah Kab. Ogan Komering Ulu Timur,CPNS,UMUM,PENATA KELOLA BANGUNAN GEDUNG DAN KAWASAN PERMUKIMAN AHLI PERTAMA,Pemerintah Kabupaten Ogan Komering Ulu Timur | Dinas Pekerjaan Umum dan Tata Ruang | Bidang Cipta Karya | Seksi Tata Bangunan dan Gedung,1,1,2785700,3865698,12,0,0,0
d77ba879-2430-493f-a8d4-734666aaca61,Pemerintah Kab. Ogan Komering Ulu Timur,CPNS,UMUM,PENATA KELOLA PENYEHATAN LINGKUNGAN AHLI PERTAMA,Pemerintah Kabupaten Ogan Komering Ulu Timur | Dinas Perumahan dan Kawasan Permukiman | Bidang Kawasan Permukiman,1,1,2785700,3865698,3,0,0,0
e92baa1f-6410-4f6f-8d72-718ed6d0f412,Pemerintah Kab. Ogan Komering Ulu Timur,CPNS,UMUM,PENATA PERIZINAN AHLI PERTAMA,Pemerintah Kabupaten Ogan Komering Ulu Timur | Dinas Penanaman Modal dan Pelayanan Terpadu Satu Pintu,2,1,2785700,3865698,34,0,0,0
9b7b828f-9995-4638-9d05-85ecdb2e9f5c,Pemerintah Kab. Ogan Komering Ulu Timur,CPNS,UMUM,PENGAWAS JARINGAN UTILITAS,Pemerintah Kabupaten Ogan Komering Ulu Timur | Dinas Pekerjaan Umum dan Tata Ruang | Bidang Bina Marga | Seksi Pembangunan Jalan dan Jembatan,1,1,2785700,3865698,28,0,0,0
0b207d89-15ba-4895-a3bc-6745316a1103,Pemerintah Kab. Ogan Komering Ulu Timur,CPNS,UMUM,PENGAWAS PENYELENGGARAAN URUSAN PEMERINTAHAN DAERAH AHLI PERTAMA,Pemerintah Kabupaten Ogan Komering Ulu Timur | Inspektorat Daerah | Inspektorat Pembantu Investigasi Khusus,1,1,2785700,3865698,4,0,0,0
0c1909cb-f7da-4819-a2e9-52fa3bb38541,Pemerintah Kab. Ogan Komering Ulu Timur,CPNS,UMUM,PENGAWAS PENYELENGGARAAN URUSAN PEMERINTAHAN DAERAH AHLI PERTAMA,Pemerintah Kabupaten Ogan Komering Ulu Timur | Inspektorat Daerah | Inspektorat Pembantu Wilayah II,1,1,2785700,3865698,9,0,0,0
4230a796-becb-46fd-94bc-cf588a0fe8c8,Pemerintah Kab. Ogan Komering Ulu Timur,CPNS,UMUM,PENGAWAS PENYELENGGARAAN URUSAN PEMERINTAHAN DAERAH AHLI PERTAMA,Pemerintah Kabupaten Ogan Komering Ulu Timur | Inspektorat Daerah | Inspektorat Pembantu Wilayah I,1,1,2785700,3865698,10,0,0,0
6a63ba0a-72ca-4c73-9680-f45ba500674c,Pemerintah Kab. Ogan Komering Ulu Timur,CPNS,UMUM,PENGAWAS PENYELENGGARAAN URUSAN PEMERINTAHAN DAERAH AHLI PERTAMA,Pemerintah Kabupaten Ogan Komering Ulu Timur | Inspektorat Daerah | Inspektorat Pembantu Wilayah III,1,1,2785700,3865698,5,0,0,0
f5f04d7e-ae08-45ae-bce7-43878426704e,Pemerintah Kab. Ogan Komering Ulu Timur,CPNS,UMUM,PENGAWAS PENYELENGGARAAN URUSAN PEMERINTAHAN DAERAH AHLI PERTAMA,Pemerintah Kabupaten Ogan Komering Ulu Timur | Inspektorat Daerah | Inspektorat Pembantu Wilayah IV,1,1,2785700,3865698,5,0,0,0
be0445f2-93b8-4670-87b7-c85a952c2881,Pemerintah Kab. Ogan Komering Ulu Timur,CPNS,UMUM,PENGELOLA SUMBER DAYA AIR AHLI PERTAMA,Pemerintah Kabupaten Ogan Komering Ulu Timur | Dinas Pekerjaan Umum dan Tata Ruang | Bidang Sumber Daya Air | Seksi Pengembangan Sumber Daya Air,1,1,2785700,3865698,16,0,0,0
4b4f95fd-ab5f-428c-a4ce-4d70a8edc3b5,Pemerintah Kab. Ogan Komering Ulu Timur,CPNS,UMUM,PENGGERAK SWADAYA MASYARAKAT AHLI PERTAMA,Pemerintah Kabupaten Ogan Komering Ulu Timur | Dinas Pemberdayaan Masyarakat dan Desa,1,1,2785700,3865698,13,0,0,0
0d90ae83-1900-424f-b54c-f89d953a57fc,Pemerintah Kab. Ogan Komering Ulu Timur,CPNS,UMUM,PENYULUH PERINDUSTRIAN DAN PERDAGANGAN AHLI PERTAMA,"Pemerintah Kabupaten Ogan Komering Ulu Timur | Dinas Perdagangan dan Perindustrian | Bidang Sarana dan Prasarana Industri, dan Pemberdayaan Industri | Seksi Pengelolaan Data dan Informasi Industri",1,1,2785700,3865698,20,0,0,0
77d2a7f6-2267-4a3e-9168-27a661dccfe9,Pemerintah Kab. Ogan Komering Ulu Timur,CPNS,UMUM,PRANATA KOMPUTER AHLI PERTAMA,Pemerintah Kabupaten Ogan Komering Ulu Timur | Dinas Komunikasi dan Informatika | Bidang Pengelolaan Komunikasi Publik | Seksi Sumber Daya Komunikasi Publik,1,1,2785700,3865698,8,0,0,0
97bf63c4-3dca-4ae4-856d-faa2599efa6a,Pemerintah Kab. Ogan Komering Ulu Timur,CPNS,UMUM,PRANATA KOMPUTER AHLI PERTAMA,Pemerintah Kabupaten Ogan Komering Ulu Timur | Dinas Komunikasi dan Informatika | Bidang Persandian dan Keamanan Informasi,1,1,2785700,3865698,3,0,0,0
9af9e315-6695-4a93-943d-692b9cc4e5ab,Pemerintah Kab. Ogan Komering Ulu Timur,CPNS,UMUM,PRANATA KOMPUTER AHLI PERTAMA,Pemerintah Kabupaten Ogan Komering Ulu Timur | Dinas Komunikasi dan Informatika | Bidang Layanan E-Government | Seksi Infrastruktur E-Government dan Teknologi Informasi serta Telekomunikasi,1,1,2785700,3865698,7,0,0,0
058f1aae-b7e5-41f7-a800-3923c4b3429f,Pemerintah Kab. Pamekasan,CPNS,UMUM,PENGAWAS JARINGAN UTILITAS,Pemerintah Kabupaten Pamekasan | Dinas Pekerjaan Umum dan Penataan Ruang | Bidang Pengembangan Sistem Drainase,1,1,2785700,4575200,36,0,0,0
3d2d8384-78f5-4e5c-b97f-2bcccebf3a18,Pemerintah Kab. Paniai,CPNS,ORANG ASLI PAPUA (OAP),PEMBINA JASA KONSTRUKSI AHLI PERTAMA,Pemerintah Kabupaten Paniai | DINAS PEKERJAAN UMUM DAN PENATAAN RUANG | Bidang Penataan Ruang dan Bina Konstruksi | Seksi Bina Konstruksi,1,1,2900000,3800000,4,0,0,0
cde27ad4-ba78-4ecb-b4d7-81143db2f20b,Pemerintah Kab. Paniai,CPNS,ORANG ASLI PAPUA (OAP),PENGAWAS JARINGAN UTILITAS,Pemerintah Kabupaten Paniai | DINAS PEKERJAAN UMUM DAN PENATAAN RUANG | Bidang Penataan Ruang dan Bina Konstruksi | Seksi Bina Konstruksi,2,1,2900000,3800000,2,0,0,0
3885c2b5-814a-4670-8c11-5f5835fb5e38,Pemerintah Kab. Paniai,CPNS,ORANG ASLI PAPUA (OAP),PENGAWAS PERDAGANGAN AHLI PERTAMA,Pemerintah Kabupaten Paniai | DINAS PERINDUSTRIAN DAN PERDAGANGAN | BIDANG PERDAGANGAN | Seksi Promosi Hasil Industri dan Perdagangan,2,1,2900000,3800000,8,0,0,0
8a03849f914ed85101914f4db69e49a3,Pemerintah Kab. Pegunungan Arfak,CPNS,ORANG ASLI PAPUA (OAP),PEMBINA JASA KONSTRUKSI AHLI PERTAMA,Pemerintah Kabupaten Pegunungan Arfak | Dinas Pekerjaan Umum dan Penataan Ruang,5,0,3483500,4483500,7,0,0,0
52f6d832-76d5-4f04-ad8c-cbf340094705,Pemerintah Kab. Pegunungan Arfak,CPNS,UMUM (NON OAP),PEMBINA JASA KONSTRUKSI AHLI PERTAMA,Pemerintah Kabupaten Pegunungan Arfak | Dinas Pekerjaan Umum dan Penataan Ruang,1,0,3483500,4483500,4,0,0,0
044874f1-f005-46dd-a60f-e46d84f8480e,Pemerintah Kab. Pegunungan Arfak,CPNS,ORANG ASLI PAPUA (OAP),PRANATA KOMPUTER AHLI PERTAMA,Pemerintah Kabupaten Pegunungan Arfak | Badan Penanggulangan Bencana Daerah,1,0,3483500,4483500,1,0,0,0
1420c426-edb9-438f-b1a5-f3c37065d886,Pemerintah Kab. Pegunungan Arfak,CPNS,UMUM (NON OAP),PRANATA KOMPUTER AHLI PERTAMA,Pemerintah Kabupaten Pegunungan Arfak | Dinas Kesehatan | Bidang Pelayanan Kesehatan dan Sumber Daya Kesehatan | Puskesmas Catubouw,1,0,3483500,4483500,0,0,0,0
16b4e55f-3976-4a94-ab55-ef3189c1418a,Pemerintah Kab. Pegunungan Arfak,CPNS,UMUM (NON OAP),PRANATA KOMPUTER AHLI PERTAMA,Pemerintah Kabupaten Pegunungan Arfak | Dinas Administrasi Kependudukan dan Pencatatan Sipil,1,0,3483500,4483500,1,0,0,0
18ea0515-7633-4fbe-9d33-f37dee4cfbca,Pemerintah Kab. Pegunungan Arfak,CPNS,UMUM (NON OAP),PRANATA KOMPUTER AHLI PERTAMA,Pemerintah Kabupaten Pegunungan Arfak | Dinas Perhubungan Perikanan dan Pertanahan,1,0,3483500,4483500,1,0,0,0
2e1a902d-42bf-4c54-8d82-0dc81ea4f835,Pemerintah Kab. Pegunungan Arfak,CPNS,ORANG ASLI PAPUA (OAP),PRANATA KOMPUTER AHLI PERTAMA,Pemerintah Kabupaten Pegunungan Arfak | Dinas Pariwisata dan Kebudayaan,1,0,3483500,4483500,1,0,0,0
3cc346ee-67a7-4a9b-9bdf-0f22c7e7edfa,Pemerintah Kab. Pegunungan Arfak,CPNS,UMUM (NON OAP),PRANATA KOMPUTER AHLI PERTAMA,Pemerintah Kabupaten Pegunungan Arfak | Dinas Pemberdayaan Masyarakat dan Kampung,1,0,3483500,4483500,0,0,0,0
3f6ae6c7-8f00-4606-9b6f-57def27f0300,Pemerintah Kab. Pegunungan Arfak,CPNS,ORANG ASLI PAPUA (OAP),PRANATA KOMPUTER AHLI PERTAMA,Pemerintah Kabupaten Pegunungan Arfak | Dinas Kesehatan | Bidang Pelayanan Kesehatan dan Sumber Daya Kesehatan | Puskesmas Minyambouw,1,0,3483500,4483500,1,0,0,0
5d2036b3-404d-4e0e-afcd-b15f4860f55b,Pemerintah Kab. Pegunungan Arfak,CPNS,ORANG ASLI PAPUA (OAP),PRANATA KOMPUTER AHLI PERTAMA,Pemerintah Kabupaten Pegunungan Arfak | Sekretariat Daerah | Asisten Ekonomi Pembangunan,1,0,3483500,4483500,1,0,0,0
644168ea-3b43-4ff7-9132-a8681516b443,Pemerintah Kab. Pegunungan Arfak,CPNS,ORANG ASLI PAPUA (OAP),PRANATA KOMPUTER AHLI PERTAMA,Pemerintah Kabupaten Pegunungan Arfak | Dinas Pekerjaan Umum dan Penataan Ruang,1,0,3483500,4483500,3,0,0,0
6b6ceaf1-b8fa-48fd-a256-dfe70bace12a,Pemerintah Kab. Pegunungan Arfak,CPNS,UMUM (NON OAP),PRANATA KOMPUTER AHLI PERTAMA,"Pemerintah Kabupaten Pegunungan Arfak | Dinas Perindustrian, Perdagangan, Koperasi dan UMK",1,0,3483500,4483500,1,0,0,0
6e1de43c-f15e-4621-a4d7-e34937ba4aad,Pemerintah Kab. Pegunungan Arfak,CPNS,UMUM (NON OAP),PRANATA KOMPUTER AHLI PERTAMA,Pemerintah Kabupaten Pegunungan Arfak | Sekretariat Dewan Perwakilan Rakyat Daerah,1,0,3483500,4483500,2,0,0,0
708ff57b-97cc-4371-a435-6ed955eb086b,Pemerintah Kab. Pegunungan Arfak,CPNS,UMUM (NON OAP),PRANATA KOMPUTER AHLI PERTAMA,Pemerintah Kabupaten Pegunungan Arfak | Badan Perencanaan Pembangunan Daerah,1,0,3483500,4483500,1,0,0,0
829c5009-0015-4002-b14c-9d4de32262c7,Pemerintah Kab. Pegunungan Arfak,CPNS,ORANG ASLI PAPUA (OAP),PRANATA KOMPUTER AHLI PERTAMA,Pemerintah Kabupaten Pegunungan Arfak | Dinas Pemberdayaan Perempuan dan Perlindungan Anak,1,0,3483500,4483500,1,0,0,0
992812fc-8d26-4459-8654-9f1e13ce625d,Pemerintah Kab. Pegunungan Arfak,CPNS,ORANG ASLI PAPUA (OAP),PRANATA KOMPUTER AHLI PERTAMA,Pemerintah Kabupaten Pegunungan Arfak | Badan Pengelolaan Keuangan dan Aset Daerah,1,0,3483500,4483500,1,0,0,0
9a4d6eef-490e-4207-8ab0-63ad15b263b5,Pemerintah Kab. Pegunungan Arfak,CPNS,UMUM (NON OAP),PRANATA KOMPUTER AHLI PERTAMA,Pemerintah Kabupaten Pegunungan Arfak | Dinas Komunikasi dan Informatika,1,0,3483500,4483500,1,0,0,0
9f7fe26c-b80f-45c0-b51d-50edf3c89fa2,Pemerintah Kab. Pegunungan Arfak,CPNS,UMUM (NON OAP),PRANATA KOMPUTER AHLI PERTAMA,"Pemerintah Kabupaten Pegunungan Arfak | Dinas Pendidikan, Pemuda dan Olahraga",1,0,3483500,4483500,1,0,0,0
a1664d4b-4fe9-442f-b7df-72580a990155,Pemerintah Kab. Pegunungan Arfak,CPNS,ORANG ASLI PAPUA (OAP),PRANATA KOMPUTER AHLI PERTAMA,"Pemerintah Kabupaten Pegunungan Arfak | Dinas Perumahan , Kawasan Pemukiman Dan Lingkungan Hidup",1,0,3483500,4483500,1,0,0,0
a2f4c6be-40dd-4432-9e40-d6a2a7a6493d,Pemerintah Kab. Pegunungan Arfak,CPNS,UMUM (NON OAP),PRANATA KOMPUTER AHLI PERTAMA,Pemerintah Kabupaten Pegunungan Arfak | Dinas Kesehatan | Bidang Pelayanan Kesehatan dan Sumber Daya Kesehatan | Puskesmas Sururey,1,0,3483500,4483500,2,0,0,0
b9a35a89-cc6d-4cb1-83b4-7c82ed58499f,Pemerintah Kab. Pegunungan Arfak,CPNS,UMUM (NON OAP),PRANATA KOMPUTER AHLI PERTAMA,Pemerintah Kabupaten Pegunungan Arfak | Dinas Kearsipan dan Perpustakaan,1,0,3483500,4483500,1,0,0,0
c8498fd3-176e-46a5-a0c9-06ac76d459e9,Pemerintah Kab. Pegunungan Arfak,CPNS,UMUM (NON OAP),PRANATA KOMPUTER AHLI PERTAMA,Pemerintah Kabupaten Pegunungan Arfak | Badan Pendapatan Daerah,1,0,3483500,4483500,1,0,0,0
d5e2aa9f-b2d6-4b23-9c59-45bb67450615,Pemerintah Kab. Pegunungan Arfak,CPNS,UMUM (NON OAP),PRANATA KOMPUTER AHLI PERTAMA,Pemerintah Kabupaten Pegunungan Arfak | Badan Kepegawaian dan Pengembangan Sumber Daya Manusia,1,0,3483500,4483500,1,0,0,0
e21dc883-07dd-4e2e-9721-a64530e0f3f0,Pemerintah Kab. Pegunungan Arfak,CPNS,UMUM (NON OAP),PRANATA KOMPUTER AHLI PERTAMA,Pemerintah Kabupaten Pegunungan Arfak | Dinas Kesehatan | Bidang Pelayanan Kesehatan dan Sumber Daya Kesehatan | Puskesmas Taige,1,0,3483500,4483500,1,0,0,0
fe650292-2237-428b-bb36-d7b92af37b07,Pemerintah Kab. Pegunungan Arfak,CPNS,ORANG ASLI PAPUA (OAP),PRANATA KOMPUTER AHLI PERTAMA,Pemerintah Kabupaten Pegunungan Arfak | Dinas Sosial,1,0,3483500,4483500,1,0,0,0
8a0384d591684339019168476b9b0005,Pemerintah Kab. Pegunungan Bintang,CPNS,ORANG ASLI PAPUA (OAP),PENILAI PEMERINTAH AHLI PERTAMA,PEMERINTAH KAB. PEGUNUNGAN BINTANG | Inspektorat | Inspektur Pembantu Bidang Audit Berkala II,3,1,2900000,3800000,3,0,0,0
8a0384d59168433901916849764e0035,Pemerintah Kab. Pegunungan Bintang,CPNS,ORANG ASLI PAPUA (OAP),PENILAI PEMERINTAH AHLI PERTAMA,PEMERINTAH KAB. PEGUNUNGAN BINTANG | Inspektorat | Inspektur Pembantu Bidang Audit Berkala I,1,1,2900000,3800000,1,0,0,0
8a0384d5916843390191684af71c0059,Pemerintah Kab. Pegunungan Bintang,CPNS,ORANG ASLI PAPUA (OAP),PENILAI PEMERINTAH AHLI PERTAMA,PEMERINTAH KAB. PEGUNUNGAN BINTANG | Inspektorat | Inspektur Pembantu Bidang Audit Infestigasi,1,1,2900000,3800000,1,0,0,0
95110414-bdbd-4016-8ec3-f3e2190f1e0a,Pemerintah Kab. Pegunungan Bintang,CPNS,UMUM (NON OAP),PENILAI PEMERINTAH AHLI PERTAMA,PEMERINTAH KAB. PEGUNUNGAN BINTANG | Inspektorat | Inspektur Pembantu Bidang Audit Infestigasi,1,1,2900000,3800000,5,0,0,0
8a02826391606efe019165bb5eb326ab,Pemerintah Kab. Pegunungan Bintang,CPNS,ORANG ASLI PAPUA (OAP),TEKNISI SARANA DAN PRASARANA,PEMERINTAH KAB. PEGUNUNGAN BINTANG | Dinas Pekerjaan Umum dan Perumahan | Bidang Bina Marga | Sub Bidang Pemeliharaan Jalan dan Jembatan,1,1,2900000,3800000,4,0,0,0
535c3fdd-cec2-41da-ac4d-5c16d479cbe3,Pemerintah Kab. Pegunungan Bintang,CPNS,ORANG ASLI PAPUA (OAP),TEKNISI SARANA DAN PRASARANA,PEMERINTAH KAB. PEGUNUNGAN BINTANG | Dinas Komunikasi dan Informatika | Bidang Infrastruktur Teknologi Informasi dan Pengendalian Informasi | Seksi Infrastruktur Teknologi Informasi,2,1,2900000,3800000,4,0,0,0
90d94ad0-0b5c-4fe9-a35e-70ebfaf2ee0b,Pemerintah Kab. Pegunungan Bintang,CPNS,UMUM (NON OAP),TEKNISI SARANA DAN PRASARANA,PEMERINTAH KAB. PEGUNUNGAN BINTANG | Dinas Pekerjaan Umum dan Perumahan | Bidang Bina Marga | Sub Bidang Pemeliharaan Jalan dan Jembatan,1,1,2900000,3800000,1,0,0,0
fb14e5ca-3611-4fd6-9979-d288c87e54f9,Pemerintah Kab. Pegunungan Bintang,CPNS,UMUM (NON OAP),TEKNISI SARANA DAN PRASARANA,PEMERINTAH KAB. PEGUNUNGAN BINTANG | Dinas Perhubungan | Bidang Darat | Seksi Teknik Sarana dan Prasarana Darat,1,1,2900000,3800000,3,0,0,0
0fa8724b-aa8f-4f54-b976-5c3b271bfeb6,Pemerintah Kab. Pelalawan,CPNS,UMUM,ARSIPARIS AHLI PERTAMA,PEMERINTAH KABUPATEN PELALAWAN                                         | DINAS KEARSIPAN DAN PERPUSTAKAAN | BIDANG PEMBINAAN ARSIP,1,1,2785700,3600000,586,0,0,0
ae62c590-ac06-40bc-8281-d527c92b9d51,Pemerintah Kab. Pelalawan,CPNS,UMUM,PENERA AHLI PERTAMA,"PEMERINTAH KABUPATEN PELALAWAN                                         | DINAS KOPERASI, USAHA KECIL DAN MENENGAH, PERINDUSTRIAN DAN PERDAGANGAN | SEKRETARIAT DINAS KOPERASI, USAHA KECIL DAN MENENGAH, PERINDUSTRIAN DAN PERDAGANGAN",1,1,2785700,3600000,39,0,0,0
e3846c9e-9006-48be-8a3f-3418918834aa,Pemerintah Kab. Pelalawan,CPNS,UMUM,PENGAWAS KEMETROLOGIAN AHLI PERTAMA,"PEMERINTAH KABUPATEN PELALAWAN                                         | DINAS KOPERASI, USAHA KECIL DAN MENENGAH, PERINDUSTRIAN DAN PERDAGANGAN | SEKRETARIAT DINAS KOPERASI, USAHA KECIL DAN MENENGAH, PERINDUSTRIAN DAN PERDAGANGAN",1,1,2785700,3600000,81,0,0,0
b220e631-a5b9-43ee-a193-663a9e150ca7,Pemerintah Kab. Pelalawan,CPNS,UMUM,PRANATA KOMPUTER AHLI PERTAMA,PEMERINTAH KABUPATEN PELALAWAN                                         | BADAN KEPEGAWAIAN DAN PENGEMBANGAN SUMBER DAYA MANUSIA | BIDANG PEMBINAAN DAN KINERJA APARATUR,1,1,2785700,3600000,22,0,0,0
001a0369-ce71-440e-bd8a-e5622959223c,Pemerintah Kab. Penukal Abab Lematang Ilir,CPNS,UMUM,PENGAWAS INDUSTRI,PEMERINTAH KAB. PENUKAL ABAB LEMATANG ILIR. | DINAS PERINDUSTRIAN DAN PERDAGANGAN | BIDANG PERINDUSTRIAN,4,1,3203600,3408500,150,0,0,0
2ab4e3cd-230f-4e6f-8c16-655472bae915,Pemerintah Kab. Pesawaran,CPNS,UMUM,PEMBINA INDUSTRI AHLI PERTAMA,Pemerintah Kabupaten Pesawaran | Dinas Perindustrian Dan Perdagangan,1,0,3203900,5000000,46,0,0,0
183d0eaa-e49b-4374-9dca-c90a0d5a1d46,Pemerintah Kab. Pesisir Barat,CPNS,UMUM,ANALIS KEBAKARAN AHLI PERTAMA,PEMERINTAH KABUPATEN PESISIR BARAT | SATUAN POLISI PAMONG PRAJA DAN PEMADAM KEBAKARAN,3,1,2228560,4132461,36,0,0,0
1368f325-73ba-45a0-9b65-fc300bfc0459,Pemerintah Kab. Pesisir Barat,CPNS,UMUM,PENERA AHLI PERTAMA,"PEMERINTAH KABUPATEN PESISIR BARAT | DINAS KOPERASI, USAHA KECIL MENENGAH DAN PERDAGANGAN",1,1,2228560,4132461,12,0,0,0
46416bde-fcad-4973-b441-13caf1f347e9,Pemerintah Kab. Pesisir Barat,CPNS,UMUM,SANDIMAN AHLI PERTAMA,"PEMERINTAH KABUPATEN PESISIR BARAT | DINAS KOMUNIKASI, INFORMATIKA, STATISTIK DAN PERSANDIAN",2,1,2228560,4132461,28,0,0,0
99f0152a-04e3-49eb-8688-6b8dc00c8cad,Pemerintah Kab. Pidie Jaya,CPNS,UMUM,ANALIS KEBAKARAN AHLI PERTAMA,PEMERINTAH KABUPATEN PIDIE JAYA | BADAN PENANGGULANGAN BENCANA DAERAH,1,0,2785000,3700000,5,0,0,0
0d4625b9-131a-4792-9186-2a83a9aaa1e5,Pemerintah Kab. Polewali Mandar,CPNS,UMUM,PRANATA KOMPUTER AHLI PERTAMA,PEMERINTAH KABUPATEN POLEWALI MANDAR | SEKRETARIAT DAERAH | ASISTEN PEREKONOMIAN DAN PEMBANGUNAN | BAGIAN PENGADAAN BARANG DAN JASA,2,1,2785700,4575200,7,0,0,0
3d431108-bf02-4827-9804-9ec4f2cb4e8a,Pemerintah Kab. Polewali Mandar,CPNS,UMUM,PRANATA KOMPUTER AHLI PERTAMA,"PEMERINTAH KABUPATEN POLEWALI MANDAR | DINAS KOMUNIKASI, INFORMATIKA, STATISTIK DAN PERSANDIAN",4,1,2785700,4575200,37,0,0,0
5b2c0cec-bc94-4d19-9005-6f7e9aae9e89,Pemerintah Kab. Polewali Mandar,CPNS,UMUM,PRANATA KOMPUTER AHLI PERTAMA,PEMERINTAH KABUPATEN POLEWALI MANDAR | DINAS KEPENDUDUKAN DAN PENCATATAN SIPIL,2,1,2785700,4575200,17,0,0,0
cce25317-b3a4-4180-a4dc-597a91663c0c,Pemerintah Kab. Polewali Mandar,CPNS,UMUM,PRANATA KOMPUTER AHLI PERTAMA,PEMERINTAH KABUPATEN POLEWALI MANDAR | DINAS PENDIDIKAN DAN KEBUDAYAAN,3,1,2785700,4575200,24,0,0,0
e8f92ce5-6821-4553-8c6b-347e9b86803f,Pemerintah Kab. Polewali Mandar,CPNS,UMUM,PRANATA KOMPUTER AHLI PERTAMA,PEMERINTAH KABUPATEN POLEWALI MANDAR | BADAN KEUANGAN,4,1,2785700,4575200,37,0,0,0
ee1257a8-5c34-4440-87b0-506aaa1484a1,Pemerintah Kab. Polewali Mandar,CPNS,UMUM,PRANATA KOMPUTER AHLI PERTAMA,"PEMERINTAH KABUPATEN POLEWALI MANDAR | BADAN KEPEGAWAIAN, PENDIDIKAN DAN PELATIHAN",6,1,2785700,4575200,249,0,0,0
a286f558-267e-4967-a51d-503635972a2d,Pemerintah Kab. Pringsewu,CPNS,UMUM,PENERA AHLI PERTAMA,"Kabupaten Pringsewu | Dinas Koperasi, Usaha Kecil Dan Menengah, Perdagangan Dan Perindustrian",2,1,2785700,5000000,89,0,0,0
7a77e11b-af09-4186-b5c3-9fdc984bdfef,Pemerintah Kab. Pulang Pisau,CPNS,UMUM,ANALIS KEBAKARAN AHLI PERTAMA,PEMERINTAH KAB. PULANG PISAU | SEKRETARIAT DAERAH | SATUAN POLISI PAMONG PRAJA DAN PEMADAM KEBAKARAN,1,1,2785700,5000000,0,0,0,0
4d95d7e2-1bd7-421e-aa91-b05347a28293,Pemerintah Kab. Pulang Pisau,CPNS,UMUM,INSTRUKTUR AHLI PERTAMA,PEMERINTAH KAB. PULANG PISAU | SEKRETARIAT DAERAH | DINAS TENAGA KERJA DAN TRANSMIGRASI,2,1,2785700,5000000,6,0,0,0
ca11bcaa-443b-4154-9860-1d7466700b99,Pemerintah Kab. Pulang Pisau,CPNS,UMUM,PENGAWAS PENDATAAN STATISTIK,"PEMERINTAH KAB. PULANG PISAU | SEKRETARIAT DAERAH | DINAS KOMUNIKASI DAN INFORMATIKA, STATISTIK DAN PERSANDIAN | BIDANG STATISTIK DAN PERSANDIAN",1,1,2785700,5000000,2,0,0,0
17a3e7f9-2332-460c-b243-5c5d57e105d7,Pemerintah Kab. Pulang Pisau,CPNS,UMUM,PENGENDALI KONTEN INTERNET,"PEMERINTAH KAB. PULANG PISAU | SEKRETARIAT DAERAH | DINAS KOMUNIKASI DAN INFORMATIKA, STATISTIK DAN PERSANDIAN | BIDANG APLIKASI INFORMATIKA",1,1,2785700,5000000,1,0,0,0
dccaa9b7-3638-43f6-a78d-98795593bb65,Pemerintah Kab. Pulang Pisau,CPNS,UMUM,PENGENDALI KONTEN INTERNET,"PEMERINTAH KAB. PULANG PISAU | SEKRETARIAT DAERAH | DINAS KOMUNIKASI DAN INFORMATIKA, STATISTIK DAN PERSANDIAN | BIDANG PENGELOLAAN INFORMASI PUBLIK",1,1,2785700,5000000,1,0,0,0
4cbadc7b-31fa-4cd5-ab17-e1519290f01f,Pemerintah Kab. Pulang Pisau,CPNS,UMUM,PENGUJI MUTU BARANG AHLI PERTAMA,PEMERINTAH KAB. PULANG PISAU | SEKRETARIAT DAERAH | ASISTEN PEREKONOMIAN DAN PEMBANGUNAN | BAGIAN PENGADAAN BARANG DAN JASA,1,1,2785700,5000000,11,0,0,0
80c92d51-6fe6-42e4-bb3f-857f8effb6a0,Pemerintah Kab. Puncak,CPNS,ORANG ASLI PAPUA (OAP),ARSIPARIS AHLI PERTAMA,PEMERINTAH KABUPATEN PUNCAK | DINAS KEBUDAYAAN DAN PARIWISATA | SEKRETARIAT DINAS KEBUDAYAAN DAN PARIWISATA | SUB BAGIAN UMUM DAN KEPEGAWAIAN,3,1,3000000,5000000,9,0,0,0
91105319-4081-4364-a6f2-de1d9c65fb0c,Pemerintah Kab. Puncak,CPNS,ORANG ASLI PAPUA (OAP),PENGAWAS KETENAGAKERJAAN AHLI PERTAMA,PEMERINTAH KABUPATEN PUNCAK | DINAS TENAGA KERJA PERINDUSTRIAN DAN PERDAGANGAN | BIDANG PENDAPATAN DAN PENDAYAGUNAAN TENAGA KERJA | SEKSI PENEMPATAN DAN PERLUASAN TENAGA KERJA,2,0,3000000,5000000,19,0,0,0
8a0384c7915b4c4c01915d85338f08ca,Pemerintah Kab. Puncak,CPNS,ORANG ASLI PAPUA (OAP),PRANATA KOMPUTER AHLI PERTAMA,PEMERINTAH KABUPATEN PUNCAK | DINAS KOMUNIKASI DAN INFORMATIKA | BIDANG PENGELOLAAN INFORMASI DAN KOMUNIKASI | SEKSI PENGELOLAAN INFORMASI PUBLIK,1,0,3000000,5000000,8,0,0,0
ecd4e437-491a-421c-9ac4-64916aac2f7d,Pemerintah Kab. Puncak,CPNS,UMUM (NON OAP),PRANATA KOMPUTER AHLI PERTAMA,PEMERINTAH KABUPATEN PUNCAK | DINAS KOMUNIKASI DAN INFORMATIKA | BIDANG PENGELOLAAN INFORMASI DAN KOMUNIKASI | SEKSI PENGELOLAAN INFORMASI PUBLIK,1,0,3000000,5000000,1,0,0,0
fec2c908-7115-4ab1-849e-94af356d957e,Pemerintah Kab. Puncak Jaya,CPNS,ORANG ASLI PAPUA (OAP),PENGAWAS INDUSTRI,"PEMERINTAH KABUPATEN PUNCAK JAYA | DINAS KOPERASI, UKM, PERINDUSTRIAN DAN PERDAGANGAN | BIDANG PERINDUSTRIAN | SEKSI PENGAWAS",1,0,2000000,3000000,4,0,0,0
8a02826391606efe0191650ab7800f5e,Pemerintah Kab. Puncak Jaya,CPNS,ORANG ASLI PAPUA (OAP),PERENCANA AHLI PERTAMA,"PEMERINTAH KABUPATEN PUNCAK JAYA | BADAN PERENCANAAN PEMBANGUNAN DAERAH | BIDANG EKONOMI | SUB BIDANG PERINDUSTRIAN, PERDAGANGAN DAN PARIWISATA",2,0,2000000,3000000,7,0,0,0
a237515e-00c1-4f9d-a06a-07f72436d50e,Pemerintah Kab. Puncak Jaya,CPNS,UMUM (NON OAP),PERENCANA AHLI PERTAMA,"PEMERINTAH KABUPATEN PUNCAK JAYA | BADAN PERENCANAAN PEMBANGUNAN DAERAH | BIDANG EKONOMI | SUB BIDANG PERINDUSTRIAN, PERDAGANGAN DAN PARIWISATA",1,0,2000000,3000000,1,0,0,0
b6b6fe51-e5f0-4de8-a95b-48dcc18a9f61,Pemerintah Kab. Puncak Jaya,CPNS,ORANG ASLI PAPUA (OAP),PRANATA KOMPUTER AHLI PERTAMA,"PEMERINTAH KABUPATEN PUNCAK JAYA | BADAN KEPEGAWAIAN, PENDIDIKAN DAN PELATIHAN DAERAH | SEKRETARIAT | SUB BAGIAN PENYUSUNAN PROGRAM DAN KEUANGAN",1,0,2000000,3000000,3,0,0,0
9b450ae2-71fd-4b0d-ba54-3ae4df28133b,Pemerintah Kab. Raja Ampat,CPNS,ORANG ASLI PAPUA (OAP),ANALIS PERDAGANGAN AHLI PERTAMA,PEMERINTAH KABUPATEN RAJA AMPAT | DINAS PERINDUSTRIAN DAN PERDAGANGAN,2,0,2785700,3400000,3,0,0,0
0c1e8216-5891-4a2b-8edb-aeef017f1654,Pemerintah Kab. Raja Ampat,CPNS,UMUM (NON OAP),PENATA KELOLA PENANAMAN MODAL AHLI PERTAMA,PEMERINTAH KABUPATEN RAJA AMPAT | DINAS PENANAMAN MODAL DAN PELAYANAN TERPADU SATU PINTU | BIDANG PERENCANAAN DAN PENGEMBANGAN IKLIM PENANAMAN MODAL | SEKSI DEREGULASI PENANAMAN MODAL DAN PEMBERDAYAAN USAHA,3,0,2785700,3400000,9,0,0,0
1aa2c165-b744-4178-b279-8c6d8fdcb8fd,Pemerintah Kab. Raja Ampat,CPNS,UMUM (NON OAP),PENATA KELOLA PENANAMAN MODAL AHLI PERTAMA,PEMERINTAH KABUPATEN RAJA AMPAT | DINAS PENANAMAN MODAL DAN PELAYANAN TERPADU SATU PINTU | BIDANG PROMOSI DAN PENGENDALIAN PELAKSANAAN INFORMASI MODAL DAN INFORMASI PENANAMAN MODAL | SEKSI PENGEMBANGAN DAN PENGENDALIAN PELAKSANAAN PROMOSI PENANAMAN MODAL DAN KERJASAMA,3,0,2785700,3400000,7,0,0,0
2dec850f-a76d-4826-a741-db2948d3865e,Pemerintah Kab. Raja Ampat,CPNS,ORANG ASLI PAPUA (OAP),PENATA KELOLA PENANAMAN MODAL AHLI PERTAMA,PEMERINTAH KABUPATEN RAJA AMPAT | DINAS PENANAMAN MODAL DAN PELAYANAN TERPADU SATU PINTU | BIDANG PERENCANAAN DAN PENGEMBANGAN IKLIM PENANAMAN MODAL | SEKSI PERENCANAAN PENGEMBANGAN PENANAMAN MODAL,4,0,2785700,3400000,4,0,0,0
369dafef-5a61-48d9-8c0c-84954a22f12f,Pemerintah Kab. Raja Ampat,CPNS,ORANG ASLI PAPUA (OAP),PENATA KELOLA PENANAMAN MODAL AHLI PERTAMA,PEMERINTAH KABUPATEN RAJA AMPAT | DINAS PENANAMAN MODAL DAN PELAYANAN TERPADU SATU PINTU | BIDANG PROMOSI DAN PENGENDALIAN PELAKSANAAN INFORMASI MODAL DAN INFORMASI PENANAMAN MODAL | SEKSI PENGAWASAN DATA DAN INFORMASI PENANAMAN MODAL,3,0,2785700,3400000,3,0,0,0
5a24519f-f1dd-4f0a-b05a-5db6283379d3,Pemerintah Kab. Raja Ampat,CPNS,UMUM (NON OAP),PENATA PERIZINAN AHLI PERTAMA,PEMERINTAH KABUPATEN RAJA AMPAT | DINAS PENANAMAN MODAL DAN PELAYANAN TERPADU SATU PINTU | BIDANG PENYELENGGARAAN PELAYANAN PERIZINAN DAN NON PERIZINAN | SEKSI PENGAWASAN DAN PENGENDALIAN PERIZINAN DAN NON PERIZINAN,1,0,2785700,3400000,1,0,0,0
64008323-c0ba-4d1a-bf39-2a4df2cd6f44,Pemerintah Kab. Raja Ampat,CPNS,UMUM (NON OAP),PENATA PERIZINAN AHLI PERTAMA,PEMERINTAH KABUPATEN RAJA AMPAT | DINAS PENANAMAN MODAL DAN PELAYANAN TERPADU SATU PINTU | BIDANG PROMOSI DAN PENGENDALIAN PELAKSANAAN INFORMASI MODAL DAN INFORMASI PENANAMAN MODAL | SEKSI PENGAWASAN DATA DAN INFORMASI PENANAMAN MODAL,1,0,2785700,3400000,1,0,0,0
c6533858-fb74-4d16-941b-3bb3f04b5c66,Pemerintah Kab. Raja Ampat,CPNS,UMUM (NON OAP),PENATA PERIZINAN AHLI PERTAMA,PEMERINTAH KABUPATEN RAJA AMPAT | DINAS PENANAMAN MODAL DAN PELAYANAN TERPADU SATU PINTU | BIDANG PERENCANAAN DAN PENGEMBANGAN IKLIM PENANAMAN MODAL | SEKSI PERENCANAAN PENGEMBANGAN PENANAMAN MODAL,1,0,2785700,3400000,1,0,0,0
d4471100-db8c-405e-a40d-16083527ad2c,Pemerintah Kab. Raja Ampat,CPNS,ORANG ASLI PAPUA (OAP),PENATA PERIZINAN AHLI PERTAMA,PEMERINTAH KABUPATEN RAJA AMPAT | DINAS PENANAMAN MODAL DAN PELAYANAN TERPADU SATU PINTU | BIDANG PROMOSI DAN PENGENDALIAN PELAKSANAAN INFORMASI MODAL DAN INFORMASI PENANAMAN MODAL | SEKSI PENGEMBANGAN DAN PENGENDALIAN PELAKSANAAN PROMOSI PENANAMAN MODAL DAN KERJASAMA,1,0,2785700,3400000,0,0,0,0
eb3b474c-80ca-4754-8fcf-bb3dc11cd381,Pemerintah Kab. Raja Ampat,CPNS,ORANG ASLI PAPUA (OAP),PENATA PERIZINAN AHLI PERTAMA,PEMERINTAH KABUPATEN RAJA AMPAT | DINAS PENANAMAN MODAL DAN PELAYANAN TERPADU SATU PINTU | BIDANG PENYELENGGARAAN PELAYANAN PERIZINAN DAN NON PERIZINAN | SEKSI PENYELENGGARAAN PELAYANAN PERIZINAN DAN NON PEERIZINAN,1,0,2785700,3400000,0,0,0,0
eb8cb9b0-dad1-466f-abe4-f39372cc957e,Pemerintah Kab. Raja Ampat,CPNS,ORANG ASLI PAPUA (OAP),PENATA PERIZINAN AHLI PERTAMA,PEMERINTAH KABUPATEN RAJA AMPAT | DINAS PENANAMAN MODAL DAN PELAYANAN TERPADU SATU PINTU | BIDANG PERENCANAAN DAN PENGEMBANGAN IKLIM PENANAMAN MODAL | SEKSI DEREGULASI PENANAMAN MODAL DAN PEMBERDAYAAN USAHA,1,0,2785700,3400000,1,0,0,0
9b0b23c4-875c-4872-bfac-6a094aa0cea1,Pemerintah Kab. Raja Ampat,CPNS,ORANG ASLI PAPUA (OAP),PENGAWAS PENYELENGGARAAN URUSAN PEMERINTAHAN DAERAH AHLI PERTAMA,PEMERINTAH KABUPATEN RAJA AMPAT | INSPEKTORAT | INSPEKTUR PEMBANTU III,1,0,2785700,3400000,1,0,0,0
b4098bca-34da-47d6-8e54-574d30f1b14f,Pemerintah Kab. Raja Ampat,CPNS,ORANG ASLI PAPUA (OAP),PENGAWAS PENYELENGGARAAN URUSAN PEMERINTAHAN DAERAH AHLI PERTAMA,PEMERINTAH KABUPATEN RAJA AMPAT | INSPEKTORAT | INSPEKTUR PEMBANTU II,2,0,2785700,3400000,2,0,0,0
8a02826391606efe0191612833bf5776,Pemerintah Kab. Raja Ampat,CPNS,UMUM (NON OAP),PENGELOLA PENGADAAN BARANG/JASA AHLI PERTAMA,PEMERINTAH KABUPATEN RAJA AMPAT | SEKRETARIAT DAERAH | ASISTEN BIDANG PEREKONOMIAN DAN PEMBANGUNAN | BAGIAN PENGADAAN BARANG DAN JASA | SUB BAGIAN PENGELOLAAN PENGADAAN BARANG DAN JASA,3,0,2785700,3400000,17,0,0,0
cbdee667-90d9-4ba1-9d4d-24d68f149352,Pemerintah Kab. Raja Ampat,CPNS,ORANG ASLI PAPUA (OAP),PENGELOLA PENGADAAN BARANG/JASA AHLI PERTAMA,PEMERINTAH KABUPATEN RAJA AMPAT | SEKRETARIAT DAERAH | ASISTEN BIDANG PEREKONOMIAN DAN PEMBANGUNAN | BAGIAN PENGADAAN BARANG DAN JASA | SUB BAGIAN PENGELOLAAN PENGADAAN BARANG DAN JASA,37,0,2785700,3400000,48,0,0,0
84a20e39-ad30-4a77-8253-934190ad1e4b,Pemerintah Kab. Raja Ampat,CPNS,ORANG ASLI PAPUA (OAP),PRANATA KOMPUTER AHLI PERTAMA,"PEMERINTAH KABUPATEN RAJA AMPAT | DINAS KOMUNIKASI, INFORMATIKA, PERSANDIAN DAN STATISTIK | SEKRETARIAT DINAS | SUB BAGIAN PENYUSUNAN PROGRAM",1,0,2785700,3400000,2,0,0,0
0f3b5610-ea73-45ce-a34a-d6476b6eb321,Pemerintah Kab. Rejang Lebong,CPNS,UMUM,PENERA AHLI PERTAMA,"PEMERINTAH KABUPATEN REJANG LEBONG | DINAS PERDAGANGAN, KOPERASI, USAHA KECIL MENENGAH DAN PERINDUSTRIAN | BIDANG PERDAGANGAN",1,1,2500000,5000000,18,0,0,0
a368b49f-b1c8-4624-8d58-56e698d0a3ea,Pemerintah Kab. Rote Ndao,CPNS,UMUM,PENGAWAS TRANSPORTASI DARAT,PEMERINTAH KABUPATEN ROTE NDAO | DINAS PERHUBUNGAN | Bidang Perhubungan Darat,2,1,2000000,3000000,6,0,0,0
85c77426-cc7e-464f-a295-abec938b269b,Pemerintah Kab. Rote Ndao,CPNS,UMUM,PENGENDALI KONTEN INTERNET,"PEMERINTAH KABUPATEN ROTE NDAO | DINAS KOMUNIKASI, INFORMATIKA, STATISTIK DAN PERSANDIAN | BIDANG INFORMATIKA",2,1,2000000,3000000,2,0,0,0
dba41557-3f93-426e-a6b0-afde857e0648,Pemerintah Kab. Rote Ndao,CPNS,UMUM,PRANATA KOMPUTER AHLI PERTAMA,PEMERINTAH KABUPATEN ROTE NDAO | DINAS KEPENDUDUKAN DAN PENCATATAN SIPIL | Bidang Pelayanan Pendaftaran Penduduk,3,1,3000000,4000000,5,0,0,0
f3c11e9a-d2fe-4f73-b204-4e1b4a1137cf,Pemerintah Kab. Rote Ndao,CPNS,UMUM,PRANATA KOMPUTER AHLI PERTAMA,PEMERINTAH KABUPATEN ROTE NDAO | DINAS PERHUBUNGAN | Bidang Perhubungan Laut dan Udara,2,1,2000000,3000000,1,0,0,0
c3d6fe41-ed0e-4fd3-afd9-88e0a4fd2ed5,Pemerintah Kab. Sampang,CPNS,UMUM,ANALIS KEBAKARAN AHLI PERTAMA,"PEMERINTAH KABUPATEN SAMPANG | DINAS PEMADAM KEBAKARAN DAN PENYELAMATAN DAERAH | BIDANG PEMADAMAN, PENYELAMATAN DAN SARANA PRASARANA | SEKSI PEMADAM KEBAKARAN",1,0,2228560,2540558,24,0,0,0
4baf4d6e-51c7-43a8-84d6-5fcef8b86e52,Pemerintah Kab. Sampang,CPNS,UMUM,PENERA AHLI PERTAMA,"PEMERINTAH KABUPATEN SAMPANG | DINAS KOPERASI, PERINDUSTRIAN DAN PERDAGANGAN | BIDANG PERDAGANGAN",1,1,2228560,2540558,62,0,0,0
739d1617-c7cf-4375-a322-cf26785cf325,Pemerintah Kab. Sanggau,CPNS,UMUM,MANGGALA INFORMATIKA AHLI PERTAMA,PEMERINTAH KABUPATEN SANGGAU | DINAS KOMUNIKASI DAN INFORMATIKA KAB. SANGGAU | BIDANG STATISTIK DAN PERSANDIAN,1,1,3500000,4500000,9,0,0,0
c30f1067-813f-4893-9701-d3209e24f139,Pemerintah Kab. Sanggau,CPNS,UMUM,PENATA KELOLA BANGUNAN GEDUNG DAN KAWASAN PERMUKIMAN AHLI PERTAMA,"PEMERINTAH KABUPATEN SANGGAU | DINAS PERUMAHAN RAKYAT, KAWASAN PERMUKIMAN, DAN PERTANAHAN KABUPATEN SANGGAU | BIDANG PERUMAHAN RAKYAT DAN KAWASAN PERMUKIMAN",1,1,3500000,4500000,38,0,0,0
adf6ef02-2220-4877-a791-773c256ff964,Pemerintah Kab. Sanggau,CPNS,UMUM,PENATA KELOLA PENYEHATAN LINGKUNGAN AHLI PERTAMA,"PEMERINTAH KABUPATEN SANGGAU | DINAS PERUMAHAN RAKYAT, KAWASAN PERMUKIMAN, DAN PERTANAHAN KABUPATEN SANGGAU | BIDANG PRASARANA, SARANA DAN UTILITAS UMUM",1,1,3500000,4500000,6,0,0,0
4ed3fcc7-5714-4eee-a64d-1d591ee4dedf,Pemerintah Kab. Sanggau,CPNS,UMUM,PENERA AHLI PERTAMA,"PEMERINTAH KABUPATEN SANGGAU | DINAS PERINDUSTRIAN, PERDAGANGAN, KOPERASI DAN USAHA MIKRO KAB. SANGGAU | BIDANG PERDAGANGAN",1,1,3500000,4500000,16,0,0,0
2643dd4f-de65-425c-b246-c59dfafdb09b,Pemerintah Kab. Sanggau,CPNS,UMUM,PENGAWAS PENYELENGGARAAN URUSAN PEMERINTAHAN DAERAH AHLI PERTAMA,PEMERINTAH KABUPATEN SANGGAU | INSPEKTORAT KAB. SANGGAU | INSPEKTUR PEMBANTU WILAYAH I,1,1,3500000,4500000,14,0,0,0
406491e8-4b92-4da2-9697-4e3310259675,Pemerintah Kab. Sanggau,CPNS,UMUM,PENGAWAS PENYELENGGARAAN URUSAN PEMERINTAHAN DAERAH AHLI PERTAMA,PEMERINTAH KABUPATEN SANGGAU | INSPEKTORAT KAB. SANGGAU | INSPEKTUR PEMBANTU WILAYAH IV,1,1,3500000,4500000,8,0,0,0
8089271f-c7db-4df1-b2bc-0946b2cb1e45,Pemerintah Kab. Sanggau,CPNS,UMUM,PENGAWAS PENYELENGGARAAN URUSAN PEMERINTAHAN DAERAH AHLI PERTAMA,PEMERINTAH KABUPATEN SANGGAU | INSPEKTORAT KAB. SANGGAU | INSPEKTUR WILAYAH PEMBANTU III,1,1,3500000,4500000,5,0,0,0
eb81d10f-b6a0-4511-94d2-d81002d8d7f5,Pemerintah Kab. Sanggau,CPNS,UMUM,PENGAWAS PENYELENGGARAAN URUSAN PEMERINTAHAN DAERAH AHLI PERTAMA,PEMERINTAH KABUPATEN SANGGAU | INSPEKTORAT KAB. SANGGAU | INSPEKTUR PEMBANTU WILAYAH V,1,1,3500000,4500000,12,0,0,0
f68ec2f0-2a38-4cbc-b63e-68821e1c3ff9,Pemerintah Kab. Sanggau,CPNS,UMUM,PENGAWAS PENYELENGGARAAN URUSAN PEMERINTAHAN DAERAH AHLI PERTAMA,PEMERINTAH KABUPATEN SANGGAU | INSPEKTORAT KAB. SANGGAU | INSPEKTUR PEMBANTU WILAYAH II,1,1,3500000,4500000,5,0,0,0
7d32d141-fc33-4ec4-b168-94011a41aae0,Pemerintah Kab. Sanggau,CPNS,UMUM,PENGAWAS PERDAGANGAN AHLI PERTAMA,"PEMERINTAH KABUPATEN SANGGAU | DINAS PERINDUSTRIAN, PERDAGANGAN, KOPERASI DAN USAHA MIKRO KAB. SANGGAU | BIDANG PASAR",1,1,3500000,4500000,27,0,0,0
8a51ce48-8cde-49df-a5d7-a5d29db20be6,Pemerintah Kab. Sanggau,CPNS,UMUM,PENGELOLA SUMBER DAYA AIR AHLI PERTAMA,PEMERINTAH KABUPATEN SANGGAU | DINAS PEKERJAAN UMUM DAN PENATAAN RUANG KABUPATEN SANGGAU | BIDANG SUMBER DAYA AIR,1,1,3500000,4500000,49,0,0,0
6c2cd882-d0fa-4944-bbeb-e99fee11305e,Pemerintah Kab. Sanggau,CPNS,UMUM,SURVEYOR PEMETAAN AHLI PERTAMA,"PEMERINTAH KABUPATEN SANGGAU | DINAS PERUMAHAN RAKYAT, KAWASAN PERMUKIMAN, DAN PERTANAHAN KABUPATEN SANGGAU | BIDANG PERTANAHAN",1,1,3500000,4500000,26,0,0,0
dd9592a7-4f27-4937-b054-8203ccb60620,Pemerintah Kab. Sarolangun,CPNS,UMUM,MANGGALA INFORMATIKA AHLI PERTAMA,PEMERINTAH KABUPATEN SAROLANGUN | DINAS KOMUNIKASI DAN INFORMATIKA,1,1,2785700,3917812,2,0,0,0
8a0186cd915aa77f01915aab406d0010,Pemerintah Kab. Sarolangun,CPNS,PENYANDANG DISABILITAS,PRANATA KOMPUTER AHLI PERTAMA,PEMERINTAH KABUPATEN SAROLANGUN | DINAS KOMUNIKASI DAN INFORMATIKA,1,1,2785700,3917812,1,0,0,0
8a0186cd915aa77f01915aac61bd0060,Pemerintah Kab. Sarolangun,CPNS,LULUSAN TERBAIK,PRANATA KOMPUTER AHLI PERTAMA,PEMERINTAH KABUPATEN SAROLANGUN | DINAS KOMUNIKASI DAN INFORMATIKA,1,1,2785700,3917812,2,0,0,0
8c417382-33d4-43ac-849c-ea17c4bbce86,Pemerintah Kab. Sarolangun,CPNS,UMUM,PRANATA KOMPUTER AHLI PERTAMA,PEMERINTAH KABUPATEN SAROLANGUN | BADAN PENGELOLAAN PAJAK DAN RETRIBUSI DAERAH,1,1,2785700,3917812,2,0,0,0
d39841b7-4304-46c8-b8fd-3eaaf710d6b1,Pemerintah Kab. Sarolangun,CPNS,UMUM,PRANATA KOMPUTER AHLI PERTAMA,PEMERINTAH KABUPATEN SAROLANGUN | DINAS KOMUNIKASI DAN INFORMATIKA,2,1,2785700,3917812,35,0,0,0
53fa0f64-bf9b-467c-9a1e-fc900952451f,Pemerintah Kab. Sarolangun,CPNS,UMUM,SANDIMAN AHLI PERTAMA,PEMERINTAH KABUPATEN SAROLANGUN | DINAS KOMUNIKASI DAN INFORMATIKA,1,1,2785700,3917812,2,0,0,0
6b143a77-aed4-4e8a-bd51-0c6810a9b3bc,Pemerintah Kab. Sekadau,CPNS,UMUM,PENATA KELOLA BANGUNAN GEDUNG DAN KAWASAN PERMUKIMAN AHLI PERTAMA,"Pemerintah Kabupaten Sekadau | Dinas Perumahan, Kawasan Permukiman dan Pertanahan | Bidang Kawasan Permukiman",1,1,3000000,5000000,23,0,0,0
79c34bc0-d1fa-4b61-82c0-c280c4dc407d,Pemerintah Kab. Seluma,CPNS,UMUM,ANALIS KEBAKARAN AHLI PERTAMA,PEMERINTAH KABUPATEN SELUMA | SATUAN POLISI PAMONG PRAJA DAN PEMADAM KEBAKARAN | BIDANG PEMADAM KEBAKARAN,8,0,3200000,5000000,58,0,0,0
b15eb294-b956-44fb-81e2-c4389de67b87,Pemerintah Kab. Seluma,CPNS,UMUM,PENATA KELOLA BANGUNAN GEDUNG DAN KAWASAN PERMUKIMAN AHLI PERTAMA,PEMERINTAH KABUPATEN SELUMA | DINAS PEKERJAAN UMUM DAN PENATAAN RUANG | BIDANG CIPTA KARYA,4,0,3200000,5000000,23,0,0,0
f8dc797c-f97d-4c29-aca5-36b8dfc8de65,Pemerintah Kab. Seluma,CPNS,UMUM,PENATA KELOLA BANGUNAN GEDUNG DAN KAWASAN PERMUKIMAN AHLI PERTAMA,PEMERINTAH KABUPATEN SELUMA | DINAS KETENAGAKERJAAN DAN TRANSMIGRASI | BIDANG KETRANSMIGRASIAN DAN ENERGI SUMBER DAYA MINERAL,3,0,3200000,5000000,22,0,0,0
b8853f80-d2ea-4fbe-889e-cc94a8f0630c,Pemerintah Kab. Seluma,CPNS,UMUM,PENATA KELOLA PENYEHATAN LINGKUNGAN AHLI PERTAMA,"PEMERINTAH KABUPATEN SELUMA | DINAS PERUMAHAN KAWASAN, PERMUKIMAN DAN PERHUBUNGAN | BIDANG KAWASAN PERMUKIMAN DAN PERTANAHAN",1,0,2700000,5000000,1,0,0,0
c0357c5e-bf09-45d0-a0ce-df6d9f36e60e,Pemerintah Kab. Seluma,CPNS,UMUM,PENATA KELOLA PENYEHATAN LINGKUNGAN AHLI PERTAMA,PEMERINTAH KABUPATEN SELUMA | DINAS PEKERJAAN UMUM DAN PENATAAN RUANG | BIDANG CIPTA KARYA,3,0,3200000,5000000,4,0,0,0
d78f26ea-529b-428d-a403-f554b5e62b03,Pemerintah Kab. Seluma,CPNS,UMUM,PENATA KELOLA PENYEHATAN LINGKUNGAN AHLI PERTAMA,PEMERINTAH KABUPATEN SELUMA | DINAS SOSIAL | BIDANG PENANGANAN FAKIR MISKIN DAN PEMBERDAYAAN SOSIAL,2,0,3200000,5000000,2,0,0,0
4fb56f13-9da8-411d-a9e1-8ac567f16f6d,Pemerintah Kab. Seluma,CPNS,UMUM,PENERA AHLI PERTAMA,"PEMERINTAH KABUPATEN SELUMA | DINAS PERINDUSTRIAN, PERDAGANGAN, KOPERASI, USAHA KECIL DAN MENENGAH | BIDANG PERINDUSTRIAN DAN PERDAGANGAN",2,0,3200000,5000000,10,0,0,0
60f94b3b-0c3c-451c-9b42-fa121990197e,Pemerintah Kab. Seluma,CPNS,UMUM,PENGAWAS PENYELENGGARAAN URUSAN PEMERINTAHAN DAERAH AHLI PERTAMA,PEMERINTAH KABUPATEN SELUMA | INSPEKTORAT | INSPEKTUR PEMBANTU WILAYAH III,2,0,3200000,3500000,3,0,0,0
4bf791e7-8730-4419-84de-ca84c554baba,Pemerintah Kab. Seluma,CPNS,UMUM,PENGAWAS PERDAGANGAN AHLI PERTAMA,PEMERINTAH KABUPATEN SELUMA | SEKRETARIAT DAERAH KABUPATEN SELUMA | ASISTEN PEREKONOMIAN DAN PEMBANGUNAN | BAGIAN PEREKONOMIAN DAN SUMBER DAYA ALAM,3,0,3200000,5000000,5,0,0,0
8a0186c9915938690191594067d50701,Pemerintah Kab. Seluma,CPNS,PENYANDANG DISABILITAS,PRANATA KOMPUTER AHLI PERTAMA,PEMERINTAH KABUPATEN SELUMA | BADAN KEUANGAN DAERAH | SEKRETARIAT BADAN KEUANGAN DAERAH | SUB BAG UMUM DAN KEPEGAWAIAN,1,1,3200000,5000000,0,0,0,0
8a0384be915951ce0191599d478b3597,Pemerintah Kab. Seluma,CPNS,PENYANDANG DISABILITAS,PRANATA KOMPUTER AHLI PERTAMA,PEMERINTAH KABUPATEN SELUMA | SEKRETARIAT DAERAH KABUPATEN SELUMA | ASISTEN PEREKONOMIAN DAN PEMBANGUNAN | BAGIAN PENGADAAN BARANG DAN JASA,1,1,3200000,5000000,0,0,0,0
8a0384be915951ce019159a383723809,Pemerintah Kab. Seluma,CPNS,PENYANDANG DISABILITAS,PRANATA KOMPUTER AHLI PERTAMA,PEMERINTAH KABUPATEN SELUMA | SEKRETARIAT DAERAH KABUPATEN SELUMA | ASISTEN PEREKONOMIAN DAN PEMBANGUNAN | BAGIAN ADMINISTRASI PEMBANGUNAN,1,1,3200000,5000000,0,0,0,0
0f6f9555-f1b5-44df-b3e5-e4940bf11e5e,Pemerintah Kab. Seluma,CPNS,UMUM,PRANATA KOMPUTER AHLI PERTAMA,PEMERINTAH KABUPATEN SELUMA | BADAN PENDAPATAN DAERAH | BIDANG PENAGIHAN | SUB BIDANG BEA PEROLEHAN HAK ATAS TANAH (BPHTB),2,0,2700000,5000000,2,0,0,0
1c0aa372-44b7-468e-a169-889a16871b15,Pemerintah Kab. Seluma,CPNS,UMUM,PRANATA KOMPUTER AHLI PERTAMA,PEMERINTAH KABUPATEN SELUMA | DINAS KOMUNIKASI DAN INFORMATIKA PERSANDIAN DAN STATISTIK | SEKRETARIAT DINAS KOMUNIKASI DAN INFORMATIKA PERSANDIAN DAN STATISTIK | SUB BAG UMUM DAN KEPEGAWAIAN,1,0,2785700,4575200,0,0,0,0
3cec13c7-c216-4462-8cee-d4032d4af08b,Pemerintah Kab. Seluma,CPNS,UMUM,PRANATA KOMPUTER AHLI PERTAMA,PEMERINTAH KABUPATEN SELUMA | BADAN KEUANGAN DAERAH | SEKRETARIAT BADAN KEUANGAN DAERAH | SUB BAG UMUM DAN KEPEGAWAIAN,2,0,3200000,5000000,1,0,0,0
506cc269-3831-44b6-a583-5d186da39a9b,Pemerintah Kab. Seluma,CPNS,UMUM,PRANATA KOMPUTER AHLI PERTAMA,PEMERINTAH KABUPATEN SELUMA | DINAS KOMUNIKASI DAN INFORMATIKA PERSANDIAN DAN STATISTIK | BIDANG PENGELOLAAN KOMUNIKASI DAN INFORMASI,2,0,2785700,4575200,3,0,0,0
5b1fa967-1b9c-4b8f-afa3-94389e09a72b,Pemerintah Kab. Seluma,CPNS,UMUM,PRANATA KOMPUTER AHLI PERTAMA,PEMERINTAH KABUPATEN SELUMA | SATUAN POLISI PAMONG PRAJA DAN PEMADAM KEBAKARAN | BIDANG PENEGAKAN PERUNDANG - UNDANGAN DAERAH | SEKSI PENYELIDIKAN DAN PENYIDIKAN,2,0,2700000,5000000,2,0,0,0
707f7fb6-11b5-44ab-abc6-ae7f37635f86,Pemerintah Kab. Seluma,CPNS,UMUM,PRANATA KOMPUTER AHLI PERTAMA,PEMERINTAH KABUPATEN SELUMA | BADAN KEUANGAN DAERAH | BIDANG PERBENDAHARAAN | SUB BID MANAJEMEN KAS DAERAH,2,0,3200000,5000000,1,0,0,0
7f0caf83-467e-4ed6-a56f-ac80ac5011a3,Pemerintah Kab. Seluma,CPNS,UMUM,PRANATA KOMPUTER AHLI PERTAMA,PEMERINTAH KABUPATEN SELUMA | BADAN KESATUAN BANGSA DAN POLITIK | SEKRETARIAT BADAN KESATUAN BANGSA DAN POLITIK,2,0,2700000,5000000,1,0,0,0
80db9b09-89ff-42d0-af07-eb4b4d6bfbae,Pemerintah Kab. Seluma,CPNS,UMUM,PRANATA KOMPUTER AHLI PERTAMA,PEMERINTAH KABUPATEN SELUMA | SATUAN POLISI PAMONG PRAJA DAN PEMADAM KEBAKARAN | SEKRETARIAT SATUAN POLISI PAMONG PRAJA DAN PEMADAM KEBAKARAN | SUB BAG UMUM DAN KEPEGAWAIAN,2,0,2700000,5000000,3,0,0,0
9306d5b7-315d-4d45-b1a4-04d4d4a87cd7,Pemerintah Kab. Seluma,CPNS,UMUM,PRANATA KOMPUTER AHLI PERTAMA,PEMERINTAH KABUPATEN SELUMA | BADAN KEUANGAN DAERAH | BIDANG PENGELOLAAN BARANG MILIK DAERAH | SUB BID PENATAUSAHAAN BARANG MILIK DAERAH,2,0,3200000,5000000,2,0,0,0
953172dd-8695-4e15-9672-341d6e880579,Pemerintah Kab. Seluma,CPNS,UMUM,PRANATA KOMPUTER AHLI PERTAMA,PEMERINTAH KABUPATEN SELUMA | DINAS KOMUNIKASI DAN INFORMATIKA PERSANDIAN DAN STATISTIK | BIDANG PENYELENGGARAAN PEMERINTAHAN SECARA ELEKTRONIK,2,0,2700000,5000000,5,0,0,0
aa20e5d9-02d1-4031-82d3-cff699bce39b,Pemerintah Kab. Seluma,CPNS,UMUM,PRANATA KOMPUTER AHLI PERTAMA,PEMERINTAH KABUPATEN SELUMA | BADAN KEUANGAN DAERAH | BIDANG PERBENDAHARAAN | SUB BID PERBENDAHARAAN,2,1,3200000,5000000,1,0,0,0
b1c5318b-62af-4078-ae3b-f4823d8fdb1b,Pemerintah Kab. Seluma,CPNS,UMUM,PRANATA KOMPUTER AHLI PERTAMA,PEMERINTAH KABUPATEN SELUMA | SEKRETARIAT DAERAH KABUPATEN SELUMA | ASISTEN PEREKONOMIAN DAN PEMBANGUNAN | BAGIAN PENGADAAN BARANG DAN JASA,3,0,3200000,5000000,9,0,0,0
b2b64f05-aec9-4990-8ffc-6495f9b1accd,Pemerintah Kab. Seluma,CPNS,UMUM,PRANATA KOMPUTER AHLI PERTAMA,PEMERINTAH KABUPATEN SELUMA | DINAS KOMUNIKASI DAN INFORMATIKA PERSANDIAN DAN STATISTIK | BIDANG PERSANDIAN,1,0,2700000,5000000,0,0,0,0
bc7f3f14-a6e3-48df-affa-1a5b2a5bd8e5,Pemerintah Kab. Seluma,CPNS,UMUM,PRANATA KOMPUTER AHLI PERTAMA,PEMERINTAH KABUPATEN SELUMA | SEKRETARIAT DAERAH KABUPATEN SELUMA | ASISTEN PEREKONOMIAN DAN PEMBANGUNAN | BAGIAN ADMINISTRASI PEMBANGUNAN,3,0,3200000,5000000,5,0,0,0
c7e7e2e0-0748-4832-a9d3-b15391aeefb0,Pemerintah Kab. Seluma,CPNS,UMUM,PRANATA KOMPUTER AHLI PERTAMA,PEMERINTAH KABUPATEN SELUMA | BADAN PENANGGULANGAN BENCANA DAERAH | SEKRETARIAT BADAN PENANGGULANGAN BENCANA DAERAH | SUB BAG UMUM DAN KEPEGAWAIAN,1,0,2700000,5000000,1,0,0,0
c5b30e60-a3f2-4c37-96ad-4bf47d6bfc87,Pemerintah Kab. Seluma,CPNS,UMUM,SANDIMAN AHLI PERTAMA,PEMERINTAH KABUPATEN SELUMA | DINAS KOMUNIKASI DAN INFORMATIKA PERSANDIAN DAN STATISTIK | BIDANG PERSANDIAN,2,0,2700000,5000000,1,0,0,0
8a028492914fb63b01914fcd49c51cc9,Pemerintah Kab. Semarang,CPNS,PENYANDANG DISABILITAS,PRANATA KOMPUTER AHLI PERTAMA,PEMERINTAH KABUPATEN SEMARANG | DINAS KOMUNIKASI DAN INFORMATIKA | BIDANG APLIKASI DAN INFORMATIKA,1,1,2785700,2785700,2,0,0,0
45d50903-58d8-4dd1-acb3-0fdc85b0d84c,Pemerintah Kab. Semarang,CPNS,UMUM,PRANATA KOMPUTER AHLI PERTAMA,PEMERINTAH KABUPATEN SEMARANG | DINAS KOMUNIKASI DAN INFORMATIKA | BIDANG APLIKASI DAN INFORMATIKA,2,1,2785700,2785700,166,0,0,0
8d9e82e4-7934-4342-884b-e7cf0374068e,Pemerintah Kab. Seram Bagian Timur,CPNS,UMUM,PEMBINA JASA KONSTRUKSI AHLI PERTAMA,PEMERINTAH KABUPATEN SERAM BAGIAN TIMUR | DINAS PEKERJAAN UMUM DAN PENATAAN RUANG | Bidang Pengembangan Sumber Daya Air | JF. Teknisi Pengairan Ahli Muda / Sub Koordinator Pembangunan Prasarana Sumber Daya Air,1,1,2500000,4000000,7,0,0,0
80074c14-ab54-4fa6-bddb-8526f706e9c3,Pemerintah Kab. Seram Bagian Timur,CPNS,UMUM,PENGAWAS PENYELENGGARAAN URUSAN PEMERINTAHAN DAERAH AHLI PERTAMA,PEMERINTAH KABUPATEN SERAM BAGIAN TIMUR | INSPEKTORAT DAERAH | INSPEKTUR PEMBANTU WILAYAH II,1,1,2500000,4000000,15,0,0,0
70700f86-5b80-4210-86a0-e854a9a21d98,Pemerintah Kab. Seram Bagian Timur,CPNS,UMUM,SANDIMAN AHLI PERTAMA,PEMERINTAH KABUPATEN SERAM BAGIAN TIMUR | DINAS KOMUNIKASI DAN INFORMATIKA | BIDANG PENGELOLAAN INFORMASI DAN KOMUNIKASI PUBLIK | J.F. Pranata Hubungan Masyarakat Ahli Muda / Sub Koordinator Pengelolaan Informasi Publik Dan Komunikasi Publik,1,1,2500000,4000000,2,0,0,0
7c85aa0d-07d1-45d7-aaf7-97a7bc895ced,Pemerintah Kab. Seruyan,CPNS,UMUM,PENGAWAS PENYELENGGARAAN URUSAN PEMERINTAHAN DAERAH AHLI PERTAMA,PEMERINTAH KAB. SERUYAN | INSPEKTORAT,4,1,4000000,6000000,53,0,0,0
54470872-fc3d-4847-a430-ce1307a4ee76,Pemerintah Kab. Sidenreng Rappang,CPNS,UMUM,ANALIS KEBAKARAN AHLI PERTAMA,Pemerintah Kabupaten Sidenreng Rappang | Satuan Polisi Pamong Praja dan Pemadam Kebakaran | Bidang Pemadam Kebakaran,1,0,3043200,3650400,36,0,0,0
eb8640ff-9b71-4dde-80a9-ce0085480c6b,Pemerintah Kab. Sigi,CPNS,UMUM,PENELAAH KETERTELUSURAN STANDAR PENGUKURAN,PEMERINTAH KABUPATEN SIGI | SEKRETARIAT DAERAH | ASISTEN BIDANG PEMERINTAHAN DAN KESEJAHTERAAN MASYARAKAT | BAGIAN PEMERINTAHAN,1,1,2785700,4575200,11,0,0,0
8a0384c8915fa2df01915fd0ffb30641,Pemerintah Kab. Sigi,CPNS,PENYANDANG DISABILITAS,PRANATA KOMPUTER AHLI PERTAMA,PEMERINTAH KABUPATEN SIGI | SEKRETARIAT DAERAH | ASISTEN BIDANG PEMERINTAHAN DAN KESEJAHTERAAN MASYARAKAT | BAGIAN HUKUM,1,1,2785700,4575200,0,0,0,0
ca81ae36-fc9c-4008-bd7f-29a50a38af21,Pemerintah Kab. Sigi,CPNS,UMUM,PRANATA KOMPUTER AHLI PERTAMA,PEMERINTAH KABUPATEN SIGI | SEKRETARIAT DAERAH | ASISTEN BIDANG PEMERINTAHAN DAN KESEJAHTERAAN MASYARAKAT | BAGIAN HUKUM,2,1,2785700,4575200,2,0,0,0
f798a115-f8f4-40aa-8fab-172679fd0ae3,Pemerintah Kab. Sijunjung,CPNS,UMUM,PENGAWAS KEMETROLOGIAN AHLI PERTAMA,"PEMERINTAH KABUPATEN SIJUNJUNG | DINAS PERDAGANGAN, PERINDUSTRIAN KOPERASI USAHA KECIL DAN MENENGAH | UPTD DINAS PERDAGANGAN, PERINDUSTRIAN, KOPERASI USAHA KECIL DAN MENENGAH | UPTD METROLOGI LEGAL",1,1,1500000,3000000,20,0,0,0
18b99241-0192-4b12-9b4c-e3ae0716aee5,Pemerintah Kab. Sijunjung,CPNS,UMUM,PERENCANA AHLI PERTAMA,PEMERINTAH KABUPATEN SIJUNJUNG | RUMAH SAKIT UMUM DAERAH KAMANG BARU,3,1,1500000,3000000,66,0,0,0
0f5b948c-9f1e-41fd-9879-69eff5c4d86f,Pemerintah Kab. Sijunjung,CPNS,UMUM,PRANATA KOMPUTER AHLI PERTAMA,PEMERINTAH KABUPATEN SIJUNJUNG | DINAS KEPENDUDUKAN DAN PENCATATAN SIPIL | BIDANG PENGELOLAAN INFORMASI DAN ADMINISTRASI KEPENDUDUKAN DAN PEMAMFAATAN DATA,2,1,1500000,3000000,14,0,0,0
e37c01e9-b982-4d45-8bf2-ce39bb754208,Pemerintah Kab. Simeulue,CPNS,UMUM,PRANATA KOMPUTER AHLI PERTAMA,PEMERINTAH KABUPATEN SIMEULUE | BADAN KEPEGAWAIAN DAN PENGEMBANGAN SUMBER DAYA MANUSIA KABUPATEN SIMEULUE | KELOMPOK JABATAN FUNGSIONAL,2,1,3203600,3844320,12,0,0,0
7bd62ef2-d20f-4c0c-ae59-f7bc7b77a705,Pemerintah Kab. Sintang,CPNS,UMUM,ANALIS KEBIJAKAN AHLI PERTAMA,"PEMERINTAH KABUPATEN SINTANG | DINAS PEMUDA, OLAHRAGA DAN PARIWISATA | BIDANG SARANA DAN PRASARANA",1,0,2787700,4575200,17,0,0,0
8fd40e72-cdde-429f-8a7a-beb9901514d0,Pemerintah Kab. Sleman,CPNS,UMUM,PENGAWAS KEMETROLOGIAN AHLI PERTAMA,PEMERINTAH KABUPATEN SLEMAN | DINAS PERINDUSTRIAN DAN PERDAGANGAN | UPTD PELAYANAN METROLOGI LEGAL,1,0,3000000,3500000,179,0,0,0
b2d6d914-6d4e-4efa-bf6d-3711d73249c8,Pemerintah Kab. Sorong,CPNS,ORANG ASLI PAPUA (OAP),PENERA AHLI PERTAMA,"PEMERINTAH DAERAH KABUPATEN SORONG | DINAS PERINDUSTRIAN, PERDAGANGAN, KOPERASI, USAHA KECIL DAN MENENGAH | UPTD METROLOGI LEGAL",2,0,2785700,4575200,1,0,0,0
8a018692915486670191558b2c2339f8,Pemerintah Kab. Sorong Selatan,CPNS,ORANG ASLI PAPUA (OAP),PRANATA KOMPUTER AHLI PERTAMA,PEMERINTAH KABUPATEN SORONG SELATAN | SEKRETARIAT DPRD,2,0,3483500,4483500,0,0,0,0
8a0384ba915598f4019155bb4e1b16ce,Pemerintah Kab. Sorong Selatan,CPNS,ORANG ASLI PAPUA (OAP),PRANATA KOMPUTER AHLI PERTAMA,PEMERINTAH KABUPATEN SORONG SELATAN | BADAN KEPEGAWAIAN  DAN PENGEMBANGAN SUMBER DAYA MANUSIA,3,0,3483500,4483500,1,0,0,0
8a0384ba915598f4019155bc33d21789,Pemerintah Kab. Sorong Selatan,CPNS,ORANG ASLI PAPUA (OAP),PRANATA KOMPUTER AHLI PERTAMA,PEMERINTAH KABUPATEN SORONG SELATAN | SATUAN POLISI PAMONG PRAJA DAN PEMADAM KEBAKARAN,2,0,3483500,4483500,0,0,0,0
8a0384ba915598f4019155be27541964,Pemerintah Kab. Sorong Selatan,CPNS,ORANG ASLI PAPUA (OAP),PRANATA KOMPUTER AHLI PERTAMA,PEMERINTAH KABUPATEN SORONG SELATAN | BADAN PERENCANAAN PEMBANGUNAN DAERAH,2,0,3483500,4483500,0,0,0,0
8a0384ba915598f4019155bf4c351a0f,Pemerintah Kab. Sorong Selatan,CPNS,ORANG ASLI PAPUA (OAP),PRANATA KOMPUTER AHLI PERTAMA,PEMERINTAH KABUPATEN SORONG SELATAN | DINAS PEKERJAAN UMUM DAN PERUMAHAN RAKYAT,2,0,3483500,4483500,0,0,0,0
8a0384ba915598f4019155c005141a77,Pemerintah Kab. Sorong Selatan,CPNS,ORANG ASLI PAPUA (OAP),PRANATA KOMPUTER AHLI PERTAMA,PEMERINTAH KABUPATEN SORONG SELATAN | INSPEKTORAT,2,0,3483500,4483500,0,0,0,0
8a0384ba915598f4019155c4180b1dc3,Pemerintah Kab. Sorong Selatan,CPNS,ORANG ASLI PAPUA (OAP),PRANATA KOMPUTER AHLI PERTAMA,PEMERINTAH KABUPATEN SORONG SELATAN | DINAS KOMUNIKASI DAN INFORMATIKA,3,0,3483500,4483500,0,0,0,0
8a0384ba915598f4019155c6571d1f6d,Pemerintah Kab. Sorong Selatan,CPNS,ORANG ASLI PAPUA (OAP),PRANATA KOMPUTER AHLI PERTAMA,PEMERINTAH KABUPATEN SORONG SELATAN | BADAN PENANGGULANGAN BENCANA DAERAH,2,0,3483500,4483500,1,0,0,0
8a0384ba915598f4019155ca39652183,Pemerintah Kab. Sorong Selatan,CPNS,ORANG ASLI PAPUA (OAP),PRANATA KOMPUTER AHLI PERTAMA,PEMERINTAH KABUPATEN SORONG SELATAN | DINAS PENGENDALIAN PENDUDUK DAN KELUARGA BERENCANA,2,0,3483500,4483500,0,0,0,0
052f4c4c-31f3-489f-8fbe-e53643b30d87,Pemerintah Kab. Sorong Selatan,CPNS,UMUM (NON OAP),PRANATA KOMPUTER AHLI PERTAMA,PEMERINTAH KABUPATEN SORONG SELATAN | SEKRETARIAT DPRD,1,0,3483500,4483500,1,0,0,0
1c04319c-467e-490c-b9a7-6e71aab9eedb,Pemerintah Kab. Sorong Selatan,CPNS,ORANG ASLI PAPUA (OAP),PRANATA KOMPUTER AHLI PERTAMA,PEMERINTAH KABUPATEN SORONG SELATAN | DINAS PERTANIAN,3,0,3483500,4483500,3,0,0,0
2f3f1e6c-405b-4113-baf0-3f8b8349cd7d,Pemerintah Kab. Sorong Selatan,CPNS,UMUM (NON OAP),PRANATA KOMPUTER AHLI PERTAMA,PEMERINTAH KABUPATEN SORONG SELATAN | BADAN KEPEGAWAIAN  DAN PENGEMBANGAN SUMBER DAYA MANUSIA,2,0,3483500,4483500,2,0,0,0
314cd2ae-e5f3-41c2-bac3-9191c6b33c1f,Pemerintah Kab. Sorong Selatan,CPNS,UMUM (NON OAP),PRANATA KOMPUTER AHLI PERTAMA,PEMERINTAH KABUPATEN SORONG SELATAN | SATUAN POLISI PAMONG PRAJA DAN PEMADAM KEBAKARAN,1,0,3483500,4483500,1,0,0,0
33d32c0a-c68f-4f25-9902-98775b1efc26,Pemerintah Kab. Sorong Selatan,CPNS,ORANG ASLI PAPUA (OAP),PRANATA KOMPUTER AHLI PERTAMA,PEMERINTAH KABUPATEN SORONG SELATAN | DINAS KESEHATAN,3,0,3483500,4483500,1,0,0,0
38111c1c-2f01-44d2-b565-a4feefe89a15,Pemerintah Kab. Sorong Selatan,CPNS,UMUM (NON OAP),PRANATA KOMPUTER AHLI PERTAMA,PEMERINTAH KABUPATEN SORONG SELATAN | BADAN PERENCANAAN PEMBANGUNAN DAERAH,1,0,3483500,4483500,1,0,0,0
3d496e74-105a-418d-9a25-4d726edb922f,Pemerintah Kab. Sorong Selatan,CPNS,UMUM (NON OAP),PRANATA KOMPUTER AHLI PERTAMA,PEMERINTAH KABUPATEN SORONG SELATAN | DINAS PEKERJAAN UMUM DAN PERUMAHAN RAKYAT,1,0,3483500,4483500,1,0,0,0
3d9fdc68-506b-4524-be47-ecfebbade192,Pemerintah Kab. Sorong Selatan,CPNS,UMUM (NON OAP),PRANATA KOMPUTER AHLI PERTAMA,PEMERINTAH KABUPATEN SORONG SELATAN | INSPEKTORAT,1,0,3483500,4483500,0,0,0,0
67ca0f83-6772-4a51-a065-561bf5883613,Pemerintah Kab. Sorong Selatan,CPNS,ORANG ASLI PAPUA (OAP),PRANATA KOMPUTER AHLI PERTAMA,PEMERINTAH KABUPATEN SORONG SELATAN | DINAS KELAUTAN DAN PERIKANAN,3,0,3483500,4483500,1,0,0,0
73b98250-349e-453d-b508-17d988dce0da,Pemerintah Kab. Sorong Selatan,CPNS,ORANG ASLI PAPUA (OAP),PRANATA KOMPUTER AHLI PERTAMA,"PEMERINTAH KABUPATEN SORONG SELATAN | DINAS PARIWISATA,PEMUDA DAN OLAHRAGA",3,0,3483500,4483500,4,0,0,0
760baf01-52a7-4a3f-8cb4-36fd5e694e93,Pemerintah Kab. Sorong Selatan,CPNS,UMUM (NON OAP),PRANATA KOMPUTER AHLI PERTAMA,PEMERINTAH KABUPATEN SORONG SELATAN | DINAS KOMUNIKASI DAN INFORMATIKA,2,0,3483500,4483500,0,0,0,0
86605dd3-30a4-451c-bf13-6c929ea8eb39,Pemerintah Kab. Sorong Selatan,CPNS,ORANG ASLI PAPUA (OAP),PRANATA KOMPUTER AHLI PERTAMA,PEMERINTAH KABUPATEN SORONG SELATAN | DINAS PEMBERDAYAAN PEREMPUAN DAN PERLINDUNGAN ANAK,3,0,3483500,4483500,1,0,0,0
8d02e4b6-655e-45c3-af46-c01670b00553,Pemerintah Kab. Sorong Selatan,CPNS,ORANG ASLI PAPUA (OAP),PRANATA KOMPUTER AHLI PERTAMA,PEMERINTAH KABUPATEN SORONG SELATAN | BADAN PENDAPATAN DAERAH,3,0,3483500,4483500,1,0,0,0
99c572c3-97b5-4a89-aefa-3d54a033f3bb,Pemerintah Kab. Sorong Selatan,CPNS,UMUM (NON OAP),PRANATA KOMPUTER AHLI PERTAMA,PEMERINTAH KABUPATEN SORONG SELATAN | BADAN PENANGGULANGAN BENCANA DAERAH,1,0,3483500,4483500,3,0,0,0
b59c53c6-f5d6-44d2-999f-447fdc0053cf,Pemerintah Kab. Sorong Selatan,CPNS,ORANG ASLI PAPUA (OAP),PRANATA KOMPUTER AHLI PERTAMA,PEMERINTAH KABUPATEN SORONG SELATAN | DINAS LINGKUNGAN HIDUP,3,0,3483500,4483500,0,0,0,0
ed25aa80-bdb6-4887-9382-8c3325343471,Pemerintah Kab. Sorong Selatan,CPNS,ORANG ASLI PAPUA (OAP),PRANATA KOMPUTER AHLI PERTAMA,PEMERINTAH KABUPATEN SORONG SELATAN | BADAN LAYANAN UMUM DAERAH RSUD SCHOLOO KEYEN,3,0,3483500,4483500,1,0,0,0
eebece90-d976-476d-a2c6-8e464aea07d5,Pemerintah Kab. Sorong Selatan,CPNS,ORANG ASLI PAPUA (OAP),PRANATA KOMPUTER AHLI PERTAMA,"PEMERINTAH KABUPATEN SORONG SELATAN | BADAN KESATUAN BANGSA, POLITIK DAN PERLINDUNGAN MASYARAKAT",3,0,3483500,4483500,1,0,0,0
f4f093c8-58ad-4ac4-a1bb-60a98c94818d,Pemerintah Kab. Sorong Selatan,CPNS,ORANG ASLI PAPUA (OAP),PRANATA KOMPUTER AHLI PERTAMA,PEMERINTAH KABUPATEN SORONG SELATAN | DINAS TENAGA KERJA DAN TRANSMIGRASI,3,0,3483500,4483500,1,0,0,0
f902e307-1c3e-4e5d-bf32-a432ffe86ecb,Pemerintah Kab. Sorong Selatan,CPNS,UMUM (NON OAP),PRANATA KOMPUTER AHLI PERTAMA,PEMERINTAH KABUPATEN SORONG SELATAN | DINAS PENGENDALIAN PENDUDUK DAN KELUARGA BERENCANA,1,0,3483500,4483500,0,0,0,0
7720edd5-7125-430d-9217-d67c7f819bba,Pemerintah Kab. Sukabumi,CPNS,UMUM,PENATA PERIZINAN AHLI PERTAMA,PEMERINTAH KABUPATEN SUKABUMI                                          | Dinas Penanaman Modal Dan Pelayanan Terpadu Satu Pintu,1,1,2182820,3847317,36,0,0,0
04a1723a-89ac-47e4-ac3b-9ad8d4338c74,Pemerintah Kab. Sukabumi,CPNS,UMUM,PRANATA KOMPUTER AHLI PERTAMA,PEMERINTAH KABUPATEN SUKABUMI                                          | DINAS PERTANIAN | SEKRETARIAT,1,1,2182820,3847317,9,0,0,0
ee594487-7285-4f1f-890c-fc0a7ab18e71,Pemerintah Kab. Sukabumi,CPNS,UMUM,PRANATA KOMPUTER AHLI PERTAMA,PEMERINTAH KABUPATEN SUKABUMI                                          | BADAN PENGELOLA KEUANGAN DAN ASET DAERAH | Bidang Aset,2,1,2182820,3847317,38,0,0,0
9d1220c5-d28d-4392-9d21-d1bfb023a961,Pemerintah Kab. Sukoharjo,CPNS,UMUM,PENERA AHLI PERTAMA,"PEMERINTAH KABUPATEN SUKOHARJO | DINAS KOPERASI, USAHA KECIL DAN MENENGAH DAN PERDAGANGAN | UPTD METROLOGI LEGAL | SUBBAG TU UPTD METROLOGI LEGAL",1,1,4000000,4500000,113,0,0,0
04152099-242a-4e03-8095-cd5bcdeaa30c,Pemerintah Kab. Sumba Barat,CPNS,UMUM,ANALIS KEBAKARAN AHLI PERTAMA,PEMERINTAH KABUPATEN SUMBA BARAT | SATUAN POLISI PAMONG PRAJA DAN PEMADAM KEBAKARAN | BIDANG PEMADAM  KEBAKARAN,3,0,2785700,4575200,2,0,0,0
a7b4cec9-2ed3-4268-b2d5-42ffe525e615,Pemerintah Kab. Sumba Barat,CPNS,UMUM,ANALIS KEBIJAKAN AHLI PERTAMA,PEMERINTAH KABUPATEN SUMBA BARAT | DINAS PERHUBUNGAN | BIDANG LALU LINTAS,2,0,2785700,4575200,1,0,0,0
e9b5288c-7b1a-4316-a022-8da904b1b24f,Pemerintah Kab. Sumba Barat,CPNS,UMUM,ANALIS KEBIJAKAN AHLI PERTAMA,PEMERINTAH KABUPATEN SUMBA BARAT | DINAS PERHUBUNGAN | BIDANG PENGENDALIAN DAN OPERASIONAL,2,0,2785700,4575200,5,0,0,0
18c551b5-c163-4eed-88bb-98635eb66c40,Pemerintah Kab. Sumba Barat,CPNS,UMUM,INSTRUKTUR AHLI PERTAMA,"PEMERINTAH KABUPATEN SUMBA BARAT | DINAS TRANSMIGRASI DAN TENAGA KERJA | BIDANG PENDATAAN, PELATIHAN DAN PENEMPATAN TENAGA KERJA",6,0,2785700,4575200,17,0,0,0
54921f1f-da09-47a0-ad29-50b80e7fef9a,Pemerintah Kab. Sumba Barat,CPNS,UMUM,MANGGALA INFORMATIKA AHLI PERTAMA,"PEMERINTAH KABUPATEN SUMBA BARAT | DINAS KOMUNIKASI DAN INFORMATIKA, PERSANDIAN DAN STATISTIK | BIDANG LAYANAN PEMERINTAH BERBASIS ELEKTRONIK (E-GOV)",1,0,2785700,4575200,0,0,0,0
d6d77d8c-8160-4d9e-9619-07ead4479015,Pemerintah Kab. Sumba Barat,CPNS,UMUM,PENATA PERIZINAN AHLI PERTAMA,PEMERINTAH KABUPATEN SUMBA BARAT | DINAS PENANAMAN MODAL DAN PELAYANAN TERPADU SATU PINTU | KOORDINATOR JABATAN FUNGSIONAL DAN KELOMPOK JABATAN FUNGSIONAL PERIJINAN TERPADU SATU PINTU,4,0,2785700,4575200,9,0,0,0
778939c3-e737-4d19-9a9c-98921591a63e,Pemerintah Kab. Sumba Barat,CPNS,UMUM,PENERA AHLI PERTAMA,"PEMERINTAH KABUPATEN SUMBA BARAT | DINAS KOPERASI, PERINDUSTRIAN DAN PERDAGANGAN | BIDANG PERDAGANGAN",2,0,2785700,4575200,4,0,0,0
0c33fd6e-323a-43f5-913f-2563b03a386b,Pemerintah Kab. Sumba Barat,CPNS,UMUM,PENGAWAS JARINGAN UTILITAS,"PEMERINTAH KABUPATEN SUMBA BARAT | DINAS PERUMAHAN RAKYAT, KAWASAN PERMUKIMAN DAN PERTANAHAN | BIDANG PRASARANA, SARANA DAN UTILITAS UMUM",4,0,2785700,4575200,17,0,0,0
3feccf0a-c38c-450d-9f5b-70b39b1884d2,Pemerintah Kab. Sumba Barat,CPNS,UMUM,PENGAWAS JARINGAN UTILITAS,PEMERINTAH KABUPATEN SUMBA BARAT | DINAS PEKERJAAN UMUM DAN PENATAAN RUANG | UPTD PENGELOLAAN AIR MINUM,3,0,2785700,4575200,12,0,0,0
d79632ea-6028-49df-9062-67cae303f6a1,Pemerintah Kab. Sumba Barat,CPNS,UMUM,PENGAWAS JARINGAN UTILITAS,PEMERINTAH KABUPATEN SUMBA BARAT | DINAS PEKERJAAN UMUM DAN PENATAAN RUANG | BIDANG AIR MINUM DAN PENYEHATAN LINGKUNGAN,2,0,2785700,4575200,4,0,0,0
02c87d97-bd4b-4146-91f9-f5cd449db534,Pemerintah Kab. Sumba Barat,CPNS,UMUM,PENGAWAS PENYELENGGARAAN URUSAN PEMERINTAHAN DAERAH AHLI PERTAMA,PEMERINTAH KABUPATEN SUMBA BARAT | INSPEKTORAT KAB. SUMBA BARAT | INSPEKTUR PEMBANTU WILAYAH V,1,0,2785700,4575200,0,0,0,0
674bce1c-de7f-45d7-b94f-847a20fb05e1,Pemerintah Kab. Sumba Barat,CPNS,UMUM,PENGAWAS PENYELENGGARAAN URUSAN PEMERINTAHAN DAERAH AHLI PERTAMA,PEMERINTAH KABUPATEN SUMBA BARAT | INSPEKTORAT KAB. SUMBA BARAT | INSPEKTUR PEMBANTU WILAYAH III,1,0,2785700,4575200,0,0,0,0
80110326-4ad4-460c-b57e-4c59e1f7659c,Pemerintah Kab. Sumba Barat,CPNS,UMUM,PENGAWAS PENYELENGGARAAN URUSAN PEMERINTAHAN DAERAH AHLI PERTAMA,PEMERINTAH KABUPATEN SUMBA BARAT | INSPEKTORAT KAB. SUMBA BARAT | INSPEKTUR PEMBANTU WILAYAH II,1,0,2785700,4575200,0,0,0,0
2dc304a2-9eb0-4471-9d34-3d87af6acbd4,Pemerintah Kab. Sumba Barat,CPNS,UMUM,PENGGERAK SWADAYA MASYARAKAT AHLI PERTAMA,PEMERINTAH KABUPATEN SUMBA BARAT | DINAS PEMBERDAYAAN MASYARAKAT DAN DESA | BIDANG PEMBERDAYAAN EKONOMI DAN SOSIAL BUDAYA,1,0,2785700,4575200,0,0,0,0
522bd75c-cca9-4493-aced-eac1f7cd9b7a,Pemerintah Kab. Sumba Barat,CPNS,UMUM,PENGGERAK SWADAYA MASYARAKAT AHLI PERTAMA,PEMERINTAH KABUPATEN SUMBA BARAT | DINAS PEMBERDAYAAN MASYARAKAT DAN DESA | BIDANG PEMBERDAYAAN SUMBER DAYA ALAM DAN TEKNOLOGI TEPAT GUNA,1,0,2785700,4575200,2,0,0,0
11c8aaca-97b6-4874-9f76-95e0b0dc5bf5,Pemerintah Kab. Sumba Barat,CPNS,UMUM,PRANATA KOMPUTER AHLI PERTAMA,PEMERINTAH KABUPATEN SUMBA BARAT | SEKRETARIAT DPRD | BAGIAN PERSIDANGAN DAN PERUNDANG-UNDANGAN,1,0,2785700,4575200,0,0,0,0
c177083f-fcd5-49cd-a592-3e695eda847d,Pemerintah Kab. Sumba Barat,CPNS,UMUM,PRANATA KOMPUTER AHLI PERTAMA,PEMERINTAH KABUPATEN SUMBA BARAT | BADAN KEUANGAN DAN ASET DAERAH | BIDANG PERBENDAHARAAN,1,0,2785700,4575200,0,0,0,0
4a226812-3492-48bb-9300-5cce25205de9,Pemerintah Kab. Sumba Barat,CPNS,UMUM,SANDIMAN AHLI PERTAMA,"PEMERINTAH KABUPATEN SUMBA BARAT | DINAS KOMUNIKASI DAN INFORMATIKA, PERSANDIAN DAN STATISTIK | BIDANG TEKNOLOGI DAN INFORMATIKA",1,0,2785700,4575200,0,0,0,0
202f850a-1ec9-41c6-88b2-d80934cf86ea,Pemerintah Kab. Sumba Barat Daya,CPNS,UMUM,ANALIS KEBAKARAN AHLI PERTAMA,PEMERINTAH KABUPATEN SUMBA BARAT DAYA | DINAS PEMADAM KEBAKARAN DAN PENYELAMATAN | BIDANG PEMADAM | SEKSI PEMADAMAN KEBAKARAN,2,0,3300000,5000000,34,0,0,0
323d4164-cc92-43f7-bb5e-bc7f315a98f5,Pemerintah Kab. Sumba Barat Daya,CPNS,UMUM,PENATA PERIZINAN AHLI PERTAMA,PEMERINTAH KABUPATEN SUMBA BARAT DAYA | DINAS PENANAMAN MODAL DAN PELAYANAN TERPADU SATU PINTU,2,0,3300000,5000000,16,0,0,0
7ab182f6-a390-4190-a377-7e0de26933e8,Pemerintah Kab. Sumba Barat Daya,CPNS,UMUM,PENYULUH PERINDUSTRIAN DAN PERDAGANGAN AHLI PERTAMA,PEMERINTAH KABUPATEN SUMBA BARAT DAYA | DINAS PERINDUSTRIAN DAN PERDAGANGAN | BIDANG PERINDUSTRIAN,1,0,3300000,5000000,4,0,0,0
57625796-f89e-4d8f-a275-08da1019278c,Pemerintah Kab. Sumba Barat Daya,CPNS,UMUM,PRANATA KOMPUTER AHLI PERTAMA,"PEMERINTAH KABUPATEN SUMBA BARAT DAYA | BADAN PERENCANAAN PEMBANGUNAN, RISET DAN INOVASI DAERAH | BIDANG PEREKONOMIAN DAN PERDAGANGAN",2,0,3300000,5000000,46,0,0,0
7f387cc7-81d5-49a4-adf4-1cc20d494586,Pemerintah Kab. Sumba Barat Daya,CPNS,UMUM,PRANATA KOMPUTER AHLI PERTAMA,PEMERINTAH KABUPATEN SUMBA BARAT DAYA | BADAN KESATUAN BANGSA DAN POLITIK | BIDANG POLITIK DALAM NEGERI,1,0,3300000,5000000,5,0,0,0
9aa068f1-1322-4aad-910f-9f25d67f0b0e,Pemerintah Kab. Sumba Barat Daya,CPNS,UMUM,PRANATA KOMPUTER AHLI PERTAMA,PEMERINTAH KABUPATEN SUMBA BARAT DAYA | Dinas Komunikasi dan Informatika | Bidang Teknologi Informasi dan Komunikasi,2,0,3300000,5000000,68,0,0,0
525cfcb0-f781-46cb-abbf-d80ac937b468,Pemerintah Kab. Sumba Tengah,CPNS,UMUM,PETUGAS TRANSPORTASI DARAT,PEMERINTAH KABUPATEN SUMBA TENGAH | SEKRETARIAT DAERAH | DINAS PERHUBUNGAN | BIDANG LALU LINTAS DAN ANGKUTAN,5,1,3000000,5000000,9,0,0,0
644fb303-4224-42dd-9590-5d43414184b1,Pemerintah Kab. Sumba Tengah,CPNS,UMUM,PETUGAS TRANSPORTASI DARAT,PEMERINTAH KABUPATEN SUMBA TENGAH | SEKRETARIAT DAERAH | DINAS PERHUBUNGAN | BIDANG PRASARANA DAN KESELAMATAN,10,1,3000000,5000000,30,0,0,0
8a018692915486670191555575951bb0,Pemerintah Kab. Sumba Tengah,CPNS,PENYANDANG DISABILITAS,TEKNISI SARANA DAN PRASARANA,"PEMERINTAH KABUPATEN SUMBA TENGAH | SEKRETARIAT DAERAH | DINAS LINGKUNGAN HIDUP | BIDANG PENGELOLAAN SAMPAH, LIMBAH B3 DAN PENGENDALIAN",2,1,3000000,5000000,0,0,0,0
8a0186929154866701915555b16a1bc7,Pemerintah Kab. Sumba Tengah,CPNS,PENYANDANG DISABILITAS,TEKNISI SARANA DAN PRASARANA,PEMERINTAH KABUPATEN SUMBA TENGAH | SEKRETARIAT DAERAH | DINAS PEKERJAAN UMUM DAN PERUMAHAN RAKYAT | UPTD SPAM AIR,2,1,3000000,5000000,0,0,0,0
8a0186929154866701915556569e1c3d,Pemerintah Kab. Sumba Tengah,CPNS,PENYANDANG DISABILITAS,TEKNISI SARANA DAN PRASARANA,PEMERINTAH KABUPATEN SUMBA TENGAH | SEKRETARIAT DAERAH | DINAS PERHUBUNGAN | BIDANG LALU LINTAS DAN ANGKUTAN | SEKSI LALU LINTAS,1,1,3000000,5000000,0,0,0,0
8a018692915486670191555684191c5a,Pemerintah Kab. Sumba Tengah,CPNS,PENYANDANG DISABILITAS,TEKNISI SARANA DAN PRASARANA,"PEMERINTAH KABUPATEN SUMBA TENGAH | SEKRETARIAT DAERAH | DINAS PERTANIAN DAN KETAHANAN PANGAN | UPTD MEKANISASI, PERBENIHAN DAN PENGENDALIAN ORGANISME PENGGANGGU TANAMAN",1,1,3000000,5000000,0,0,0,0
3adc5361-535f-4301-8706-9942ace08341,Pemerintah Kab. Sumba Tengah,CPNS,UMUM,TEKNISI SARANA DAN PRASARANA,"PEMERINTAH KABUPATEN SUMBA TENGAH | SEKRETARIAT DAERAH | DINAS LINGKUNGAN HIDUP | BIDANG PENGELOLAAN SAMPAH, LIMBAH B3 DAN PENGENDALIAN",8,1,3000000,5000000,7,0,0,0
6531c3b6-4e57-4e79-856e-e849a824ea5e,Pemerintah Kab. Sumba Tengah,CPNS,UMUM,TEKNISI SARANA DAN PRASARANA,PEMERINTAH KABUPATEN SUMBA TENGAH | SEKRETARIAT DAERAH | DINAS PEKERJAAN UMUM DAN PERUMAHAN RAKYAT | UPTD SPAM AIR,8,1,3000000,5000000,10,0,0,0
ce0b0bb4-441d-4e3d-bc15-5bea8d64d4eb,Pemerintah Kab. Sumba Tengah,CPNS,UMUM,TEKNISI SARANA DAN PRASARANA,PEMERINTAH KABUPATEN SUMBA TENGAH | SEKRETARIAT DAERAH | DINAS PERHUBUNGAN | BIDANG LALU LINTAS DAN ANGKUTAN | SEKSI LALU LINTAS,9,1,3000000,5000000,8,0,0,0
d7ab0954-7586-4945-8989-fd87620de8f2,Pemerintah Kab. Sumba Tengah,CPNS,UMUM,TEKNISI SARANA DAN PRASARANA,"PEMERINTAH KABUPATEN SUMBA TENGAH | SEKRETARIAT DAERAH | DINAS PERTANIAN DAN KETAHANAN PANGAN | UPTD MEKANISASI, PERBENIHAN DAN PENGENDALIAN ORGANISME PENGGANGGU TANAMAN",9,1,3000000,5000000,10,0,0,0
75500fa3-09d1-4903-bfcb-3c6a65c39d90,Pemerintah Kab. Sumba Timur,CPNS,UMUM,ANALIS PERDAGANGAN AHLI PERTAMA,PEMERINTAH KABUPATEN SUMBA TIMUR | DINAS PERDAGANGAN DAN PERINDUSTRIAN,1,1,2700000,4500000,7,0,0,0
ba8290ce-a496-4ef5-9129-fcf1dc417558,Pemerintah Kab. Sumba Timur,CPNS,UMUM,ARSIPARIS AHLI PERTAMA,PEMERINTAH KABUPATEN SUMBA TIMUR | BADAN KEPEGAWAIAN DAN PENGEMBANGAN SDM DAERAH,2,1,2700000,4500000,24,0,0,0
ea3a7c8f-41ac-4acb-8aed-124bfb0994a7,Pemerintah Kab. Sumba Timur,CPNS,UMUM,PEMBINA JASA KONSTRUKSI AHLI PERTAMA,PEMERINTAH KABUPATEN SUMBA TIMUR | DINAS PEKERJAAN UMUM DAN PENATAAN RUANG,2,0,2700000,4500000,5,0,0,0
8a02848f91375f9e01913a99f4f00386,Pemerintah Kab. Sumba Timur,CPNS,PENYANDANG DISABILITAS,PENATA PERIZINAN AHLI PERTAMA,PEMERINTAH KABUPATEN SUMBA TIMUR | DINAS PENANAMAN MODAL DAN PELAYANAN TERPADU SATU PINTU,1,1,2700000,4500000,0,0,0,0
666a0601-f66d-4706-a03b-b4bee31ec4ff,Pemerintah Kab. Sumba Timur,CPNS,UMUM,PENATA PERIZINAN AHLI PERTAMA,PEMERINTAH KABUPATEN SUMBA TIMUR | DINAS PENANAMAN MODAL DAN PELAYANAN TERPADU SATU PINTU,2,1,2700000,4500000,13,0,0,0
8a02848f91375f9e01913c5ee33f05e9,Pemerintah Kab. Sumba Timur,CPNS,PENYANDANG DISABILITAS,PENGELOLA PENGADAAN BARANG/JASA AHLI PERTAMA,PEMERINTAH KABUPATEN SUMBA TIMUR | SEKRETARIAT DAERAH | ASISTEN PEREKONOMIAN DAN PEMBANGUNAN | BAGIAN PENGADAAN BARANG DAN JASA,1,1,2700000,4500000,1,0,0,0
8b89fda3-1fa6-45ff-833b-2e3d0886f9a6,Pemerintah Kab. Sumba Timur,CPNS,UMUM,PENGELOLA PENGADAAN BARANG/JASA AHLI PERTAMA,PEMERINTAH KABUPATEN SUMBA TIMUR | SEKRETARIAT DAERAH | ASISTEN PEREKONOMIAN DAN PEMBANGUNAN | BAGIAN PENGADAAN BARANG DAN JASA,7,1,2700000,4500000,249,0,0,0
23360602-0a84-49b6-94e9-7f512f58c7dd,Pemerintah Kab. Sumba Timur,CPNS,UMUM,PENGUJI MUTU BARANG AHLI PERTAMA,PEMERINTAH KABUPATEN SUMBA TIMUR | DINAS PERDAGANGAN DAN PERINDUSTRIAN,1,0,2700000,4500000,3,0,0,0
03e013f1-c8cb-4488-8835-a0c6ae1b5ea7,Pemerintah Kab. Sumba Timur,CPNS,UMUM,PRANATA KOMPUTER AHLI PERTAMA,PEMERINTAH KABUPATEN SUMBA TIMUR | DINAS PERPUSTAKAAN DAN KEARSIPAN,1,1,2700000,4500000,8,0,0,0
5271ad24-1917-4a13-a6ca-f5a17d38ef8f,Pemerintah Kab. Sumba Timur,CPNS,UMUM,PRANATA KOMPUTER AHLI PERTAMA,PEMERINTAH KABUPATEN SUMBA TIMUR | DINAS KESEHATAN,2,1,2700000,4500000,15,0,0,0
c9550b2b-0a3a-4509-af1f-dfa1c589ad20,Pemerintah Kab. Sumba Timur,CPNS,UMUM,PRANATA KOMPUTER AHLI PERTAMA,PEMERINTAH KABUPATEN SUMBA TIMUR | DINAS PEMBERDAYAAN MASYARAKAT DAN DESA,1,1,2700000,4500000,4,0,0,0
f442fedb-86e1-43b4-a81a-06d7334cd415,Pemerintah Kab. Sumba Timur,CPNS,UMUM,PRANATA KOMPUTER AHLI PERTAMA,PEMERINTAH KABUPATEN SUMBA TIMUR | DINAS KEPENDUDUKAN DAN PENCATATAN SIPIL,2,1,2700000,4500000,32,0,0,0
5f0244bb-c63f-4ace-9c32-f2f0749eae59,Pemerintah Kab. Sumbawa,CPNS,UMUM,ANALIS KEBAKARAN AHLI PERTAMA,Pemerintah Kabupaten Sumbawa | Dinas Pemadam Kebakaran Dan Penyelamatan | BIDANG OPERASI DAN PENGENDALIAN | SEKSI PENGENDALIAN DAN PEMULIHAN,2,0,3000000,5000000,89,0,0,0
31f8a707-a776-4821-9131-c1c2ff93f02e,Pemerintah Kab. Sumbawa,CPNS,UMUM,ANALIS KEBIJAKAN AHLI PERTAMA,Pemerintah Kabupaten Sumbawa | Sekretariat Daerah | Asisten Perekonomian dan Pembangunan | Bagian Administrasi Pembangunan,2,0,3000000,5000000,59,0,0,0
8a02826391606efe0191609c065814cf,Pemerintah Kab. Sumbawa,CPNS,PENYANDANG DISABILITAS,PERENCANA AHLI PERTAMA,"Pemerintah Kabupaten Sumbawa | Badan Perencanaan, Penelitian Dan Pengembangan Daerah | BIDANG PEMERINTAHAN DAN PEMBANGUNAN MANUSIA",1,1,3000000,5000000,0,0,0,0
271cd29f-ea08-49a8-89e2-9b47639982cd,Pemerintah Kab. Sumbawa,CPNS,UMUM,PERENCANA AHLI PERTAMA,"Pemerintah Kabupaten Sumbawa | Badan Perencanaan, Penelitian Dan Pengembangan Daerah | BIDANG PEMERINTAHAN DAN PEMBANGUNAN MANUSIA",1,0,3000000,5000000,15,0,0,0
e1aab87b-8c97-499b-8803-b900211b83d9,Pemerintah Kab. Sumbawa,CPNS,UMUM,PERENCANA AHLI PERTAMA,"Pemerintah Kabupaten Sumbawa | Badan Perencanaan, Penelitian Dan Pengembangan Daerah | SEKRETARIAT",2,0,3000000,5000000,76,0,0,0
f3eef0d7-adcb-4197-bdc3-ab8c05320889,Pemerintah Kab. Sumbawa Barat,CPNS,UMUM,MANGGALA INFORMATIKA AHLI PERTAMA,Pemerintah Kab. Sumbawa Barat | DINAS KOMUNIKASI DAN INFORMATIKA | BIDANG STATISTIK DAN PERSANDIAN | SEKSI PERSANDIAN,1,1,3000000,6000000,33,0,0,0
94f7e1f4-4d75-4b28-95e2-99fb2ec6e863,Pemerintah Kab. Sumbawa Barat,CPNS,UMUM,PENYULUH PERINDUSTRIAN DAN PERDAGANGAN AHLI PERTAMA,Pemerintah Kab. Sumbawa Barat | DINAS KOPERASI PERINDUSTRIAN DAN PERDAGANGAN | BIDANG PERINDUSTRIAN,1,1,3000000,6000000,38,0,0,0
8a0384b491502874019150343ceb03d4,Pemerintah Kab. Sumbawa Barat,CPNS,PENYANDANG DISABILITAS,SANDIMAN AHLI PERTAMA,Pemerintah Kab. Sumbawa Barat | DINAS KOMUNIKASI DAN INFORMATIKA | BIDANG STATISTIK DAN PERSANDIAN | SEKSI PERSANDIAN,1,1,2400000,6000000,0,0,0,0
36c38e88-3c3d-46d5-8b96-cfa74897fb6a,Pemerintah Kab. Sumbawa Barat,CPNS,UMUM,SANDIMAN AHLI PERTAMA,Pemerintah Kab. Sumbawa Barat | DINAS KOMUNIKASI DAN INFORMATIKA | BIDANG STATISTIK DAN PERSANDIAN | SEKSI PERSANDIAN,2,1,2400000,6000000,32,0,0,0
5a75a25e-7b42-434a-9784-7f8fd508935e,Pemerintah Kab. Tana Tidung,CPNS,UMUM,MANGGALA INFORMATIKA AHLI PERTAMA,PEMERINTAH KABUPATEN TANA TIDUNG | DINAS KOMUNIKASI DAN INFORMATIKA | BIDANG TEKNOLOGI INFORMATIKA,1,0,2000000,8000000,18,0,0,0
5bc31844-911a-4216-98ff-8163352b3ac8,Pemerintah Kab. Tana Tidung,CPNS,UMUM,PEMBINA JASA KONSTRUKSI AHLI PERTAMA,"PEMERINTAH KABUPATEN TANA TIDUNG | DINAS PEKERJAAN UMUM, PENATAAN RUANG, PERUMAHAN DAN  KAWASAN PEMUKIMAN | BIDANG CIPTA KARYA DAN JASA KONSTRUKSI",1,0,2000000,8000000,18,0,0,0
a4547041-3706-4220-b9c4-39335dfb74ed,Pemerintah Kab. Tana Tidung,CPNS,UMUM,PENATA KELOLA BANGUNAN GEDUNG DAN KAWASAN PERMUKIMAN AHLI PERTAMA,"PEMERINTAH KABUPATEN TANA TIDUNG | DINAS PEKERJAAN UMUM, PENATAAN RUANG, PERUMAHAN DAN  KAWASAN PEMUKIMAN | BIDANG CIPTA KARYA DAN JASA KONSTRUKSI",1,0,2000000,8000000,9,0,0,0
62461898-12d3-48e1-88f5-9d3b5a0a14c3,Pemerintah Kab. Tana Tidung,CPNS,UMUM,PENGAWAS PENYELENGGARAAN URUSAN PEMERINTAHAN DAERAH AHLI PERTAMA,PEMERINTAH KABUPATEN TANA TIDUNG | INSPEKTORAT | INSPEKTUR PEMBANTU BIDANG INVESTIGASI DAN PENGADUAN MASYARAKAT,1,0,2000000,8000000,29,0,0,0
49f186b8-11dc-4b26-aa46-0569e66873cf,Pemerintah Kab. Tana Tidung,CPNS,UMUM,TEKNISI SARANA DAN PRASARANA,"PEMERINTAH KABUPATEN TANA TIDUNG | DINAS PEKERJAAN UMUM, PENATAAN RUANG, PERUMAHAN DAN  KAWASAN PEMUKIMAN | BIDANG SUMBER DAYA AIR",1,0,2000000,8000000,31,0,0,0
c831b673-dacd-41f5-9917-0831520cfc9a,Pemerintah Kab. Tana Toraja,CPNS,UMUM,ARSIPARIS AHLI PERTAMA,Pemerintah Kabupaten Tana Toraja | Dinas Perpustakaan dan Kearsipan | Bidang Kearsipan,1,1,2785700,4747400,21,0,0,0
8a01869291548667019154b38f3e246a,Pemerintah Kab. Tana Toraja,CPNS,PENYANDANG DISABILITAS,PENATA PERIZINAN AHLI PERTAMA,Pemerintah Kabupaten Tana Toraja | Dinas Penanaman Modal dan Pelayanan Terpadu Satu Pintu,1,1,2785700,4747400,0,0,0,0
cb756502-f7ee-436d-8ed6-95c6dd8fe781,Pemerintah Kab. Tana Toraja,CPNS,UMUM,PENATA PERIZINAN AHLI PERTAMA,Pemerintah Kabupaten Tana Toraja | Dinas Penanaman Modal dan Pelayanan Terpadu Satu Pintu,1,1,2785700,4747400,22,0,0,0
fac9268f-5a91-44fe-b5b7-b3a15d2766f3,Pemerintah Kab. Tana Toraja,CPNS,UMUM,PENGAWAS JARINGAN UTILITAS,"Pemerintah Kabupaten Tana Toraja | Dinas Perumahan Rakyat dan Kawasan Pemukiman | Bidang Prasarana, Sarana dan Utilitas Umum Kawasan Pemukiman",2,1,2785700,4747400,26,0,0,0
8a01869291548667019154b441ba25b4,Pemerintah Kab. Tana Toraja,CPNS,PENYANDANG DISABILITAS,PENGAWAS PENYELENGGARAAN URUSAN PEMERINTAHAN DAERAH AHLI PERTAMA,Pemerintah Kabupaten Tana Toraja | Inspektorat Daerah | Inspektur Pembantu Wilayah I,1,1,2785700,4747400,1,0,0,0
8a01869291548667019154b4ca2a265c,Pemerintah Kab. Tana Toraja,CPNS,PENYANDANG DISABILITAS,PENGAWAS PENYELENGGARAAN URUSAN PEMERINTAHAN DAERAH AHLI PERTAMA,Pemerintah Kabupaten Tana Toraja | Inspektorat Daerah | Inspektur Pembantu Wilayah II,1,1,2785700,4747400,0,0,0,0
bc27df69-4187-4696-843b-eb5428226858,Pemerintah Kab. Tana Toraja,CPNS,UMUM,PENGAWAS PENYELENGGARAAN URUSAN PEMERINTAHAN DAERAH AHLI PERTAMA,Pemerintah Kabupaten Tana Toraja | Inspektorat Daerah | Inspektur Pembantu Wilayah I,4,1,2785700,4747400,99,0,0,0
ca27687b-d604-417d-9916-4ea20128ed36,Pemerintah Kab. Tana Toraja,CPNS,UMUM,PENGAWAS PENYELENGGARAAN URUSAN PEMERINTAHAN DAERAH AHLI PERTAMA,Pemerintah Kabupaten Tana Toraja | Inspektorat Daerah | Inspektur Pembantu Wilayah II,4,1,2785700,4747400,79,0,0,0
1b961cc5-bd56-41ab-9012-aa6f3b31bb64,Pemerintah Kab. Tanah Bumbu,CPNS,UMUM,INSTRUKTUR AHLI PERTAMA,PEMERINTAH KAB. TANAH BUMBU | DINAS TENAGA KERJA DAN TRANSMIGRASI | BALAI LATIHAN KERJA,1,0,2900000,4800000,9,0,0,0
8f20a875-b9ce-443a-a520-7154df039f53,Pemerintah Kab. Tanah Bumbu,CPNS,UMUM,SANDIMAN AHLI PERTAMA,"PEMERINTAH KAB. TANAH BUMBU | DINAS KOMUNIKASI, INFORMATIKA, STATISTIK DAN PERSANDIAN | BIDANG STATISTIK DAN PERSANDIAN",1,0,2900000,4800000,13,0,0,0
5b653e76-cad1-4992-8eec-a13a2fa0135b,Pemerintah Kab. Tangerang,CPNS,UMUM,ANALIS KEBAKARAN AHLI PERTAMA,PEMERINTAH KAB. TANGERANG | BADAN PENANGGULANGAN BENCANA DAERAH | BIDANG PEMADAMAN DAN PENYELAMATAN,2,1,2857700,10912725,219,0,0,0
36db325c-2225-4c74-bc5f-9d02063f822a,Pemerintah Kab. Tangerang,CPNS,UMUM,KONSULTAN INDUSTRI,PEMERINTAH KAB. TANGERANG | DINAS PERINDUSTRIAN DAN PERDAGANGAN | BIDANG PEMBANGUNAN SUMBER DAYA INDUSTRI,1,1,2857700,10912725,132,0,0,0
2492c9c2-1309-45a7-9769-48376b4b46bb,Pemerintah Kab. Tangerang,CPNS,UMUM,PENGAWAS PENYELENGGARAAN URUSAN PEMERINTAHAN DAERAH AHLI PERTAMA,PEMERINTAH KAB. TANGERANG | INSPEKTORAT | INSPEKTUR PEMBANTU V,2,1,2857700,10912725,29,0,0,0
5ac64db4-f081-400d-84f4-d7186bd6ce40,Pemerintah Kab. Tangerang,CPNS,UMUM,PENGAWAS PENYELENGGARAAN URUSAN PEMERINTAHAN DAERAH AHLI PERTAMA,PEMERINTAH KAB. TANGERANG | INSPEKTORAT | INSPEKTUR PEMBANTU I,4,1,2857700,10912725,367,0,0,0
6134e11d-4e50-4cb2-b510-6b814e87a6d0,Pemerintah Kab. Tangerang,CPNS,UMUM,PENGAWAS PENYELENGGARAAN URUSAN PEMERINTAHAN DAERAH AHLI PERTAMA,PEMERINTAH KAB. TANGERANG | INSPEKTORAT | INSPEKTUR PEMBANTU II,4,1,2857700,10912725,401,0,0,0
8a0186cc9159ace501915a2ec02b47af,Pemerintah Kab. Tangerang,CPNS,PENYANDANG DISABILITAS,PRANATA KOMPUTER AHLI PERTAMA,PEMERINTAH KAB. TANGERANG | DINAS KOMUNIKASI DAN INFORMATIKA | BIDANG INFORMASI DAN KOMUNIKASI PUBLIK,1,1,2857700,10912725,3,0,0,0
54dce827-e558-4de1-aeb1-ec75a4a237be,Pemerintah Kab. Tangerang,CPNS,UMUM,PRANATA KOMPUTER AHLI PERTAMA,PEMERINTAH KAB. TANGERANG | DINAS KOMUNIKASI DAN INFORMATIKA | BIDANG PENGELOLAAN APLIKASI INFORMATIKA,1,1,2857700,10912725,46,0,0,0
69ab7acc-494e-4cb8-8e1f-cde5c6d5f00f,Pemerintah Kab. Tangerang,CPNS,UMUM,PRANATA KOMPUTER AHLI PERTAMA,PEMERINTAH KAB. TANGERANG | DINAS KOMUNIKASI DAN INFORMATIKA | BIDANG INFORMASI DAN KOMUNIKASI PUBLIK,1,1,2857700,10912725,62,0,0,0
822a9f09-19e7-4121-b1c2-44e207f1bdc5,Pemerintah Kab. Tanggamus,CPNS,UMUM,ANALIS KEBAKARAN AHLI PERTAMA,PEMERINTAH KABUPATEN TANGGAMUS | DINAS PEMADAM KEBAKARAN DAN PENYELAMATAN | BIDANG PENCEGAHAN DINAS PEMADAM KEBAKARAN DAN PENYELAMATAN,1,1,2700000,4500000,2,0,0,0
1a52cb18-8d75-4127-b12a-4eb53b126a20,Pemerintah Kab. Tanjung Jabung Barat,CPNS,UMUM,ANALIS KEBAKARAN AHLI PERTAMA,PEMERINTAH KABUPATEN TANJUNG JABUNG BARAT | DINAS PEMADAM KEBAKARAN DAN PENYELAMATAN | BIDANG PENCEGAHAN,2,0,2000000,5000000,49,0,0,0
9cba0f4f-00bd-43d0-9a51-a462d6ac8dcb,Pemerintah Kab. Tanjung Jabung Timur,CPNS,UMUM,PENATA KELOLA PENANAMAN MODAL AHLI PERTAMA,PEMERINTAH KABUPATEN TANJUNG JABUNG TIMUR | DINAS PENANAMAN MODAL DAN PELAYANAN TERPADU SATU PINTU | BIDANG PEMBINAAN DAN PENGENDALIAN,1,0,2000000,5000000,18,0,0,0
ae9ae936-db43-4dfe-8ddf-a628ebcd01d5,Pemerintah Kab. Tanjung Jabung Timur,CPNS,UMUM,PENATA KELOLA PENANAMAN MODAL AHLI PERTAMA,PEMERINTAH KABUPATEN TANJUNG JABUNG TIMUR | DINAS PENANAMAN MODAL DAN PELAYANAN TERPADU SATU PINTU | BIDANG PENGEMBANGAN,1,0,2000000,5000000,19,0,0,0
6318e1b8-6175-4033-b5f6-cd9aa52a31bf,Pemerintah Kab. Tanjung Jabung Timur,CPNS,UMUM,PENGAWAS PENYELENGGARAAN URUSAN PEMERINTAHAN DAERAH AHLI PERTAMA,PEMERINTAH KABUPATEN TANJUNG JABUNG TIMUR | INSPEKTORAT DAERAH | INSPEKTUR PEMBANTU KHUSUS,1,0,2000000,5000000,13,0,0,0
e565f497-27fb-43de-bc6c-dca1170875ca,Pemerintah Kab. Tanjung Jabung Timur,CPNS,UMUM,PENGAWAS PENYELENGGARAAN URUSAN PEMERINTAHAN DAERAH AHLI PERTAMA,PEMERINTAH KABUPATEN TANJUNG JABUNG TIMUR | INSPEKTORAT DAERAH | IRBAN WILAYAH IV,1,0,2000000,5000000,14,0,0,0
1fefdcc3-c26f-46cb-b0fd-7860cb1e4ffb,Pemerintah Kab. Tanjung Jabung Timur,CPNS,UMUM,PENGELOLA PENGADAAN BARANG/JASA AHLI PERTAMA,PEMERINTAH KABUPATEN TANJUNG JABUNG TIMUR | SEKRETARIAT DAERAH | ASISTEN PEREKONOMIAN DAN PEMBANGUNAN | BAGIAN PENGADAAN BARANG DAN JASA,1,0,2000000,5000000,141,0,0,0
90ade3e3-9e4f-4418-a5a5-7e30ac895567,Pemerintah Kab. Tapanuli Selatan,CPNS,UMUM,PENATA KELOLA BANGUNAN GEDUNG DAN KAWASAN PERMUKIMAN AHLI PERTAMA,Pemerintah Kabupaten Tapanuli Selatan | DINAS PEKERJAAN UMUM DAN PENATAAN RUANG DAERAH | BIDANG CIPTA KARYA,1,1,2785700,5261500,5,0,0,0
6c2ea479-e2b2-49e6-9d5e-b599c3c511eb,Pemerintah Kab. Tapanuli Selatan,CPNS,UMUM,PENILAI PEMERINTAH AHLI PERTAMA,"Pemerintah Kabupaten Tapanuli Selatan | BADAN PENGELOLA KEUANGAN, PENDAPATAN DAN ASET DAERAH | BIDANG ASET DAERAH",2,1,2785700,5261500,10,0,0,0
776b453d-9176-4df6-b462-71915c6e412d,Pemerintah Kab. Tapanuli Selatan,CPNS,UMUM,PRANATA KOMPUTER AHLI PERTAMA,Pemerintah Kabupaten Tapanuli Selatan | BADAN PERENCANAAN PEMBANGUNAN DAERAH | SEKRETARIAT,1,1,2785700,5261500,3,0,0,0
6fb4d7a1-1875-48b1-a17f-02b367b6efeb,Pemerintah Kab. Tapanuli Selatan,CPNS,UMUM,SURVEYOR PEMETAAN AHLI PERTAMA,Pemerintah Kabupaten Tapanuli Selatan | DINAS PERUMAHAN RAKYAT DAN KAWASAN PERMUKIMAN DAERAH | BIDANG PERTANAHAN,1,1,2785700,5261500,9,0,0,0
ae5e0ef2-bff0-4b5e-a056-1efcf13beb44,Pemerintah Kab. Tapanuli Selatan,CPNS,UMUM,TEKNISI SARANA DAN PRASARANA,Pemerintah Kabupaten Tapanuli Selatan | SEKRETARIAT DAERAH | ASISTEN ADMINISTRASI UMUM | BAGIAN UMUM,4,1,2785700,5261500,139,0,0,0
28d3bbe3-7b81-4b73-bb33-b30803be77a7,Pemerintah Kab. Tapin,CPNS,UMUM,INSTRUKTUR AHLI PERTAMA,PEMERINTAH KABUPATEN TAPIN | DINAS TENAGA KERJA | UNIT PELAKSANA TEKNIS BALAI LATIHAN KERJA,2,1,2800000,4300000,10,0,0,0
4b83736b-4234-4f85-9620-7c2ec36d05f8,Pemerintah Kab. Tapin,CPNS,UMUM,PENERA AHLI PERTAMA,PEMERINTAH KABUPATEN TAPIN | DINAS PERDAGANGAN | BIDANG KEMETROLOGI DAN PENGAWASAN PERDAGANGAN,2,1,2800000,4300000,33,0,0,0
1f348152-2d8d-4bbf-9162-460639514fee,Pemerintah Kab. Tapin,CPNS,UMUM,TEKNISI SARANA DAN PRASARANA,PEMERINTAH KABUPATEN TAPIN | SEKRETARIAT DAERAH | ASISTEN ADMINISTRASI UMUM | BAGIAN PERLENGKAPAN DAN RUMAH TANGGA,1,1,2800000,4300000,4,0,0,0
60c1658c-fc05-4604-9a4e-03b7e2f80549,Pemerintah Kab. Tapin,CPNS,UMUM,TEKNISI SARANA DAN PRASARANA,PEMERINTAH KABUPATEN TAPIN | RUMAH SAKIT UMUM DAERAH DATU SANGGUL | BIDANG PENUNJANG | SEKSI PENUNJANG NON MEDIK,2,1,2800000,4300000,18,0,0,0
f1e03844-cf8a-4498-8c3e-10d8344a3512,Pemerintah Kab. Tapin,CPNS,UMUM,TEKNISI SARANA DAN PRASARANA,PEMERINTAH KABUPATEN TAPIN | DINAS PERHUBUNGAN | BIDANG PRASARANA | SEKSI PENGOPERASIAN DAN PERAWATAN PRASARANA,1,1,2800000,4300000,5,0,0,0
5b40343c-f812-4041-b1cc-f362e7acbd2e,Pemerintah Kab. Tebo,CPNS,UMUM,PENATA KELOLA BANGUNAN GEDUNG DAN KAWASAN PERMUKIMAN AHLI PERTAMA,"Pemerintah Kabupaten Tebo | Dinas Perumahan dan Kawasan Pemukiman | Bidang Prasarana, Sarana dan Utilitas Umum",2,1,2785700,3465700,18,0,0,0
46b4ac59-e048-4b2d-b16c-32f57f921946,Pemerintah Kab. Tebo,CPNS,UMUM,PENATA KELOLA PENYEHATAN LINGKUNGAN AHLI PERTAMA,Pemerintah Kabupaten Tebo | Dinas Pekerjaan Umum dan Penataan Ruang | Bidang Cipta Karya,2,1,2785700,3465778,18,0,0,0
3b5b2c36-04cd-4917-8b7f-2cbc1cfa411d,Pemerintah Kab. Tebo,CPNS,UMUM,PENGAWAS PERDAGANGAN AHLI PERTAMA,"Pemerintah Kabupaten Tebo | Dinas Perindustrian, Perdagangan, Koperasi, Usaha Kecil dan Menengah | Bidang Perdagangan",2,1,2785700,3465778,57,0,0,0
167b01fc-8f4a-43b1-a35f-ef6c543a2562,Pemerintah Kab. Tebo,CPNS,UMUM,PENILAI PEMERINTAH AHLI PERTAMA,Pemerintah Kabupaten Tebo | Badan Keuangan Daerah | Bidang Aset,1,1,2785700,3465778,11,0,0,0
839fc372-77ce-4f9c-a960-5ba7cf754140,Pemerintah Kab. Tebo,CPNS,UMUM,PENYULUH PERINDUSTRIAN DAN PERDAGANGAN AHLI PERTAMA,"Pemerintah Kabupaten Tebo | Dinas Perindustrian, Perdagangan, Koperasi, Usaha Kecil dan Menengah | Bidang Perindustrian",1,1,2785700,3465778,10,0,0,0
8a03849a9149c64e01914a9629d353db,Pemerintah Kab. Tebo,CPNS,PENYANDANG DISABILITAS,PERENCANA AHLI PERTAMA,"Pemerintah Kabupaten Tebo | Badan Perencanaan Pembangunan Daerah dan Penelitian, Pengembangan | Bidang Perekonomian",1,1,2785700,3465778,2,0,0,0
0276f94d-ae61-46fa-9053-eb1ded968c59,Pemerintah Kab. Tebo,CPNS,UMUM,PERENCANA AHLI PERTAMA,"Pemerintah Kabupaten Tebo | Badan Perencanaan Pembangunan Daerah dan Penelitian, Pengembangan | Bidang Perencanaan, Evaluasi, Penelitian dan Pengembangan",1,1,2785700,3465700,46,0,0,0
1ffd705d-f12d-48e7-b499-34bc016d7508,Pemerintah Kab. Tebo,CPNS,UMUM,PERENCANA AHLI PERTAMA,"Pemerintah Kabupaten Tebo | Badan Perencanaan Pembangunan Daerah dan Penelitian, Pengembangan | Bidang Perekonomian",1,1,2785700,3465778,35,0,0,0
63198d91-7f56-4eda-a5e8-4f0645c7f686,Pemerintah Kab. Tebo,CPNS,UMUM,PERENCANA AHLI PERTAMA,Pemerintah Kabupaten Tebo | Dinas Perkebunan dan Peternakan | Sekretariat Dinas Perkebunan dan Peternakan,1,1,2785700,3465780,20,0,0,0
c0c8023f-e90e-4182-8df8-b76bc8952c17,Pemerintah Kab. Tebo,CPNS,UMUM,PRANATA HUBUNGAN MASYARAKAT AHLI PERTAMA,Pemerintah Kabupaten Tebo | Sekretariat DPRD | Bagian Persidangan dan Perundang-Undangan,1,1,2785700,3465778,60,0,0,0
4a607bb2-5d74-4cfd-bc3a-50c6b73884a0,Pemerintah Kab. Tebo,CPNS,UMUM,PRANATA KOMPUTER AHLI PERTAMA,Pemerintah Kabupaten Tebo | Dinas Komunikasi dan Informatika | Bidang Persandian dan Statistik,2,1,2785700,3465700,17,0,0,0
9601264f-0d49-4be3-b374-7092a13c9a1c,Pemerintah Kab. Tebo,CPNS,UMUM,PRANATA KOMPUTER AHLI PERTAMA,Pemerintah Kabupaten Tebo | Dinas Ketahanan Pangan dan Perikanan | Bidang Ketahanan Pangan,1,1,2785700,3465700,4,0,0,0
99a49719-c841-45c0-8058-98e35305b821,Pemerintah Kab. Tebo,CPNS,UMUM,PRANATA KOMPUTER AHLI PERTAMA,Pemerintah Kabupaten Tebo | Dinas Tanaman Pangan dan Hortikultura | Bidang Tanaman Pangan,1,1,2785700,3465700,1,0,0,0
ae9f9b69-a136-4ce2-a1d6-ea9048226f73,Pemerintah Kab. Tebo,CPNS,UMUM,PRANATA KOMPUTER AHLI PERTAMA,"Pemerintah Kabupaten Tebo | Badan Kepegawaian dan Pengembangan Sumber Daya Manusia | Bidang Pengadaan, Pembinaan dan Penilaian Kinerja Aparatur",1,1,2785700,3465778,2,0,0,0
f60b503c-cacb-4e16-9149-9614ef5da6ca,Pemerintah Kab. Tebo,CPNS,UMUM,PRANATA KOMPUTER AHLI PERTAMA,"Pemerintah Kabupaten Tebo | Badan Kepegawaian dan Pengembangan Sumber Daya Manusia | Bidang Mutasi, Informasi, Pengembangan Karir dan Kompetensi",1,1,2785700,3500000,3,0,0,0
df522be0-ca8c-495e-a480-538814f6898f,Pemerintah Kab. Tebo,CPNS,UMUM,SANDIMAN AHLI PERTAMA,Pemerintah Kabupaten Tebo | Dinas Komunikasi dan Informatika | Bidang Persandian dan Statistik,2,1,2785700,3465700,11,0,0,0
f59da9f4-cbc3-4c5f-b504-1e8f596fabbf,Pemerintah Kab. Teluk Bintuni,CPNS,ORANG ASLI PAPUA (OAP),PEMBINA JASA KONSTRUKSI AHLI PERTAMA,Pemerintah Kabupaten Teluk Bintuni | DINAS PEKERJAAN UMUM DAN PENATAAN RUANG,2,0,3483500,4483500,11,0,0,0
8a0284b99173225701919709b9664b1a,Pemerintah Kab. Teluk Bintuni,CPNS,ORANG ASLI PAPUA (OAP),PRANATA KOMPUTER AHLI PERTAMA,Pemerintah Kabupaten Teluk Bintuni | BADAN KEPEGAWAIAN PENDIDIKAN DAN PELATIHAN KAB. TELUK BINTUNI,2,0,3483500,4483500,0,0,0,0
8a0284b9917322570191971095374ce6,Pemerintah Kab. Teluk Bintuni,CPNS,ORANG ASLI PAPUA (OAP),PRANATA KOMPUTER AHLI PERTAMA,Pemerintah Kabupaten Teluk Bintuni | BADAN PENANGGULANGAN BENCANA DAERAH,3,0,3483500,4483500,0,0,0,0
8a0284b9917322570191971ff2094e07,Pemerintah Kab. Teluk Bintuni,CPNS,ORANG ASLI PAPUA (OAP),PRANATA KOMPUTER AHLI PERTAMA,Pemerintah Kabupaten Teluk Bintuni | Badan Pengelolaan Keuangan Dan Asset Daerah,2,0,3483500,4483500,0,0,0,0
8a0284b9917322570191977245965305,Pemerintah Kab. Teluk Bintuni,CPNS,ORANG ASLI PAPUA (OAP),PRANATA KOMPUTER AHLI PERTAMA,"Pemerintah Kabupaten Teluk Bintuni | BADAN PERENCANAAN PEMBANGUNAN, PENELITIAN DAN PENGEMBANGAN DAERAH",3,0,3483500,4483500,1,0,0,0
8a0284b991732257019197805b3b539e,Pemerintah Kab. Teluk Bintuni,CPNS,ORANG ASLI PAPUA (OAP),PRANATA KOMPUTER AHLI PERTAMA,Pemerintah Kabupaten Teluk Bintuni | DINAS KEPENDUDUKAN DAN PENCATATAN SIPIL,3,0,3483500,4483500,0,0,0,0
8a0284b9917322570191978a612d543a,Pemerintah Kab. Teluk Bintuni,CPNS,ORANG ASLI PAPUA (OAP),PRANATA KOMPUTER AHLI PERTAMA,Pemerintah Kabupaten Teluk Bintuni | Dinas Kesehatan,2,0,3483500,4483500,0,0,0,0
8a038450919cdb3c0191a1b5c2a204af,Pemerintah Kab. Teluk Bintuni,CPNS,UMUM (NON OAP),PRANATA KOMPUTER AHLI PERTAMA,Pemerintah Kabupaten Teluk Bintuni | SEKRETARIAT DPRD,1,0,3483500,4483500,3,0,0,0
8a038450919cdb3c0191a1b9990d04d3,Pemerintah Kab. Teluk Bintuni,CPNS,UMUM (NON OAP),PRANATA KOMPUTER AHLI PERTAMA,Pemerintah Kabupaten Teluk Bintuni | SEKRETARIAT DAERAH,1,0,3483500,4483500,2,0,0,0
8a038450919cdb3c0191a1bf857d04f2,Pemerintah Kab. Teluk Bintuni,CPNS,UMUM (NON OAP),PRANATA KOMPUTER AHLI PERTAMA,Pemerintah Kabupaten Teluk Bintuni | SATUAN POLISI PAMONG PRAJA,1,0,3483500,4483500,0,0,0,0
8a038450919cdb3c0191a1c3918d050f,Pemerintah Kab. Teluk Bintuni,CPNS,UMUM (NON OAP),PRANATA KOMPUTER AHLI PERTAMA,Pemerintah Kabupaten Teluk Bintuni | Rumah Sakit Umum Bintuni,1,0,3483500,4483500,0,0,0,0
8a038450919cdb3c0191a1c91fc80544,Pemerintah Kab. Teluk Bintuni,CPNS,UMUM (NON OAP),PRANATA KOMPUTER AHLI PERTAMA,Pemerintah Kabupaten Teluk Bintuni | DINAS TRANSMIGRASI DAN TENAGA KERJA,1,0,3483500,4483500,2,0,0,0
8a038450919cdb3c0191a1cb22490561,Pemerintah Kab. Teluk Bintuni,CPNS,UMUM (NON OAP),PRANATA KOMPUTER AHLI PERTAMA,Pemerintah Kabupaten Teluk Bintuni | DINAS SOSIAL,1,0,3483500,4483500,1,0,0,0
8a038450919cdb3c0191a1ccb903057f,Pemerintah Kab. Teluk Bintuni,CPNS,UMUM (NON OAP),PRANATA KOMPUTER AHLI PERTAMA,Pemerintah Kabupaten Teluk Bintuni | DINAS PERUMAHAN DAN KAWASAN PEMUKIMAN,1,0,3483500,4483500,2,0,0,0
8a038450919cdb3c0191a1cecd8e059d,Pemerintah Kab. Teluk Bintuni,CPNS,UMUM (NON OAP),PRANATA KOMPUTER AHLI PERTAMA,Pemerintah Kabupaten Teluk Bintuni | DINAS PERTANIAN,1,0,3483500,4483500,5,0,0,0
8a038450919cdb3c0191a1d29dfc05d8,Pemerintah Kab. Teluk Bintuni,CPNS,UMUM (NON OAP),PRANATA KOMPUTER AHLI PERTAMA,Pemerintah Kabupaten Teluk Bintuni | DINAS PERPUSTAKAAN DAN KEARSIPAN,1,0,3483500,4483500,3,0,0,0
8a038450919cdb3c0191a1d4dabc05fc,Pemerintah Kab. Teluk Bintuni,CPNS,UMUM (NON OAP),PRANATA KOMPUTER AHLI PERTAMA,Pemerintah Kabupaten Teluk Bintuni | DINAS PERIKANAN,1,0,3483500,4483500,2,0,0,0
8a038450919cdb3c0191a1d6b6b8061a,Pemerintah Kab. Teluk Bintuni,CPNS,UMUM (NON OAP),PRANATA KOMPUTER AHLI PERTAMA,Pemerintah Kabupaten Teluk Bintuni | DINAS PERHUBUNGAN,1,0,3483500,4483500,10,0,0,0
8a038450919cdb3c0191a1dbac9a065f,Pemerintah Kab. Teluk Bintuni,CPNS,UMUM (NON OAP),PRANATA KOMPUTER AHLI PERTAMA,"Pemerintah Kabupaten Teluk Bintuni | DINAS PENDIDIKAN, KEBUDAYAAN, PEMUDA DAN OLAHRAGA",1,0,3483500,4483500,1,0,0,0
8a038450919cdb3c0191a1dda87b067c,Pemerintah Kab. Teluk Bintuni,CPNS,UMUM (NON OAP),PRANATA KOMPUTER AHLI PERTAMA,Pemerintah Kabupaten Teluk Bintuni | DINAS PENANAMAN MODAL DAN PELAYANAN TERPADU SATU PINTU,1,0,3483500,4483500,1,0,0,0
8a038450919cdb3c0191a1df1d2c0699,Pemerintah Kab. Teluk Bintuni,CPNS,UMUM (NON OAP),PRANATA KOMPUTER AHLI PERTAMA,"Pemerintah Kabupaten Teluk Bintuni | DINAS PEMBERDAYAAN PEREMPUAN, PERLINDUNGAN ANAK DAN KELUARGA BERENCANA",1,0,3483500,4483500,2,0,0,0
8a038450919cdb3c0191a36279070b80,Pemerintah Kab. Teluk Bintuni,CPNS,UMUM (NON OAP),PRANATA KOMPUTER AHLI PERTAMA,Pemerintah Kabupaten Teluk Bintuni | DINAS PEKERJAAN UMUM DAN PENATAAN RUANG,1,0,3483500,4483500,2,0,0,0
8a038450919cdb3c0191a37295800c3d,Pemerintah Kab. Teluk Bintuni,CPNS,ORANG ASLI PAPUA (OAP),PRANATA KOMPUTER AHLI PERTAMA,Pemerintah Kabupaten Teluk Bintuni | BADAN KESATUAN BANGSA DAN POLITIK,3,0,3483500,4483500,1,0,0,0
07348929-3833-484e-9f72-098d10693aa9,Pemerintah Kab. Teluk Bintuni,CPNS,ORANG ASLI PAPUA (OAP),PRANATA KOMPUTER AHLI PERTAMA,Pemerintah Kabupaten Teluk Bintuni | DINAS PERIKANAN,2,0,3483500,4483500,0,0,0,0
0ca6525f-17bf-417e-b5ba-6f6802de43eb,Pemerintah Kab. Teluk Bintuni,CPNS,ORANG ASLI PAPUA (OAP),PRANATA KOMPUTER AHLI PERTAMA,"Pemerintah Kabupaten Teluk Bintuni | DINAS PEMBERDAYAAN PEREMPUAN, PERLINDUNGAN ANAK DAN KELUARGA BERENCANA",2,0,3483500,4483500,0,0,0,0
0cb10166-15cd-4b9d-9ffd-83e11b91917a,Pemerintah Kab. Teluk Bintuni,CPNS,ORANG ASLI PAPUA (OAP),PRANATA KOMPUTER AHLI PERTAMA,Pemerintah Kabupaten Teluk Bintuni | SEKRETARIAT DPRD,2,0,3483500,4483500,0,0,0,0
1d697022-d76e-48fc-8cac-060564000a70,Pemerintah Kab. Teluk Bintuni,CPNS,ORANG ASLI PAPUA (OAP),PRANATA KOMPUTER AHLI PERTAMA,Pemerintah Kabupaten Teluk Bintuni | DINAS PERTANAHAN DAN LINGKUNGAN HIDUP,3,0,3483500,4483500,0,0,0,0
24c0a5ba-7197-4fb9-8dd6-158a41ddb083,Pemerintah Kab. Teluk Bintuni,CPNS,ORANG ASLI PAPUA (OAP),PRANATA KOMPUTER AHLI PERTAMA,Pemerintah Kabupaten Teluk Bintuni | DINAS KETAHANAN PANGAN,3,0,3483500,4483500,0,0,0,0
2d0a0727-a0f0-481a-96fe-6926a84418b2,Pemerintah Kab. Teluk Bintuni,CPNS,ORANG ASLI PAPUA (OAP),PRANATA KOMPUTER AHLI PERTAMA,Pemerintah Kabupaten Teluk Bintuni | DINAS PENANAMAN MODAL DAN PELAYANAN TERPADU SATU PINTU,2,0,3483500,4483500,0,0,0,0
31888f19-e4ae-401e-b327-f30bb992423f,Pemerintah Kab. Teluk Bintuni,CPNS,ORANG ASLI PAPUA (OAP),PRANATA KOMPUTER AHLI PERTAMA,Pemerintah Kabupaten Teluk Bintuni | INSPEKTORAT,3,0,3483500,4483500,0,0,0,0
34d44834-e938-4d1a-9b32-85655595afc2,Pemerintah Kab. Teluk Bintuni,CPNS,ORANG ASLI PAPUA (OAP),PRANATA KOMPUTER AHLI PERTAMA,Pemerintah Kabupaten Teluk Bintuni | BADAN PENDAPATAN DAERAH,3,0,3483500,4483500,0,0,0,0
35cc8794-a7b3-41bb-8439-3b6b36a57f2b,Pemerintah Kab. Teluk Bintuni,CPNS,ORANG ASLI PAPUA (OAP),PRANATA KOMPUTER AHLI PERTAMA,Pemerintah Kabupaten Teluk Bintuni | SEKRETARIAT DAERAH,4,0,3483500,4483500,0,0,0,0
4429710a-f511-4d0a-ae41-9b853c4a277c,Pemerintah Kab. Teluk Bintuni,CPNS,ORANG ASLI PAPUA (OAP),PRANATA KOMPUTER AHLI PERTAMA,Pemerintah Kabupaten Teluk Bintuni | DINAS PEMBERDAYAAN MASYARAKAT DAN KAMPUNG,3,0,3483500,4483500,0,0,0,0
4c5bbcee-484f-460e-b893-cc147c563550,Pemerintah Kab. Teluk Bintuni,CPNS,ORANG ASLI PAPUA (OAP),PRANATA KOMPUTER AHLI PERTAMA,Pemerintah Kabupaten Teluk Bintuni | DINAS PERPUSTAKAAN DAN KEARSIPAN,2,0,3483500,4483500,0,0,0,0
51459bb6-a4a7-40e5-aae5-c500ed83ca8f,Pemerintah Kab. Teluk Bintuni,CPNS,ORANG ASLI PAPUA (OAP),PRANATA KOMPUTER AHLI PERTAMA,Pemerintah Kabupaten Teluk Bintuni | DINAS SOSIAL,2,0,3483500,4483500,0,0,0,0
692d3a89-6651-46f8-b76a-3a1bbec8faea,Pemerintah Kab. Teluk Bintuni,CPNS,ORANG ASLI PAPUA (OAP),PRANATA KOMPUTER AHLI PERTAMA,Pemerintah Kabupaten Teluk Bintuni | DINAS PEKERJAAN UMUM DAN PENATAAN RUANG,2,0,3483500,4483500,1,0,0,0
815474e6-936f-4d88-b88f-b69b0622bc1f,Pemerintah Kab. Teluk Bintuni,CPNS,ORANG ASLI PAPUA (OAP),PRANATA KOMPUTER AHLI PERTAMA,"Pemerintah Kabupaten Teluk Bintuni | DINAS PERDAGANGAN, PERINDUSTRIAN, KOPERASI DAN USAHA KECIL DAN MENENGAH",3,0,3483500,4483500,0,0,0,0
96eeba3a-3c72-4e83-b863-ea519f7f9d75,Pemerintah Kab. Teluk Bintuni,CPNS,ORANG ASLI PAPUA (OAP),PRANATA KOMPUTER AHLI PERTAMA,Pemerintah Kabupaten Teluk Bintuni | DINAS PERHUBUNGAN,2,0,3483500,4483500,1,0,0,0
a4c0f47f-64ee-4d8a-9cf8-9cb76f5b9ce0,Pemerintah Kab. Teluk Bintuni,CPNS,ORANG ASLI PAPUA (OAP),PRANATA KOMPUTER AHLI PERTAMA,Pemerintah Kabupaten Teluk Bintuni | DINAS PERTANIAN,2,0,3483500,4483500,1,0,0,0
b27b4bea-7e89-4a47-89ee-f0645f7a0d1d,Pemerintah Kab. Teluk Bintuni,CPNS,ORANG ASLI PAPUA (OAP),PRANATA KOMPUTER AHLI PERTAMA,"Pemerintah Kabupaten Teluk Bintuni | DINAS PENDIDIKAN, KEBUDAYAAN, PEMUDA DAN OLAHRAGA",2,0,3483500,4483500,0,0,0,0
b8d5bebd-85d9-480a-a115-dae2055e9b82,Pemerintah Kab. Teluk Bintuni,CPNS,UMUM (NON OAP),PRANATA KOMPUTER AHLI PERTAMA,Pemerintah Kabupaten Teluk Bintuni | BADAN KEPEGAWAIAN PENDIDIKAN DAN PELATIHAN KAB. TELUK BINTUNI,1,0,3483500,4483500,2,0,0,0
bb39d1e0-3120-4c5d-82e5-73b4c4262bb1,Pemerintah Kab. Teluk Bintuni,CPNS,ORANG ASLI PAPUA (OAP),PRANATA KOMPUTER AHLI PERTAMA,Pemerintah Kabupaten Teluk Bintuni | Rumah Sakit Umum Bintuni,2,0,3483500,4483500,0,0,0,0
c22e71bc-22b4-4cfa-b2c4-afb179c69961,Pemerintah Kab. Teluk Bintuni,CPNS,ORANG ASLI PAPUA (OAP),PRANATA KOMPUTER AHLI PERTAMA,Pemerintah Kabupaten Teluk Bintuni | SATUAN POLISI PAMONG PRAJA,2,0,3483500,4483500,0,0,0,0
c5a41a2c-3d6a-4f44-9152-522009bddf05,Pemerintah Kab. Teluk Bintuni,CPNS,UMUM (NON OAP),PRANATA KOMPUTER AHLI PERTAMA,Pemerintah Kabupaten Teluk Bintuni | Badan Pengelolaan Keuangan Dan Asset Daerah,1,0,3483500,4483500,2,0,0,0
d70dd3a8-cdd3-43e9-811e-b9a38236c686,Pemerintah Kab. Teluk Bintuni,CPNS,ORANG ASLI PAPUA (OAP),PRANATA KOMPUTER AHLI PERTAMA,Pemerintah Kabupaten Teluk Bintuni | DINAS PERUMAHAN DAN KAWASAN PEMUKIMAN,2,0,3483500,4483500,1,0,0,0
dc3b9e62-5bc4-4250-9cfa-d61a9ed1060c,Pemerintah Kab. Teluk Bintuni,CPNS,UMUM (NON OAP),PRANATA KOMPUTER AHLI PERTAMA,Pemerintah Kabupaten Teluk Bintuni | Dinas Kesehatan,1,0,3483500,4483500,1,0,0,0
e7da30d7-5bf5-4d78-b0f7-3085365b9edc,Pemerintah Kab. Teluk Bintuni,CPNS,ORANG ASLI PAPUA (OAP),PRANATA KOMPUTER AHLI PERTAMA,Pemerintah Kabupaten Teluk Bintuni | DINAS TRANSMIGRASI DAN TENAGA KERJA,2,0,3483500,4483500,0,0,0,0
fe7531bc-30e7-4836-9edc-c5ec3f66b7da,Pemerintah Kab. Teluk Bintuni,CPNS,ORANG ASLI PAPUA (OAP),PRANATA KOMPUTER AHLI PERTAMA,"Pemerintah Kabupaten Teluk Bintuni | DINAS KOMUNIKASI, INFORMATIKA PERSANDIAN DAN STATISTIK",3,0,3483500,4483500,1,0,0,0
8a01871a96fc9a4c01970694acab00f3,Pemerintah Kab. Teluk Wondama,CPNS,ORANG ASLI PAPUA (OAP),SANDIMAN AHLI PERTAMA,PEMERINTAH KAB. TELUK WONDAMA                                          | DINAS KOMUNIKASI DAN INFORMATIKA | SEKRETARIAT | SUB BAGIAN UMUM DAN KEPEGAWAIAN,1,1,2000000,4000000,5,0,0,0
9dcc3c80-545d-4360-9dce-fe3766dd3e5b,Pemerintah Kab. Teluk Wondama,CPNS,UMUM (NON OAP),SANDIMAN AHLI PERTAMA,PEMERINTAH KAB. TELUK WONDAMA                                          | DINAS KOMUNIKASI DAN INFORMATIKA | SEKRETARIAT | SUB BAGIAN UMUM DAN KEPEGAWAIAN,1,1,2000000,4000000,14,0,0,0
060d50fe-ea4a-48b1-b0b8-bf63f3fb06eb,Pemerintah Kab. Temanggung,CPNS,UMUM,PENATA KELOLA BANGUNAN GEDUNG DAN KAWASAN PERMUKIMAN AHLI PERTAMA,Pemerintah Kabupaten Temanggung | Pemerintah Kabupaten Temanggung | Dinas Pekerjaan Umum dan Penataan Ruang | Bidang Cipta Karya,1,0,2000000,3000000,28,0,0,0
dea501d7-c646-42ca-b3c0-789858fe2342,Pemerintah Kab. Temanggung,CPNS,UMUM,PENATA KELOLA BANGUNAN GEDUNG DAN KAWASAN PERMUKIMAN AHLI PERTAMA,"Pemerintah Kabupaten Temanggung | Pemerintah Kabupaten Temanggung | Dinas Perumahan Rakyat, Kawasan Permukiman dan Lingkungan Hidup | Bidang Perumahan Rakyat dan Kawasan Permukiman",2,0,2000000,3000000,115,0,0,0
7df2be5e-b7d6-49a5-96b4-278558aa6c26,Pemerintah Kab. Timor Tengah Selatan,CPNS,UMUM,PENATA KELOLA BANGUNAN GEDUNG DAN KAWASAN PERMUKIMAN AHLI PERTAMA,PEMERINTAH KABUPATEN TIMOR TENGAH SELATAN | DINAS PERUMAHAN RAKYAT DAN KAWASAN PERMUKIMAN | BIDANG CIPTA KARYA,16,1,2700000,3200000,203,0,0,0
bc638869-169b-43d7-821e-c28ccead8e98,Pemerintah Kab. Timor Tengah Selatan,CPNS,UMUM,PENATA KELOLA BANGUNAN GEDUNG DAN KAWASAN PERMUKIMAN AHLI PERTAMA,PEMERINTAH KABUPATEN TIMOR TENGAH SELATAN | DINAS PEKERJAAN UMUM DAN PENATAAN RUANG,2,1,2700000,3200000,9,0,0,0
3c246b73-3b80-4710-8bb9-39d61509e081,Pemerintah Kab. Timor Tengah Selatan,CPNS,UMUM,PENERA AHLI PERTAMA,"PEMERINTAH KABUPATEN TIMOR TENGAH SELATAN | DINAS PERDAGANGAN, PERINDUSTRIAN, KOPERASI DAN UMKM | UPTD METROLOGI LEGAL DAN STANDARISASI",3,1,2700000,3200000,11,0,0,0
0f143fcb-527e-48f4-a9fb-c333ad79c900,Pemerintah Kab. Timor Tengah Selatan,CPNS,UMUM,PENGAWAS JARINGAN UTILITAS,PEMERINTAH KABUPATEN TIMOR TENGAH SELATAN | DINAS PERUMAHAN RAKYAT DAN KAWASAN PERMUKIMAN | BIDANG CIPTA KARYA,2,1,2700000,3200000,4,0,0,0
9ecf28b3-1dad-4608-b357-6ae116ee822f,Pemerintah Kab. Timor Tengah Selatan,CPNS,UMUM,PENGAWAS KEMETROLOGIAN AHLI PERTAMA,"PEMERINTAH KABUPATEN TIMOR TENGAH SELATAN | DINAS PERDAGANGAN, PERINDUSTRIAN, KOPERASI DAN UMKM | UPTD METROLOGI LEGAL DAN STANDARISASI",2,1,2700000,3200000,10,0,0,0
8a0186c9915938690191593f0e6d0581,Pemerintah Kab. Timor Tengah Selatan,CPNS,PENYANDANG DISABILITAS,PENGAWAS PENYELENGGARAAN URUSAN PEMERINTAHAN DAERAH AHLI PERTAMA,PEMERINTAH KABUPATEN TIMOR TENGAH SELATAN | INSPEKTORAT KAB. TTS,3,1,2700000,3200000,0,0,0,0
4a12b970-9f65-4c57-bbbc-d83822ff0aee,Pemerintah Kab. Timor Tengah Selatan,CPNS,UMUM,PENGAWAS PENYELENGGARAAN URUSAN PEMERINTAHAN DAERAH AHLI PERTAMA,PEMERINTAH KABUPATEN TIMOR TENGAH SELATAN | INSPEKTORAT KAB. TTS,20,1,2700000,3200000,301,0,0,0
d8b9619a-fb27-47e1-94ce-5e2431b7a760,Pemerintah Kab. Timor Tengah Selatan,CPNS,UMUM,PENGELOLA PENGADAAN BARANG/JASA AHLI PERTAMA,PEMERINTAH KABUPATEN TIMOR TENGAH SELATAN | SEKRETARIAT DAERAH | ASISTEN PEREKONOMIAN DAN PEMBANGUNAN | BAGIAN PENGADAAN BARANG DAN JASA,7,1,2800000,3200000,69,0,0,0
9539115a-686f-470a-8ba3-2b3ba4d75a62,Pemerintah Kab. Timor Tengah Selatan,CPNS,UMUM,PRANATA KOMPUTER AHLI PERTAMA,PEMERINTAH KABUPATEN TIMOR TENGAH SELATAN | BADAN KEPEGAWAIAN DAN PENGEMBANGAN SUMBER DAYA MANUSIA DAERAH | Bidang Pengembangan Aparatur Dan Fasilitasi Kelembagaan Profesi ASN,1,1,2700000,3200000,0,0,0,0
e066dbea-0c1a-4b12-89f6-97fcb210e3fb,Pemerintah Kab. Timor Tengah Selatan,CPNS,UMUM,PRANATA KOMPUTER AHLI PERTAMA,PEMERINTAH KABUPATEN TIMOR TENGAH SELATAN | DINAS PENANAMAN MODAL DAN PELAYANAN TERPADU SATU PINTU,1,1,2800000,3200000,1,0,0,0
48ddef35-16da-481f-92ab-9fa61091694a,Pemerintah Kab. Timor Tengah Selatan,CPNS,UMUM,TEKNISI SARANA DAN PRASARANA,PEMERINTAH KABUPATEN TIMOR TENGAH SELATAN | DINAS PERUMAHAN RAKYAT DAN KAWASAN PERMUKIMAN | BIDANG CIPTA KARYA,2,1,2700000,3200000,2,0,0,0
f1cf0d3a-f0f8-4ebc-9d4a-49a2d3396be7,Pemerintah Kab. Timor Tengah Selatan,CPNS,UMUM,TEKNISI SARANA DAN PRASARANA,PEMERINTAH KABUPATEN TIMOR TENGAH SELATAN | DINAS PERUMAHAN RAKYAT DAN KAWASAN PERMUKIMAN | BIDANG PERUMAHAN RAKYAT DAN KAWASAN PERMUKIMAN,3,1,2700000,3200000,23,0,0,0
b2cce4d7-37b8-4b03-8585-26c21295d64d,Pemerintah Kab. Timor Tengah Utara,CPNS,UMUM,ANALIS KEBAKARAN AHLI PERTAMA,PEMERINTAH KABUPATEN TIMOR TENGAH UTARA | BADAN PENANGGULANGAN BENCANA DAERAH | BIDANG PENCEGAHAN DAN KESIAPSIAGAAN,1,0,2789000,5000000,9,0,0,0
8a0384979144c543019145706a622040,Pemerintah Kab. Timor Tengah Utara,CPNS,PENYANDANG DISABILITAS,ARSIPARIS AHLI PERTAMA,PEMERINTAH KABUPATEN TIMOR TENGAH UTARA | DINAS PERPUSTAKAAN DAN KERARSIPAN | BIDANG PENGELOLAAN ARSIP,1,1,2789000,5000000,1,0,0,0
44e33767-bbc9-4cbd-8781-64c4bd8fd62c,Pemerintah Kab. Timor Tengah Utara,CPNS,UMUM,ARSIPARIS AHLI PERTAMA,PEMERINTAH KABUPATEN TIMOR TENGAH UTARA | DINAS PERPUSTAKAAN DAN KERARSIPAN | BIDANG PENGELOLAAN ARSIP,1,1,2789000,5000000,207,0,0,0
020712ec-063f-450a-9caf-74a1a854711b,Pemerintah Kab. Timor Tengah Utara,CPNS,UMUM,PENERA AHLI PERTAMA,PEMERINTAH KABUPATEN TIMOR TENGAH UTARA | DINAS PERINDUSTRIAN DAN PERDAGANGAN | BIDANG PERIJINAN DAN PERLINDUNGAN KONSUMEN,1,0,2789000,5000000,8,0,0,0
22b2b186-6614-4b65-a394-21e9ba6856ed,Pemerintah Kab. Timor Tengah Utara,CPNS,UMUM,PRANATA KOMPUTER AHLI PERTAMA,PEMERINTAH KABUPATEN TIMOR TENGAH UTARA | DINAS PENANAMAN MODAL DAN PELAYANAN TERPADU SATU PINTU | SEKRETARIAT DINAS PENANAMAN MODAL DAN PELAYANAN TERPADU SATU PINTU,1,1,2789000,5000000,1,0,0,0
8cf8bb9e-bdd4-4abd-b4f8-ad57e2392424,Pemerintah Kab. Timor Tengah Utara,CPNS,UMUM,PRANATA KOMPUTER AHLI PERTAMA,PEMERINTAH KABUPATEN TIMOR TENGAH UTARA | DINAS PENDIDIKAN DAN KEBUDAYAAN | BIDANG PEMBINAAN PENDIDIKAN DASAR,1,1,2789000,5000000,3,0,0,0
c354d8d3-6dc7-4922-9de0-925131c6d34d,Pemerintah Kab. Timor Tengah Utara,CPNS,UMUM,PRANATA KOMPUTER AHLI PERTAMA,PEMERINTAH KABUPATEN TIMOR TENGAH UTARA | DINAS KEPENDUDUKAN DAN PENCATATAN SIPIL | BIDANG PENGELOLAAN INFORMASI ADMINISTRASI PENDUDUK DAN PEMANFAATAN DATA,1,1,2789000,5000000,8,0,0,0
1121a101-d4bc-4f23-bcc7-e7b58ca56e90,Pemerintah Kab. Toraja Utara,CPNS,UMUM,PEMERIKSA FORENSIK DIGITAL,"PEMERINTAH KABUPATEN TORAJA UTARA | DINAS KOMUNIKASI, INFORMATIKA, STATISTIK DAN PERSANDIAN | Bidang Persandian",1,1,2785700,3043200,8,0,0,0
693e29f9-2984-4970-a844-22faa309c7d6,Pemerintah Kab. Toraja Utara,CPNS,UMUM,PENGAWAS TRANSPORTASI DARAT,PEMERINTAH KABUPATEN TORAJA UTARA | DINAS PERHUBUNGAN | Bidang Lalu Lintas Jalan | Seksi Sarana dan Prasarana Lalu Lintas,1,1,2184000,2436500,32,0,0,0
dcc7310f-384c-4708-8193-c7b45c0562d9,Pemerintah Kab. Toraja Utara,CPNS,UMUM,PENGAWAS TRANSPORTASI DARAT,PEMERINTAH KABUPATEN TORAJA UTARA | DINAS PERHUBUNGAN | Bidang Pengembangan Transportasi | Seksi Pengelolaan Parkir dan Terminal,1,1,2785700,3043200,15,0,0,0
58dfdf2b-0c6a-4857-9213-1ba782cc6135,Pemerintah Kab. Toraja Utara,CPNS,UMUM,TEKNISI SARANA DAN PRASARANA,PEMERINTAH KABUPATEN TORAJA UTARA | BADAN PENANGGULANGAN BENCANA DAERAH | Bidang Kedaruratan dan Logistik,1,1,2785700,3043200,18,0,0,0
5c81720d-77df-4b90-bdf2-fb260bb7038e,Pemerintah Kab. Toraja Utara,CPNS,UMUM,TEKNISI SARANA DAN PRASARANA,PEMERINTAH KABUPATEN TORAJA UTARA | BADAN PENANGGULANGAN BENCANA DAERAH | BIDANG REHABILITASI DAN REKONSTRUKSI,1,1,2785700,3043200,19,0,0,0
f239a665-7459-462a-b965-fb4774ef5b87,Pemerintah Kab. Toraja Utara,CPNS,UMUM,TEKNISI SARANA DAN PRASARANA,"PEMERINTAH KABUPATEN TORAJA UTARA | DINAS PERUMAHAN, KAWASAN PEMUKIMAN, LINGKUNGAN HIDUP DAN PERTANAHAN | BIDANG PEMUKIMAN",1,1,2785700,3043200,34,0,0,0
5400f9a6-6c3f-4db6-a552-f5ed94bdce42,Pemerintah Kab. Tulang Bawang,CPNS,UMUM,PENGAWAS KEMETROLOGIAN AHLI PERTAMA,PEMERINTAH KABUPATEN TULANG BAWANG | DINAS PERDAGANGAN | Bidang Kemetrologian Dan Pengawasan Perdagangan,1,1,2785700,4575200,22,0,0,0
b9492551-3f17-4de6-afc0-3080f7ba3afb,Pemerintah Kab. Wakatobi,CPNS,UMUM,ARSIPARIS AHLI PERTAMA,PEMERINTAH KABUPATEN WAKATOBI | BADAN KEPEGAWAIAN DAN PENGEMBANGAN SUMBER DAYA MANUSIA,1,1,2785700,4575200,109,0,0,0
fd6275c9-7322-45fc-b997-6639cb9594b1,Pemerintah Kab. Wakatobi,CPNS,UMUM,ARSIPARIS AHLI PERTAMA,"PEMERINTAH KABUPATEN WAKATOBI | BADAN PERENCANAAN, PENELITIAN DAN PENGEMBANGAN DAERAH",1,1,2785700,4575200,67,0,0,0
f2e5d54f-c614-4967-87bd-7c1410357207,Pemerintah Kab. Wakatobi,CPNS,UMUM,PENATA KELOLA BANGUNAN GEDUNG DAN KAWASAN PERMUKIMAN AHLI PERTAMA,PEMERINTAH KABUPATEN WAKATOBI | DINAS PERUMAHAN DAN KAWASAN PERMUKIMAN | BIDANG PERMUKIMAN,1,1,2785700,4575200,15,0,0,0
8e187c26-bc08-4027-8530-ad3651d25a40,Pemerintah Kab. Wakatobi,CPNS,UMUM,PENERA AHLI PERTAMA,PEMERINTAH KABUPATEN WAKATOBI | DINAS PERINDUSTRIAN DAN PERDAGANGAN,1,1,2785700,4575200,13,0,0,0
8a02826391606efe019165dd39fe2c20,Pemerintah Kab. Wakatobi,CPNS,PENYANDANG DISABILITAS,PENGELOLA PENGADAAN BARANG/JASA AHLI PERTAMA,PEMERINTAH KABUPATEN WAKATOBI | SEKRETARIAT DAERAH | ASISTEN PEREKONOMIAN DAN PEMBANGUNAN | BAGIAN PENGADAAN BARANG/JASA,1,1,2785700,4575200,2,0,0,0
c40bb39f-559c-47f3-8b52-b10eb9e588ef,Pemerintah Kab. Wakatobi,CPNS,UMUM,PENGELOLA PENGADAAN BARANG/JASA AHLI PERTAMA,PEMERINTAH KABUPATEN WAKATOBI | SEKRETARIAT DAERAH | ASISTEN PEREKONOMIAN DAN PEMBANGUNAN | BAGIAN PENGADAAN BARANG/JASA,3,1,2785700,4575200,357,0,0,0
15442978-7e57-4e25-8262-80287d6c6400,Pemerintah Kab. Wakatobi,CPNS,UMUM,PRANATA KOMPUTER AHLI PERTAMA,"PEMERINTAH KABUPATEN WAKATOBI | DINAS KOMUNIKASI, INFORMATIKA, STATISTIK DAN  PERSANDIAN",1,1,2785700,4575200,7,0,0,0
7465ffa4-a565-49a5-acd0-1ca8b43a4e54,Pemerintah Kab. Wakatobi,CPNS,UMUM,PRANATA KOMPUTER AHLI PERTAMA,PEMERINTAH KABUPATEN WAKATOBI | BADAN KEUANGAN DAN ASET DAERAH,1,1,2785700,4575200,1,0,0,0
785bf162-a2a4-48f9-b26a-d706b011648a,Pemerintah Kab. Wakatobi,CPNS,UMUM,PRANATA KOMPUTER AHLI PERTAMA,PEMERINTAH KABUPATEN WAKATOBI | SEKRETARIAT DAERAH | ASISTEN ADMINISTRASI UMUM | BAGIAN UMUM,1,1,2785700,4575200,6,0,0,0
7dbf24d3-1da6-4250-8414-0bbf8251d87c,Pemerintah Kab. Wakatobi,CPNS,UMUM,PRANATA KOMPUTER AHLI PERTAMA,PEMERINTAH KABUPATEN WAKATOBI | DINAS PERINDUSTRIAN DAN PERDAGANGAN,1,1,2785700,4575200,10,0,0,0
7411fa39-80fb-45a8-95db-818c134d989c,Pemerintah Kab. Wakatobi,CPNS,UMUM,SANDIMAN AHLI PERTAMA,"PEMERINTAH KABUPATEN WAKATOBI | DINAS KOMUNIKASI, INFORMATIKA, STATISTIK DAN  PERSANDIAN | BIDANG PERSANDIAN",1,1,2785700,4575200,10,0,0,0
8a02826391606efe0191610d4f984f56,Pemerintah Kab. Yalimo,CPNS,UMUM (NON OAP),PENATA KELOLA BANGUNAN GEDUNG DAN KAWASAN PERMUKIMAN AHLI PERTAMA,PEMERINTAH KABUPATEN YALIMO | DINAS PEKERJAAN UMUM DAN PENATAAN RUANG | BIDANG PENATAAN RUANG | SEKSI PEMANFAATAN RUANG,1,0,3000000,5000000,4,0,0,0
53342543-a7f9-4316-b838-6478e96103d2,Pemerintah Kab. Yalimo,CPNS,ORANG ASLI PAPUA (OAP),PENATA KELOLA BANGUNAN GEDUNG DAN KAWASAN PERMUKIMAN AHLI PERTAMA,PEMERINTAH KABUPATEN YALIMO | DINAS PEKERJAAN UMUM DAN PENATAAN RUANG | BIDANG PENATAAN RUANG | SEKSI PEMANFAATAN RUANG,5,0,3000000,5000000,8,0,0,0
8a02826391606efe0191610b37eb4e82,Pemerintah Kab. Yalimo,CPNS,UMUM (NON OAP),PENGAWAS PENYELENGGARAAN URUSAN PEMERINTAHAN DAERAH AHLI PERTAMA,PEMERINTAH KABUPATEN YALIMO | INSPEKTORAT | INSPEKTUR PEMBANTU II,1,0,3000000,5000000,6,0,0,0
8a02826391606efe0191610bea184ece,Pemerintah Kab. Yalimo,CPNS,UMUM (NON OAP),PENGAWAS PENYELENGGARAAN URUSAN PEMERINTAHAN DAERAH AHLI PERTAMA,PEMERINTAH KABUPATEN YALIMO | INSPEKTORAT | INSPEKTUR PEMBANTU  I,1,0,3000000,5000000,5,0,0,0
39997ac3-29ef-4c6d-884c-1708cc705aa8,Pemerintah Kab. Yalimo,CPNS,ORANG ASLI PAPUA (OAP),PENGAWAS PENYELENGGARAAN URUSAN PEMERINTAHAN DAERAH AHLI PERTAMA,PEMERINTAH KABUPATEN YALIMO | INSPEKTORAT | INSPEKTUR PEMBANTU II,2,0,3000000,5000000,7,0,0,0
e2dfb81a-7451-4750-aa6a-92ea91d4de32,Pemerintah Kab. Yalimo,CPNS,ORANG ASLI PAPUA (OAP),PENGAWAS PENYELENGGARAAN URUSAN PEMERINTAHAN DAERAH AHLI PERTAMA,PEMERINTAH KABUPATEN YALIMO | INSPEKTORAT | INSPEKTUR PEMBANTU  I,2,0,3000000,5000000,16,0,0,0
fa364e70-de2e-42e0-9db7-473fef709427,Pemerintah Kab. Yalimo,CPNS,ORANG ASLI PAPUA (OAP),PENGAWAS PENYELENGGARAAN URUSAN PEMERINTAHAN DAERAH AHLI PERTAMA,PEMERINTAH KABUPATEN YALIMO | INSPEKTORAT | INSPEKTUR PEMBANTU IV,6,0,3000000,5000000,9,0,0,0
58e4a2a5-1e98-4988-b12e-62093114c0aa,Pemerintah Kota Ambon,CPNS,UMUM,MANGGALA INFORMATIKA AHLI PERTAMA,PEMERINTAH KOTA AMBON                                                  | DINAS KOMUNIKASI INFORMATIKA DAN PERSANDIAN | BIDANG TEKNOLOGI INFORMASI PERSANDIAN DAN STATISTIK,10,1,2785700,4575200,90,0,0,0
9b4a9f3c-8280-4844-b4e3-dd45494019c4,Pemerintah Kota Ambon,CPNS,UMUM,PEMBINA JASA KONSTRUKSI AHLI PERTAMA,PEMERINTAH KOTA AMBON                                                  | DINAS PEKERJAAN UMUM DAN PENATAAN RUANG | BIDANG PEMBINAAN TEKNIS JASA KONSTRUKSI,8,1,2785700,4575200,18,0,0,0
b4edf91d-bc77-4041-9e96-6566d6ffa5c2,Pemerintah Kota Ambon,CPNS,UMUM,PENATA KELOLA BANGUNAN GEDUNG DAN KAWASAN PERMUKIMAN AHLI PERTAMA,PEMERINTAH KOTA AMBON                                                  | DINAS PERUMAHAN RAKYAT DAN KAWASAN PERMUKIMAN | BIDANG PERUMAHAN RAKYAT,10,1,2785700,4575200,30,0,0,0
dd14a814-9944-499c-9e20-2263573b0848,Pemerintah Kota Ambon,CPNS,UMUM,PENATA KELOLA BANGUNAN GEDUNG DAN KAWASAN PERMUKIMAN AHLI PERTAMA,PEMERINTAH KOTA AMBON                                                  | DINAS PERUMAHAN RAKYAT DAN KAWASAN PERMUKIMAN | BIDANG KAWASAN PEMUKIMAN,12,1,2785700,4575200,88,0,0,0
ab2f87e1-bf31-4cb5-887a-55e159eb3df1,Pemerintah Kota Ambon,CPNS,UMUM,PENGAWAS JARINGAN UTILITAS,PEMERINTAH KOTA AMBON                                                  | DINAS PEKERJAAN UMUM DAN PENATAAN RUANG | BIDANG PENGEMBANGAN JALAN DAN JEMBATAN,4,1,2785700,4575200,5,0,0,0
81be8410-561f-4c41-90f1-516c384abaf5,Pemerintah Kota Ambon,CPNS,UMUM,PENGUJI MUTU BARANG AHLI PERTAMA,"PEMERINTAH KOTA AMBON                                                  | DINAS PERINDUSTRIAN DAN PERDAGANGAN | BIDANG PENDAFTARAN PERUSAHAAN, PEDANGANG KAKI LIMA (PKL) DAN PENGAWASAN",12,1,2785700,4575200,62,0,0,0
6a7b83b9-23d3-496f-8c2c-61af3ce82cac,Pemerintah Kota Ambon,CPNS,UMUM,SANDIMAN AHLI PERTAMA,PEMERINTAH KOTA AMBON                                                  | DINAS KOMUNIKASI INFORMATIKA DAN PERSANDIAN | BIDANG TEKNOLOGI INFORMASI PERSANDIAN DAN STATISTIK,10,1,2785700,4575200,16,0,0,0
f643ae6c-64d9-4a8e-9dce-bb5db799cf28,Pemerintah Kota Ambon,CPNS,UMUM,TEKNISI SARANA DAN PRASARANA,PEMERINTAH KOTA AMBON                                                  | KECAMATAN SIRIMAU | SEKSI PEMELIHARAAN SARANA DAN PRASARANA UMUM,1,1,2785700,4575200,5,0,0,0
7efd0d36-947f-4a36-941e-a42764deb372,Pemerintah Kota Balikpapan,CPNS,UMUM,PENGAWAS JARINGAN UTILITAS,"Pemerintah Kota Balikpapan | DINAS PERHUBUNGAN | BIDANG LALU LINTAS JALAN | SEKSI PEMELIHARAAN PRASARANA, SARANA LALU LINTAS DAN PENERANGAN JALAN UMUM",1,0,2785700,9829378,45,0,0,0
f134a957-1383-458f-931e-205d5232ec6c,Pemerintah Kota Balikpapan,CPNS,UMUM,SANDIMAN AHLI PERTAMA,Pemerintah Kota Balikpapan | DINAS KOMUNIKASI DAN INFORMATIKA,1,0,2785700,11810378,68,0,0,0
74e9afc2-6dbc-42a3-b24c-d3aa55b5cda6,Pemerintah Kota Bandung,CPNS,UMUM,ANALIS KEBAKARAN AHLI PERTAMA,Pemerintah Kota Bandung | Dinas Kebakaran dan Penanggulangan Bencana | Bidang Pencegahan,2,0,3200000,9500000,33,0,0,0
c3f42234-85aa-49f4-b640-437825f8e540,Pemerintah Kota Banjar,CPNS,UMUM,INSTRUKTUR AHLI PERTAMA,PEMERINTAH DAERAH KOTA BANJAR | DINAS TENAGA KERJA | UPTD BALAI LATIHAN KERJA,1,1,3203600,3500000,4,0,0,0
a47e9153-176d-4d11-8d6e-1e9b93e4081b,Pemerintah Kota Banjar,CPNS,UMUM,PENATA PERIZINAN AHLI PERTAMA,PEMERINTAH DAERAH KOTA BANJAR | DINAS PENANAMAN MODAL DAN PELAYANAN TERPADU SATU PINTU,3,1,3203600,3500000,73,0,0,0
35058d25-535b-4dc9-88ce-441ec28cb5ea,Pemerintah Kota Banjar,CPNS,UMUM,PENERA AHLI PERTAMA,"PEMERINTAH DAERAH KOTA BANJAR | DINAS KOPERASI, USAHA KECIL MENENGAH DAN PERDAGANGAN | UPTD METROLOGI LEGAL",1,1,3203600,3500000,30,0,0,0
8b4b32a2-3f5d-471d-b713-a0f1f7ae344d,Pemerintah Kota Banjarmasin,CPNS,UMUM,TEKNISI SARANA DAN PRASARANA,PEMERINTAH KOTA BANJARMASIN | DINAS PERUMAHAN RAKYAT DAN KAWASAN PERMUKIMAN | UPTD PELAYANAN RUMAH SUSUN DAN SEWA | SUB BAGIAN TATA USAHA UPTD PELAYANAN RUMAH SUSUN DAN SEWA,1,1,2785800,7211580,40,0,0,0
a7c74c8c-cf57-46cc-87b8-d733adc4da39,Pemerintah Kota Batam,CPNS,UMUM,PENGAWAS JARINGAN UTILITAS,PEMERINTAH KOTA BATAM | DINAS BINA MARGA DAN SUMBER DAYA AIR | BIDANG PENERANGAN JALAN UMUM,1,1,2858800,6061949,71,0,0,0
44bf648b-dbbf-4fa8-b628-a8b07fbeb355,Pemerintah Kota Batu,CPNS,UMUM,PENGAWAS JARINGAN UTILITAS,Pemerintah Kota Batu | Dinas Pekerjaan Umum Dan Penataan Ruang | Bidang Penataan Ruang,2,0,2579400,3026400,148,0,0,0
559a228d-47c2-4ebe-8348-44edffd392c3,Pemerintah Kota Bengkulu,CPNS,UMUM,PENGAWAS INDUSTRI,Pemerintah Kota Bengkulu | Dinas Perdagangan dan Perindustrian Kota Bengkulu | Bidang pembangunan sumber daya industri,5,1,2785700,2785700,19,0,0,0
2405ccc8-b514-4558-9564-e97f28ddecc5,Pemerintah Kota Bima,CPNS,UMUM,ANALIS KEBAKARAN AHLI PERTAMA,Walikota Bima | Dinas Pemadam Kebakaran dan Penyelamatan | Bidang Pencegahan,1,1,3200000,5000000,31,0,0,0
6f334fff-83e0-4c8e-b83c-a51d8d071ac8,Pemerintah Kota Bima,CPNS,UMUM,PENGAWAS JARINGAN UTILITAS,Walikota Bima | Dinas Pekerjaan Umum dan Penataan Ruang | Bidang Bina Marga,2,1,3200000,5000000,55,0,0,0
c6277f3d-4491-44ae-be4c-4e2bb14f225b,Pemerintah Kota Binjai,CPNS,UMUM,TEKNISI SARANA DAN PRASARANA,Pemerintah Kota Binjai | DINAS PERUMAHAN DAN KAWASAN PERMUKIMAN | BIDANG LAMPU PENERANGAN JALAN DAN PERTAMANAN KAWASAN PERUMAHAN,1,1,2785700,4575200,22,0,0,0
bf2c7d8d-3e02-49a5-b8cb-bb02892add72,Pemerintah Kota Bontang,CPNS,UMUM,ARSIPARIS AHLI PERTAMA,"PEMERINTAH KOTA BONTANG | BADAN PERENCANAAN PEMBANGUNAN, RISET, DAN INOVASI DAERAH | SEKRETARIAT | SUBBAGIAN UMUM DAN KEPEGAWAIAN",1,1,7685700,11715700,134,0,0,0
05c9010c-ca94-404a-983c-950e8327fdb4,Pemerintah Kota Bontang,CPNS,UMUM,MANGGALA INFORMATIKA AHLI PERTAMA,PEMERINTAH KOTA BONTANG | DINAS KOMUNIKASI DAN INFORMATIKA | Bidang Statistik dan Persandian | Seksi Tata Kelola Keamanan dan Persandian,1,1,7685700,11715700,28,0,0,0
2d27482c-b62e-4180-ac3c-73449cda17dd,Pemerintah Kota Bontang,CPNS,UMUM,PENGAWAS JARINGAN UTILITAS,"PEMERINTAH KOTA BONTANG | DINAS PERUMAHAN, KAWASAN PERMUKIMAN DAN PERTANAHAN | BIDANG PRASARANA, SARANA DAN UTILITAS UMUM PERUMAHAN",2,0,7585700,11085700,42,0,0,0
c15d2968-44ad-405e-8ab7-6de0bce827d0,Pemerintah Kota Bontang,CPNS,UMUM,PENGAWAS JARINGAN UTILITAS,PEMERINTAH KOTA BONTANG | DINAS PEKERJAAN UMUM DAN PENATAAN RUANG KOTA | UPT AIR LIMBAH DOMESTIK,1,0,7585700,11085700,14,0,0,0
331ac762-3a0b-47ce-a911-55fc60a1c72c,Pemerintah Kota Bontang,CPNS,UMUM,SANDIMAN AHLI PERTAMA,PEMERINTAH KOTA BONTANG | DINAS KOMUNIKASI DAN INFORMATIKA | Bidang Statistik dan Persandian | Seksi Data dan Statistik,1,1,7685700,11715700,11,0,0,0
dadca9f7-d4f2-457f-882a-4f24c44c9ff8,Pemerintah Kota Cimahi,CPNS,UMUM,PENERA AHLI PERTAMA,"PEMERINTAH DAERAH KOTA CIMAHI | Dinas Perdagangan, Koperasi, Usaha Kecil dan Menengah dan Perindustrian | UPTD Metrologi Legal",1,1,2785700,4575200,63,0,0,0
876cf096-2891-4450-a5ce-66ddf212cec3,Pemerintah Kota Cimahi,CPNS,UMUM,PENGAWAS JARINGAN UTILITAS,PEMERINTAH DAERAH KOTA CIMAHI | Dinas Perhubungan | Bidang Angkutan dan Penerangan Jalan Umum,1,1,2785700,4575200,33,0,0,0
fb74f19c-6410-49f0-8fcc-c574b895213d,Pemerintah Kota Cimahi,CPNS,UMUM,PENGAWAS KEMETROLOGIAN AHLI PERTAMA,"PEMERINTAH DAERAH KOTA CIMAHI | Dinas Perdagangan, Koperasi, Usaha Kecil dan Menengah dan Perindustrian | UPTD Metrologi Legal",1,1,2785700,4575200,49,0,0,0
cef32a92-1e24-4ee5-bf9d-e52599e0d6e4,Pemerintah Kota Cirebon,CPNS,UMUM,SANDIMAN AHLI PERTAMA,"PEMERINTAH DAERAH KOTA CIREBON | DINAS KOMUNIKASI, INFORMATIKA DAN STATISTIK | BIDANG PERSANDIAN DAN KEAMANAN INFORMASI",1,0,2700000,3100000,16,0,0,0
eab700d4-ad48-4d1f-be98-208c9e36be84,Pemerintah Kota Dumai,CPNS,UMUM,PENERA AHLI PERTAMA,Pemerintah Kota Dumai | Dinas Perdagangan | Bidang Kemetrologian Dinas Perdagangan,4,1,3500000,3500000,238,0,0,0
6eee65f0-d2fd-497b-8602-333077b751af,Pemerintah Kota Dumai,CPNS,UMUM,PRANATA KOMPUTER AHLI PERTAMA,Pemerintah Kota Dumai | Dinas Perikanan | Sekretariat Dinas Perikanan | Subbagian Tata Usaha Dinas Perikanan,1,1,3500000,3500000,24,0,0,0
b0bb9a0d-2d57-4b97-9913-37e0a1b7743d,Pemerintah Kota Gunung Sitoli,CPNS,UMUM,PENGAWAS INDUSTRI,"Pemerintah Kota Gunungsitoli | DINAS PERINDUSTRIAN DAN KOPERASI, USAHA KECIL MENENGAH | BIDANG PERINDUSTRIAN",1,1,3000000,4500000,6,0,0,0
89422374-fee4-4a3c-b252-67b7a17b1693,Pemerintah Kota Gunung Sitoli,CPNS,UMUM,PENGAWAS KEMETROLOGIAN AHLI PERTAMA,Pemerintah Kota Gunungsitoli | DINAS PERDAGANGAN DAN KETENAGAKERJAAN | BIDANG PERDAGANGAN,1,1,3000000,4500000,9,0,0,0
c53a5057-dae4-4d41-ab9c-53f8f5f23213,Pemerintah Kota Gunung Sitoli,CPNS,UMUM,TEKNISI SARANA DAN PRASARANA,Pemerintah Kota Gunungsitoli | DINAS PEKERJAAN UMUM DAN TATA RUANG | UPTD PERALATAN DAN LABORATORIUM KONSTRUKSI | SUB BAGIAN TATA USAHA,1,1,3000000,4500000,5,0,0,0
885ff9bd-fe2f-4900-9bce-fbb918f865b4,Pemerintah Kota Kendari,CPNS,UMUM,PENATA KELOLA BANGUNAN GEDUNG DAN KAWASAN PERMUKIMAN AHLI PERTAMA,"Pemerintah Kota Kendari | Dinas Perumahan, Kawasan Permukiman Dan Pertanahan | Bidang Kawasan Permukiman",1,1,3500000,5000000,5,0,0,0
d21869cf-4bd3-4245-877f-10558db2d745,Pemerintah Kota Kendari,CPNS,UMUM,PENATA KELOLA BANGUNAN GEDUNG DAN KAWASAN PERMUKIMAN AHLI PERTAMA,Pemerintah Kota Kendari | Dinas Pekerjaan Umum Dan Penataan Ruang | Bidang Penataan Ruang,1,1,3500000,5000000,8,0,0,0
5b66a791-aca9-4d9c-8b6f-1c271867352c,Pemerintah Kota Medan,CPNS,UMUM,INSTRUKTUR AHLI PERTAMA,PEMERINTAH KOTA MEDAN | DINAS KETENAGAKERJAAN KOTA MEDAN | BIDANG PELATIHAN DAN PRODUKTIVITAS DINAS KETENAGAKERJAAN KOTA MEDAN,1,1,3000000,7000000,23,0,0,0
40051c16-0489-4b6e-a691-96050e88cddc,Pemerintah Kota Medan,CPNS,UMUM,PENATA KELOLA BANGUNAN GEDUNG DAN KAWASAN PERMUKIMAN AHLI PERTAMA,"PEMERINTAH KOTA MEDAN | DINAS PERUMAHAN, KAWASAN PERMUKIMAN, CIPTA KARYA DAN TATA RUANG KOTA MEDAN | BIDANG PENATAAN BANGUNAN DAN LINGKUNGAN DINAS PERUMAHAN, KAWASAN PERMUKIMAN, CIPTA KARYA DAN TATA RUANG KOTA MEDAN",1,1,3000000,7000000,25,0,0,0
5dc8f02b-3554-4345-a98b-74463449bba7,Pemerintah Kota Medan,CPNS,UMUM,TEKNISI SARANA DAN PRASARANA,PEMERINTAH KOTA MEDAN | SEKRETARIAT DAERAH KOTA MEDAN | ASISTEN ADMINISTRASI UMUM SEKRETARIAT DAERAH KOTA MEDAN | BAGIAN UMUM SEKRETARIAT DAERAH KOTA MEDAN,1,1,3000000,7000000,16,0,0,0
c6359809-4f0d-4fac-8cad-727b3da220c5,Pemerintah Kota Medan,CPNS,UMUM,TEKNISI SARANA DAN PRASARANA,PEMERINTAH KOTA MEDAN | DINAS PERHUBUNGAN KOTA MEDAN | BIDANG SARANA PRASARANA ANGKUTAN DAN PENERANGAN DINAS PERHUBUNGAN KOTA MEDAN | SEKSI PENGOPERASIAN PRASARANA DINAS PERHUBUNGAN KOTA MEDAN,3,1,3000000,7000000,184,0,0,0
c226dcf0-dcc8-4e96-b289-fda42fc85d48,Pemerintah Kota Padang,CPNS,UMUM,MANGGALA INFORMATIKA AHLI PERTAMA,Pemerintah Kota Padang | DINAS KOMUNIKASI DAN INFORMATIKA | BIDANG STATISTIK SEKTORAL DAN PERSANDIAN DAERAH,2,1,2400000,4100000,33,0,0,0
25b1b940-baf9-4bc1-8326-eef1bb39aac0,Pemerintah Kota Padang,CPNS,UMUM,PENERA AHLI PERTAMA,Pemerintah Kota Padang | DINAS PERDAGANGAN | BIDANG KEMETROLOGIAN,2,0,2400000,4100000,177,0,0,0
321e2ad5-1251-46d6-a323-4f0872a24835,Pemerintah Kota Padang,CPNS,UMUM,PENGAWAS KEMETROLOGIAN AHLI PERTAMA,Pemerintah Kota Padang | DINAS PERDAGANGAN | BIDANG KEMETROLOGIAN,1,0,2400000,4100000,29,0,0,0
8b6694e8-131b-417b-a7ed-11a263ec4a02,Pemerintah Kota Padang,CPNS,UMUM,PENGELOLA PENGADAAN BARANG/JASA AHLI PERTAMA,Pemerintah Kota Padang | SEKRETARIAT DAERAH | ASISTEN PEREKONOMIAN DAN PEMBANGUNAN | BAGIAN PENGADAAN BARANG/JASA,2,0,2400000,4100000,156,0,0,0
ee1275fd-20be-4249-9256-e271995ededa,Pemerintah Kota Padang,CPNS,UMUM,SANDIMAN AHLI PERTAMA,Pemerintah Kota Padang | DINAS KOMUNIKASI DAN INFORMATIKA | BIDANG STATISTIK SEKTORAL DAN PERSANDIAN DAERAH,1,1,2400000,4100000,0,0,0,0
512a4f3f-8f3a-439e-b681-4aa599b748d9,Pemerintah Kota Padang,CPNS,UMUM,TEKNISI SARANA DAN PRASARANA,Pemerintah Kota Padang | DINAS LINGKUNGAN HIDUP | UPTD TEMPAT PENGELOLAAN AKHIR SAMPAH DAN INSTALASI PENGELOLAAN LIMBAH TINJA | TU UPT TPA SAMPAH DAN IPLT,2,0,2400000,4100000,18,0,0,0
91ed1cf5-9294-4871-a106-0aeff456da2c,Pemerintah Kota Padang,CPNS,UMUM,TEKNISI SARANA DAN PRASARANA,Pemerintah Kota Padang | DINAS LINGKUNGAN HIDUP | BIDANG PERTAMANAN DAN PEMELIHARAAN LINGKUNGAN HIDUP,3,0,2400000,4100000,134,0,0,0
a6b5d746-c917-4bc6-94c2-540ec566977c,Pemerintah Kota Padang,CPNS,UMUM,TEKNISI SARANA DAN PRASARANA,Pemerintah Kota Padang | DINAS PEMADAM KEBAKARAN | BIDANG OPERASI DAN SARANA PRASARANA,2,0,2400000,4100000,20,0,0,0
bafda225-c387-472d-b506-fc5b9005e618,Pemerintah Kota Padang,CPNS,UMUM,TEKNISI SARANA DAN PRASARANA,Pemerintah Kota Padang | DINAS PEKERJAAN UMUM DAN PENATAAN RUANG | BIDANG PENYELENGGARAAN JALAN,1,0,2400000,4100000,12,0,0,0
2c1c99da-a473-48f4-9063-4690c131a69b,Pemerintah Kota Pagar Alam,CPNS,UMUM,ANALIS KEBAKARAN AHLI PERTAMA,PEMERINTAH KOTA PAGAR ALAM/ | BADAN PENANGGULANGAN BENCANA DAERAH | BIDANG PENCEGAHAN DAN KESIAPSIAGAAN BADAN PENANGGULANGAN BENCANA DAERAH,2,1,2966500,6000000,63,0,0,0
9aa9695d-ff73-4356-9b17-c5ce3a62f803,Pemerintah Kota Pagar Alam,CPNS,UMUM,ANALIS KEBAKARAN AHLI PERTAMA,PEMERINTAH KOTA PAGAR ALAM/ | BADAN PENANGGULANGAN BENCANA DAERAH,1,1,2966500,6000000,15,0,0,0
6e1e5dec-445a-402c-9b05-2b479e01c355,Pemerintah Kota Pariaman,CPNS,UMUM,PENELAAH KETERTELUSURAN STANDAR PENGUKURAN,"PEMERINTAH KOTA PARIAMAN | DINAS PERUMAHAN RAKYAT, KAWASAN PERMUKIMAN DAN LINGKUNGAN HIDUP | UPTD LABORATORIUM LINGKUNGAN | SUB BAGIAN TATA USAHA UPTD LABORATORIUM LINGKUNGAN",1,1,2500000,4500000,29,0,0,0
c6433d85-0254-49bf-ac88-655522bb6488,Pemerintah Kota Pariaman,CPNS,UMUM,PENGAWAS JARINGAN UTILITAS,"PEMERINTAH KOTA PARIAMAN | DINAS PERINDUSTRIAN, PERDAGANGAN DAN KUKM | UPTD PASAR PARIAMAN | SUB BAGIAN TATA USAHA UPT PASAR PARIAMAN",1,1,2500000,4500000,73,0,0,0
2efb579b-e062-44c9-9d4f-8f12db5d5329,Pemerintah Kota Pekalongan,CPNS,UMUM,PENATA KELOLA USAHA KETENAGALISTRIKAN,Pemerintah Kota Pekalongan | DINAS PERHUBUNGAN | BIDANG LALU LINTAS | SEKSI PENERANGAN JALAN UMUM,1,0,2873500,3058500,43,0,0,0
d14e5208-9dda-488b-8342-8d05def8430e,Pemerintah Kota Pontianak,CPNS,UMUM,INSTRUKTUR AHLI PERTAMA,"PEMERINTAH KOTA PONTIANAK | DINAS TENAGA KERJA | BIDANG PELATIHAN, PENEMPATAN TENAGA KERJA DAN PERLUASAN KESEMPATAN KERJA",1,1,2785700,8054523,12,0,0,0
0c4f2c1d-7320-4ef0-ac81-01f7a5243c5b,Pemerintah Kota Pontianak,CPNS,UMUM,PENGAWAS JARINGAN UTILITAS,PEMERINTAH KOTA PONTIANAK | DINAS PERHUBUNGAN | BIDANG PERLENGKAPAN JALAN | SEKSI PEMBANGUNAN DAN OPERASIONAL,3,1,2785700,7453087,73,0,0,0
c24e7000-6be3-4bee-97c2-1661b778b817,Pemerintah Kota Prabumulih,CPNS,UMUM,INSTRUKTUR AHLI PERTAMA,PEMERINTAH KOTA PRABUMULIH | DINAS TENAGA KERJA | UPTD BLK,1,1,2325600,3325600,36,0,0,0
46240871-129f-4e91-840b-cb067f6f58f1,Pemerintah Kota Prabumulih,CPNS,UMUM,PEMERIKSA FORENSIK DIGITAL,PEMERINTAH KOTA PRABUMULIH | DINAS KOMUNIKASI DAN INFORMATIKA,1,1,2325600,3325600,3,0,0,0
8520fc06-e261-47d4-905f-f109ed276acb,Pemerintah Kota Prabumulih,CPNS,UMUM,PENYULUH PERINDUSTRIAN DAN PERDAGANGAN AHLI PERTAMA,PEMERINTAH KOTA PRABUMULIH | DINAS PERINDUSTRIAN DAN PERDAGANGAN,1,1,2325600,3325600,54,0,0,0
8a0186cc9159ace501915a6dcb297f2c,Pemerintah Kota Prabumulih,CPNS,PENYANDANG DISABILITAS,PRANATA KOMPUTER AHLI PERTAMA,PEMERINTAH KOTA PRABUMULIH | DINAS KEPENDUDUKAN DAN PENCATATAN SIPIL,1,1,2325600,3325600,0,0,0,0
1398b5b1-8019-4278-8f9a-3be2ce730867,Pemerintah Kota Prabumulih,CPNS,UMUM,PRANATA KOMPUTER AHLI PERTAMA,PEMERINTAH KOTA PRABUMULIH | BADAN KEPEGAWAIAN DAN PENGEMBANGAN SUMBER DAYA MANUSIA,3,1,2325600,3325600,68,0,0,0
4c7e71f1-8298-484a-9a35-b89c1ea8943b,Pemerintah Kota Prabumulih,CPNS,UMUM,PRANATA KOMPUTER AHLI PERTAMA,PEMERINTAH KOTA PRABUMULIH | INSPEKTORAT,1,1,2325600,3325600,9,0,0,0
5074b536-6b88-4772-a8d2-006db1924363,Pemerintah Kota Prabumulih,CPNS,UMUM,PRANATA KOMPUTER AHLI PERTAMA,"PEMERINTAH KOTA PRABUMULIH | RSUD PRABUMULIH | BAGIAN UMUM DAN SUMBER DAYA MANUSIA | SUB BAGIAN ORGANISASI, HUKUM, HUMAS, DAN PEMASARAN",1,1,2325600,3325600,1,0,0,0
58c1a0b9-eb32-4473-85d7-5cefa42e3391,Pemerintah Kota Prabumulih,CPNS,UMUM,PRANATA KOMPUTER AHLI PERTAMA,PEMERINTAH KOTA PRABUMULIH | RSUD PRABUMULIH,1,1,2325600,3325600,5,0,0,0
ede3cd06-9e1e-4c2c-a40b-407763c683cc,Pemerintah Kota Prabumulih,CPNS,UMUM,PRANATA KOMPUTER AHLI PERTAMA,PEMERINTAH KOTA PRABUMULIH | DINAS KEPENDUDUKAN DAN PENCATATAN SIPIL,1,1,2325600,3325600,14,0,0,0
9399d3f5-80a1-4b92-b9dc-2806c4d429d5,Pemerintah Kota Sabang,CPNS,UMUM,PENGAWAS PENYELENGGARAAN URUSAN PEMERINTAHAN DAERAH AHLI PERTAMA,PEMERINTAH KOTA SABANG | INSPEKTORAT | INSPEKTUR PEMBANTU I,1,0,2785700,4575200,7,0,0,0
db9d08fe-75c9-42a5-9308-bf9846df6c69,Pemerintah Kota Sabang,CPNS,UMUM,PENGAWAS PENYELENGGARAAN URUSAN PEMERINTAHAN DAERAH AHLI PERTAMA,PEMERINTAH KOTA SABANG | INSPEKTORAT | INSPEKTUR PEMBANTU II,3,0,2785700,4575200,65,0,0,0
faede090-fe69-48b5-82fa-e0aff3ab61a5,Pemerintah Kota Sabang,CPNS,UMUM,PENGAWAS PENYELENGGARAAN URUSAN PEMERINTAHAN DAERAH AHLI PERTAMA,PEMERINTAH KOTA SABANG | INSPEKTORAT | INSPEKTUR PEMBANTU KHUSUS,3,0,2785700,4575200,52,0,0,0
8a02826391606efe01916083018b022e,Pemerintah Kota Sabang,CPNS,PENYANDANG DISABILITAS,PENGELOLA PENGADAAN BARANG/JASA AHLI PERTAMA,PEMERINTAH KOTA SABANG | SEKRETARIAT DAERAH | ASISTEN PEREKONOMIAN DAN PEMBANGUNAN | BAGIAN PENGADAAN BARANG DAN JASA,1,1,2785700,4575200,0,0,0,0
37e78119-c694-43a2-b7d6-6bc7d280cd06,Pemerintah Kota Sabang,CPNS,UMUM,PENGELOLA PENGADAAN BARANG/JASA AHLI PERTAMA,PEMERINTAH KOTA SABANG | SEKRETARIAT DAERAH | ASISTEN PEREKONOMIAN DAN PEMBANGUNAN | BAGIAN PENGADAAN BARANG DAN JASA,8,0,2785700,4575200,399,0,0,0
6c85e15c-cd91-493b-a320-fd98fd61c0b5,Pemerintah Kota Sabang,CPNS,UMUM,PERENCANA AHLI PERTAMA,PEMERINTAH KOTA SABANG | SEKRETARIAT DAERAH | ASISTEN PEREKONOMIAN DAN PEMBANGUNAN | BAGIAN ADMINISTRASI PEMBANGUNAN,2,0,2785700,4575200,88,0,0,0
d8138f1d-53c6-4d7b-bafb-d7e7b973efdd,Pemerintah Kota Samarinda,CPNS,UMUM,PENGENDALI KONTEN INTERNET,PEMERINTAH KOTA SAMARINDA | DINAS KOMUNIKASI DAN INFORMATIKA | BIDANG APLIKASI DAN LAYANAN E-GOVERMENT,1,1,3203600,8000000,10,0,0,0
1c957cd4-05ea-4890-abea-394a7458abe6,Pemerintah Kota Sawahlunto,CPNS,UMUM,TEKNISI SARANA DAN PRASARANA,PEMERINTAH KOTA SAWAHLUNTO | PEMERINTAH KOTA SAWAHLUNTO | DINAS PERHUBUNGAN | SEKRETARIAT | SUB BAGIAN ADMINISTRASI UMUM DAN KEPEGAWAIAN,1,1,2785700,2785700,17,0,0,0
3b08a228-11dd-4796-b2ec-496e0bd79186,Pemerintah Kota Semarang,CPNS,UMUM,PENATA KELOLA BANGUNAN GEDUNG DAN KAWASAN PERMUKIMAN AHLI PERTAMA,Pemerintah Kota Semarang | Dinas Perumahan dan Kawasan Permukiman | UPTD Rumah Susun Sewa - Disperkim | Subbagian Tata Usaha UPTD Rumah Susun Sewa - Disperkim,1,1,4200000,8700000,45,0,0,0
b888bd61-dfc3-434e-90ed-7e60b5cf95b7,Pemerintah Kota Semarang,CPNS,UMUM,PENATA KELOLA BANGUNAN GEDUNG DAN KAWASAN PERMUKIMAN AHLI PERTAMA,Pemerintah Kota Semarang | Dinas Perumahan dan Kawasan Permukiman | Bidang Permukiman - Disperkim,1,1,4200000,8700000,99,0,0,0
891d9e76-587a-4c3a-9cd9-a6dc3ffd819c,Pemerintah Kota Semarang,CPNS,UMUM,PERENCANA AHLI PERTAMA,Pemerintah Kota Semarang | Dinas Perumahan dan Kawasan Permukiman | Sekretariat Dinas Perumahan dan Kawasan Permukiman,2,1,4200000,8700000,484,0,0,0
46b46f57-5112-463b-97aa-f9d361149516,Pemerintah Kota Serang,CPNS,UMUM,KONSULTAN INDUSTRI,"Pemerintah Kota Serang | DINAS KOPERASI, USAHA KECIL DAN MENENGAH, PERINDUSTRIAN DAN PERDAGANGAN | BIDANG PERINDUSTRIAN",2,1,2485960,3093158,21,0,0,0
e31c8a0d-1eb2-4842-9170-eefe54d92060,Pemerintah Kota Serang,CPNS,UMUM,MANGGALA INFORMATIKA AHLI PERTAMA,Pemerintah Kota Serang | DINAS KOMUNIKASI DAN INFORMATIKA,2,1,2485960,3093158,17,0,0,0
331b3ec0-7bd0-49f9-897a-a0681511a62f,Pemerintah Kota Serang,CPNS,UMUM,PEMERIKSA FORENSIK DIGITAL,Pemerintah Kota Serang | DINAS KOMUNIKASI DAN INFORMATIKA | BIDANG LAYANAN E-GOVERNMENT,1,1,2485960,3093158,9,0,0,0
539bf0d9-0588-41c0-abf4-814e41ad3082,Pemerintah Kota Serang,CPNS,UMUM,PEMERIKSA FORENSIK DIGITAL,Pemerintah Kota Serang | DINAS KOMUNIKASI DAN INFORMATIKA | BIDANG DISEMINASI INFORMASI DAN KOMUNIKASI PUBLIK,1,1,2485960,3093158,14,0,0,0
0f6baae1-33fe-4bba-bd56-50f5c511a117,Pemerintah Kota Serang,CPNS,UMUM,PENELAAH KETERTELUSURAN STANDAR PENGUKURAN,"Pemerintah Kota Serang | DINAS KOPERASI, USAHA KECIL DAN MENENGAH, PERINDUSTRIAN DAN PERDAGANGAN | BIDANG PERDAGANGAN",1,1,2485960,3093158,14,0,0,0
0a23d06a-7abb-422b-bb09-61a8a920a822,Pemerintah Kota Serang,CPNS,UMUM,PENGAWAS INDUSTRI,"Pemerintah Kota Serang | DINAS KOPERASI, USAHA KECIL DAN MENENGAH, PERINDUSTRIAN DAN PERDAGANGAN | BIDANG PERINDUSTRIAN",1,1,2485960,3093158,22,0,0,0
8a0186ce915e61b701915e909d680af1,Pemerintah Kota Serang,CPNS,PENYANDANG DISABILITAS,PRANATA KOMPUTER AHLI PERTAMA,Pemerintah Kota Serang | DINAS KOMUNIKASI DAN INFORMATIKA,1,1,2485960,3093158,1,0,0,0
a1f8ba62-1aa2-43e8-abf0-bf8fc21b01b9,Pemerintah Kota Serang,CPNS,UMUM,PRANATA KOMPUTER AHLI PERTAMA,Pemerintah Kota Serang | DINAS KOMUNIKASI DAN INFORMATIKA,3,1,2485960,3093158,113,0,0,0
2063d897-fe2a-479b-b592-f4aa64ca4c25,Pemerintah Kota Serang,CPNS,UMUM,TEKNISI SARANA DAN PRASARANA,Pemerintah Kota Serang | DINAS PERHUBUNGAN | BIDANG SARANA DAN PRASARANA | SEKSI PEMELIHARAAN DAN PEMBANGUNAN PENERANGAN JALAN UMUM,1,0,2485960,3093158,23,0,0,0
36e67262-ae67-4d39-86f5-616e6c8220fe,Pemerintah Kota Sibolga,CPNS,UMUM,PRANATA KOMPUTER AHLI PERTAMA,Walikota Sibolga | Dinas Pendidikan dan Kebudayaan,1,0,2800000,4600000,29,0,0,0
c99e82b7-202b-4f26-beed-2671e2027043,Pemerintah Kota Sibolga,CPNS,UMUM,PRANATA KOMPUTER AHLI PERTAMA,Walikota Sibolga | Sekretariat Daerah,1,0,2800000,4600000,25,0,0,0
75fa718c-146b-4468-87e4-fd351c7f87e9,Pemerintah Kota Sibolga,CPNS,UMUM,SANDIMAN AHLI PERTAMA,Walikota Sibolga | Dinas Komunikasi Dan Informatika,1,0,2800000,4600000,20,0,0,0
e82a0dc4-80ca-4577-ab61-96a7381da7aa,Pemerintah Kota Singkawang,CPNS,UMUM,ANALIS KEBAKARAN AHLI PERTAMA,PEMERINTAH KOTA SINGKAWANG | SATUAN POLISI PAMONG PRAJA | BIDANG PEMADAM KEBAKARAN | SEKSI PENANGGULANGAN KEBAKARAN,2,1,3203600,5261500,32,0,0,0
539b9587-bf45-4181-a940-a96ad3497e31,Pemerintah Kota Subulussalam,CPNS,UMUM,PERENCANA AHLI PERTAMA,PEMERINTAH KOTA SUBULUSSALAM | SEKRETARIAT DAERAH KOTA SUBULUSSALAM | ASISTEN  PEREKONOMIAN DAN PEMBANGUNAN | BAGIAN ADMINISTRASI PEMBANGUNAN,4,0,2785700,3342840,298,0,0,0
3d2315e3-f10c-4120-b37f-cc07a0581a19,Pemerintah Kota Surakarta,CPNS,UMUM,ANALIS KEBAKARAN AHLI PERTAMA,"Pemerintah Kota Surakarta | Dinas Pemadam Kebakaran | Bidang Penyelamatan dan Penanganan Kebakaran, dan Pertolongan Korban",3,1,2785700,3572800,201,0,0,0
0a7a1c9b-59d2-4821-ac44-381919627253,Pemerintah Kota Tual,CPNS,UMUM,PENATA PERIZINAN AHLI PERTAMA,"WALIKOTA TUAL | SEKRETARIAT DAERAH KOTA TUAL | DINAS PENANAMAN MODAL, PELAYANAN TERPADU SATU PINTU DAN TENAGA KERJA | BIDANG PERIZINAN UMUM DAN PERIZINAN TERTENTU",3,1,2000000,5000000,4,0,0,0
ad1bfa38-0271-4581-9688-d72b4181da12,Pemerintah Kota Tual,CPNS,UMUM,PENERA AHLI PERTAMA,WALIKOTA TUAL | SEKRETARIAT DAERAH KOTA TUAL | DINAS PERDAGANGAN DAN PERINDUSTRIAN | UPTD METROLOGI LEGAL,2,1,2000000,5000000,3,0,0,0
6701d487-7a2f-4f13-9779-ce30bf9e8916,Pemerintah Kota Tual,CPNS,UMUM,PRANATA KOMPUTER AHLI PERTAMA,WALIKOTA TUAL | SEKRETARIAT DAERAH KOTA TUAL | ASISTEN ADMINISTRASI UMUM | BAGIAN UMUM DAN PERLENGKAPAN | SUB BAGIAN TATA USAHA,1,0,2000000,5000000,0,0,0,0
0eb52359-73c4-4a6e-838d-382220dc3f6d,Pemerintah Kota Tual,CPNS,UMUM,PRANATA LABORATORIUM KEMETROLOGIAN AHLI PERTAMA,WALIKOTA TUAL | SEKRETARIAT DAERAH KOTA TUAL | DINAS PERDAGANGAN DAN PERINDUSTRIAN,4,0,2000000,5000000,19,0,0,0
50e74836-1e84-4653-8b97-44f0ed4e4519,Pemerintah Provinsi Bali,CPNS,UMUM,PENGAWAS PENYELENGGARAAN URUSAN PEMERINTAHAN DAERAH AHLI PERTAMA,Pemerintah Provinsi Bali | INSPEKTORAT,19,0,3200000,9400000,1749,0,0,0
f8d21c1b-ba78-4ddb-af32-1b9c77ae4f79,Pemerintah Provinsi Bali,CPNS,UMUM,SANDIMAN AHLI PERTAMA,"Pemerintah Provinsi Bali | DINAS KOMUNIKASI, INFORMATIKA DAN STATISTIK",1,0,3200000,9400000,129,0,0,0
8f1de0d4-6e65-4944-b586-94595c3d1897,Pemerintah Provinsi Daerah Khusus Ibukota Jakarta,CPNS,UMUM,PEMBINA JASA KONSTRUKSI AHLI PERTAMA,"PEMERINTAH PROVINSI DKI JAKARTA | DINAS CIPTA KARYA, TATA RUANG DAN PERTANAHAN | BIDANG BINA KONSTRUKSI DINAS CIPTA KARYA, TATA RUANG DAN PERTANAHAN | SUBKELOMPOK PEMBINAAN JASA KONSTRUKSI",1,1,7088560,21505700,28,0,0,0
df4dd643-e54f-46fe-8e4f-e5cc0b9f5863,Pemerintah Provinsi Daerah Khusus Ibukota Jakarta,CPNS,UMUM,PEMBINA JASA KONSTRUKSI AHLI PERTAMA,"PEMERINTAH PROVINSI DKI JAKARTA | DINAS CIPTA KARYA, TATA RUANG DAN PERTANAHAN | BIDANG BINA KONSTRUKSI DINAS CIPTA KARYA, TATA RUANG DAN PERTANAHAN | SUBKELOMPOK EVALUASI",1,1,7088560,21505700,21,0,0,0
8a03849a9149c64e01914a9e391857a8,Pemerintah Provinsi Daerah Khusus Ibukota Jakarta,CPNS,LULUSAN TERBAIK,PENATA KELOLA BANGUNAN GEDUNG DAN KAWASAN PERMUKIMAN AHLI PERTAMA,"PEMERINTAH PROVINSI DKI JAKARTA | DINAS CIPTA KARYA, TATA RUANG DAN PERTANAHAN | BIDANG BANGUNAN GEDUNG DINAS CIPTA KARYA, TATA RUANG DAN PERTANAHAN | SUBKELOMPOK PELAKSANAAN",1,1,7088560,21505700,25,0,0,0
05c90786-a676-4e35-b156-e004d9f8d731,Pemerintah Provinsi Daerah Khusus Ibukota Jakarta,CPNS,UMUM,PENATA KELOLA BANGUNAN GEDUNG DAN KAWASAN PERMUKIMAN AHLI PERTAMA,"PEMERINTAH PROVINSI DKI JAKARTA | DINAS CIPTA KARYA, TATA RUANG DAN PERTANAHAN | SUKU DINAS CIPTA KARYA, TATA RUANG DAN PERTANAHAN KOTA ADM. JAKARTA BARAT | SEKSI PEMBANGUNAN DAN PERAWATAN GEDUNG PEMERINTAH DAERAH SUKU DINAS CIPTA KARYA, TATA RUANG DAN PERTANAHAN KOTA ADM. JAKARTA BARAT",2,1,7088560,21505700,15,0,0,0
16cecc10-2dec-4dcd-826f-2dd46ab93dea,Pemerintah Provinsi Daerah Khusus Ibukota Jakarta,CPNS,UMUM,PENATA KELOLA BANGUNAN GEDUNG DAN KAWASAN PERMUKIMAN AHLI PERTAMA,"PEMERINTAH PROVINSI DKI JAKARTA | DINAS CIPTA KARYA, TATA RUANG DAN PERTANAHAN | SUKU DINAS CIPTA KARYA, TATA RUANG DAN PERTANAHAN KOTA ADM. JAKARTA PUSAT | SEKSI PEMBANGUNAN DAN PERAWATAN GEDUNG PEMERINTAH DAERAH SUKU DINAS CIPTA KARYA, TATA RUANG DAN PERTANAHAN KOTA ADM. JAKARTA PUSAT",1,1,7088560,21505700,9,0,0,0
2ed6b61c-3782-4f97-ac6d-cab36c70f3c5,Pemerintah Provinsi Daerah Khusus Ibukota Jakarta,CPNS,UMUM,PENATA KELOLA BANGUNAN GEDUNG DAN KAWASAN PERMUKIMAN AHLI PERTAMA,"PEMERINTAH PROVINSI DKI JAKARTA | DINAS CIPTA KARYA, TATA RUANG DAN PERTANAHAN | SUKU DINAS CIPTA KARYA, TATA RUANG DAN PERTANAHAN KOTA ADM. JAKARTA BARAT | SEKSI PEMBINAAN GEDUNG PEMERINTAH DAERAH SUKU DINAS CIPTA KARYA, TATA RUANG DAN PERTANAHAN KOTA ADM. JAKARTA BARAT",1,1,7088560,21505700,3,0,0,0
814ff975-691b-4858-a05e-b50cfac948f2,Pemerintah Provinsi Daerah Khusus Ibukota Jakarta,CPNS,UMUM,PENATA KELOLA BANGUNAN GEDUNG DAN KAWASAN PERMUKIMAN AHLI PERTAMA,"PEMERINTAH PROVINSI DKI JAKARTA | DINAS CIPTA KARYA, TATA RUANG DAN PERTANAHAN | SUKU DINAS CIPTA KARYA, TATA RUANG DAN PERTANAHAN KOTA ADM. JAKARTA TIMUR | SEKSI PEMBANGUNAN DAN PERAWATAN GEDUNG PEMERINTAH DAERAH SUKU DINAS CIPTA KARYA, TATA RUANG DAN PERTANAHAN KOTA ADM. JAKARTA TIMUR",2,1,7088560,21505700,23,0,0,0
897ba0ef-e5ea-4d40-b7df-17c2f1ecb610,Pemerintah Provinsi Daerah Khusus Ibukota Jakarta,CPNS,UMUM,PENATA KELOLA BANGUNAN GEDUNG DAN KAWASAN PERMUKIMAN AHLI PERTAMA,"PEMERINTAH PROVINSI DKI JAKARTA | DINAS CIPTA KARYA, TATA RUANG DAN PERTANAHAN | BIDANG GEDUNG PEMERINTAH DAERAH DINAS CIPTA KARYA, TATA RUANG DAN PERTANAHAN | SUBKELOMPOK PERAWATAN",1,1,7088560,21505700,2,0,0,0
90cbdf8c-dc7a-4752-8efe-a9fd8ab634d6,Pemerintah Provinsi Daerah Khusus Ibukota Jakarta,CPNS,UMUM,PENATA KELOLA BANGUNAN GEDUNG DAN KAWASAN PERMUKIMAN AHLI PERTAMA,"PEMERINTAH PROVINSI DKI JAKARTA | DINAS CIPTA KARYA, TATA RUANG DAN PERTANAHAN | SUKU DINAS CIPTA KARYA, TATA RUANG DAN PERTANAHAN KOTA ADM. JAKARTA UTARA | SEKSI PEMBINAAN GEDUNG PEMERINTAH DAERAH SUKU DINAS CIPTA KARYA, TATA RUANG DAN PERTANAHAN KOTA ADM. JAKARTA UTARA",1,1,7088560,21505700,5,0,0,0
9bc9eff3-86b8-4079-8994-91c958ba0565,Pemerintah Provinsi Daerah Khusus Ibukota Jakarta,CPNS,UMUM,PENATA KELOLA BANGUNAN GEDUNG DAN KAWASAN PERMUKIMAN AHLI PERTAMA,"PEMERINTAH PROVINSI DKI JAKARTA | DINAS CIPTA KARYA, TATA RUANG DAN PERTANAHAN | SUKU DINAS CIPTA KARYA, TATA RUANG DAN PERTANAHAN KOTA ADM. JAKARTA UTARA | SEKSI BANGUNAN GEDUNG SUKU DINAS CIPTA KARYA, TATA RUANG DAN PERTANAHAN KOTA ADM. JAKARTA UTARA",1,1,7088560,21505700,33,0,0,0
af3c16e1-04ce-4cb0-84b5-f277f20783e6,Pemerintah Provinsi Daerah Khusus Ibukota Jakarta,CPNS,UMUM,PENATA KELOLA BANGUNAN GEDUNG DAN KAWASAN PERMUKIMAN AHLI PERTAMA,"PEMERINTAH PROVINSI DKI JAKARTA | DINAS CIPTA KARYA, TATA RUANG DAN PERTANAHAN | SUKU DINAS CIPTA KARYA, TATA RUANG DAN PERTANAHAN KOTA ADM. JAKARTA TIMUR | SEKSI BANGUNAN GEDUNG SUKU DINAS CIPTA KARYA, TATA RUANG DAN PERTANAHAN KOTA ADM. JAKARTA TIMUR",1,1,7088560,21505700,6,0,0,0
bb9a57e3-7c84-4545-97f6-1ff8dc4cd6ce,Pemerintah Provinsi Daerah Khusus Ibukota Jakarta,CPNS,UMUM,PENATA KELOLA BANGUNAN GEDUNG DAN KAWASAN PERMUKIMAN AHLI PERTAMA,"PEMERINTAH PROVINSI DKI JAKARTA | DINAS CIPTA KARYA, TATA RUANG DAN PERTANAHAN | SUKU DINAS CIPTA KARYA, TATA RUANG DAN PERTANAHAN KOTA ADM. JAKARTA UTARA | SEKSI PEMBANGUNAN DAN PERAWATAN GEDUNG PEMERINTAH DAERAH SUKU DINAS CIPTA KARYA, TATA RUANG DAN PERTANAHAN KOTA ADM. JAKARTA UTARA",2,1,7088560,21505700,6,0,0,0
d07ee9f9-767d-4114-9074-e78f6b62623f,Pemerintah Provinsi Daerah Khusus Ibukota Jakarta,CPNS,UMUM,PENATA KELOLA BANGUNAN GEDUNG DAN KAWASAN PERMUKIMAN AHLI PERTAMA,"PEMERINTAH PROVINSI DKI JAKARTA | DINAS CIPTA KARYA, TATA RUANG DAN PERTANAHAN | SUKU DINAS CIPTA KARYA, TATA RUANG DAN PERTANAHAN KOTA ADM. JAKARTA SELATAN | SEKSI PEMBANGUNAN DAN PERAWATAN GEDUNG PEMERINTAH DAERAH SUKU DINAS CIPTA KARYA, TATA RUANG DAN PERTANAHAN KOTA ADM. JAKARTA SELATAN",1,1,7088560,21505700,18,0,0,0
d692e94e-9000-47f0-8ad1-033cecf604e5,Pemerintah Provinsi Daerah Khusus Ibukota Jakarta,CPNS,UMUM,PENATA KELOLA BANGUNAN GEDUNG DAN KAWASAN PERMUKIMAN AHLI PERTAMA,"PEMERINTAH PROVINSI DKI JAKARTA | DINAS CIPTA KARYA, TATA RUANG DAN PERTANAHAN | SUKU DINAS CIPTA KARYA, TATA RUANG DAN PERTANAHAN KOTA ADM. JAKARTA BARAT | SEKSI BANGUNAN GEDUNG SUKU DINAS CIPTA KARYA, TATA RUANG DAN PERTANAHAN KOTA ADM. JAKARTA BARAT",1,1,7088560,21505700,1,0,0,0
eb0a88d8-069a-4430-814b-804827fcfa45,Pemerintah Provinsi Daerah Khusus Ibukota Jakarta,CPNS,UMUM,PENATA KELOLA BANGUNAN GEDUNG DAN KAWASAN PERMUKIMAN AHLI PERTAMA,"PEMERINTAH PROVINSI DKI JAKARTA | DINAS CIPTA KARYA, TATA RUANG DAN PERTANAHAN | SUKU DINAS CIPTA KARYA, TATA RUANG DAN PERTANAHAN KOTA ADM. JAKARTA SELATAN | SEKSI PEMBINAAN GEDUNG PEMERINTAH DAERAH SUKU DINAS CIPTA KARYA, TATA RUANG DAN PERTANAHAN KOTA ADM. JAKARTA SELATAN",1,1,7088560,21505700,4,0,0,0
f1f82b1f-533a-41ab-9a06-ff8a4c60e992,Pemerintah Provinsi Daerah Khusus Ibukota Jakarta,CPNS,UMUM,PENATA KELOLA BANGUNAN GEDUNG DAN KAWASAN PERMUKIMAN AHLI PERTAMA,"PEMERINTAH PROVINSI DKI JAKARTA | DINAS CIPTA KARYA, TATA RUANG DAN PERTANAHAN | BIDANG BANGUNAN GEDUNG DINAS CIPTA KARYA, TATA RUANG DAN PERTANAHAN | SUBKELOMPOK PELAKSANAAN",5,1,7088560,21505700,159,0,0,0
f95ff741-73a0-40bc-a09c-8279656a32e4,Pemerintah Provinsi Daerah Khusus Ibukota Jakarta,CPNS,UMUM,PENATA KELOLA BANGUNAN GEDUNG DAN KAWASAN PERMUKIMAN AHLI PERTAMA,"PEMERINTAH PROVINSI DKI JAKARTA | DINAS CIPTA KARYA, TATA RUANG DAN PERTANAHAN | BIDANG BANGUNAN GEDUNG DINAS CIPTA KARYA, TATA RUANG DAN PERTANAHAN | SUBKELOMPOK PENINDAKAN DAN PENGADUAN",2,1,7088560,21505700,3,0,0,0
93a2b94d-7f93-4fe9-968d-7ba0acf143ad,Pemerintah Provinsi Daerah Khusus Ibukota Jakarta,CPNS,UMUM,PENGAWAS KETENAGAKERJAAN AHLI PERTAMA,"PEMERINTAH PROVINSI DKI JAKARTA | DINAS TENAGA KERJA, TRANSMIGRASI DAN ENERGI | SUKU DINAS TENAGA KERJA, TRANSMIGRASI DAN ENERGI KOTA ADMINISTRASI JAKARTA BARAT | SEKSI PENGAWASAN KETENAGAKERJAAN SUKU DINAS TENAGA KERJA, TRANSMIGRASI DAN ENERGI KOTA ADMINISTRASI JAKARTA BARAT",3,1,7088560,21505700,112,0,0,0
e5913cc9-42e3-49d2-ac28-4c25407c97cb,Pemerintah Provinsi Daerah Khusus Ibukota Jakarta,CPNS,UMUM,PENGAWAS KETENAGAKERJAAN AHLI PERTAMA,"PEMERINTAH PROVINSI DKI JAKARTA | DINAS TENAGA KERJA, TRANSMIGRASI DAN ENERGI | SUKU DINAS TENAGA KERJA, TRANSMIGRASI DAN ENERGI KOTA ADMINISTRASI JAKARTA TIMUR | SEKSI PENGAWASAN KETENAGAKERJAAN SUKU DINAS TENAGA KERJA, TRANSMIGRASI DAN ENERGI KOTA ADMINISTRASI JAKARTA TIMUR",4,1,7088560,21505700,394,0,0,0
aa4e3726-9690-4234-a68c-144df98b0b22,Pemerintah Provinsi Daerah Khusus Ibukota Jakarta,CPNS,UMUM,PENGUJI MUTU BARANG AHLI PERTAMA,"PEMERINTAH PROVINSI DKI JAKARTA | DINAS PERINDUSTRIAN, PERDAGANGAN, KOPERASI, USAHA KECIL DAN MENENGAH | UNIT PENGELOLA PENILAIAN KESESUAIAN BAHAN DAN BARANG TEKNIK",4,1,7088560,21505700,328,0,0,0
00b18a43-2f92-4eb8-a478-e7745b3b4d14,Pemerintah Provinsi Daerah Khusus Ibukota Jakarta,CPNS,UMUM,PRANATA KOMPUTER AHLI PERTAMA,PEMERINTAH PROVINSI DKI JAKARTA | BADAN PELAYANAN PENGADAAN BARANG/JASA | BIDANG PENGELOLAAN LAYANAN PENGADAAN SECARA ELEKTRONIK BADAN PELAYANAN PENGADAAN BARANG/JASA | SUBBIDANG PENGEMBANGAN SISTEM INFORMASI BADAN PELAYANAN PENGADAAN BARANG/JASA,1,1,7088560,21505700,8,0,0,0
07e90e8e-7d8d-4822-8647-02b3b500752c,Pemerintah Provinsi Daerah Khusus Ibukota Jakarta,CPNS,UMUM,PRANATA KOMPUTER AHLI PERTAMA,PEMERINTAH PROVINSI DKI JAKARTA | BADAN PENGELOLAAN ASET DAERAH | PUSAT DATA DAN INFORMASI ASET | SATUAN PELAKSANA SISTEM INFORMASI,1,1,7088560,21505700,8,0,0,0
0d72d71a-0dd0-4606-b1c0-688f005e9de5,Pemerintah Provinsi Daerah Khusus Ibukota Jakarta,CPNS,UMUM,PRANATA KOMPUTER AHLI PERTAMA,"PEMERINTAH PROVINSI DKI JAKARTA | DINAS KOMUNIKASI, INFORMATIKA DAN STATISTIK | BIDANG DATA DAN STATISTIK DINAS KOMUNIKASI, INFORMATIKA DAN STATISTIK | SUBKELOMPOK MANAJEMEN DATA",1,1,7088560,21505700,15,0,0,0
105b6f48-f73a-420b-9795-81578627ec7e,Pemerintah Provinsi Daerah Khusus Ibukota Jakarta,CPNS,UMUM,PRANATA KOMPUTER AHLI PERTAMA,PEMERINTAH PROVINSI DKI JAKARTA | DINAS PERUMAHAN RAKYAT DAN KAWASAN PERMUKIMAN | PUSAT DATA DAN INFORMASI PERUMAHAN RAKYAT DAN KAWASAN PERMUKIMAN | SATUAN PELAKSANA PENGELOLAAN DATA,1,1,7088560,21505700,3,0,0,0
14e5f1a2-26f3-44d2-a43e-27f8cc2ffe73,Pemerintah Provinsi Daerah Khusus Ibukota Jakarta,CPNS,UMUM,PRANATA KOMPUTER AHLI PERTAMA,PEMERINTAH PROVINSI DKI JAKARTA | BADAN PENDAPATAN DAERAH | BIDANG PERENCANAAN DAN PENGEMBANGAN BADAN PENDAPATAN DAERAH | SUBKELOMPOK PENGEMBANGAN SISTEM INFORMASI,1,1,7088560,21505700,17,0,0,0
1b55af62-d5d4-4ae6-9f96-c604cd576482,Pemerintah Provinsi Daerah Khusus Ibukota Jakarta,CPNS,UMUM,PRANATA KOMPUTER AHLI PERTAMA,"PEMERINTAH PROVINSI DKI JAKARTA | DINAS CIPTA KARYA, TATA RUANG DAN PERTANAHAN | PUSAT DATA DAN INFORMASI CIPTA KARYA, TATA RUANG DAN PERTANAHAN | SATUAN PELAKSANA INTEGRASI SISTEM DAN BASIS DATA GEOSPASIAL",2,1,7088560,21505700,22,0,0,0
1d845ffe-71ea-4119-8273-732036c405ac,Pemerintah Provinsi Daerah Khusus Ibukota Jakarta,CPNS,UMUM,PRANATA KOMPUTER AHLI PERTAMA,PEMERINTAH PROVINSI DKI JAKARTA | DINAS KESEHATAN PROVINSI DKI JAKARTA | PUSAT DATA DAN TEKNOLOGI INFORMASI KESEHATAN DAERAH | SUBBAGIAN TATA USAHA PUSAT DATA DAN TEKNOLOGI INFORMASI KESEHATAN DAERAH,2,1,7088560,21505700,36,0,0,0
27534304-baa1-4883-a3ef-5682a3954b34,Pemerintah Provinsi Daerah Khusus Ibukota Jakarta,CPNS,UMUM,PRANATA KOMPUTER AHLI PERTAMA,"PEMERINTAH PROVINSI DKI JAKARTA | DINAS KOMUNIKASI, INFORMATIKA DAN STATISTIK | BIDANG SIBER, SANDI DAN APLIKASI DINAS KOMUNIKASI, INFORMATIKA DAN STATISTIK | SUBKELOMPOK PEMBERDAYAAN DAN PENGENDALIAN SIBER, SANDI DAN APLIKASI",1,1,7088560,21505700,4,0,0,0
2ceece3c-608e-4b3c-9a1e-bf787942c0cb,Pemerintah Provinsi Daerah Khusus Ibukota Jakarta,CPNS,UMUM,PRANATA KOMPUTER AHLI PERTAMA,PEMERINTAH PROVINSI DKI JAKARTA | DINAS KESEHATAN PROVINSI DKI JAKARTA | RUMAH SAKIT UMUM  DAERAH TARAKAN | WAKIL DIREKTUR ADMINISTRASI UMUM DAN KEUANGAN RUMAH SAKIT UMUM DAERAH TARAKAN | BAGIAN DATA DAN TEKNOLOGI INFORMASI RUMAH SAKIT UMUM DAERAH TARAKAN,1,1,7088560,21505700,2,0,0,0
2f93d5f5-9e85-4293-90b1-36384448bf2e,Pemerintah Provinsi Daerah Khusus Ibukota Jakarta,CPNS,UMUM,PRANATA KOMPUTER AHLI PERTAMA,PEMERINTAH PROVINSI DKI JAKARTA | DINAS KESEHATAN PROVINSI DKI JAKARTA | PUSAT PELATIHAN KESEHATAN DAERAH | SUBBAGIAN TATA USAHA PUSAT PELATIHAN KESEHATAN DAERAH,1,1,7088560,21505700,2,0,0,0
4b150285-bad6-40da-9e9d-92b963049598,Pemerintah Provinsi Daerah Khusus Ibukota Jakarta,CPNS,UMUM,PRANATA KOMPUTER AHLI PERTAMA,PEMERINTAH PROVINSI DKI JAKARTA | SEKRETARIAT DAERAH | ASISTEN PEREKONOMIAN DAN KEUANGAN | BIRO KERJA SAMA DAERAH | BAGIAN KERJA SAMA PIHAK KETIGA | SUBKELOMPOK KERJA SAMA PERSEORANGAN DAN DATA INFORMASI KERJA SAMA,1,1,7088560,21505700,5,0,0,0
4c67f4c7-ecca-4698-bcf4-ffd3c9e5191a,Pemerintah Provinsi Daerah Khusus Ibukota Jakarta,CPNS,UMUM,PRANATA KOMPUTER AHLI PERTAMA,PEMERINTAH PROVINSI DKI JAKARTA | BADAN PERENCANAAN PEMBANGUNAN DAERAH | PUSAT DATA DAN INFORMASI PERENCANAAN PEMBANGUNAN | SATUAN PELAKSANA SISTEM INFORMASI,2,1,7088560,21505700,59,0,0,0
4fa6bd9f-5773-47e2-8dd0-7e2bba42353f,Pemerintah Provinsi Daerah Khusus Ibukota Jakarta,CPNS,UMUM,PRANATA KOMPUTER AHLI PERTAMA,PEMERINTAH PROVINSI DKI JAKARTA | DINAS PEMBERDAYAAN PERLINDUNGAN ANAK DAN PENGENDALIAN PENDUDUK | PUSAT DATA DAN INFORMASI KELUARGA | SATUAN PELAKSANA PENGUMPULAN DAN PENGOLAHAN DATA,1,1,7088560,21505700,10,0,0,0
55affd5e-3bfc-4b20-b7a4-42b622431f05,Pemerintah Provinsi Daerah Khusus Ibukota Jakarta,CPNS,UMUM,PRANATA KOMPUTER AHLI PERTAMA,"PEMERINTAH PROVINSI DKI JAKARTA | DINAS KOMUNIKASI, INFORMATIKA DAN STATISTIK | BIDANG TATA KELOLA SISTEM ELEKTRONIK DAN TRANSFORMASI DIGITAL DINAS KOMUNIKASI, INFORMATIKA DAN STATISTIK | SUBKELOMPOK PEMANTAUAN DAN EVALUASI",1,1,7088560,21505700,8,0,0,0
5cd2a085-b77f-48b4-b47d-6346d8e5c4eb,Pemerintah Provinsi Daerah Khusus Ibukota Jakarta,CPNS,UMUM,PRANATA KOMPUTER AHLI PERTAMA,"PEMERINTAH PROVINSI DKI JAKARTA | DINAS PERINDUSTRIAN, PERDAGANGAN, KOPERASI, USAHA KECIL DAN MENENGAH | PUSAT DATA DAN INFORMASI PERINDUSTRIAN, PERDAGANGAN, KOPERASI, USAHA KECIL DAN MENENGAH | SATUAN PELAKSANA SISTEM INFORMASI",1,1,7088560,21505700,8,0,0,0
6c05763f-0ff3-4362-84c8-d3daa35444a0,Pemerintah Provinsi Daerah Khusus Ibukota Jakarta,CPNS,UMUM,PRANATA KOMPUTER AHLI PERTAMA,"PEMERINTAH PROVINSI DKI JAKARTA | DINAS KOMUNIKASI, INFORMATIKA DAN STATISTIK | BIDANG SIBER, SANDI DAN APLIKASI DINAS KOMUNIKASI, INFORMATIKA DAN STATISTIK | SUBKELOMPOK PENGELOLAAN LAYANAN SIBER, SANDI DAN APLIKASI",1,1,7088560,21505700,8,0,0,0
708f873d-bd7b-429f-a5eb-db851db0a066,Pemerintah Provinsi Daerah Khusus Ibukota Jakarta,CPNS,UMUM,PRANATA KOMPUTER AHLI PERTAMA,PEMERINTAH PROVINSI DKI JAKARTA | BADAN PENGEMBANGAN SUMBER DAYA MANUSIA | UPT PUSAT DATA DAN INFORMASI PENGEMBANGAN SUMBER DAYA MANUSIA | SATUAN PELAKSANA SISTEM INFORMASI,1,1,7088560,21505700,4,0,0,0
75cdffbf-b080-4e7d-8fa6-22ae3f5e37a6,Pemerintah Provinsi Daerah Khusus Ibukota Jakarta,CPNS,UMUM,PRANATA KOMPUTER AHLI PERTAMA,"PEMERINTAH PROVINSI DKI JAKARTA | DINAS TENAGA KERJA, TRANSMIGRASI DAN ENERGI | BIDANG PENEMPATAN TENAGA KERJA DAN TRANSMIGRASI DINAS TENAGA KERJA, TRANSMIGRASI DAN ENERGI | SEKSI INFORMASI PASAR KERJA DINAS TENAGA KERJA, TRANSMIGRASI DAN ENERGI",1,1,7088560,21505700,4,0,0,0
79210c89-0943-4cdd-895d-a70c6d315683,Pemerintah Provinsi Daerah Khusus Ibukota Jakarta,CPNS,UMUM,PRANATA KOMPUTER AHLI PERTAMA,"PEMERINTAH PROVINSI DKI JAKARTA | DINAS KOMUNIKASI, INFORMATIKA DAN STATISTIK | BIDANG DATA DAN STATISTIK DINAS KOMUNIKASI, INFORMATIKA DAN STATISTIK | SUBKELOMPOK STATISTIK DAN ANALISIS KEBIJAKAN",1,1,7088560,21505700,3,0,0,0
8987696b-9117-429c-9b32-d30c41805b9a,Pemerintah Provinsi Daerah Khusus Ibukota Jakarta,CPNS,UMUM,PRANATA KOMPUTER AHLI PERTAMA,PEMERINTAH PROVINSI DKI JAKARTA | DINAS KESEHATAN PROVINSI DKI JAKARTA | RUMAH SAKIT UMUM DAERAH KOJA | WAKIL DIREKTUR ADMINISTRASI UMUM DAN KEUANGAN RUMAH SAKIT UMUM DAERAH KOJA | BAGIAN DATA DAN TEKNOLOGI INFORMASI RUMAH SAKIT UMUM DAERAH KOJA,1,1,7088560,21505700,6,0,0,0
8c2a92c8-8fae-41cb-9639-26c15c7bbec7,Pemerintah Provinsi Daerah Khusus Ibukota Jakarta,CPNS,UMUM,PRANATA KOMPUTER AHLI PERTAMA,PEMERINTAH PROVINSI DKI JAKARTA | BADAN KEPEGAWAIAN DAERAH | PUSAT DATA DAN INFORMASI KEPEGAWAIAN | SATUAN PELAKSANA PENGELOLAAN DATA KEPEGAWAIAN,2,1,7088560,21505700,78,0,0,0
9a849f2f-6223-42eb-9194-e2f11fa3f807,Pemerintah Provinsi Daerah Khusus Ibukota Jakarta,CPNS,UMUM,PRANATA KOMPUTER AHLI PERTAMA,PEMERINTAH PROVINSI DKI JAKARTA | DINAS KESEHATAN PROVINSI DKI JAKARTA | RUMAH SAKIT UMUM DAERAH PASAR MINGGU | WAKIL DIREKTUR ADMINISTRASI UMUM DAN KEUANGAN RUMAH SAKIT UMUM DAERAH PASAR MINGGU | BAGIAN DATA DAN TEKNOLOGI INFORMASI RUMAH SAKIT UMUM DAERAH PASAR MINGGU,1,1,7088560,21505700,18,0,0,0
9c094b79-ccc4-4420-8431-5bd2737c3500,Pemerintah Provinsi Daerah Khusus Ibukota Jakarta,CPNS,UMUM,PRANATA KOMPUTER AHLI PERTAMA,"PEMERINTAH PROVINSI DKI JAKARTA | DINAS PERINDUSTRIAN, PERDAGANGAN, KOPERASI, USAHA KECIL DAN MENENGAH | PUSAT DATA DAN INFORMASI PERINDUSTRIAN, PERDAGANGAN, KOPERASI, USAHA KECIL DAN MENENGAH | SATUAN PELAKSANA PENGOLAHAN DAN ANALISIS DATA DAN INFORMASI",1,1,7088560,21505700,7,0,0,0
9d94cdfd-6607-4b93-9205-991377219425,Pemerintah Provinsi Daerah Khusus Ibukota Jakarta,CPNS,UMUM,PRANATA KOMPUTER AHLI PERTAMA,PEMERINTAH PROVINSI DKI JAKARTA | DINAS KESEHATAN PROVINSI DKI JAKARTA | RUMAH SAKIT KHUSUS DAERAH DUREN SAWIT | WAKIL DIREKTUR KEUANGAN DAN UMUM RUMAH SAKIT KHUSUS DAERAH DUREN SAWIT | BAGIAN KEUANGAN DAN PERENCANAAN RUMAH SAKIT KHUSUS DAERAH DUREN SAWIT,1,1,7088560,21505700,7,0,0,0
a2b58fb2-dde9-4da6-9e86-9e3e35dcb5a5,Pemerintah Provinsi Daerah Khusus Ibukota Jakarta,CPNS,UMUM,PRANATA KOMPUTER AHLI PERTAMA,"PEMERINTAH PROVINSI DKI JAKARTA | DINAS KOMUNIKASI, INFORMATIKA DAN STATISTIK | UNIT PENGELOLA PERANGKAT DAN JARINGAN SISTEM ELEKTRONIK | SATUAN PELAKSANA LAYANAN JARINGAN INTERNET PERKOTAAN",1,1,7088560,21505700,9,0,0,0
a369a4e7-821c-4572-bfea-c55205d1586a,Pemerintah Provinsi Daerah Khusus Ibukota Jakarta,CPNS,UMUM,PRANATA KOMPUTER AHLI PERTAMA,"PEMERINTAH PROVINSI DKI JAKARTA | DINAS CIPTA KARYA, TATA RUANG DAN PERTANAHAN | PUSAT DATA DAN INFORMASI CIPTA KARYA, TATA RUANG DAN PERTANAHAN | SATUAN PELAKSANA PENGEMBANGAN SISTEM INFORMASI",1,1,7088560,21505700,8,0,0,0
af47ca39-8a1d-4c43-a132-f898951614d1,Pemerintah Provinsi Daerah Khusus Ibukota Jakarta,CPNS,UMUM,PRANATA KOMPUTER AHLI PERTAMA,PEMERINTAH PROVINSI DKI JAKARTA | BADAN PENGELOLAAN ASET DAERAH | PUSAT DATA DAN INFORMASI ASET | SATUAN PELAKSANA PENGOLAHAN DATA DAN LAYANAN INFORMASI,1,1,7088560,21505700,5,0,0,0
b70f36a1-ab53-496a-9cb1-5b94f2844cb5,Pemerintah Provinsi Daerah Khusus Ibukota Jakarta,CPNS,UMUM,PRANATA KOMPUTER AHLI PERTAMA,"PEMERINTAH PROVINSI DKI JAKARTA | DINAS KOMUNIKASI, INFORMATIKA DAN STATISTIK | UNIT PENGELOLA PERANGKAT DAN JARINGAN SISTEM ELEKTRONIK | SATUAN PELAKSANA LAYANAN JARINGAN SISTEM ELEKTRONIK",1,1,7088560,21505700,4,0,0,0
bc50ddf0-9e4d-4899-980f-84b809ef1a73,Pemerintah Provinsi Daerah Khusus Ibukota Jakarta,CPNS,UMUM,PRANATA KOMPUTER AHLI PERTAMA,PEMERINTAH PROVINSI DKI JAKARTA | BADAN PENDAPATAN DAERAH | PUSAT DATA DAN INFORMASI PENDAPATAN | SATUAN PELAKSANA SISTEM DAN DATA,1,1,7088560,21505700,20,0,0,0
cc0f7d64-2291-4c7a-b36f-8a1679504ce1,Pemerintah Provinsi Daerah Khusus Ibukota Jakarta,CPNS,UMUM,PRANATA KOMPUTER AHLI PERTAMA,PEMERINTAH PROVINSI DKI JAKARTA | DINAS PERTAMANAN DAN HUTAN KOTA | PUSAT DATA DAN INFORMASI PERTAMANAN DAN HUTAN KOTA | SATUAN PELAKSANA SISTEM INFORMASI,1,1,7088560,21505700,5,0,0,0
cd29c975-78eb-48fb-b443-0eb71df21b97,Pemerintah Provinsi Daerah Khusus Ibukota Jakarta,CPNS,UMUM,PRANATA KOMPUTER AHLI PERTAMA,PEMERINTAH PROVINSI DKI JAKARTA | BADAN PENDAPATAN DAERAH | PUSAT DATA DAN INFORMASI PENDAPATAN | SATUAN PELAKSANA INFRASTRUKTUR DAN JARINGAN,1,1,7088560,21505700,10,0,0,0
cd84952a-9722-4f27-b005-fdf5cfff031a,Pemerintah Provinsi Daerah Khusus Ibukota Jakarta,CPNS,UMUM,PRANATA KOMPUTER AHLI PERTAMA,PEMERINTAH PROVINSI DKI JAKARTA | DINAS PERTAMANAN DAN HUTAN KOTA | PUSAT DATA DAN INFORMASI PERTAMANAN DAN HUTAN KOTA | SATUAN PELAKSANA PENGELOLAAN DATA,1,1,7088560,21505700,9,0,0,0
d4b53a94-d37f-46a6-9748-8acc53ce003e,Pemerintah Provinsi Daerah Khusus Ibukota Jakarta,CPNS,UMUM,PRANATA KOMPUTER AHLI PERTAMA,PEMERINTAH PROVINSI DKI JAKARTA | DINAS KEBUDAYAAN | BIDANG PENGEMBANGAN KEBUDAYAAN | SUBKELOMPOK DATA DAN INFORMASI,1,1,7088560,21505700,12,0,0,0
de94a367-2547-48cf-bc88-1bedfbabb99f,Pemerintah Provinsi Daerah Khusus Ibukota Jakarta,CPNS,UMUM,PRANATA KOMPUTER AHLI PERTAMA,"PEMERINTAH PROVINSI DKI JAKARTA | DINAS PERINDUSTRIAN, PERDAGANGAN, KOPERASI, USAHA KECIL DAN MENENGAH | PUSAT DATA DAN INFORMASI PERINDUSTRIAN, PERDAGANGAN, KOPERASI, USAHA KECIL DAN MENENGAH | SATUAN PELAKSANA INFRASTRUKTUR TEKNOLOGI INFORMASI",1,1,7088560,21505700,3,0,0,0
e6614ca4-1720-4bfc-ae3a-bf758d8cf1a8,Pemerintah Provinsi Daerah Khusus Ibukota Jakarta,CPNS,UMUM,PRANATA KOMPUTER AHLI PERTAMA,PEMERINTAH PROVINSI DKI JAKARTA | DINAS KESEHATAN PROVINSI DKI JAKARTA | RUMAH SAKIT UMUM DAERAH BUDI ASIH | WAKIL DIREKTUR ADMINISTRASI UMUM DAN KEUANGAN RUMAH SAKIT UMUM DAERAH BUDI ASIH | BAGIAN DATA DAN TEKNOLOGI INFORMASI RUMAH SAKIT UMUM DAERAH BUDI ASIH,1,1,7088560,21505700,5,0,0,0
ebd935ab-6736-491d-a472-3f15b2bddf46,Pemerintah Provinsi Daerah Khusus Ibukota Jakarta,CPNS,UMUM,PRANATA KOMPUTER AHLI PERTAMA,PEMERINTAH PROVINSI DKI JAKARTA | BADAN PELAYANAN PENGADAAN BARANG/JASA | BIDANG PENGELOLAAN LAYANAN PENGADAAN SECARA ELEKTRONIK BADAN PELAYANAN PENGADAAN BARANG/JASA | SUBBIDANG PENGELOLAAN INFORMASI PENGADAAN BADAN PELAYANAN PENGADAAN BARANG/JASA,2,1,7088560,21505700,55,0,0,0
ec7aeb00-6e33-4867-bae1-61c63e9f33b3,Pemerintah Provinsi Daerah Khusus Ibukota Jakarta,CPNS,UMUM,PRANATA KOMPUTER AHLI PERTAMA,"PEMERINTAH PROVINSI DKI JAKARTA | DINAS CIPTA KARYA, TATA RUANG DAN PERTANAHAN | PUSAT DATA DAN INFORMASI CIPTA KARYA, TATA RUANG DAN PERTANAHAN | SATUAN PELAKSANA INFRASTRUKTUR TEKNOLOGI INFORMASI",1,1,7088560,21505700,4,0,0,0
f0cadf32-0eec-4984-8174-095fdd4ac85c,Pemerintah Provinsi Daerah Khusus Ibukota Jakarta,CPNS,UMUM,PRANATA KOMPUTER AHLI PERTAMA,PEMERINTAH PROVINSI DKI JAKARTA | BADAN PENANGGULANGAN BENCANA DAERAH | PUSAT DATA DAN INFORMASI KEBENCANAAN | SATUAN PELAKSANA SISTEM INFORMASI,1,1,7088560,21505700,4,0,0,0
06cc2449-03c6-425b-b3aa-4d105ec1eded,Pemerintah Provinsi Daerah Khusus Ibukota Jakarta,CPNS,UMUM,TEKNISI SARANA DAN PRASARANA,PEMERINTAH PROVINSI DKI JAKARTA | DINAS PERTAMANAN DAN HUTAN KOTA | BIDANG PERTAMANAN DINAS PERTAMANAN DAN HUTAN KOTA | SEKSI TATA HIAS DAN ORNAMEN KOTA DINAS PERTAMANAN DAN HUTAN KOTA,2,1,7088560,18085700,15,0,0,0
25621dea-af93-44d5-915f-0c017a38feb1,Pemerintah Provinsi Daerah Khusus Ibukota Jakarta,CPNS,UMUM,TEKNISI SARANA DAN PRASARANA,PEMERINTAH PROVINSI DKI JAKARTA | DINAS BINA MARGA | SUKU DINAS BINA MARGA KOTA ADM. JAKARTA TIMUR | SATUAN PELAKSANA BINA MARGA KECAMATAN PASAR REBO,1,1,7088560,18085700,9,0,0,0
34f53799-4c68-4620-9873-da764717de46,Pemerintah Provinsi Daerah Khusus Ibukota Jakarta,CPNS,UMUM,TEKNISI SARANA DAN PRASARANA,PEMERINTAH PROVINSI DKI JAKARTA | DINAS PERUMAHAN RAKYAT DAN KAWASAN PERMUKIMAN | UNIT PENGELOLA RUMAH SUSUN VII | SUBBAGIAN TATA USAHA UNIT PENGELOLA RUMAH SUSUN VII,4,1,7088560,18085700,34,0,0,0
5fe06a27-c44c-4268-8bad-e4c632a42bbc,Pemerintah Provinsi Daerah Khusus Ibukota Jakarta,CPNS,UMUM,TEKNISI SARANA DAN PRASARANA,PEMERINTAH PROVINSI DKI JAKARTA | DINAS SUMBER DAYA AIR | UNIT PERALATAN DAN PERBEKALAN SUMBER DAYA AIR | Satuan Pelaksana Perbekalan,1,1,7088560,18085700,6,0,0,0
7552af96-aca3-42ad-a376-0cb83809dabf,Pemerintah Provinsi Daerah Khusus Ibukota Jakarta,CPNS,UMUM,TEKNISI SARANA DAN PRASARANA,PEMERINTAH PROVINSI DKI JAKARTA | DINAS PERUMAHAN RAKYAT DAN KAWASAN PERMUKIMAN | UNIT PENGELOLA RUMAH SUSUN II | SUBBAGIAN TATA USAHA UNIT PENGELOLA RUMAH SUSUN II,2,1,7088560,18085700,3,0,0,0
8ad42e64-9cd0-432c-9690-e7f21280332c,Pemerintah Provinsi Daerah Khusus Ibukota Jakarta,CPNS,UMUM,TEKNISI SARANA DAN PRASARANA,PEMERINTAH PROVINSI DKI JAKARTA | DINAS KEBUDAYAAN | UNIT PENGELOLA GEDUNG PERTUNJUKAN SENI BUDAYA | Satuan Pelaksana Gedung Pertunjukan UNIT PENGELOLA GEDUNG PERTUNJUKAN SENI BUDAYA,1,1,7088560,18085700,4,0,0,0
8e3ad6de-b636-4de3-8fe7-478935a3239e,Pemerintah Provinsi Daerah Khusus Ibukota Jakarta,CPNS,UMUM,TEKNISI SARANA DAN PRASARANA,PEMERINTAH PROVINSI DKI JAKARTA | DINAS BINA MARGA | SUKU DINAS BINA MARGA KOTA ADM. JAKARTA TIMUR | SATUAN PELAKSANA BINA MARGA KECAMATAN KRAMAT JATI,1,1,7088560,18085700,11,0,0,0
c073cc4e-2752-4b6d-b7a1-3ee0953dce9f,Pemerintah Provinsi Daerah Khusus Ibukota Jakarta,CPNS,UMUM,TEKNISI SARANA DAN PRASARANA,PEMERINTAH PROVINSI DKI JAKARTA | DINAS KEBUDAYAAN | UNIT PENGELOLA MUSEUM KESEJARAHAN JAKARTA DINAS KEBUDAYAAN | Satuan Pelaksana Prasarana dan Sarana UNIT PENGELOLA MUSEUM KESEJARAHAN JAKARTA,1,1,7088560,18085700,11,0,0,0
c6c9192d-017e-4191-8b7d-60e784f37cb5,Pemerintah Provinsi Daerah Khusus Ibukota Jakarta,CPNS,UMUM,TEKNISI SARANA DAN PRASARANA,PEMERINTAH PROVINSI DKI JAKARTA | DINAS PERUMAHAN RAKYAT DAN KAWASAN PERMUKIMAN | UNIT PENGELOLA RUMAH SUSUN VIII | SUBBAGIAN TATA USAHA UNIT PENGELOLA RUMAH SUSUN VIII,3,1,7088560,18085700,21,0,0,0
c8bb2f8d-2221-4107-ad12-62800a53edef,Pemerintah Provinsi Daerah Khusus Ibukota Jakarta,CPNS,UMUM,TEKNISI SARANA DAN PRASARANA,PEMERINTAH PROVINSI DKI JAKARTA | DINAS BINA MARGA | SUKU DINAS BINA MARGA KOTA ADM. JAKARTA SELATAN | SATUAN PELAKSANA BINA MARGA KECAMATAN JAGAKARSA,1,1,7088560,18085700,3,0,0,0
d5be4574-67ea-4d97-b15f-4333cd038bac,Pemerintah Provinsi Daerah Khusus Ibukota Jakarta,CPNS,UMUM,TEKNISI SARANA DAN PRASARANA,PEMERINTAH PROVINSI DKI JAKARTA | DINAS PERUMAHAN RAKYAT DAN KAWASAN PERMUKIMAN | UNIT PENGELOLA RUMAH SUSUN III | SUBBAGIAN TATA USAHA UNIT PENGELOLA RUMAH SUSUN III,4,1,7088560,18085700,61,0,0,0
e3123f75-09e8-4581-b49b-d3f1575ac167,Pemerintah Provinsi Daerah Khusus Ibukota Jakarta,CPNS,UMUM,TEKNISI SARANA DAN PRASARANA,PEMERINTAH PROVINSI DKI JAKARTA | DINAS KEBUDAYAAN | UNIT PENGELOLA MUSEUM KEBAHARIAN JAKARTA | Satuan Pelaksana Prasarana dan Sarana UNIT PENGELOLA MUSEUM KEBAHARIAN JAKARTA,1,1,7088560,18085700,2,0,0,0
ef55a3a8-ae04-4940-9ad2-84f5a8f4ce1d,Pemerintah Provinsi Daerah Khusus Ibukota Jakarta,CPNS,UMUM,TEKNISI SARANA DAN PRASARANA,PEMERINTAH PROVINSI DKI JAKARTA | DINAS BINA MARGA | SUKU DINAS BINA MARGA KOTA ADM. JAKARTA SELATAN | SATUAN PELAKSANA BINA MARGA KECAMATAN CILANDAK,1,1,7088560,18085700,6,0,0,0
f5a4b61f-225b-4280-90f2-9fdbe626277d,Pemerintah Provinsi Daerah Khusus Ibukota Jakarta,CPNS,UMUM,TEKNISI SARANA DAN PRASARANA,"PEMERINTAH PROVINSI DKI JAKARTA | DINAS KEBUDAYAAN | UNIT PENGELOLA PUSAT KESENIAN JAKARTA TAMAN ISMAIL MARZUKI | Satuan Pelaksana Koleksi, Prasarana dan Sarana UNIT PENGELOLA PUSAT KESENIAN JAKARTA TAMAN ISMAIL MARZUKI",1,1,7088560,18085700,4,0,0,0
8c454152-912e-434c-a288-aed871c3569c,Pemerintah Provinsi Jawa Barat,CPNS,UMUM,ANALIS KEBIJAKAN AHLI PERTAMA,PEMERINTAH DAERAH PROVINSI JAWA BARAT | DINAS ENERGI DAN SUMBER DAYA MINERAL | BIDANG ENERGI,1,0,3000000,5000000,67,0,0,0
09269afe-2fe1-4919-af7f-80b487b6659e,Pemerintah Provinsi Jawa Barat,CPNS,UMUM,INSPEKTUR KETENAGALISTRIKAN AHLI PERTAMA,PEMERINTAH DAERAH PROVINSI JAWA BARAT | DINAS ENERGI DAN SUMBER DAYA MINERAL | BIDANG ENERGI,1,0,3000000,5000000,64,0,0,0
106980ae-c510-4806-9347-e944dcdb9a70,Pemerintah Provinsi Jawa Barat,CPNS,UMUM,INSPEKTUR KETENAGALISTRIKAN AHLI PERTAMA,PEMERINTAH DAERAH PROVINSI JAWA BARAT | DINAS ENERGI DAN SUMBER DAYA MINERAL | CABANG DINAS ENERGI DAN SUMBER DAYA MINERAL WILAYAH VI TASIKMALAYA,1,0,3000000,5000000,32,0,0,0
cc704dc7-e594-483b-8f2c-d9acd1bee4db,Pemerintah Provinsi Jawa Barat,CPNS,UMUM,INSPEKTUR KETENAGALISTRIKAN AHLI PERTAMA,PEMERINTAH DAERAH PROVINSI JAWA BARAT | DINAS ENERGI DAN SUMBER DAYA MINERAL | CABANG DINAS ENERGI DAN SUMBER DAYA MINERAL WILAYAH I CIANJUR,1,0,3000000,5000000,22,0,0,0
e1ade34b-6f41-47ec-bc45-68411af2b593,Pemerintah Provinsi Jawa Barat,CPNS,UMUM,PENATA KELOLA USAHA KETENAGALISTRIKAN,PEMERINTAH DAERAH PROVINSI JAWA BARAT | DINAS ENERGI DAN SUMBER DAYA MINERAL | CABANG DINAS ENERGI DAN SUMBER DAYA MINERAL WILAYAH VI TASIKMALAYA,1,0,3000000,5000000,38,0,0,0
e4961e00-7b59-4389-bd11-ec396b631d69,Pemerintah Provinsi Jawa Barat,CPNS,UMUM,PENATA KELOLA USAHA KETENAGALISTRIKAN,PEMERINTAH DAERAH PROVINSI JAWA BARAT | DINAS ENERGI DAN SUMBER DAYA MINERAL | CABANG DINAS ENERGI DAN SUMBER DAYA MINERAL WILAYAH II BOGOR,2,0,3000000,5000000,85,0,0,0
bf38af7b-ee46-48c8-842e-ca5e09790816,Pemerintah Provinsi Jawa Barat,CPNS,UMUM,PENGELOLA KESELAMATAN KETENAGALISTRIKAN,PEMERINTAH DAERAH PROVINSI JAWA BARAT | DINAS ENERGI DAN SUMBER DAYA MINERAL | CABANG DINAS ENERGI DAN SUMBER DAYA MINERAL WILAYAH II BOGOR,1,0,3000000,5000000,23,0,0,0
69afa3c8-35da-406d-bc11-adc0ab547ec3,Pemerintah Provinsi Jawa Timur,CPNS,UMUM,INSPEKTUR KETENAGALISTRIKAN AHLI PERTAMA,Pemerintah Provinsi Jawa Timur | Dinas Energi dan Sumber Daya Mineral | Bidang Ketenagalistrikan,1,0,5215700,13275700,55,0,0,0
2b9b2d5a-3a31-4a97-8017-2aadc8b703be,Pemerintah Provinsi Jawa Timur,CPNS,UMUM,PENATA KELOLA USAHA KETENAGALISTRIKAN,Pemerintah Provinsi Jawa Timur | RSUD Dr. Saiful Anwar Provinsi Jawa Timur | INSTALASI PEMELIHARAAN SARANA ALAT MEDIK,1,0,5215700,13275700,14,0,0,0
cc08da1f-e765-4ac6-8078-ab640a373f7a,Pemerintah Provinsi Jawa Timur,CPNS,UMUM,PENATA KELOLA USAHA KETENAGALISTRIKAN,Pemerintah Provinsi Jawa Timur | RSUD Dr. Saiful Anwar Provinsi Jawa Timur | INSTALASI PEMELIHARAAN SARANA NON MEDIK,2,0,5215700,13275700,104,0,0,0
7733b63c-3f3c-4377-997f-87fb521617ce,Pemerintah Provinsi Jawa Timur,CPNS,UMUM,"PENGAWAS ENERGI BARU, TERBARUKAN, DAN KONSERVASI ENERGI",Pemerintah Provinsi Jawa Timur | Dinas Energi dan Sumber Daya Mineral | Bidang Energi,3,0,5215700,13275700,613,0,0,0
ac4c5e73-8f97-4aac-8681-33e0f29c605f,Pemerintah Provinsi Jawa Timur,CPNS,UMUM,PENGUJI MUTU BARANG AHLI PERTAMA,Pemerintah Provinsi Jawa Timur | Dinas Perindustrian dan Perdagangan | Kelompok Jabatan Fungsional,2,0,5215700,13275700,297,0,0,0
2c927ded-e352-42e3-a63d-cf3a95615a51,Pemerintah Provinsi Jawa Timur,CPNS,UMUM,TEKNISI SARANA DAN PRASARANA,Pemerintah Provinsi Jawa Timur | Dinas Kesehatan | RSUD HUSADA PRIMA | BAGIAN TATA USAHA | SUB BAGIAN UMUM DAN KEPEGAWAIAN,4,0,5215700,13275700,114,0,0,0
319bdb63-ceb9-4949-865d-c8f6094875be,Pemerintah Provinsi Kalimantan Selatan,CPNS,UMUM,ARSIPARIS AHLI PERTAMA,PEMERINTAH PROVINSI KALIMANTAN SELATAN | DINAS KOMUNIKASI DAN INFORMATIKA | SEKRETARIAT DINAS KOMUNIKASI DAN INFORMATIKA | SUB BAGIAN UMUM DAN KEPEGAWAIAN SEKRETARIAT DINAS KOMUNIKASI DAN INFORMATIKA,1,1,2785700,5000000,61,0,0,0
847e769d-c236-4b8d-88ec-213f107d4c98,Pemerintah Provinsi Kalimantan Selatan,CPNS,UMUM,PENGAWAS PENYELENGGARAAN URUSAN PEMERINTAHAN DAERAH AHLI PERTAMA,PEMERINTAH PROVINSI KALIMANTAN SELATAN | INSPEKTORAT,18,1,2785700,5000000,1022,0,0,0
ee2e0ba1-0e4f-4a7a-af2b-f2c02157753f,Pemerintah Provinsi Kalimantan Tengah,CPNS,UMUM,INSTRUKTUR AHLI PERTAMA,Pemerintah Provinsi Kalimantan Tengah | DINAS TENAGA KERJA DAN TRANSMIGRASI | UPTD Balai Latihan Kerja,4,0,2785700,4575200,41,0,0,0
62cb75be-60db-4e1c-91ae-8f1198e1a2fb,Pemerintah Provinsi Kalimantan Timur,CPNS,UMUM,INSTRUKTUR AHLI PERTAMA,PEMERINTAH PROPINSI KALIMANTAN TIMUR | SEKRETARIAT DAERAH | DINAS TENAGA KERJA DAN TRANSMIGRASI | UPT BALAI LATIHAN KERJA INDUSTRI BALIKPAPAN | SEKSI PENYELENGGARAAN PELATIHAN,6,1,10000000,15000000,164,0,0,0
8a028490914aa6ad01914c1aa278694d,Pemerintah Provinsi Kalimantan Timur,CPNS,PENYANDANG DISABILITAS,MANGGALA INFORMATIKA AHLI PERTAMA,PEMERINTAH PROPINSI KALIMANTAN TIMUR | SEKRETARIAT DAERAH | DINAS KOMUNIKASI DAN INFORMATIKA | BIDANG TEKNOLOGI INFORMASI KOMUNIKASI DAN PERSANDIAN,1,1,10000000,15000000,0,0,0,0
3493b523-9a0f-4b04-8350-6b7fa16e0909,Pemerintah Provinsi Kalimantan Timur,CPNS,UMUM,MANGGALA INFORMATIKA AHLI PERTAMA,PEMERINTAH PROPINSI KALIMANTAN TIMUR | SEKRETARIAT DAERAH | DINAS KOMUNIKASI DAN INFORMATIKA | BIDANG TEKNOLOGI INFORMASI KOMUNIKASI DAN PERSANDIAN,1,1,10000000,15000000,30,0,0,0
8a028490914aa6ad01914c1e20aa69e3,Pemerintah Provinsi Kalimantan Timur,CPNS,PENYANDANG DISABILITAS,PRANATA KOMPUTER AHLI PERTAMA,PEMERINTAH PROPINSI KALIMANTAN TIMUR | SEKRETARIAT DAERAH | DINAS KOMUNIKASI DAN INFORMATIKA | BIDANG APLIKASI INFORMATIKA,1,1,10000000,15000000,1,0,0,0
0f3979d8-8a41-4f9c-85bd-fb75c6c412ee,Pemerintah Provinsi Kalimantan Timur,CPNS,UMUM,PRANATA KOMPUTER AHLI PERTAMA,PEMERINTAH PROPINSI KALIMANTAN TIMUR | SEKRETARIAT DAERAH | DINAS KOMUNIKASI DAN INFORMATIKA | BIDANG APLIKASI INFORMATIKA,1,1,10000000,15000000,32,0,0,0
7a59cbb1-aa6e-4f8e-b4ca-678d42626b55,Pemerintah Provinsi Kalimantan Utara,CPNS,UMUM,INSPEKTUR KETENAGALISTRIKAN AHLI PERTAMA,PEMERINTAH PROVINSI KALIMANTAN UTARA | DINAS ENERGI DAN SUMBER DAYA MINERAL,1,1,2700000,6000000,28,0,0,0
facb470d-80b7-4b72-8653-24528a77bf48,Pemerintah Provinsi Kep. Bangka Belitung,CPNS,UMUM,PENGAWAS PERDAGANGAN AHLI PERTAMA,PEMERINTAH PROVINSI KEPULAUAN BANGKA BELITUNG | DINAS PERINDUSTRIAN DAN PERDAGANGAN | BIDANG PENGENDALIAN PERDAGANGAN DAN PERLINDUNGAN KONSUMEN,1,0,2785700,7000000,26,0,0,0
61f67af9-5072-48ab-8884-a46c1bb4c28e,Pemerintah Provinsi Kep. Bangka Belitung,CPNS,UMUM,PENYULUH PERINDUSTRIAN DAN PERDAGANGAN AHLI PERTAMA,PEMERINTAH PROVINSI KEPULAUAN BANGKA BELITUNG | DINAS PERINDUSTRIAN DAN PERDAGANGAN | BIDANG PENGENDALIAN DAN FASILITASI USAHA INDUSTRI,1,0,2785700,7000000,53,0,0,0
7e59eda1-8c7a-4167-b33b-37509149225d,Pemerintah Provinsi Maluku,CPNS,UMUM,ANALIS KEBAKARAN AHLI PERTAMA,PROVINSI MALUKU | Sekretariat Daerah | Satuan Polisi Pamong Praja | BIDANG PEMBINAAN MASYARAKAT | SEKSI URUSAN KEBAKARAN,2,1,3300000,4000000,17,0,0,0
c32ffe00-86d6-41da-8061-e35e7527865a,Pemerintah Provinsi Maluku,CPNS,UMUM,"PENGAWAS ENERGI BARU, TERBARUKAN, DAN KONSERVASI ENERGI",PROVINSI MALUKU | Sekretariat Daerah | Dinas Energi dan Sumber Daya Mineral | BIDANG ENERGI,2,1,3300000,4000000,22,0,0,0
a8eda8a8-23e1-45cf-9538-9324d046831b,Pemerintah Provinsi Maluku,CPNS,UMUM,PENGAWAS INDUSTRI,PROVINSI MALUKU | Sekretariat Daerah | Dinas Perindustrian dan Perdagangan | BIDANG INDUSTRI,1,1,3300000,4000000,21,0,0,0
0653250d-73ef-4960-8938-bc523f894cc9,Pemerintah Provinsi Maluku,CPNS,UMUM,TEKNISI SARANA DAN PRASARANA,PROVINSI MALUKU | Sekretariat Daerah | Dinas Pekerjaan Umum Dan Penataan Ruang | BIDANG TATA RUANG | SEKSI PELAKSANAAN DAN PERTANAHAN,1,1,3300000,4000000,5,0,0,0
81eb0450-873a-475b-b7d0-a902dfa46c72,Pemerintah Provinsi Maluku,CPNS,UMUM,TEKNISI SARANA DAN PRASARANA,PROVINSI MALUKU | Sekretariat Daerah | Dinas Perumahan Dan Kawasan Permukiman | BIDANG RUMAH UMUM,1,1,3300000,4000000,6,0,0,0
96cdf228-c2f2-454e-845c-4ede1582fee6,Pemerintah Provinsi Maluku,CPNS,UMUM,TEKNISI SARANA DAN PRASARANA,PROVINSI MALUKU | Sekretariat Daerah | Sekretariat DPRD | Bagian Umum dan Keuangan | Sub Bagian Umum,2,1,3300000,4000000,9,0,0,0
bf8899d0-fa5b-4819-8409-42959feb0097,Pemerintah Provinsi Maluku Utara,CPNS,UMUM,ANALIS KEBAKARAN AHLI PERTAMA,Pemerintah Provinsi Maluku Utara | Sekretariat Daerah | Satuan Polisi Pamong Praja | BIDANG PENANGANAN KEBAKARAN,3,1,3000000,4000000,7,0,0,0
8a018692915486670191550aa9a83e45,Pemerintah Provinsi Maluku Utara,CPNS,PENYANDANG DISABILITAS,ANALIS KEBIJAKAN AHLI PERTAMA,Pemerintah Provinsi Maluku Utara | Sekretariat Daerah | Assisten Perekonomian dan Pembangunan | Biro Administrasi Pembangunan,1,1,3000000,4000000,1,0,0,0
aeb0adfc-6afc-4148-addc-bb6d981f4101,Pemerintah Provinsi Maluku Utara,CPNS,UMUM,ANALIS KEBIJAKAN AHLI PERTAMA,Pemerintah Provinsi Maluku Utara | Sekretariat Daerah | Assisten Perekonomian dan Pembangunan | Biro Administrasi Pembangunan,1,1,3000000,4000000,8,0,0,0
b064a970-42b6-498e-a785-e2622a414462,Pemerintah Provinsi Maluku Utara,CPNS,UMUM,ASESOR MANAJEMEN MUTU INDUSTRI AHLI PERTAMA,Pemerintah Provinsi Maluku Utara | Sekretariat Daerah | Dinas Perindustrian dan Perdagangan | BIDANG PERLINDUNGAN KONSUMEN,3,1,3000000,4000000,12,0,0,0
ffb0cc4a-a615-4211-ae43-748a4782c69a,Pemerintah Provinsi Maluku Utara,CPNS,UMUM,PEMBINA INDUSTRI AHLI PERTAMA,"Pemerintah Provinsi Maluku Utara | Sekretariat Daerah | Dinas Perindustrian dan Perdagangan | BIDANG SARANA,  KAWASAN DAN DATA INDUSTRI",3,1,3000000,4000000,12,0,0,0
3fb6c180-3fcf-44df-99f1-6bdb4948914e,Pemerintah Provinsi Maluku Utara,CPNS,UMUM,"PENGAWAS ENERGI BARU, TERBARUKAN, DAN KONSERVASI ENERGI",Pemerintah Provinsi Maluku Utara | Sekretariat Daerah | Dinas Energi dan Sumber Daya Mineral | BIDANG ENERGI,5,1,3000000,4000000,94,0,0,0
1fba3cf1-b3b2-4ce8-868c-f2c669d64e2a,Pemerintah Provinsi Maluku Utara,CPNS,UMUM,PENGAWAS JARINGAN UTILITAS,Pemerintah Provinsi Maluku Utara | Sekretariat Daerah | Dinas Pekerjaan Umum dan Penataan Ruang | BIDANG CIPTA KARYA,5,1,3000000,4000000,54,0,0,0
3db09032-d21d-4838-bd4d-92cbaf92a375,Pemerintah Provinsi Maluku Utara,CPNS,UMUM,PENGAWAS KETENAGAKERJAAN AHLI PERTAMA,Pemerintah Provinsi Maluku Utara | Sekretariat Daerah | Dinas Tenaga Kerja dan Transmigrasi | BIDANG PENGAWASAN KETENAGAKERJAAN DAN KESELAMATAN KESEHATAN KERJA,4,1,3000000,4000000,76,0,0,0
41010e81-6599-4002-9558-44b49485e9a9,Pemerintah Provinsi Maluku Utara,CPNS,UMUM,SANDIMAN AHLI PERTAMA,"Pemerintah Provinsi Maluku Utara | Sekretariat Daerah | Dinas Komunikasi, Informatika dan Persandian | BIDANG PERSANDIAN DAN STATISTIK",3,1,3000000,4000000,19,0,0,0
8a0186929154866701915510751e4507,Pemerintah Provinsi Maluku Utara,CPNS,PENYANDANG DISABILITAS,TEKNISI SARANA DAN PRASARANA,Pemerintah Provinsi Maluku Utara | Sekretariat Daerah | Dinas Pekerjaan Umum dan Penataan Ruang | BIDANG BINA MARGA,1,1,3000000,4000000,0,0,0,0
86132147-0088-4ebd-9a34-85587dd5f557,Pemerintah Provinsi Maluku Utara,CPNS,UMUM,TEKNISI SARANA DAN PRASARANA,Pemerintah Provinsi Maluku Utara | Sekretariat Daerah | Dinas Pekerjaan Umum dan Penataan Ruang | BIDANG BINA MARGA,4,1,3000000,4000000,55,0,0,0
069d91fc-34d6-4395-9aa6-e3ceb43994c8,Pemerintah Provinsi NTT,CPNS,UMUM,MANGGALA INFORMATIKA AHLI PERTAMA,Pemerintah Provinsi NTT | DINAS KOMUNIKASI DAN INFORMATIKA PROVINSI NTT | BIDANG PERSANDIAN DAN PENGAMANAN INFORMASI,3,1,2785700,4575200,10,0,0,0
246b712d-79aa-48fe-88ff-948e3bfe908a,Pemerintah Provinsi NTT,CPNS,UMUM,PENATA KELOLA USAHA KETENAGALISTRIKAN,Pemerintah Provinsi NTT | DINAS ENERGI DAN SUMBER DAYA MINERAL PROVINSI NTT | CABANG DINAS ENERGI DAN SUMBER DAYA MINERAL WILAYAH KABUPATEN ALOR DI KALABAHI | SEKSI KETENAGALISTRIKAN DAN ENERGI BARU TERBARUKAN CABANG DINAS ESDM WILAYAH KAB ALOR DI KALABAHI,1,1,2785700,4575200,3,0,0,0
bf013d46-c185-49ce-a0f0-3c0907fecad7,Pemerintah Provinsi NTT,CPNS,UMUM,PENATA KELOLA USAHA KETENAGALISTRIKAN,Pemerintah Provinsi NTT | DINAS ENERGI DAN SUMBER DAYA MINERAL PROVINSI NTT | BIDANG KETENAGALISTRIKAN,2,1,2785700,4575200,10,0,0,0
206ece33-5920-4073-aaec-bbb8c98fb03c,Pemerintah Provinsi NTT,CPNS,UMUM,"PENGAWAS ENERGI BARU, TERBARUKAN, DAN KONSERVASI ENERGI",Pemerintah Provinsi NTT | DINAS ENERGI DAN SUMBER DAYA MINERAL PROVINSI NTT | BIDANG ENERGI BARU TERBARUKAN,4,1,2785700,4575200,104,0,0,0
cf3be9b3-904c-42af-84fd-20bcc1f25423,Pemerintah Provinsi NTT,CPNS,UMUM,"PENGAWAS ENERGI BARU, TERBARUKAN, DAN KONSERVASI ENERGI","Pemerintah Provinsi NTT | DINAS ENERGI DAN SUMBER DAYA MINERAL PROVINSI NTT | CABANG DINAS ENERGI DAN SUMBER DAYA MINERAL WILAYAH KOTA KUPANG, KABUPATEN KUPANG, ROTE NDAO DAN SABU RAIJUA DI KUPANG | SEKSI KETENAGALISTRIKAN DAN ENERGI BARU TERBARUKAN CABANG DINAS ESDM WILAYAH KOTA KUPANG, KAB KUPANG, ROE NDAO DAN SABU RAIJUA DI KUPANG",1,1,2785700,4575200,5,0,0,0
d72c59f8-09a8-44d0-add3-1e392d58a344,Pemerintah Provinsi NTT,CPNS,UMUM,"PENGAWAS ENERGI BARU, TERBARUKAN, DAN KONSERVASI ENERGI","Pemerintah Provinsi NTT | DINAS ENERGI DAN SUMBER DAYA MINERAL PROVINSI NTT | CABANG DINAS ENERGI DAN SUMBER DAYA MINERAL WILAYAH KABUPATEN TIMOR TENGAH SELATAN, TIMOR TENGAH UTARA, BELU DAN MALAKA DI KEFAMENANU | SEKSI KETENAGALISTRIKAN DAN ENERGI BARU TERBARUKAN CABANG DINAS ESDM WILAYAH KAB TTS, KAB. TTU, BELU DAN MALAKA DI KEFAMENANU",1,1,2785700,4575200,2,0,0,0
00b4c6da-06a1-4f4b-b051-017d37fd1e92,Pemerintah Provinsi NTT,CPNS,UMUM,PENGAWAS JARINGAN UTILITAS,Pemerintah Provinsi NTT | DINAS PEKERJAAN UMUM DAN PERUMAHAN RAKYAT PROVINSI NTT | BIDANG PERUMAHAN DAN PERMUKIMAN,1,1,2785700,4575200,1,0,0,0
4dc1ddfb-ed3c-4a00-8679-bebb0ab13bbc,Pemerintah Provinsi NTT,CPNS,UMUM,PENGAWAS KETENAGAKERJAAN AHLI PERTAMA,"Pemerintah Provinsi NTT | DINAS KOPERASI, TENAGA KERJA DAN TRANSMIGRASI PROVINSI NTT | BIDANG KETENAGAKERJAAN",11,1,2785700,4575200,243,0,0,0
5e210cad-1535-430d-9a87-6edf85b8ab43,Pemerintah Provinsi NTT,CPNS,UMUM,PENGELOLA KESELAMATAN KETENAGALISTRIKAN,Pemerintah Provinsi NTT | DINAS ENERGI DAN SUMBER DAYA MINERAL PROVINSI NTT | BIDANG KETENAGALISTRIKAN,2,1,2785700,4575200,13,0,0,0
d32e28df-7aef-4925-9727-3e4a836d2afe,Pemerintah Provinsi NTT,CPNS,UMUM,PENGUJI MUTU BARANG AHLI PERTAMA,Pemerintah Provinsi NTT | DINAS PERINDUSTRIAN DAN PERDAGANGAN PROVINSI NTT | BIDANG PERLINDUNGAN KONSUMEN DAN TERTIB NIAGA,3,1,2785700,4575200,12,0,0,0
e4d4b758-cb04-44ce-8339-6822ecf73e3a,Pemerintah Provinsi NTT,CPNS,UMUM,PENGUJI MUTU BARANG AHLI PERTAMA,Pemerintah Provinsi NTT | DINAS PERINDUSTRIAN DAN PERDAGANGAN PROVINSI NTT | UPTD PENGUJIAN DAN SERTIFIKASI MUTU,3,1,2785700,4575200,10,0,0,0
a73e7078-71f9-4e04-a3c9-05a6f29a7ca5,Pemerintah Provinsi Nusa Tenggara Barat,CPNS,UMUM,ASESOR MANAJEMEN MUTU INDUSTRI AHLI PERTAMA,PEMERINTAH PROVINSI NUSA TENGGARA BARAT | DINAS PERINDUSTRIAN,1,0,3000000,6000000,74,0,0,0
e5805ac0-82c9-4f4e-adc2-b6bac9e1338f,Pemerintah Provinsi Nusa Tenggara Barat,CPNS,UMUM,MANGGALA INFORMATIKA AHLI PERTAMA,"PEMERINTAH PROVINSI NUSA TENGGARA BARAT | DINAS KOMUNIKASI, INFORMATIKA DAN STATISTIK",1,1,3000000,6000000,28,0,0,0
b84a8004-2126-4c59-9249-2caa0851106c,Pemerintah Provinsi Nusa Tenggara Barat,CPNS,UMUM,PENGENDALI KONTEN INTERNET,"PEMERINTAH PROVINSI NUSA TENGGARA BARAT | DINAS KOMUNIKASI, INFORMATIKA DAN STATISTIK",1,1,3000000,6000000,43,0,0,0
b9a86f5c-e332-46ba-b03b-4fd58e8d5e35,Pemerintah Provinsi Nusa Tenggara Barat,CPNS,UMUM,PENYULUH PERINDUSTRIAN DAN PERDAGANGAN AHLI PERTAMA,PEMERINTAH PROVINSI NUSA TENGGARA BARAT | DINAS PERINDUSTRIAN,1,0,3000000,6000000,77,0,0,0
8a0384ba915598f40191561ee5245e33,Pemerintah Provinsi Papua Barat Daya,CPNS,ORANG ASLI PAPUA (OAP),INSPEKTUR KETENAGALISTRIKAN AHLI PERTAMA,"PEMERINTAH PROVINSI PAPUA BARAT DAYA | DINAS TENAGA KERJA, TRANSMIGRASI, ENERGI DAN SUMBER DAYA MINERAL | BIDANG ENERGI DAN SUMBER DAYA MINERAL | SEKSI KETENAGALISTRIKAN, ENERGI BARU, TERBARUKAN DAN KONVERSI ENERGI",2,0,3483500,4483500,22,0,0,0
6120c4bc-8d67-4f31-955e-f2934aa1d347,Pemerintah Provinsi Papua Barat Daya,CPNS,UMUM (NON OAP),INSPEKTUR KETENAGALISTRIKAN AHLI PERTAMA,"PEMERINTAH PROVINSI PAPUA BARAT DAYA | DINAS TENAGA KERJA, TRANSMIGRASI, ENERGI DAN SUMBER DAYA MINERAL | BIDANG ENERGI DAN SUMBER DAYA MINERAL | SEKSI KETENAGALISTRIKAN, ENERGI BARU, TERBARUKAN DAN KONVERSI ENERGI",1,0,3483500,4483500,17,0,0,0
ae594726-66ff-4e41-ac1b-23b9a2eef5ea,Pemerintah Provinsi Papua Barat Daya,CPNS,ORANG ASLI PAPUA (OAP),PEMBINA INDUSTRI AHLI PERTAMA,"PEMERINTAH PROVINSI PAPUA BARAT DAYA | DINAS KOPERASI, USAHA KECIL MENENGAH, PERINDUSTRIAN DAN PERDAGANGAN | BIDANG PERINDUSTRIAN | SEKSI INDUSTRI AGRO",2,0,3483500,4483500,7,0,0,0
8a018692915486670191558a54f7399c,Pemerintah Provinsi Papua Barat Daya,CPNS,ORANG ASLI PAPUA (OAP),PEMBINA JASA KONSTRUKSI AHLI PERTAMA,PEMERINTAH PROVINSI PAPUA BARAT DAYA | DINAS PEKERJAAN UMUM DAN PERUMAHAN RAKYAT,2,0,3483500,4483500,9,0,0,0
b6667e89-a3db-4e4b-b3b2-25314855ac31,Pemerintah Provinsi Papua Barat Daya,CPNS,UMUM (NON OAP),PEMBINA JASA KONSTRUKSI AHLI PERTAMA,PEMERINTAH PROVINSI PAPUA BARAT DAYA | DINAS PEKERJAAN UMUM DAN PERUMAHAN RAKYAT,1,0,3483500,4483500,20,0,0,0
8a0384ba915598f4019155fb85a83d8b,Pemerintah Provinsi Papua Barat Daya,CPNS,ORANG ASLI PAPUA (OAP),PENATA KELOLA USAHA KETENAGALISTRIKAN,"PEMERINTAH PROVINSI PAPUA BARAT DAYA | DINAS TENAGA KERJA, TRANSMIGRASI, ENERGI DAN SUMBER DAYA MINERAL | BIDANG ENERGI DAN SUMBER DAYA MINERAL | SEKSI KETENAGALISTRIKAN, ENERGI BARU, TERBARUKAN DAN KONVERSI ENERGI",2,0,3483500,4483500,6,0,0,0
8d2ed668-27f9-44d8-9436-195b2b302d56,Pemerintah Provinsi Papua Barat Daya,CPNS,UMUM (NON OAP),PENATA KELOLA USAHA KETENAGALISTRIKAN,"PEMERINTAH PROVINSI PAPUA BARAT DAYA | DINAS TENAGA KERJA, TRANSMIGRASI, ENERGI DAN SUMBER DAYA MINERAL | BIDANG ENERGI DAN SUMBER DAYA MINERAL | SEKSI KETENAGALISTRIKAN, ENERGI BARU, TERBARUKAN DAN KONVERSI ENERGI",1,0,3483500,4483500,5,0,0,0
8a0384ba915598f4019155a3109504aa,Pemerintah Provinsi Papua Barat Daya,CPNS,ORANG ASLI PAPUA (OAP),PRANATA KOMPUTER AHLI PERTAMA,"PEMERINTAH PROVINSI PAPUA BARAT DAYA | BADAN PERENCANAAN PEMBANGUNAN, RISET DAN INOVASI DAERAH PROVINSI | BIDANG PERENCANAAN MAKRO, PENGENDALIAN, EVALUASI DAN INFORMASI PEMBANGUNAN DAERAH | SUB BIDANG PERENCANAAN MAKRO DAN PENDANAAN PEMBANGUNAN",2,0,3483500,4483500,11,0,0,0
8a0384ba915598f4019155b720f41337,Pemerintah Provinsi Papua Barat Daya,CPNS,ORANG ASLI PAPUA (OAP),PRANATA KOMPUTER AHLI PERTAMA,PEMERINTAH PROVINSI PAPUA BARAT DAYA | BADAN KESATUAN BANGSA DAN POLITIK | SEKRETARIAT | SUB BAGIAN UMUM DAN KEPEGAWAIAN,1,0,3483500,4483500,1,0,0,0
8a0384ba915598f4019155c10f7c1b7b,Pemerintah Provinsi Papua Barat Daya,CPNS,ORANG ASLI PAPUA (OAP),PRANATA KOMPUTER AHLI PERTAMA,PEMERINTAH PROVINSI PAPUA BARAT DAYA | SEKRETARIAT MAJELIS RAKYAT PAPUA | BAGIAN UMUM DAN HUMAS | SUB BAGIAN UMUM,2,0,3483500,4483500,8,0,0,0
8a0384ba915598f4019155d906472c54,Pemerintah Provinsi Papua Barat Daya,CPNS,ORANG ASLI PAPUA (OAP),PRANATA KOMPUTER AHLI PERTAMA,"PEMERINTAH PROVINSI PAPUA BARAT DAYA | DINAS TENAGA KERJA, TRANSMIGRASI, ENERGI DAN SUMBER DAYA MINERAL | SEKRETARIAT | SUB BAGIAN UMUM DAN KEPEGAWAIAN",2,0,3483500,4483500,6,0,0,0
8a0384ba915598f4019155f120e739a7,Pemerintah Provinsi Papua Barat Daya,CPNS,ORANG ASLI PAPUA (OAP),PRANATA KOMPUTER AHLI PERTAMA,PEMERINTAH PROVINSI PAPUA BARAT DAYA | SEKRETARIAT DAERAH | ASISTEN PEMERINTAHAN DAN KESEJAHTERAAN RAKYAT | BIRO PEMERINTAHAN OTONOMI KHUSUS DAN KESEJAHTERAAN RAKYAT | BAGIAN PEMERINTAHAN | SUB BAGIAN ADMINISTRASI PEMERINTAHAN DAN FASILITASI PENATAAN WILAYAH,1,0,3483500,4483500,1,0,0,0
8a0384ba915598f401915604540041d7,Pemerintah Provinsi Papua Barat Daya,CPNS,ORANG ASLI PAPUA (OAP),PRANATA KOMPUTER AHLI PERTAMA,PEMERINTAH PROVINSI PAPUA BARAT DAYA | DINAS PENANAMAN MODAL DAN PELAYANAN TERPADU SATU PINTU | SEKRETARIAT | SUB BAGIAN UMUM,2,0,3483500,4483500,6,0,0,0
212f7dee-c82d-4e45-8325-a00937e9cd45,Pemerintah Provinsi Papua Barat Daya,CPNS,UMUM (NON OAP),PRANATA KOMPUTER AHLI PERTAMA,"PEMERINTAH PROVINSI PAPUA BARAT DAYA | BADAN PENGELOLAAN PENDAPATAN, KEUANGAN DAN ASET DAERAH | SEKRETARIAT | SUB BAGIAN KEUANGAN",2,0,3483500,4483500,19,0,0,0
38b8bd50-daff-430b-ab69-a3e3fac939ed,Pemerintah Provinsi Papua Barat Daya,CPNS,UMUM (NON OAP),PRANATA KOMPUTER AHLI PERTAMA,"PEMERINTAH PROVINSI PAPUA BARAT DAYA | BADAN PENGELOLAAN PENDAPATAN, KEUANGAN DAN ASET DAERAH | BIDANG PERBENDAHARAAN, AKUNTANSI DAN PELAPORAN | SUB BIDANG PERBENDAHARAAN",1,0,3483500,4483500,1,0,0,0
3a282704-fc17-4e1f-a1a2-905e8f3d1411,Pemerintah Provinsi Papua Barat Daya,CPNS,UMUM (NON OAP),PRANATA KOMPUTER AHLI PERTAMA,"PEMERINTAH PROVINSI PAPUA BARAT DAYA | DINAS TENAGA KERJA, TRANSMIGRASI, ENERGI DAN SUMBER DAYA MINERAL | SEKRETARIAT | SUB BAGIAN UMUM DAN KEPEGAWAIAN",1,0,3483500,4483500,7,0,0,0
446a0ce9-2478-42db-834a-3ad1020db682,Pemerintah Provinsi Papua Barat Daya,CPNS,UMUM (NON OAP),PRANATA KOMPUTER AHLI PERTAMA,PEMERINTAH PROVINSI PAPUA BARAT DAYA | SEKRETARIAT MAJELIS RAKYAT PAPUA | BAGIAN UMUM DAN HUMAS | SUB BAGIAN UMUM,1,0,3483500,4483500,5,0,0,0
5341d19a-5b98-49c7-96dc-23942d4e1a0d,Pemerintah Provinsi Papua Barat Daya,CPNS,UMUM (NON OAP),PRANATA KOMPUTER AHLI PERTAMA,PEMERINTAH PROVINSI PAPUA BARAT DAYA | SEKRETARIAT DAERAH | ASISTEN PEMERINTAHAN DAN KESEJAHTERAAN RAKYAT | BIRO PEMERINTAHAN OTONOMI KHUSUS DAN KESEJAHTERAAN RAKYAT | BAGIAN PEMERINTAHAN | SUB BAGIAN ADMINISTRASI PEMERINTAHAN DAN FASILITASI PENATAAN WILAYAH,1,0,3483500,4483500,3,0,0,0
57e310eb-884c-4cdc-9019-f7e2eb65ea23,Pemerintah Provinsi Papua Barat Daya,CPNS,UMUM (NON OAP),PRANATA KOMPUTER AHLI PERTAMA,PEMERINTAH PROVINSI PAPUA BARAT DAYA | DINAS PENANAMAN MODAL DAN PELAYANAN TERPADU SATU PINTU | SEKRETARIAT | SUB BAGIAN UMUM,1,0,3483500,4483500,6,0,0,0
97bdb7ed-0dbe-43d1-8527-2ff31583fa50,Pemerintah Provinsi Papua Barat Daya,CPNS,ORANG ASLI PAPUA (OAP),PRANATA KOMPUTER AHLI PERTAMA,PEMERINTAH PROVINSI PAPUA BARAT DAYA | SEKRETARIAT DAERAH | ASISTEN PEREKONOMIAN DAN PEMBANGUNAN | BIRO PEREKONOMIAN DAN ADMINISTRASI PEMBANGUNAN | BAGIAN KEBIJAKAN PEREKONOMIAN DAN SUMBER DAYA ALAM | SUB BAGIAN TATA USAHA BIRO,2,0,3483500,4483500,6,0,0,0
bf43c6b9-ea7f-468e-bb15-04784f082422,Pemerintah Provinsi Papua Barat Daya,CPNS,UMUM (NON OAP),PRANATA KOMPUTER AHLI PERTAMA,PEMERINTAH PROVINSI PAPUA BARAT DAYA | BADAN KESATUAN BANGSA DAN POLITIK | SEKRETARIAT | SUB BAGIAN UMUM DAN KEPEGAWAIAN,2,0,3483500,4483500,8,0,0,0
cac334f6-9690-4e5c-b657-f34cf0c8d7ca,Pemerintah Provinsi Papua Barat Daya,CPNS,ORANG ASLI PAPUA (OAP),PRANATA KOMPUTER AHLI PERTAMA,"PEMERINTAH PROVINSI PAPUA BARAT DAYA | DINAS KOPERASI, USAHA KECIL MENENGAH, PERINDUSTRIAN DAN PERDAGANGAN | SEKRETARIAT | SUB BAGIAN UMUM DAN KEPEGAWAIAN",2,0,3483500,4483500,3,0,0,0
ce871e2d-d7b1-47c1-b1f3-2fd620b76d5b,Pemerintah Provinsi Papua Barat Daya,CPNS,ORANG ASLI PAPUA (OAP),PRANATA KOMPUTER AHLI PERTAMA,"PEMERINTAH PROVINSI PAPUA BARAT DAYA | BADAN PENGELOLAAN PENDAPATAN, KEUANGAN DAN ASET DAERAH | SEKRETARIAT | SUB BAGIAN UMUM DAN KEPEGAWAIAN",3,0,3483500,4483500,41,0,0,0
dd6ad68d-55cc-4ee0-a5d6-f6deb0de7a5b,Pemerintah Provinsi Papua Barat Daya,CPNS,ORANG ASLI PAPUA (OAP),PRANATA KOMPUTER AHLI PERTAMA,"PEMERINTAH PROVINSI PAPUA BARAT DAYA | DINAS LINGKUNGAN HIDUP, KEHUTANAN DAN PERTANAHAN | SEKRETARIAT | SUB BAGIAN UMUM DAN KEPEGAWAIAN",1,0,3483500,4483500,1,0,0,0
f1798825-e61a-487e-87ec-933516ee27d3,Pemerintah Provinsi Papua Barat Daya,CPNS,UMUM (NON OAP),PRANATA KOMPUTER AHLI PERTAMA,"PEMERINTAH PROVINSI PAPUA BARAT DAYA | BADAN PERENCANAAN PEMBANGUNAN, RISET DAN INOVASI DAERAH PROVINSI | BIDANG PERENCANAAN MAKRO, PENGENDALIAN, EVALUASI DAN INFORMASI PEMBANGUNAN DAERAH | SUB BIDANG PERENCANAAN MAKRO DAN PENDANAAN PEMBANGUNAN",1,0,3483500,4483500,3,0,0,0
f40cc36f-6b9f-49b5-92d8-95c8d700bf83,Pemerintah Provinsi Papua Barat Daya,CPNS,ORANG ASLI PAPUA (OAP),PRANATA KOMPUTER AHLI PERTAMA,PEMERINTAH PROVINSI PAPUA BARAT DAYA | SEKRETARIAT DAERAH | ASISTEN ADMINISTRASI UMUM | BIRO ORGANISASI | BAGIAN TATA LAKSANA | SUB BAGIAN TATA USAHA,1,0,3483500,4483500,1,0,0,0
1c36b0a8-223a-48b9-a547-fc3d32105dc9,Pemerintah Provinsi Papua Pegunungan,CPNS,ORANG ASLI PAPUA (OAP),KONSULTAN INDUSTRI,"Pemerintah Provinsi Papua Pegunungan | Dinas Koperasi, Usaha Kecil Menengah, Perindustrian Dan Perdagangan | BIDANG PERINDUSTRIAN | Seksi Industri Agro",3,0,2785700,7127887,73,0,0,0
8a02826391606efe019160e13e1c3840,Pemerintah Provinsi Papua Pegunungan,CPNS,ORANG ASLI PAPUA (OAP),PENERA AHLI PERTAMA,"Pemerintah Provinsi Papua Pegunungan | Dinas Koperasi, Usaha Kecil Menengah, Perindustrian Dan Perdagangan",2,0,2785700,7127887,11,0,0,0
81ead3ff-322d-45c1-a94a-90691bae53e4,Pemerintah Provinsi Papua Pegunungan,CPNS,UMUM (NON OAP),PENERA AHLI PERTAMA,"Pemerintah Provinsi Papua Pegunungan | Dinas Koperasi, Usaha Kecil Menengah, Perindustrian Dan Perdagangan",1,0,2785700,7127887,2,0,0,0
8a02826391606efe019160c458302a9b,Pemerintah Provinsi Papua Pegunungan,CPNS,ORANG ASLI PAPUA (OAP),PENYULUH PERINDUSTRIAN DAN PERDAGANGAN AHLI PERTAMA,"Pemerintah Provinsi Papua Pegunungan | Dinas Koperasi, Usaha Kecil Menengah, Perindustrian Dan Perdagangan",1,0,2785700,7127887,26,0,0,0
72a8c96b-0ff6-4f4f-a2f5-d8bbdbb0e03d,Pemerintah Provinsi Papua Pegunungan,CPNS,UMUM (NON OAP),PENYULUH PERINDUSTRIAN DAN PERDAGANGAN AHLI PERTAMA,"Pemerintah Provinsi Papua Pegunungan | Dinas Koperasi, Usaha Kecil Menengah, Perindustrian Dan Perdagangan",1,0,2785700,7127887,3,0,0,0
1cbffe25-20d4-4a67-9879-511b0083ad60,Pemerintah Provinsi Papua Selatan,CPNS,ORANG ASLI PAPUA (OAP),PENGAWAS JARINGAN UTILITAS,PEMERINTAH PROVINSI PAPUA SELATAN | SEKRETARIAT DAERAH | DINAS PEKERJAAN UMUM DAN PERUMAHAN RAKYAT | BIDANG BINA MARGA | SEKSI PRESERVASI JALAN DAN JEMBATAN,4,0,2785700,4575200,14,0,0,0
3c9caa34-c06b-48c5-9474-75bcd70d843d,Pemerintah Provinsi Papua Selatan,CPNS,UMUM (NON OAP),PENGAWAS JARINGAN UTILITAS,PEMERINTAH PROVINSI PAPUA SELATAN | SEKRETARIAT DAERAH | DINAS PEKERJAAN UMUM DAN PERUMAHAN RAKYAT | BIDANG BINA MARGA | SEKSI PERENCANAAN TEKNIS DAN EVALUASI,4,0,2785700,4575200,137,0,0,0
4567fb3a-688a-4626-be84-df2a8b17faa2,Pemerintah Provinsi Papua Selatan,CPNS,ORANG ASLI PAPUA (OAP),PENGAWAS JARINGAN UTILITAS,PEMERINTAH PROVINSI PAPUA SELATAN | SEKRETARIAT DAERAH | DINAS PEKERJAAN UMUM DAN PERUMAHAN RAKYAT | BIDANG BINA MARGA | SEKSI PEMBANGUNAN JALAN DAN JEMBATAN,4,0,2785700,4575200,32,0,0,0
0202a5d8-22e2-40cc-a2c2-f57e8ad66541,Pemerintah Provinsi Papua Selatan,CPNS,UMUM (NON OAP),PRANATA KOMPUTER AHLI PERTAMA,"PEMERINTAH PROVINSI PAPUA SELATAN | SEKRETARIAT DAERAH | BADAN PENGELOLAAN PENDAPATAN, KEUANGAN DAN ASET DAERAH | BIDANG PEMUNGUTAN PAJAK DAERAH | SUB BIDANG PENDATAAN DAN PELAYANAN",2,0,2785700,4575200,21,0,0,0
044066af-5402-46e6-a46a-363553774be1,Pemerintah Provinsi Papua Selatan,CPNS,ORANG ASLI PAPUA (OAP),PRANATA KOMPUTER AHLI PERTAMA,PEMERINTAH PROVINSI PAPUA SELATAN | SEKRETARIAT DAERAH | DINAS PEKERJAAN UMUM DAN PERUMAHAN RAKYAT | SEKRETARIAT PEKERJAAN UMUM DAN PERUMAHAN RAKYAT | SUB BAGIAN PERENCANAAN,2,0,2785700,4575200,2,0,0,0
064befd2-c587-4293-8ae6-0a35fe61d1a4,Pemerintah Provinsi Papua Selatan,CPNS,ORANG ASLI PAPUA (OAP),PRANATA KOMPUTER AHLI PERTAMA,"PEMERINTAH PROVINSI PAPUA SELATAN | SEKRETARIAT DAERAH | ASISTEN BIDANG PEREKONOMIAN DAN PEMBANGUNAN | BIRO PEREKONOMIAN DAN ADMINISTRASI PEMBANGUNAN | BAGIAN BUMD DAN BLUD | SUB BAGIAN BADAN USAHA MILIK DAERAH, JASA KEUANGAN DAN ANEKA USAHA",2,0,2785700,4575200,0,0,0,0
0c474b8b-835e-4ab6-b5d8-bd4d53cc1582,Pemerintah Provinsi Papua Selatan,CPNS,ORANG ASLI PAPUA (OAP),PRANATA KOMPUTER AHLI PERTAMA,"PEMERINTAH PROVINSI PAPUA SELATAN | SEKRETARIAT DAERAH | BADAN PENGELOLAAN PENDAPATAN, KEUANGAN DAN ASET DAERAH | BIDANG PERENCANAAN DAN EVALUASI PENDAPATAN DAERAH | SUB BIDANG PERENCANAAN DAN PENGEMBANGAN",2,0,2785700,4575200,1,0,0,0
122e275e-61eb-40e1-93a4-317760931e30,Pemerintah Provinsi Papua Selatan,CPNS,ORANG ASLI PAPUA (OAP),PRANATA KOMPUTER AHLI PERTAMA,PEMERINTAH PROVINSI PAPUA SELATAN | SEKRETARIAT DAERAH | DINAS KOMUNIKASI DAN INFORMATIKA | BIDANG APLIKASI INFORMATIKA | SEKSI PENGEMBANGAN APLIKASI,2,0,2785700,4575200,1,0,0,0
14f339fa-9681-41f6-84c8-69c4fa009226,Pemerintah Provinsi Papua Selatan,CPNS,ORANG ASLI PAPUA (OAP),PRANATA KOMPUTER AHLI PERTAMA,PEMERINTAH PROVINSI PAPUA SELATAN | SEKRETARIAT DAERAH | SEKRETARIAT MAJELIS RAKYAT PAPUA SELATAN | BAGIAN KEUANGAN | SUB BAGIAN ANGGARAN,2,0,2785700,4575200,0,0,0,0
1b06bd29-6ba7-4243-a8a6-c2c9539ebcee,Pemerintah Provinsi Papua Selatan,CPNS,ORANG ASLI PAPUA (OAP),PRANATA KOMPUTER AHLI PERTAMA,PEMERINTAH PROVINSI PAPUA SELATAN | SEKRETARIAT DAERAH | SEKRETARIAT MAJELIS RAKYAT PAPUA SELATAN | BAGIAN PERLINDUNGAN HAK MASYARAKAT ADAT | SUB BAGIAN  PELAPORAN DAN TINDAK LANJUT PENGADUAN MASYARAKAT,2,0,2785700,4575200,2,0,0,0
1be417dd-c216-4057-8fae-341d0b04bc0f,Pemerintah Provinsi Papua Selatan,CPNS,UMUM (NON OAP),PRANATA KOMPUTER AHLI PERTAMA,PEMERINTAH PROVINSI PAPUA SELATAN | SEKRETARIAT DAERAH | ASISTEN BIDANG PEREKONOMIAN DAN PEMBANGUNAN | BIRO PENGADAAN BARANG DAN JASA | BAGIAN PENGELOLAAN LAYANAN PENGADAAN SECARA ELEKTRONIK | SUB BAGIAN PENGELOLAAN SISTEM PENGADAAN SECARA ELEKTRONIK,2,0,2785700,4575200,21,0,0,0
1cf1724f-46cc-4b5a-8fa4-34fcc84aa66c,Pemerintah Provinsi Papua Selatan,CPNS,ORANG ASLI PAPUA (OAP),PRANATA KOMPUTER AHLI PERTAMA,PEMERINTAH PROVINSI PAPUA SELATAN | SEKRETARIAT DAERAH | SEKRETARIAT DEWAN PERWAKILAN RAKYAT | BAGIAN FASILITASI PENGANGGARAN DAN PENGAWASAN | SUB BAGIAN FASILITASI PENGANGGARAN,2,0,2785700,4575200,0,0,0,0
1f25aaef-6fb4-44b7-9559-d9eaf69c19a3,Pemerintah Provinsi Papua Selatan,CPNS,ORANG ASLI PAPUA (OAP),PRANATA KOMPUTER AHLI PERTAMA,PEMERINTAH PROVINSI PAPUA SELATAN | SEKRETARIAT DAERAH | DINAS KOMUNIKASI DAN INFORMATIKA | BIDANG PERSANDIAN DAN STATISTIK | SEKSI TATA KELOLA PERSANDIAN DAN KEAMANAN INFORMASI,2,0,2785700,4575200,0,0,0,0
21db315a-82ca-44c1-b65b-06f8a261877a,Pemerintah Provinsi Papua Selatan,CPNS,ORANG ASLI PAPUA (OAP),PRANATA KOMPUTER AHLI PERTAMA,"PEMERINTAH PROVINSI PAPUA SELATAN | SEKRETARIAT DAERAH | DINAS TENAGA KERJA, TRANSMIGRASI, ENERGI DAN SUMBER DAYA MINERAL | BIDANG TENAGA KERJA | SEKSI HUBUNGAN INDUSTRIAL DAN PENGAWASAN KETENAGAKERJAAN",2,0,2785700,4575200,0,0,0,0
29a36e60-fba3-4ed7-b9a3-0a9d0deb26ab,Pemerintah Provinsi Papua Selatan,CPNS,ORANG ASLI PAPUA (OAP),PRANATA KOMPUTER AHLI PERTAMA,PEMERINTAH PROVINSI PAPUA SELATAN | SEKRETARIAT DAERAH | DINAS KEPENDUDUKAN DAN PENCATATAN SIPIL DAN PEMBERDAYAAN MASYARAKAT DAN KAMPUNG | SEKRETARIAT DINAS KEPENDUDUKAN DAN PENCATATAN SIPIL DAN PEMBERDAYAAN MASYARAKAT DAN KAMPUNG | SUB BAGIAN PROGRAM,2,0,2785700,4575200,0,0,0,0
2c0fea0d-b47e-4ef5-9cd7-3afa171431e6,Pemerintah Provinsi Papua Selatan,CPNS,ORANG ASLI PAPUA (OAP),PRANATA KOMPUTER AHLI PERTAMA,"PEMERINTAH PROVINSI PAPUA SELATAN | SEKRETARIAT DAERAH | DINAS SOSIAL, PEMBERDAYAAN PEREMPUAN DAN PERLINDUNGAN ANAK | SEKRETARIAT DINAS SOSIAL, PEMBERDAYAAN PEREMPUAN DAN PERLINDUNGAN ANAK | SUB BAGIAN BAGIAN PENYUSUNAN PROGRAM DAN ANGGARAN",2,0,2785700,4575200,0,0,0,0
2f09ba53-c071-4269-8896-e65e62976320,Pemerintah Provinsi Papua Selatan,CPNS,UMUM (NON OAP),PRANATA KOMPUTER AHLI PERTAMA,PEMERINTAH PROVINSI PAPUA SELATAN | SEKRETARIAT DAERAH | BADAN KESATUAN BANGSA DAN POLITIK | SEKRETARIAT BADAN KESATUAN BANGSA DAN POLITIK | SUB BAG UMUM DAN KEPEGAWAIAN,2,0,2785700,4575200,22,0,0,0
358cf7a2-decd-4de7-920e-44efbda25dd2,Pemerintah Provinsi Papua Selatan,CPNS,UMUM (NON OAP),PRANATA KOMPUTER AHLI PERTAMA,PEMERINTAH PROVINSI PAPUA SELATAN | SEKRETARIAT DAERAH | DINAS KOMUNIKASI DAN INFORMATIKA | BIDANG APLIKASI INFORMATIKA | SEKSI INFRASTRUKTUR INFORMATIKA,2,0,2785700,4575200,5,0,0,0
36df36c7-bf6f-4dcc-82d2-af0edd384ffe,Pemerintah Provinsi Papua Selatan,CPNS,UMUM (NON OAP),PRANATA KOMPUTER AHLI PERTAMA,"PEMERINTAH PROVINSI PAPUA SELATAN | SEKRETARIAT DAERAH | BADAN PENGELOLAAN PENDAPATAN, KEUANGAN DAN ASET DAERAH | BIDANG PERENCANAAN ANGGARAN DAERAH | SUB BIDANG PERENCANAAN ANGGARAN I",2,0,2785700,4575200,15,0,0,0
382263c9-2bbc-4187-b4a6-c927ffe70cc5,Pemerintah Provinsi Papua Selatan,CPNS,ORANG ASLI PAPUA (OAP),PRANATA KOMPUTER AHLI PERTAMA,"PEMERINTAH PROVINSI PAPUA SELATAN | SEKRETARIAT DAERAH | DINAS KEPEMUDAAN, OLAHRAGA, PARIWISATA DAN EKONOMI KREATIF | SEKRETARIS DINAS KEPEMUDAAN, OLAHRAGA, DAN PARIWISATA | SUB BAGIAN PERENCANAAN DAN KEUANGAN",2,0,2785700,4575200,0,0,0,0
3dcf6a91-abd4-4050-8b0a-f00ab121d601,Pemerintah Provinsi Papua Selatan,CPNS,ORANG ASLI PAPUA (OAP),PRANATA KOMPUTER AHLI PERTAMA,PEMERINTAH PROVINSI PAPUA SELATAN | SEKRETARIAT DAERAH | SEKRETARIAT DEWAN PERWAKILAN RAKYAT | BAGIAN FASILITASI PENGANGGARAN DAN PENGAWASAN | SUB BAGIAN FASILITASI PENGAWASAN,2,0,2785700,4575200,0,0,0,0
3f0e18c4-3194-481e-83f0-d755586aee28,Pemerintah Provinsi Papua Selatan,CPNS,ORANG ASLI PAPUA (OAP),PRANATA KOMPUTER AHLI PERTAMA,PEMERINTAH PROVINSI PAPUA SELATAN | SEKRETARIAT DAERAH | BADAN KESATUAN BANGSA DAN POLITIK | BIDANG KESATUAN BANGSA | SUB BIDANG KEWASPADAAN DINI DAN PENANGANAN KONFLIK,2,0,2785700,4575200,0,0,0,0
4104ac5a-93ad-4ca5-b6b5-41d16d7f51f1,Pemerintah Provinsi Papua Selatan,CPNS,UMUM (NON OAP),PRANATA KOMPUTER AHLI PERTAMA,PEMERINTAH PROVINSI PAPUA SELATAN | SEKRETARIAT DAERAH | BADAN KESATUAN BANGSA DAN POLITIK | BIDANG POLITIK DALAM NEGERI DAN ORGANISASI KEMASYARAKATAN | SUB BIDANG POLITIK DALAM NEGERI,2,0,2785700,4575200,16,0,0,0
44344bfd-b720-48e6-a0ab-683d55dc5dce,Pemerintah Provinsi Papua Selatan,CPNS,ORANG ASLI PAPUA (OAP),PRANATA KOMPUTER AHLI PERTAMA,"PEMERINTAH PROVINSI PAPUA SELATAN | SEKRETARIAT DAERAH | ASISTEN BIDANG PEMERINTAHAN DAN KESEJAHTERAAN RAKYAT | BIRO PEMERINTAHAN, OTONOMI KHUSUS DAN KESEJAHTERAAN RAKYAT | BAGIAN OTONOMI KHUSUS | SUB BAGIAN TATA USAHA",2,0,2785700,4575200,0,0,0,0
453cba1a-ea8d-4f95-9433-0400a87ad818,Pemerintah Provinsi Papua Selatan,CPNS,ORANG ASLI PAPUA (OAP),PRANATA KOMPUTER AHLI PERTAMA,"PEMERINTAH PROVINSI PAPUA SELATAN | SEKRETARIAT DAERAH | BADAN PERENCANAAN PEMBANGUNAN, RISET DAN INOVASI DAERAH | SEKRETARIS BADAN PERENCANAAN PEMBANGUNAN, RISET DAN INOVASI DAERAH | SUB BAGIAN PROGRAM",2,0,2785700,4575200,0,0,0,0
5264f9ee-bf59-4ccf-a308-64068a520d15,Pemerintah Provinsi Papua Selatan,CPNS,ORANG ASLI PAPUA (OAP),PRANATA KOMPUTER AHLI PERTAMA,PEMERINTAH PROVINSI PAPUA SELATAN | SEKRETARIAT DAERAH | SEKRETARIAT MAJELIS RAKYAT PAPUA SELATAN | BAGIAN ADMINISTRASI PELAYANAN MAJELIS DAN PERSIDANGAN | SUB BAGIAN PERSIDANGAN,2,0,2785700,4575200,0,0,0,0
555a5429-beab-4a7b-83e5-5b07d9422cfa,Pemerintah Provinsi Papua Selatan,CPNS,UMUM (NON OAP),PRANATA KOMPUTER AHLI PERTAMA,PEMERINTAH PROVINSI PAPUA SELATAN | SEKRETARIAT DAERAH | DINAS PERHUBUNGAN | BIDANG LALU LINTAS DAN ANGKUTAN JALAN | SEKSI ANGKUTAN DAN TERMINAL,2,0,2785700,4575200,29,0,0,0
55e6aa0a-6d65-4601-9bc3-2ccccb39b232,Pemerintah Provinsi Papua Selatan,CPNS,ORANG ASLI PAPUA (OAP),PRANATA KOMPUTER AHLI PERTAMA,PEMERINTAH PROVINSI PAPUA SELATAN | SEKRETARIAT DAERAH | ASISTEN BIDANG UMUM | BIRO ORGANISASI | BAGIAN REFORMASI BIROKRASI DAN AKUNTABILITAS KINERJA | SUB BAGIAN AKUNTABILITAS KINERJA,2,0,2785700,4575200,0,0,0,0
5646c781-3a14-4366-ac76-a9f4bd3b25cb,Pemerintah Provinsi Papua Selatan,CPNS,UMUM (NON OAP),PRANATA KOMPUTER AHLI PERTAMA,PEMERINTAH PROVINSI PAPUA SELATAN | SEKRETARIAT DAERAH | ASISTEN BIDANG UMUM | BIRO ORGANISASI | BAGIAN KELEMBAGAAN DAN ANALISIS JABATAN | SUB BAGIAN ANALISIS JABATAN,2,0,2785700,4575200,8,0,0,0
57e01dc5-1718-4e08-9ad1-d0b2f17b22d2,Pemerintah Provinsi Papua Selatan,CPNS,ORANG ASLI PAPUA (OAP),PRANATA KOMPUTER AHLI PERTAMA,"PEMERINTAH PROVINSI PAPUA SELATAN | SEKRETARIAT DAERAH | BADAN PENGELOLAAN PENDAPATAN, KEUANGAN DAN ASET DAERAH | BIDANG PENGELOLAAN BARANG MILIK DAERAH | SUB BIDANG PEMANFAATAN, PENILAIAN, PEMBINAAN, PENGAWASAN DAN PENGENDALIAN, PENGAMANAN DAN PEMELIHARAAN BARANG MILIK DAERAH",2,0,2785700,4575200,1,0,0,0
5b5916bd-7133-4363-9eaf-8fb4913b7f2e,Pemerintah Provinsi Papua Selatan,CPNS,ORANG ASLI PAPUA (OAP),PRANATA KOMPUTER AHLI PERTAMA,PEMERINTAH PROVINSI PAPUA SELATAN | SEKRETARIAT DAERAH | BADAN KEPEGAWAIAN DAN PENGEMBANGAN SUMBER DAYA MANUSIA | BIDANG PENGEMBANGAN KOMPETENSI SUMBER DAYA MANUSIA | SUB BIDANG PENGEMBANGAN KOMPETENSI DASAR DAN MANAJERIAL,2,0,2785700,4575200,1,0,0,0
5ce272f1-3b39-4d79-b825-3b9f4b71e6c4,Pemerintah Provinsi Papua Selatan,CPNS,ORANG ASLI PAPUA (OAP),PRANATA KOMPUTER AHLI PERTAMA,PEMERINTAH PROVINSI PAPUA SELATAN | SEKRETARIAT DAERAH | DINAS PENDIDIKAN DAN KEBUDAYAAN | BIDANG KEBUDAYAAN | SEKSI TENAGA DAN LEMBAGA KEBUDAYAAN,2,0,2785700,4575200,0,0,0,0
5d351af8-5767-477b-a989-a61c5b59d55f,Pemerintah Provinsi Papua Selatan,CPNS,ORANG ASLI PAPUA (OAP),PRANATA KOMPUTER AHLI PERTAMA,PEMERINTAH PROVINSI PAPUA SELATAN | SEKRETARIAT DAERAH | SEKRETARIAT DEWAN PERWAKILAN RAKYAT | BAGIAN UMUM DAN KEUANGAN | SUB BAGIAN PROGRAM DAN KEUANGAN,2,0,2785700,4575200,0,0,0,0
615ae86d-d397-43f7-8e00-bb25071fe598,Pemerintah Provinsi Papua Selatan,CPNS,ORANG ASLI PAPUA (OAP),PRANATA KOMPUTER AHLI PERTAMA,PEMERINTAH PROVINSI PAPUA SELATAN | SEKRETARIAT DAERAH | ASISTEN BIDANG PEREKONOMIAN DAN PEMBANGUNAN | BIRO PEREKONOMIAN DAN ADMINISTRASI PEMBANGUNAN | BAGIAN BUMD DAN BLUD | SUB BAGIAN BADAN LAYANAN UMUM DAERAH,2,0,2785700,4575200,0,0,0,0
62bd2c06-f84d-4acd-93c4-e437b19e1783,Pemerintah Provinsi Papua Selatan,CPNS,ORANG ASLI PAPUA (OAP),PRANATA KOMPUTER AHLI PERTAMA,"PEMERINTAH PROVINSI PAPUA SELATAN | SEKRETARIAT DAERAH | SEKRETARIAT MAJELIS RAKYAT PAPUA SELATAN | BAGIAN KEUANGAN | SUB BAGIAN PEMBAYARAN, PEMBUKUAN DAN VERIFIKASI",2,0,2785700,4575200,1,0,0,0
68a3a39c-49b1-41d9-bbe6-b1217508c1f2,Pemerintah Provinsi Papua Selatan,CPNS,UMUM (NON OAP),PRANATA KOMPUTER AHLI PERTAMA,PEMERINTAH PROVINSI PAPUA SELATAN | SEKRETARIAT DAERAH | BADAN KEPEGAWAIAN DAN PENGEMBANGAN SUMBER DAYA MANUSIA | SEKRETARIS BADAN KEPEGAWAIAN DAN PENGEMBANGAN SUMBER DAYA MANUSIA | SUB BAGIAN PROGRAM,2,0,2785700,4575200,6,0,0,0
68c8adf7-d246-42eb-a0d4-ede42ad5facf,Pemerintah Provinsi Papua Selatan,CPNS,UMUM (NON OAP),PRANATA KOMPUTER AHLI PERTAMA,PEMERINTAH PROVINSI PAPUA SELATAN | SEKRETARIAT DAERAH | ASISTEN BIDANG UMUM | BIRO ORGANISASI | BAGIAN TATALAKSANA | SUB BAGIAN TATA USAHA,2,0,2785700,4575200,13,0,0,0
68ed5fe0-3941-49d1-81bf-af091c99259a,Pemerintah Provinsi Papua Selatan,CPNS,ORANG ASLI PAPUA (OAP),PRANATA KOMPUTER AHLI PERTAMA,PEMERINTAH PROVINSI PAPUA SELATAN | SEKRETARIAT DAERAH | BADAN KEPEGAWAIAN DAN PENGEMBANGAN SUMBER DAYA MANUSIA | BIDANG MUTASI DAN PROMOSI | SUB BIDANG PERPINDAHAN DAN PENSIUN,2,0,2785700,4575200,1,0,0,0
6b90a517-6f90-4031-8d8d-7d058b39dbc7,Pemerintah Provinsi Papua Selatan,CPNS,ORANG ASLI PAPUA (OAP),PRANATA KOMPUTER AHLI PERTAMA,"PEMERINTAH PROVINSI PAPUA SELATAN | SEKRETARIAT DAERAH | ASISTEN BIDANG PEMERINTAHAN DAN KESEJAHTERAAN RAKYAT | BIRO PEMERINTAHAN, OTONOMI KHUSUS DAN KESEJAHTERAAN RAKYAT | BAGIAN PEMERINTAHAN | SUB BAGIAN ADMINISTRASI PEMERINTAHAN DAN FASILITASI PENATAAN WILAYAH",2,0,2785700,4575200,0,0,0,0
6c6b3165-2fd9-47ae-92a5-7e2e30e2c02c,Pemerintah Provinsi Papua Selatan,CPNS,UMUM (NON OAP),PRANATA KOMPUTER AHLI PERTAMA,"PEMERINTAH PROVINSI PAPUA SELATAN | SEKRETARIAT DAERAH | DINAS PENDIDIKAN DAN KEBUDAYAAN | SEKRETARIAT DINAS PENDIDIKAN DAN KEBUDAYAAN | SUB BAGIAN PERENCANAAN, KEUANGAN DAN BMD",2,0,2785700,4575200,15,0,0,0
6db297ad-4d21-4751-98e8-4e17c566be01,Pemerintah Provinsi Papua Selatan,CPNS,ORANG ASLI PAPUA (OAP),PRANATA KOMPUTER AHLI PERTAMA,PEMERINTAH PROVINSI PAPUA SELATAN | SEKRETARIAT DAERAH | ASISTEN BIDANG PEREKONOMIAN DAN PEMBANGUNAN | BIRO PEREKONOMIAN DAN ADMINISTRASI PEMBANGUNAN | BAGIAN ADMINISTRASI PEMBANGUNAN | SUB BAGIAN PENGENDALIAN ADMINISTRASI PELAKSANAAN PEMBANGUNAN WILAYAH,2,0,2785700,4575200,0,0,0,0
71f95b5f-344e-4182-b72f-a43c45b80350,Pemerintah Provinsi Papua Selatan,CPNS,ORANG ASLI PAPUA (OAP),PRANATA KOMPUTER AHLI PERTAMA,"PEMERINTAH PROVINSI PAPUA SELATAN | SEKRETARIAT DAERAH | DINAS KOPERASI, USAHA KECIL DAN MENENGAH, PERINDUSTRIAN DAN PERDAGANGAN | SEKRETARIS DINAS KOPERASI, USAHA KECIL MENENGAH, PERINDUSTRIAN DAN PERDAGANGAN | SUB BAGIAN PERENCANAAN DAN KEUANGAN",2,0,2785700,4575200,1,0,0,0
86872dac-acb3-426e-a3c0-da59424077c5,Pemerintah Provinsi Papua Selatan,CPNS,ORANG ASLI PAPUA (OAP),PRANATA KOMPUTER AHLI PERTAMA,PEMERINTAH PROVINSI PAPUA SELATAN | SEKRETARIAT DAERAH | DINAS PENDIDIKAN DAN KEBUDAYAAN | BIDANG PENGELOLAAN DATA DAN FASILITASI PENDIDIKAN | SEKSI DATA DAN INFORMASI,2,0,2785700,4575200,2,0,0,0
87638e95-f801-4542-ba83-61e97d432079,Pemerintah Provinsi Papua Selatan,CPNS,ORANG ASLI PAPUA (OAP),PRANATA KOMPUTER AHLI PERTAMA,PEMERINTAH PROVINSI PAPUA SELATAN | SEKRETARIAT DAERAH | ASISTEN BIDANG PEREKONOMIAN DAN PEMBANGUNAN | BIRO PENGADAAN BARANG DAN JASA | BAGIAN PEMBINAAN DAN ADVOKASI PENGADAAN BARANG DAN JASA | SUB BAGIAN PEMBINAAN KELEMBAGAAN PENGADAAN BARANG DAN JASA,2,0,2785700,4575200,1,0,0,0
87c4e44c-384f-4c8b-a338-dd3eea3b994c,Pemerintah Provinsi Papua Selatan,CPNS,ORANG ASLI PAPUA (OAP),PRANATA KOMPUTER AHLI PERTAMA,PEMERINTAH PROVINSI PAPUA SELATAN | SEKRETARIAT DAERAH | DINAS KEPENDUDUKAN DAN PENCATATAN SIPIL DAN PEMBERDAYAAN MASYARAKAT DAN KAMPUNG | BIDANG PEMBERDAYAAN USAHA EKONOMI MASYARAKAT | SEKSI PEMASARAN PRODUK UNGGULAN KAMPUNG/ KAMPUNG ADAT,2,0,2785700,4575200,2,0,0,0
89143a97-66c7-4808-92de-e8fdd1321971,Pemerintah Provinsi Papua Selatan,CPNS,ORANG ASLI PAPUA (OAP),PRANATA KOMPUTER AHLI PERTAMA,"PEMERINTAH PROVINSI PAPUA SELATAN | SEKRETARIAT DAERAH | BADAN KESATUAN BANGSA DAN POLITIK | BIDANG KESATUAN BANGSA | SUB BIDANG IDEOLOGI, WAWASAN KEBANGSAAN DAN KETAHANAN EKONOMI, SOSIAL,  BUDAYA, AGAMA",2,0,2785700,4575200,0,0,0,0
8f5a8f70-c457-436d-97a0-9e5b4a9f55ae,Pemerintah Provinsi Papua Selatan,CPNS,ORANG ASLI PAPUA (OAP),PRANATA KOMPUTER AHLI PERTAMA,PEMERINTAH PROVINSI PAPUA SELATAN | SEKRETARIAT DAERAH | DINAS PENDIDIKAN DAN KEBUDAYAAN | BIDANG PENDIDIKAN KHUSUS DAN PENDIDIKAN AKADEMI KOMUNITAS | SEKSI PENDIDIK DAN TENAGA KEPENDIDIKAN,2,0,2785700,4575200,2,0,0,0
96d14ccf-b630-4823-91d1-561c315bd671,Pemerintah Provinsi Papua Selatan,CPNS,ORANG ASLI PAPUA (OAP),PRANATA KOMPUTER AHLI PERTAMA,PEMERINTAH PROVINSI PAPUA SELATAN | SEKRETARIAT DAERAH | BADAN KESATUAN BANGSA DAN POLITIK | SEKRETARIAT BADAN KESATUAN BANGSA DAN POLITIK | SUB BAG PROGRAM ANGGARAN DAN KEUANGAN,2,0,2785700,4575200,0,0,0,0
98414076-64b7-4fa8-a0e4-5bdbeec9dca0,Pemerintah Provinsi Papua Selatan,CPNS,ORANG ASLI PAPUA (OAP),PRANATA KOMPUTER AHLI PERTAMA,"PEMERINTAH PROVINSI PAPUA SELATAN | SEKRETARIAT DAERAH | DINAS SOSIAL, PEMBERDAYAAN PEREMPUAN DAN PERLINDUNGAN ANAK | BIDANG PEMBERDAYAAN SOSIAL DAN PENANGANAN FAKIR MISKIN | SEKSI KELEMBAGAAN, KEPAHLAWANAN DAN RESTORASI SOSIAL",2,0,2785700,4575200,0,0,0,0
9d417a00-6374-4212-9dac-4303ea0fd25b,Pemerintah Provinsi Papua Selatan,CPNS,ORANG ASLI PAPUA (OAP),PRANATA KOMPUTER AHLI PERTAMA,"PEMERINTAH PROVINSI PAPUA SELATAN | SEKRETARIAT DAERAH | BADAN PENGELOLAAN PENDAPATAN, KEUANGAN DAN ASET DAERAH | BIDANG PERBENDAHARAAN, AKUNTANSI DAN PELAPORAN | SUB BIDANG PERBENDAHARAAN",2,0,2785700,4575200,1,0,0,0
a56ea510-2d7b-48a4-84a2-0f600a7ac248,Pemerintah Provinsi Papua Selatan,CPNS,ORANG ASLI PAPUA (OAP),PRANATA KOMPUTER AHLI PERTAMA,"PEMERINTAH PROVINSI PAPUA SELATAN | SEKRETARIAT DAERAH | ASISTEN BIDANG PEMERINTAHAN DAN KESEJAHTERAAN RAKYAT | BIRO PEMERINTAHAN, OTONOMI KHUSUS DAN KESEJAHTERAAN RAKYAT | BAGIAN OTONOMI KHUSUS | SUB BAGIAN ADMINISTRASI KEPALA DAERAH DAN DPRD",2,0,2785700,4575200,2,0,0,0
a5995e47-898b-46fe-9369-b04c9d3fb29d,Pemerintah Provinsi Papua Selatan,CPNS,ORANG ASLI PAPUA (OAP),PRANATA KOMPUTER AHLI PERTAMA,"PEMERINTAH PROVINSI PAPUA SELATAN | SEKRETARIAT DAERAH | DINAS KEPEMUDAAN, OLAHRAGA, PARIWISATA DAN EKONOMI KREATIF | BIDANG KEOLAHRAGAAN | SEKSI PEMBUDAYAAN OLAHRAGA",2,0,2785700,4575200,1,0,0,0
a630aab8-aef7-46cf-89b6-b8964606b432,Pemerintah Provinsi Papua Selatan,CPNS,ORANG ASLI PAPUA (OAP),PRANATA KOMPUTER AHLI PERTAMA,PEMERINTAH PROVINSI PAPUA SELATAN | SEKRETARIAT DAERAH | SEKRETARIAT MAJELIS RAKYAT PAPUA SELATAN | BAGIAN UMUM DAN HUMAS | SUB BAGIAN UMUM,2,0,2785700,4575200,0,0,0,0
a71bd203-3e08-4c76-b725-19bd05527483,Pemerintah Provinsi Papua Selatan,CPNS,ORANG ASLI PAPUA (OAP),PRANATA KOMPUTER AHLI PERTAMA,"PEMERINTAH PROVINSI PAPUA SELATAN | SEKRETARIAT DAERAH | ASISTEN BIDANG PEMERINTAHAN DAN KESEJAHTERAAN RAKYAT | BIRO PEMERINTAHAN, OTONOMI KHUSUS DAN KESEJAHTERAAN RAKYAT | BAGIAN KESEJAHTERAAN RAKYAT | SUB BAGIAN BINA MENTAL SPIRITUAL",2,0,2785700,4575200,0,0,0,0
a833564a-e193-4d1a-a727-97ce44cd0272,Pemerintah Provinsi Papua Selatan,CPNS,ORANG ASLI PAPUA (OAP),PRANATA KOMPUTER AHLI PERTAMA,"PEMERINTAH PROVINSI PAPUA SELATAN | SEKRETARIAT DAERAH | SEKRETARIAT DEWAN PERWAKILAN RAKYAT | BAGIAN PERSIDANGAN DAN PERUNDANG-UNDANGAN | SUB BAGIAN PERSIDANGAN, RISALAH DAN PUBLIKASI",2,0,2785700,4575200,1,0,0,0
b08752ef-dd38-4548-bd28-402d32c6b418,Pemerintah Provinsi Papua Selatan,CPNS,ORANG ASLI PAPUA (OAP),PRANATA KOMPUTER AHLI PERTAMA,PEMERINTAH PROVINSI PAPUA SELATAN | SEKRETARIAT DAERAH | ASISTEN BIDANG UMUM | BIRO ORGANISASI | BAGIAN TATALAKSANA | SUB BAGIAN PELAYANAN PUBLIK,2,0,2785700,4575200,1,0,0,0
b8b81b66-5730-4c36-b611-111f80de3426,Pemerintah Provinsi Papua Selatan,CPNS,ORANG ASLI PAPUA (OAP),PRANATA KOMPUTER AHLI PERTAMA,PEMERINTAH PROVINSI PAPUA SELATAN | SEKRETARIAT DAERAH | ASISTEN BIDANG PEREKONOMIAN DAN PEMBANGUNAN | BIRO PENGADAAN BARANG DAN JASA | BAGIAN PENGELOLAAN STRATEGI PENGADAAN BARANG DAN JASA | SUB BAGIAN PELAKSANAAN PENGADAAN BARANG DAN JASA,2,0,2785700,4575200,0,0,0,0
b98112bd-6af8-4467-90c5-9b227b615b07,Pemerintah Provinsi Papua Selatan,CPNS,ORANG ASLI PAPUA (OAP),PRANATA KOMPUTER AHLI PERTAMA,PEMERINTAH PROVINSI PAPUA SELATAN | SEKRETARIAT DAERAH | ASISTEN BIDANG UMUM | BIRO UMUM | BAGIAN RUMAH TANGGA | SUB BAGIAN RUMAH TANGGA WAKIL GUBERNUR,2,0,2785700,4575200,1,0,0,0
bb17206b-f145-424d-9dfd-7a0a69e1db6d,Pemerintah Provinsi Papua Selatan,CPNS,ORANG ASLI PAPUA (OAP),PRANATA KOMPUTER AHLI PERTAMA,"PEMERINTAH PROVINSI PAPUA SELATAN | SEKRETARIAT DAERAH | DINAS SOSIAL, PEMBERDAYAAN PEREMPUAN DAN PERLINDUNGAN ANAK | BIDANG PEMBERDAYAAN SOSIAL DAN PENANGANAN FAKIR MISKIN | SEKSI IDENTIFIKASI DAN PENGUATAN KAPASITAS",2,0,2785700,4575200,0,0,0,0
bbe6e35e-f711-44c8-8572-97f9182660c9,Pemerintah Provinsi Papua Selatan,CPNS,ORANG ASLI PAPUA (OAP),PRANATA KOMPUTER AHLI PERTAMA,"PEMERINTAH PROVINSI PAPUA SELATAN | SEKRETARIAT DAERAH | DINAS PANGAN, PERTANIAN, KELAUTAN DAN PERIKANAN | BIDANG PANGAN | SEKSI DISTIBUSI DAN CADANGAN PANGAN",2,0,2785700,4575200,1,0,0,0
bc035958-89a3-4fca-8165-dec2e7078b2e,Pemerintah Provinsi Papua Selatan,CPNS,ORANG ASLI PAPUA (OAP),PRANATA KOMPUTER AHLI PERTAMA,"PEMERINTAH PROVINSI PAPUA SELATAN | SEKRETARIAT DAERAH | DINAS TENAGA KERJA, TRANSMIGRASI, ENERGI DAN SUMBER DAYA MINERAL | SEKRETARIAT DINAS TENAGA KERJA, TRANSMIGRASI, ENERGI DAN SUMBER DAYA MINERAL | SUB BAGIAN UMUM DAN KEPEGAWAIAN",2,0,2785700,4575200,0,0,0,0
c6dcfafd-0890-4e8a-97ec-32087bca4b34,Pemerintah Provinsi Papua Selatan,CPNS,ORANG ASLI PAPUA (OAP),PRANATA KOMPUTER AHLI PERTAMA,"PEMERINTAH PROVINSI PAPUA SELATAN | SEKRETARIAT DAERAH | DINAS PERHUBUNGAN | BIDANG PELAYARAN | SEKSI ANGKUTAN PELAYARAN RAKYAT DAN ANGKUTAN SUNGAI, DAN PENYEBERANGAN",2,0,2785700,4575200,2,0,0,0
c90a6e66-3f74-4c18-bee4-01c66c991f84,Pemerintah Provinsi Papua Selatan,CPNS,ORANG ASLI PAPUA (OAP),PRANATA KOMPUTER AHLI PERTAMA,PEMERINTAH PROVINSI PAPUA SELATAN | SEKRETARIAT DAERAH | DINAS PENDIDIKAN DAN KEBUDAYAAN | BIDANG PENGELOLAAN DATA DAN FASILITASI PENDIDIKAN | SEKSI FASILITASI LAYANAN PENDIDIKAN TAMBAHAN,2,0,2785700,4575200,0,0,0,0
cb06bca0-f612-4706-9028-a7b08b1e50f0,Pemerintah Provinsi Papua Selatan,CPNS,ORANG ASLI PAPUA (OAP),PRANATA KOMPUTER AHLI PERTAMA,"PEMERINTAH PROVINSI PAPUA SELATAN | SEKRETARIAT DAERAH | BADAN PENGELOLAAN PENDAPATAN, KEUANGAN DAN ASET DAERAH | SEKRETARIAT BADAN PENGELOLAAN KEUANGAN DAN ASET DAERAH | SUB BAGIAN PROGRAM",2,0,2785700,4575200,2,0,0,0
d05c777d-a875-4bd8-87a0-6c5052cb5554,Pemerintah Provinsi Papua Selatan,CPNS,UMUM (NON OAP),PRANATA KOMPUTER AHLI PERTAMA,PEMERINTAH PROVINSI PAPUA SELATAN | SEKRETARIAT DAERAH | DINAS KOMUNIKASI DAN INFORMATIKA | BIDANG INFORMASI DAN KOMUNIKASI PUBLIK | SEKSI PENGELOLAAN OPINI DAN ASPIRASI PUBLIK,2,0,2785700,4575200,13,0,0,0
d4ca374e-08b5-400e-a0e5-a7ca241f8c60,Pemerintah Provinsi Papua Selatan,CPNS,ORANG ASLI PAPUA (OAP),PRANATA KOMPUTER AHLI PERTAMA,PEMERINTAH PROVINSI PAPUA SELATAN | SEKRETARIAT DAERAH | BADAN KESATUAN BANGSA DAN POLITIK | BIDANG POLITIK DALAM NEGERI DAN ORGANISASI KEMASYARAKATAN | SUB BIDANG ORGANISASI KEMASYARAKATAN,2,0,2785700,4575200,1,0,0,0
de63ceff-f43b-4a30-803e-8704363a5d53,Pemerintah Provinsi Papua Selatan,CPNS,UMUM (NON OAP),PRANATA KOMPUTER AHLI PERTAMA,PEMERINTAH PROVINSI PAPUA SELATAN | SEKRETARIAT DAERAH | BADAN KEPEGAWAIAN DAN PENGEMBANGAN SUMBER DAYA MANUSIA | BIDANG PENGADAAN DAN SISTEM INFORMASI ASN | SUB BIDANG FASILITASI PROFESI ASN,2,0,2785700,4575200,17,0,0,0
e2602364-2019-46ce-bb17-0f02c16d65ee,Pemerintah Provinsi Papua Selatan,CPNS,ORANG ASLI PAPUA (OAP),PRANATA KOMPUTER AHLI PERTAMA,"PEMERINTAH PROVINSI PAPUA SELATAN | SEKRETARIAT DAERAH | DINAS SOSIAL, PEMBERDAYAAN PEREMPUAN DAN PERLINDUNGAN ANAK | BIDANG REHABILITASI SOSIAL DAN PERLINDUNGAN JAMINAN SOSIAL | SEKSI PERLINDUNGAN DAN JAMINAN SOSIAL",2,0,2785700,4575200,2,0,0,0
e8a5e6b9-3042-45b4-ac05-0ef58afadcb3,Pemerintah Provinsi Papua Selatan,CPNS,UMUM (NON OAP),PRANATA KOMPUTER AHLI PERTAMA,PEMERINTAH PROVINSI PAPUA SELATAN | SEKRETARIAT DAERAH | DINAS KEPENDUDUKAN DAN PENCATATAN SIPIL DAN PEMBERDAYAAN MASYARAKAT DAN KAMPUNG | BIDANG PENGELOLAAN INFORMASI ADMINISTRASI KEPENDUDUKAN DAN PEMANFAATAN DATA | SEKSI PENGOLAHAN DAN PENYAJIAN DATA KEPENDUDUKAN,2,0,2785700,4575200,21,0,0,0
ec9e9fd3-056f-4bee-9885-3704ba57589a,Pemerintah Provinsi Papua Selatan,CPNS,UMUM (NON OAP),PRANATA KOMPUTER AHLI PERTAMA,"PEMERINTAH PROVINSI PAPUA SELATAN | SEKRETARIAT DAERAH | BADAN PERENCANAAN PEMBANGUNAN, RISET DAN INOVASI DAERAH | BIDANG PEREKONOMIAN DAN SOSIAL BUDAYA | SUB BIDANG PENDIDIKAN, PARIWISATA, KEBUDAYAAN OLAHRAGA DAN PEMUDA, KESEHATAN, SOSIAL DAN KEPENDUDUKAN",2,0,2785700,4575200,19,0,0,0
f5251af2-b612-4393-9a57-ac9921842c38,Pemerintah Provinsi Papua Selatan,CPNS,ORANG ASLI PAPUA (OAP),PRANATA KOMPUTER AHLI PERTAMA,PEMERINTAH PROVINSI PAPUA SELATAN | SEKRETARIAT DAERAH | ASISTEN BIDANG UMUM | BIRO UMUM | BAGIAN ADMINISTRASI KEUANGAN DAN ASET SETDA | SUB BAGIAN KEUANGAN DAN VERIFIKASI SETDA;,2,0,2785700,4575200,1,0,0,0
f5cc31a5-3aea-4d65-8cdd-feec3fdeded9,Pemerintah Provinsi Papua Selatan,CPNS,ORANG ASLI PAPUA (OAP),PRANATA KOMPUTER AHLI PERTAMA,"PEMERINTAH PROVINSI PAPUA SELATAN | SEKRETARIAT DAERAH | DINAS TENAGA KERJA, TRANSMIGRASI, ENERGI DAN SUMBER DAYA MINERAL | BIDANG TRANSMIGRASI | SEKSI PENATAAN PERSEBARAN PENDUDUK",2,0,2785700,4575200,0,0,0,0
f841702a-060c-4c3f-899b-e6da6155dd2d,Pemerintah Provinsi Papua Selatan,CPNS,ORANG ASLI PAPUA (OAP),PRANATA KOMPUTER AHLI PERTAMA,PEMERINTAH PROVINSI PAPUA SELATAN | SEKRETARIAT DAERAH | DINAS PENDIDIKAN DAN KEBUDAYAAN | BIDANG PENDIDIKAN KHUSUS DAN PENDIDIKAN AKADEMI KOMUNITAS | SEKSI PENDIDIKAN KHUSUS,2,0,2785700,4575200,0,0,0,0
8a0384be915951ce01915982e05928fe,Pemerintah Provinsi Papua Tengah,CPNS,ORANG ASLI PAPUA (OAP),PRANATA KOMPUTER AHLI PERTAMA,"Pemerintah Provinsi Papua Tengah | DINAS KESEHATAN, PENGENDALIAN PENDUDUK DAN KELUARGA BERENCANA",1,0,3000000,8000000,9,0,0,0
91e753f7-a4c3-404d-be9d-3f7998a2e812,Pemerintah Provinsi Papua Tengah,CPNS,ORANG ASLI PAPUA (OAP),PRANATA KOMPUTER AHLI PERTAMA,Pemerintah Provinsi Papua Tengah | BADAN KESATUAN BANGSA DAN POLITIK,1,0,3000000,8000000,7,0,0,0
eb4d803a-1c08-4d1a-b68b-cbba647381df,Pemerintah Provinsi Papua Tengah,CPNS,UMUM (NON OAP),PRANATA KOMPUTER AHLI PERTAMA,"Pemerintah Provinsi Papua Tengah | DINAS KESEHATAN, PENGENDALIAN PENDUDUK DAN KELUARGA BERENCANA",1,0,3000000,8000000,6,0,0,0
2702b7f8-43c9-4118-a479-a0ba64ca6b2a,Pemerintah Provinsi Riau,CPNS,UMUM,INSPEKTUR KETENAGALISTRIKAN AHLI PERTAMA,PEMERINTAH PROVINSI RIAU | DINAS ENERGI DAN SUMBER DAYA MINERAL | CABANG DINAS | CABANG DINAS WILAYAH II RENGAT | SEKSI PENGELOLAAN DAN PEMANFAATAN SUMBER DAYA ENERGI CABANG DINAS WILAYAH II,1,1,11592237,12292237,38,0,0,0
689647f3-d0ff-49da-aea7-b6f50eab595a,Pemerintah Provinsi Riau,CPNS,UMUM,INSPEKTUR KETENAGALISTRIKAN AHLI PERTAMA,PEMERINTAH PROVINSI RIAU | DINAS ENERGI DAN SUMBER DAYA MINERAL | CABANG DINAS | CABANG DINAS WILAYAH III SIAK SRI INDRAPURA | SEKSI PENGELOLAAN DAN PEMANFAATAN SUMBER DAYA ENERGI CABANG DINAS WILAYAH III,1,1,11592237,12292237,78,0,0,0
7054dfe8-a3a8-4264-885e-e6413cba7f15,Pemerintah Provinsi Riau,CPNS,UMUM,INSPEKTUR KETENAGALISTRIKAN AHLI PERTAMA,PEMERINTAH PROVINSI RIAU | DINAS ENERGI DAN SUMBER DAYA MINERAL | BIDANG KETENAGALISTRIKAN,1,1,11592237,12292237,116,0,0,0
9cac8c2d-a6e1-44ac-a70f-cac718d7698c,Pemerintah Provinsi Sulawesi Tengah,CPNS,UMUM,PEMERIKSA FORENSIK DIGITAL,"PEMERINTAH PROVINSI SULAWESI TENGAH | SEKRETARIAT DAERAH | DINAS KOMUNIKASI, INFORMATIKA, PERSANDIAN DAN STATISTIK PROPINSI | BIDANG PERSANDIAN",1,1,2785700,4575200,8,0,0,0
4d3232a9-ab85-488b-b2fc-7aacfbba0199,Pemerintah Provinsi Sulawesi Tengah,CPNS,UMUM,PENGAWAS INDUSTRI,PEMERINTAH PROVINSI SULAWESI TENGAH | SEKRETARIAT DAERAH | DINAS PERINDUSTRIAN DAN PERDAGANGAN PROVINSI | BIDANG PEMBANGUNAN SUMBER DAYA INDUSTRI,1,1,2785700,4575200,23,0,0,0
ce1da290-9ddd-4f83-ac44-7b43333cee6a,Pemerintah Provinsi Sulawesi Tengah,CPNS,UMUM,PENGAWAS INDUSTRI,"PEMERINTAH PROVINSI SULAWESI TENGAH | SEKRETARIAT DAERAH | DINAS PARIWISATA PROVINSI | BIDANG PENGEMBANGAN EKONOMI KREATIF, PEMANFAATAN DAN PERLINDUNGAN HAK KEKAYAAN INTELEKTUAL",2,1,2785700,4575200,84,0,0,0
dcdf1b5d-e495-45c2-a518-f7512b935905,Pemerintah Provinsi Sulawesi Tengah,CPNS,UMUM,TEKNISI SARANA DAN PRASARANA,PEMERINTAH PROVINSI SULAWESI TENGAH | SEKRETARIAT DAERAH | DINAS BINA MARGA DAN PENATAAN RUANG | BIDANG BINA TEKNIK | SEKSI LINGKUNGAN DAN KESELAMATAN JALAN,4,1,2785700,4575200,112,0,0,0
fbf1def2-5269-425b-b882-2d64eff5f94e,Pemerintah Provinsi Sulawesi Tenggara,CPNS,UMUM,PENATA KELOLA USAHA KETENAGALISTRIKAN,Pemerintah Sulawesi Tenggara | Sekretariat Daerah | Dinas Energi dan Sumber Daya Mineral | Bidang Ketenagalistrikan,6,1,3000000,5000000,38,0,0,0
2f8ca0db-454f-452a-98af-f950de5a72ce,Pemerintah Provinsi Sulawesi Tenggara,CPNS,UMUM,"PENGAWAS ENERGI BARU, TERBARUKAN, DAN KONSERVASI ENERGI",Pemerintah Sulawesi Tenggara | Sekretariat Daerah | Dinas Energi dan Sumber Daya Mineral | Bidang Energi Baru Terbarukan,6,1,3000000,5000000,280,0,0,0
800180bd-6b2d-42ad-a422-55b0de597217,Pemerintah Provinsi Sulawesi Tenggara,CPNS,UMUM,PENGAWAS INDUSTRI,Pemerintah Sulawesi Tenggara | Sekretariat Daerah | Dinas Perindustrian dan Perdagangan | Bidang Industri Kecil Menengah dan Perwilayahan Industri,2,1,3000000,5000000,7,0,0,0
bd4bbeaf-cbbd-4d21-a290-3593e8b6493d,Pemerintah Provinsi Sulawesi Tenggara,CPNS,UMUM,PENGAWAS PENYELENGGARAAN URUSAN PEMERINTAHAN DAERAH AHLI PERTAMA,Pemerintah Sulawesi Tenggara | Sekretariat Daerah | Inspektorat | Inspektorat Pembantu I,2,1,3000000,5000000,6,0,0,0
7c7c9685-6e3f-4e79-9cf1-dc2afbf12d0d,Pemerintah Provinsi Sulawesi Tenggara,CPNS,UMUM,PENGELOLA KESELAMATAN KETENAGALISTRIKAN,Pemerintah Sulawesi Tenggara | Sekretariat Daerah | Dinas Energi dan Sumber Daya Mineral | Bidang Ketenagalistrikan,6,1,3000000,5000000,63,0,0,0
8a028264916626ca019166364f530186,Pemerintah Provinsi Sulawesi Tenggara,CPNS,PENYANDANG DISABILITAS,PRANATA KOMPUTER AHLI PERTAMA,Pemerintah Sulawesi Tenggara | Sekretariat Daerah | Asisten Perekonomian dan Pembangunan | Biro Perekonomian,1,1,3000000,5000000,1,0,0,0
08717953-99df-49ed-ab7f-a998687cbd95,Pemerintah Provinsi Sulawesi Tenggara,CPNS,UMUM,PRANATA KOMPUTER AHLI PERTAMA,Pemerintah Sulawesi Tenggara | Sekretariat Daerah | Asisten Perekonomian dan Pembangunan | Biro Perekonomian,4,1,3000000,5000000,4,0,0,0
20fe13a4-0a58-4050-8b5d-cb18ba0659d8,Pemerintah Provinsi Sulawesi Tenggara,CPNS,UMUM,PRANATA KOMPUTER AHLI PERTAMA,Pemerintah Sulawesi Tenggara | Sekretariat Daerah | Badan Pengembangan Sumber Daya Manusia | Bidang Pengembangan Kompetensi Tehnis Umum dan Fungsional,4,1,3000000,5000000,4,0,0,0
4031f1aa-5456-471e-8dfd-4c45ffd309eb,Pemerintah Provinsi Sulawesi Tenggara,CPNS,UMUM,PRANATA KOMPUTER AHLI PERTAMA,Pemerintah Sulawesi Tenggara | Sekretariat Daerah | Dinas Sosial | Sekretariat,5,1,3000000,5000000,14,0,0,0
7285182f-be0d-499d-be9e-37012bd2b0b0,Pemerintah Provinsi Sulawesi Tenggara,CPNS,UMUM,PRANATA KOMPUTER AHLI PERTAMA,Pemerintah Sulawesi Tenggara | Sekretariat Daerah | Dinas Komunikasi dan Informatika | Bidang Aplikasi dan TIK,5,1,3000000,5000000,14,0,0,0
73862d33-a382-40cf-b933-1e1bcb2b05df,Pemerintah Provinsi Sulawesi Tenggara,CPNS,UMUM,PRANATA KOMPUTER AHLI PERTAMA,Pemerintah Sulawesi Tenggara | Sekretariat Daerah | Dinas Penanaman Modal dan Pelayanan Terpadu Satu Pintu | Bidang Penyelenggaraan Pelayanan Perizinan dan Non Perizinan,10,1,3000000,5000000,86,0,0,0
87b0b9a5-2dc1-4cec-8fc0-3569c88f5ad4,Pemerintah Provinsi Sulawesi Tenggara,CPNS,UMUM,PRANATA KOMPUTER AHLI PERTAMA,Pemerintah Sulawesi Tenggara | Sekretariat Daerah | Badan Pengembangan Sumber Daya Manusia | Bidang Sertifikasi Kompetensi dan Pengelolaan Kelembagaan,4,1,3000000,5000000,5,0,0,0
c3688bd2-8552-4dc3-a508-830c6323d39d,Pemerintah Provinsi Sulawesi Tenggara,CPNS,UMUM,PRANATA KOMPUTER AHLI PERTAMA,Pemerintah Sulawesi Tenggara | Sekretariat Daerah | Asisten Perekonomian dan Pembangunan | Biro Pengadaan Barang/Jasa Pemerintah,4,1,3000000,5000000,9,0,0,0
efbae10b-0c45-476d-8295-c914daac0e24,Pemerintah Provinsi Sulawesi Tenggara,CPNS,UMUM,PRANATA KOMPUTER AHLI PERTAMA,Pemerintah Sulawesi Tenggara | Sekretariat Daerah | Dinas Perkebunan dan Hortikultura,4,1,3000000,5000000,5,0,0,0
cd894f7c-eb06-4250-862a-38c0af83edfb,Pemerintah Provinsi Sumatera Selatan,CPNS,UMUM,PENGAWAS INDUSTRI,"PEMERINTAH PROVINSI SUMATERA SELATAN | DINAS PERINDUSTRIAN | BIDANG INDUSTRI KIMIA, LOGAM, MESIN, ALAT TRANSPORTASI, ELEKTONIKA DAN TELEMATIKA | SEKSI INDUSTRI MESIN DAN ALAT TRANSPORTASI",1,0,2250000,5800000,62,0,0,0
860b2d74-049c-4d70-a72c-6cdb0a4dea23,Pemerintah Provinsi Sumatera Selatan,CPNS,UMUM,PENGAWAS JARINGAN UTILITAS,PEMERINTAH PROVINSI SUMATERA SELATAN | DINAS PEKERJAAN UMUM BINA MARGA DAN TATA RUANG | BIDANG PENGEMBANGAN JARINGAN JALAN | SEKSI PERENCANAAN TEKNIK,2,0,2250000,5800000,175,0,0,0
5eb0c29c-7ee4-4deb-a464-edc970f359aa,Pemerintah Provinsi Sumatera Utara,CPNS,UMUM,INSPEKTUR KETENAGALISTRIKAN AHLI PERTAMA,"PEMERINTAH PROVINSI SUMATERA UTARA | DINAS PERINDUSTRIAN, PERDAGANGAN, ENERGI DAN SUMBER DAYA MINERAL. | CABANG DINAS ENERGI SUMBER DAYA MINERAL WILAYAH I. | SEKSI ENERGI DAN KETENAGALISTRIKAN.",1,1,2228560,2451416,30,0,0,0
ac5c7090-4ae4-49f5-bcbb-116d11cc9437,Pemerintah Provinsi Sumatera Utara,CPNS,UMUM,INSPEKTUR KETENAGALISTRIKAN AHLI PERTAMA,"PEMERINTAH PROVINSI SUMATERA UTARA | DINAS PERINDUSTRIAN, PERDAGANGAN, ENERGI DAN SUMBER DAYA MINERAL. | CABANG DINAS ENERGI SUMBER DAYA MINERAL WILAYAH II. | SEKSI ENERGI DAN KETENAGALISTRIKAN.",1,1,2228560,2451416,26,0,0,0
f3d13653-2a54-4c05-b519-02639e860e57,Pemerintah Provinsi Sumatera Utara,CPNS,UMUM,INSPEKTUR KETENAGALISTRIKAN AHLI PERTAMA,"PEMERINTAH PROVINSI SUMATERA UTARA | DINAS PERINDUSTRIAN, PERDAGANGAN, ENERGI DAN SUMBER DAYA MINERAL. | CABANG DINAS ENERGI SUMBER DAYA MINERAL WILAYAH III. | SEKSI ENERGI DAN KETENAGALISTRIKAN.",1,1,2228560,2451416,14,0,0,0
4add191d-6bf8-4645-9f27-e4a6b586cc36,Pemerintah Provinsi Sumatera Utara,CPNS,UMUM,PENGUJI MUTU BARANG AHLI PERTAMA,"PEMERINTAH PROVINSI SUMATERA UTARA | DINAS PERINDUSTRIAN, PERDAGANGAN, ENERGI DAN SUMBER DAYA MINERAL. | UNIT PELAKSANA TEKNIS DAERAH LABORATORIUM ENERGI DAN SUMBER DAYA MINERAL. | SEKSI LABORATORIUM.",1,1,2228560,2451416,60,0,0,0
2a8ceac0-b5a2-475d-a7e2-f9f5116eb1ae,Sekretariat Jenderal Komisi Yudisial,CPNS,UMUM,TEKNISI SARANA DAN PRASARANA,KOMISI YUDISIAL | Sekretariat Jenderal Komisi Yudisial | Biro Umum | Bagian Perlengkapan dan Rumah Tangga | Subbagian Rumah Tangga,1,1,7000000,9000000,10,0,0,0
6303c896-e939-45d6-a3d9-82ccb99d6f40,Sekretariat Jenderal Komisi Yudisial,CPNS,UMUM,TEKNISI SARANA DAN PRASARANA,KOMISI YUDISIAL | Sekretariat Jenderal Komisi Yudisial | Biro Umum | Bagian Perlengkapan dan Rumah Tangga | Subbagian Perlengkapan dan Pengadaan,1,1,6000000,8000000,9,0,0,0
