formasi_id,ins_nm,jp_nama,formasi_nm,jabatan_nm,lokasi_nm,jumlah_formasi,disable,gaji_min,gaji_max,jumlah_ms,jumlah_submit_t2,jumlah_ms_t2,is_periode_daftar,rasio_pelamar
088c3cac-c8c5-4775-b322-21dfcfdbcdd2,Badan Pelindungan Pekerja Migran Indonesia,CPNS,UMUM,ANALIS KEBIJAKAN AHLI PERTAMA,Badan Pelindungan Pekerja Migran Indonesia | DEPUTI BIDANG PENEMPATAN DAN PELINDUNGAN KAWASAN EROPA DAN TIMUR TENGAH | DIREKTORAT SISTEM DAN STRATEGI PENEMPATAN DAN PELINDUNGAN KAWASAN EROPA DAN TIMUR TENGAH,2,1,6862100,7746358,311,0,0,0,155.5
7980e585-a33e-4fb1-9fcc-bff894a56310,Badan Pelindungan Pekerja Migran Indonesia,CPNS,UMUM,ANALIS KEBIJAKAN AHLI PERTAMA,Badan Pelindungan Pekerja Migran Indonesia | DEPUTI BIDANG PENEMPATAN DAN PELINDUNGAN KAWASAN ASIA DAN AFRIKA | DIREKTORAT SISTEM DAN STRATEGI PENEMPATAN DAN PELINDUNGAN KAWASAN ASIA DAN AFRIKA,1,1,6862100,7746358,51,0,0,0,51.0
06eedcaf-adfc-4021-a3bd-07996cf72349,Badan Pelindungan Pekerja Migran Indonesia,CPNS,UMUM,ARSIPARIS AHLI PERTAMA,Badan Pelindungan Pekerja Migran Indonesia | BALAI PELAYANAN PELINDUNGAN PEKERJA MIGRAN INDONESIA DKI JAKARTA,1,1,6862100,7726358,197,0,0,0,197.0
1d81f097-cb0a-4a40-9b51-7ceb159938a1,Badan Pelindungan Pekerja Migran Indonesia,CPNS,UMUM,ARSIPARIS AHLI PERTAMA,Badan Pelindungan Pekerja Migran Indonesia | BALAI PELAYANAN PELINDUNGAN PEKERJA MIGRAN INDONESIA KEPULAUAN RIAU,2,1,6862100,7726358,111,0,0,0,55.5
2b69b7c4-72d4-40bd-9a2c-e4967656f7e3,Badan Pelindungan Pekerja Migran Indonesia,CPNS,UMUM,ARSIPARIS AHLI PERTAMA,Badan Pelindungan Pekerja Migran Indonesia | PUSAT PENGEMBANGAN SUMBER DAYA MANUSIA,1,1,6862100,7726358,63,0,0,0,63.0
af5dc60d-2c19-46b1-9b94-d55d9b71d840,Badan Pelindungan Pekerja Migran Indonesia,CPNS,UMUM,ARSIPARIS AHLI PERTAMA,Badan Pelindungan Pekerja Migran Indonesia | BALAI PELAYANAN PELINDUNGAN PEKERJA MIGRAN INDONESIA SUMATERA SELATAN,1,1,6862100,7746358,37,0,0,0,37.0
c2217cf9-f7a1-40b0-8658-d2b4501e6fd8,Badan Pelindungan Pekerja Migran Indonesia,CPNS,UMUM,ARSIPARIS AHLI PERTAMA,Badan Pelindungan Pekerja Migran Indonesia | BALAI PELAYANAN PELINDUNGAN PEKERJA MIGRAN INDONESIA JAWA TENGAH,1,1,6862100,7726358,246,0,0,0,246.0
d0a93fee-65aa-4aaf-b60a-1e81632ac23c,Badan Pelindungan Pekerja Migran Indonesia,CPNS,UMUM,ARSIPARIS AHLI PERTAMA,Badan Pelindungan Pekerja Migran Indonesia | BALAI PELAYANAN PELINDUNGAN PEKERJA MIGRAN INDONESIA SULAWESI UTARA,1,1,6862100,7726358,23,0,0,0,23.0
d8146961-5dc3-4766-8227-727c09976fd5,Badan Pelindungan Pekerja Migran Indonesia,CPNS,UMUM,ARSIPARIS AHLI PERTAMA,Badan Pelindungan Pekerja Migran Indonesia | BALAI PELAYANAN PELINDUNGAN PEKERJA MIGRAN INDONESIA SULAWESI SELATAN,1,1,6862100,7726358,66,0,0,0,66.0
8a0186cd915aa77f01915acf8cb12d94,Badan Pengawas Obat dan Makanan ,CPNS,PUTRA/PUTRI KALIMANTAN,ANALIS KERJA SAMA AHLI PERTAMA,ZONA 1,1,1,6240000,10000000,2,0,0,0,2.0
8a0384bc91591cef0191592102f90284,Badan Pengawas Obat dan Makanan ,CPNS,UMUM,ANALIS KERJA SAMA AHLI PERTAMA,ZONA 1,4,1,6240000,10000000,41,0,0,0,10.25
057c284f-8498-448f-a6b0-c85832bda497,Kementerian Kesehatan,CPNS,UMUM,ARSIPARIS AHLI PERTAMA,Kementerian Kesehatan | Direktorat Jenderal Tenaga Kesehatan | Poltekkes Kemenkes Sorong | Subbagian Administrasi Akademik,1,1,5000000,7000000,5,0,0,0,5.0
96fa29d2-320d-43bd-b40d-9ea06fcf855f,Kementerian Kesehatan,CPNS,UMUM,ARSIPARIS AHLI PERTAMA,Kementerian Kesehatan | Direktorat Jenderal Tenaga Kesehatan | Poltekkes Kemenkes Tanjungpinang | Subbagian Administrasi Akademik,1,1,5000000,7000000,2,0,0,0,2.0
42f1b3f8-9950-4e33-be54-82c2275a5b4a,Kementerian Kesehatan,CPNS,UMUM,PENATA KELOLA LAYANAN KESEHATAN,Kementerian Kesehatan | Direktorat Jenderal Pencegahan dan Pengendalian Penyakit | Balai Kekarantinaan Kesehatan Kelas I Bandung,5,1,5000000,8000000,160,0,0,0,32.0
72d765a5-818b-4f37-aeec-36dc4b6a9378,Kementerian Kesehatan,CPNS,UMUM,PENATA KELOLA LAYANAN KESEHATAN,"Kementerian Kesehatan | Direktorat Jenderal Pelayanan Kesehatan | Sekretariat Direktorat Jenderal Pelayanan Kesehatan | Rumah Sakit Jayapura | DIREKTORAT PERENCANAAN, KEUANGAN, DAN LAYANAN OPERASIONAL | INSTALASI PEMELIHARAAN SARANA PRASARANA RUMAH SAKIT",5,1,3203600,6714000,20,0,0,0,4.0
9f7d03b6-02aa-4ad5-958f-3fd19a2d9176,Kementerian Kesehatan,CPNS,UMUM,PENATA KELOLA LAYANAN KESEHATAN,"Kementerian Kesehatan | Direktorat Jenderal Pelayanan Kesehatan | Rumah Sakit Umum Pusat dr. Ben Mboi Kupang | Direktorat perencanaan, Keuangan dan Pelayanan Operasional | Instalasi Pemeliharaan Sarana Prasarana Rumah Sakit",1,1,5000000,7000000,19,0,0,0,19.0
caeaa69c-ae67-4daf-9da0-d0acd2940014,Kementerian Kesehatan,CPNS,UMUM,PENGELOLA PENGADAAN BARANG/JASA AHLI PERTAMA,Kementerian Kesehatan | Sekretariat Jenderal | Biro Pengadaan Barang dan Jasa,44,1,5000000,7000000,925,0,0,0,21.022727272727273
3a8a61fb-c39c-4e64-87ab-f9b333d5b2f5,Kementerian Ketenagakerjaan,CPNS,UMUM,PENATA KELOLA LAYANAN KESEHATAN,Kementerian Ketenagakerjaan | Sekretariat Jenderal | Biro Umum | Klinik Pratama Kementerian Ketenagakerjaan Republik Indonesia,2,0,6000000,7500000,135,0,0,0,67.5
8a0384ba915598f4019155f5892e3abf,Kementerian Koperasi dan Usaha Kecil dan Menengah,CPNS,PUTRA/PUTRI KALIMANTAN,ARSIPARIS AHLI PERTAMA,Kementerian Koperasi dan Usaha Kecil dan Menengah | SEKRETARIAT KEMENTERIAN KOPERASI DAN USAHA KECIL DAN MENENGAH | Biro Umum dan Keuangan,1,0,6624700,9690350,28,0,0,0,28.0
23bd288e-a8ad-4718-8874-08518d1d411f,Kementerian Koperasi dan Usaha Kecil dan Menengah,CPNS,UMUM,ARSIPARIS AHLI PERTAMA,Kementerian Koperasi dan Usaha Kecil dan Menengah | SEKRETARIAT KEMENTERIAN KOPERASI DAN USAHA KECIL DAN MENENGAH | Biro Umum dan Keuangan,1,0,6624700,9690350,344,0,0,0,344.0
1c7f6434-1c56-4e41-8bd4-2b86b378cafd,Kementerian Koperasi dan Usaha Kecil dan Menengah,CPNS,UMUM,PENGELOLA PENGADAAN BARANG/JASA AHLI PERTAMA,Kementerian Koperasi dan Usaha Kecil dan Menengah | SEKRETARIAT KEMENTERIAN KOPERASI DAN USAHA KECIL DAN MENENGAH | Biro Umum dan Keuangan,4,0,6597700,9663350,1935,0,0,0,483.75
2360604e-621c-4522-b339-b0ab4b29febf,"Kementerian Pendidikan, Kebudayaan, Riset dan Teknologi",CPNS,UMUM,ARSIPARIS AHLI PERTAMA,"KEMENTERIAN PENDIDIKAN, KEBUDAYAAN, RISET, DAN TEKNOLOGI | Sekretariat Jenderal | Pusat Prestasi Nasional | Balai Pengembangan Talenta Indonesia | Subbagian Umum",1,1,3378120,8580528,22,0,0,0,22.0
18e74c4c-cd2a-447a-8bc8-88d0da527a27,Kementerian Pertahanan,CPNS,UMUM,PENATA KELOLA LAYANAN KESEHATAN,Pertahanan Keamanan (Hankam) | TNI AU | KOOPSUDNAS | KOOPSUD II | LANUD MUL | RUMKIT LANUD MUL,2,0,3000000,6000000,25,0,0,0,12.5
a53dfce4-7fc4-4b07-915a-e18d43ce5588,Pemerintah Aceh,CPNS,UMUM,PENATA KELOLA LAYANAN KESEHATAN,ACEH | RUMAH SAKIT UMUM DAERAH dr. ZAINOEL ABIDIN | WAKIL DIREKTUR PELAYANAN | BIDANG KEPERAWATAN | SEKSI ASUHAN KEPERAWATAN,1,1,3000000,3200000,79,0,0,0,79.0
7155e9e9-660d-4419-9378-c9fff9457fd1,Pemerintah Kab. Aceh Utara,CPNS,UMUM,PENATA KELOLA LAYANAN KESEHATAN,PEMERINTAH KABUPATEN ACEH UTARA | RUMAH SAKIT UMUM CUT MEUTIA | WAKIL DIREKTUR PENGEMBANGAN SUMBER DAYA MANUSIA DAN INFORMASI | BIDANG REKAM MEDIK DAN INFORMASI,1,1,2785700,4575200,56,0,0,0,56.0
d1157275-0da7-47b7-8a45-4a0bf054c0e8,Pemerintah Kab. Banggai,CPNS,UMUM,ARSIPARIS AHLI PERTAMA,Pemerintah Kabupaten Banggai | Badan Kesatuan Bangsa dan Politik | Bidang Politik Dalam Negeri,1,1,3203600,5261500,34,0,0,0,34.0
8a0186cc9159ace5019159d487ff12e0,Pemerintah Kab. Barito Selatan,CPNS,PENYANDANG DISABILITAS,PENATA KELOLA LAYANAN KESEHATAN,KABUPATEN BARITO SELATAN | DINAS KESEHATAN | BIDANG KESEHATAN MASYARAKAT,1,1,3000000,5000000,1,0,0,0,1.0
681d8efd-27aa-4870-a780-f9884594de51,Pemerintah Kab. Barito Selatan,CPNS,UMUM,PENATA KELOLA LAYANAN KESEHATAN,KABUPATEN BARITO SELATAN | DINAS KESEHATAN | BIDANG PELAYANAN DAN SUMBER DAYA KESEHATAN,1,0,3000000,4000000,8,0,0,0,8.0
d0d371b0-ced3-4621-8b76-f3c8edec3ef1,Pemerintah Kab. Barito Selatan,CPNS,UMUM,PENATA KELOLA LAYANAN KESEHATAN,KABUPATEN BARITO SELATAN | DINAS KESEHATAN | BIDANG KESEHATAN MASYARAKAT,2,0,3000000,5000000,40,0,0,0,20.0
f815bafa-8823-4edf-baa9-6cb25424af06,Pemerintah Kab. Barito Selatan,CPNS,UMUM,PENATA KELOLA LAYANAN KESEHATAN,KABUPATEN BARITO SELATAN | DINAS KESEHATAN | UPT RSUD JARAGA SASAMEH | BIDANG PELAYANAN PENUNJANG | SEKSI PELAYANAN PENUNJANG MEDIK,1,0,3000000,5000000,9,0,0,0,9.0
0a75539f-be7a-46a7-9fc2-02de280b0903,Pemerintah Kab. Barito Utara,CPNS,UMUM,PENATA KELOLA LAYANAN KESEHATAN,PEMERINTAH KABUPATEN BARITO UTARA | DINAS KESEHATAN | PUSKESMAS PIR BUTONG | SUBBAGIAN TATA USAHA PUSKESMAS PIR BUTONG,2,1,3200000,5300000,2,0,0,0,1.0
0ed91e9e-1585-48cf-8069-d062e120591e,Pemerintah Kab. Barito Utara,CPNS,UMUM,PENATA KELOLA LAYANAN KESEHATAN,PEMERINTAH KABUPATEN BARITO UTARA | DINAS KESEHATAN | PUSKESMAS MAMPUAK | SUBBAGIAN TATA USAHA PUSKESMAS MAMPUAK,2,1,3200000,5300000,4,0,0,0,2.0
29026b1f-4f8e-4a80-b313-a65e3114b8f7,Pemerintah Kab. Barito Utara,CPNS,UMUM,PENATA KELOLA LAYANAN KESEHATAN,PEMERINTAH KABUPATEN BARITO UTARA | DINAS KESEHATAN | PUSKESMAS KANDUI | SUBBAGIAN TATA USAHA PUSKESMAS KANDUI,2,1,3200000,5300000,6,0,0,0,3.0
2d82186f-7031-4fb3-9573-c4934d524536,Pemerintah Kab. Barito Utara,CPNS,UMUM,PENATA KELOLA LAYANAN KESEHATAN,PEMERINTAH KABUPATEN BARITO UTARA | DINAS KESEHATAN | PUSKESMAS KETAPANG | SUBBAGIAN TATA USAHA PUSKESMAS KETAPANG,2,1,3200000,5300000,3,0,0,0,1.5
2dddcdd5-cbcd-4821-85cc-87e024131036,Pemerintah Kab. Barito Utara,CPNS,UMUM,PENATA KELOLA LAYANAN KESEHATAN,PEMERINTAH KABUPATEN BARITO UTARA | DINAS KESEHATAN | PUSKESMAS TUMPUNG LAUNG | SUBBAGIAN TATA USAHA PUSKESMAS TUMPUNG LAUNG,2,1,3200000,5300000,1,0,0,0,0.5
2e6271bb-9819-443f-8b54-13718eac85da,Pemerintah Kab. Barito Utara,CPNS,UMUM,PENATA KELOLA LAYANAN KESEHATAN,PEMERINTAH KABUPATEN BARITO UTARA | DINAS KESEHATAN | PUSKESMAS LAHEI II | SUBBAGIAN TATA USAHA PUSKESMAS LAHEI II,2,1,3200000,5300000,3,0,0,0,1.5
3c098cd4-9f89-43f2-9694-a644b99e2f6f,Pemerintah Kab. Barito Utara,CPNS,UMUM,PENATA KELOLA LAYANAN KESEHATAN,PEMERINTAH KABUPATEN BARITO UTARA | DINAS KESEHATAN | RUMAH SAKIT UMUM DAERAH MUARA TEWEH | BIDANG PELAYANAN MEDIK | SEKSI PENGAWASAN DAN PENGENDALIAN PELAYANAN MEDIK,3,1,3200000,5300000,9,0,0,0,3.0
4913a051-f927-4845-9552-a7b260c74739,Pemerintah Kab. Barito Utara,CPNS,UMUM,PENATA KELOLA LAYANAN KESEHATAN,PEMERINTAH KABUPATEN BARITO UTARA | DINAS KESEHATAN | RUMAH SAKIT UMUM DAERAH MUARA TEWEH | BIDANG PENUNJANG MEDIK DAN REKAM MEDIK | SEKSI REKAM MEDIK DAN INFORMASI,3,1,3200000,5300000,6,0,0,0,2.0
4bc95187-1270-45c9-92e0-4539f305e8c7,Pemerintah Kab. Barito Utara,CPNS,UMUM,PENATA KELOLA LAYANAN KESEHATAN,"PEMERINTAH KABUPATEN BARITO UTARA | DINAS KESEHATAN | RUMAH SAKIT UMUM DAERAH MUARA TEWEH | BIDANG PELAYANAN MEDIK | SEKSI PEMANTAUAN, PENGAWASAN DAN PEMULANGAN PASIEN",1,1,3200000,5300000,1,0,0,0,1.0
7684b51e-ed09-4fee-83b5-865d8e189fe5,Pemerintah Kab. Barito Utara,CPNS,UMUM,PENATA KELOLA LAYANAN KESEHATAN,PEMERINTAH KABUPATEN BARITO UTARA | DINAS KESEHATAN | PUSKESMAS MUARA TEWEH | SUBBAGIAN TATA USAHA PUSKESMAS MELAYU,2,1,3200000,5300000,4,0,0,0,2.0
98fa5dd9-426b-48b6-87d8-7792925d8122,Pemerintah Kab. Barito Utara,CPNS,UMUM,PENATA KELOLA LAYANAN KESEHATAN,"PEMERINTAH KABUPATEN BARITO UTARA | DINAS PENGENDALIAN PENDUDUK, KELUARGA BERENCANA DAN PEMBERDAYAAN PEREMPUAN DAN PERLINDUNGAN ANAK | BIDANG KETAHANAN DAN KESEJAHTERAAN KELUARGA",7,1,2500000,5000000,46,0,0,0,6.571428571428571
9e6f8e2f-0cba-4cef-8b10-bf809c202c12,Pemerintah Kab. Barito Utara,CPNS,UMUM,PENATA KELOLA LAYANAN KESEHATAN,PEMERINTAH KABUPATEN BARITO UTARA | DINAS KESEHATAN | PUSKESMAS LAHEI I | SUBBAGIAN TATA USAHA PUSKESMAS LAHEI I,2,1,3200000,5300000,2,0,0,0,1.0
9ef2f07b-c114-40db-a241-2b3e3694194d,Pemerintah Kab. Barito Utara,CPNS,UMUM,PENATA KELOLA LAYANAN KESEHATAN,PEMERINTAH KABUPATEN BARITO UTARA | DINAS KESEHATAN | PUSKESMAS SEI RAHAYU | SUBBAGIAN TATA USAHA PUSKESMAS SEI RAHAYU,2,1,3200000,5300000,0,0,0,0,0.0
9fab0d89-c2db-42b2-adae-d3bc99b6c440,Pemerintah Kab. Barito Utara,CPNS,UMUM,PENATA KELOLA LAYANAN KESEHATAN,PEMERINTAH KABUPATEN BARITO UTARA | DINAS KESEHATAN | PUSKESMAS BENAO | SUBBAGIAN TATA USAHA PUSKESMAS BENAO,2,1,3200000,5300000,1,0,0,0,0.5
aaeff38c-8fa4-4ea7-b7a5-71e44b7e76bf,Pemerintah Kab. Barito Utara,CPNS,UMUM,PENATA KELOLA LAYANAN KESEHATAN,"PEMERINTAH KABUPATEN BARITO UTARA | DINAS PENGENDALIAN PENDUDUK, KELUARGA BERENCANA DAN PEMBERDAYAAN PEREMPUAN DAN PERLINDUNGAN ANAK | BIDANG PENGENDALIAN PENDUDUK DAN KELUARGA BERENCANA",8,1,2500000,5000000,62,0,0,0,7.75
b6bae385-b611-4936-8673-2ba3805e3b69,Pemerintah Kab. Barito Utara,CPNS,UMUM,PENATA KELOLA LAYANAN KESEHATAN,PEMERINTAH KABUPATEN BARITO UTARA | DINAS KESEHATAN | RUMAH SAKIT UMUM DAERAH MUARA TEWEH | BIDANG PENUNJANG MEDIK DAN REKAM MEDIK | SEKSI PENUNJANG MEDIK,3,1,3200000,5300000,3,0,0,0,1.0
bf07c0b1-04d5-497d-98fd-bffdb37576ca,Pemerintah Kab. Barito Utara,CPNS,UMUM,PENATA KELOLA LAYANAN KESEHATAN,PEMERINTAH KABUPATEN BARITO UTARA | DINAS KESEHATAN | LABORATORIUM KESEHATAN | SUBBAGIAN TATA USAHA,3,1,3200000,5300000,10,0,0,0,3.3333333333333335
d4ebc6ad-d2d0-466c-ab08-d599bd9a265d,Pemerintah Kab. Barito Utara,CPNS,UMUM,PENATA KELOLA LAYANAN KESEHATAN,PEMERINTAH KABUPATEN BARITO UTARA | DINAS KESEHATAN | GUDANG FARMASI KESEHATAN | SUB BAGIAN TATA USAHA,2,1,3200000,5300000,10,0,0,0,5.0
d953fc5f-840b-4b46-af42-6ae65f377b9a,Pemerintah Kab. Barito Utara,CPNS,UMUM,PENATA KELOLA LAYANAN KESEHATAN,PEMERINTAH KABUPATEN BARITO UTARA | DINAS KESEHATAN | PUSKESMAS TRAHEAN | SUBBAGIAN TATA USAHA PUSKESMAS TRAHEAN,2,1,3200000,5300000,3,0,0,0,1.5
d9ffd34a-ece1-47a7-ad5f-70c7e737b164,Pemerintah Kab. Barito Utara,CPNS,UMUM,PENATA KELOLA LAYANAN KESEHATAN,PEMERINTAH KABUPATEN BARITO UTARA | DINAS KESEHATAN | BIDANG PELAYANAN DAN SUMBER DAYA KESEHATAN,1,1,3200000,5300000,0,0,0,0,0.0
e212c75d-237e-4c84-a1b7-5fc0281fd5e0,Pemerintah Kab. Barito Utara,CPNS,UMUM,PENATA KELOLA LAYANAN KESEHATAN,PEMERINTAH KABUPATEN BARITO UTARA | DINAS KESEHATAN | PUSKESMAS LEMO | SUBBAGIAN TATA USAHA PUSKESMAS LEMO,2,1,3200000,5300000,3,0,0,0,1.5
e48c911f-e2a9-4097-8b11-1a1e52e98aa6,Pemerintah Kab. Barito Utara,CPNS,UMUM,PENATA KELOLA LAYANAN KESEHATAN,PEMERINTAH KABUPATEN BARITO UTARA | DINAS KESEHATAN | PUSKESMAS BATU RAYA | SUBBAGIAN TATA USAHA PUSKESMAS BATU RAYA,2,1,3200000,5300000,3,0,0,0,1.5
f37a907d-b9be-41f1-8f8f-87ae40777e2a,Pemerintah Kab. Barito Utara,CPNS,UMUM,PENATA KELOLA LAYANAN KESEHATAN,PEMERINTAH KABUPATEN BARITO UTARA | DINAS KESEHATAN | PUSKESMAS LAMPEONG | SUBBAGIAN TATA USAHA PUSKESMAS LAMPEONG,2,1,3200000,5300000,6,0,0,0,3.0
6397ad6c-30d7-4640-a3a1-c4926016115c,Pemerintah Kab. Barito Utara,CPNS,UMUM,PENGELOLA PENGADAAN BARANG/JASA AHLI PERTAMA,PEMERINTAH KABUPATEN BARITO UTARA | SEKRETARIAT DAERAH,9,1,2500000,5000000,70,0,0,0,7.777777777777778
8a0384c7915b4c4c01915e2318971c69,Pemerintah Kab. Biak Numfor,CPNS,ORANG ASLI PAPUA (OAP),ARSIPARIS AHLI PERTAMA,Pemerintah Kabupaten Biak Numfor | Sekretariat Dewan Perwakilan Rakyat Daerah | Kelompok Jabatan Fungsional,4,0,3000000,4000000,15,0,0,0,3.75
8a0384c7915b4c4c01915e2488611ca7,Pemerintah Kab. Biak Numfor,CPNS,ORANG ASLI PAPUA (OAP),ARSIPARIS AHLI PERTAMA,Pemerintah Kabupaten Biak Numfor | UPTD Rumah Sakit Umum Daerah | Kelompok Jabatan Fungsional | SUB BAGIAN UMUM DAN KEPEGAWAIAN  | SUB BAGIAN UMUM,1,1,3000000,4000000,1,0,0,0,1.0
1002781e-76a1-48d3-9876-a71a7acc835c,Pemerintah Kab. Biak Numfor,CPNS,UMUM (NON OAP),ARSIPARIS AHLI PERTAMA,Pemerintah Kabupaten Biak Numfor | Sekretariat Dewan Perwakilan Rakyat Daerah | Kelompok Jabatan Fungsional,1,0,3000000,4000000,6,0,0,0,6.0
2aa01224-3405-448f-8a3f-fb6073cb8cfb,Pemerintah Kab. Biak Numfor,CPNS,UMUM (NON OAP),ARSIPARIS AHLI PERTAMA,Pemerintah Kabupaten Biak Numfor | UPTD Rumah Sakit Umum Daerah | Kelompok Jabatan Fungsional | SUB BAGIAN UMUM DAN KEPEGAWAIAN  | SUB BAGIAN UMUM,1,1,3000000,4000000,1,0,0,0,1.0
0db99b89-200d-4e91-8ed0-b427fbf44bbb,Pemerintah Kab. Brebes,CPNS,UMUM,PENATA KELOLA LAYANAN KESEHATAN,PEMERINTAH KABUPATEN BREBES | DINAS KESEHATAN | RUMAH SAKIT UMUM DAERAH IR. SOEKARNO KABUPATEN BREBES KELAS D | SEKSI PELAYANAN,1,1,2228560,3175698,44,0,0,0,44.0
276017e0-1eb5-472b-8ffd-8cfab783602f,Pemerintah Kab. Brebes,CPNS,UMUM,PENATA KELOLA LAYANAN KESEHATAN,PEMERINTAH KABUPATEN BREBES | DINAS KESEHATAN | BIDANG SUMBER DAYA KESEHATAN,1,1,2228560,3175698,35,0,0,0,35.0
4cdb05a7-5a4a-4ead-b0b8-dbc563008ed7,Pemerintah Kab. Brebes,CPNS,UMUM,PENATA KELOLA LAYANAN KESEHATAN,"PEMERINTAH KABUPATEN BREBES | DINAS KESEHATAN | RUMAH SAKIT UMUM DAERAH BREBES KELAS B | WAKIL DIREKTUR PELAYANAN, PENGENDALIAN DAN MUTU | BIDANG MEDIS | SEKSI PELAYANAN MEDIS",1,1,2228560,3175698,26,0,0,0,26.0
545df75d-3422-4c14-acd5-c6c5270b174c,Pemerintah Kab. Brebes,CPNS,UMUM,PENATA KELOLA LAYANAN KESEHATAN,PEMERINTAH KABUPATEN BREBES | DINAS KESEHATAN | RUMAH SAKIT UMUM DAERAH BUMIAYU KELAS D | SEKSI PELAYANAN MEDIS DAN PENUNJANG MEDIS,1,1,2228560,3175698,42,0,0,0,42.0
d14e82b8-207c-4027-823c-4ff6ab083b56,Pemerintah Kab. Brebes,CPNS,UMUM,PENATA KELOLA LAYANAN KESEHATAN,PEMERINTAH KABUPATEN BREBES | DINAS KESEHATAN | BIDANG PELAYANAN KESEHATAN,1,1,2228560,3175698,72,0,0,0,72.0
016265ef-c41a-4c9b-b648-5d67fa790168,Pemerintah Kab. Bungo,CPNS,UMUM,PENATA KELOLA LAYANAN KESEHATAN,PEMERINTAH KABUPATEN BUNGO | DINAS DI LINGKUNGAN PEMERINTAH KABUPATEN BUNGO | DINAS KESEHATAN PEMERINTAH KABUPATEN BUNGO | UPT DINAS KESEHATAN PUSKESMAS PEMERINTAH KABUPATEN BUNGO | UPTD PUSKESMAS MUARA BUAT | TATA USAHA UPTD PUSKESMAS BATHIN III ULU,1,0,3203600,5289600,20,0,0,0,20.0
31811981-aeac-4af7-be92-b84b79c4fcca,Pemerintah Kab. Bungo,CPNS,UMUM,PENATA KELOLA LAYANAN KESEHATAN,PEMERINTAH KABUPATEN BUNGO | DINAS DI LINGKUNGAN PEMERINTAH KABUPATEN BUNGO | DINAS KESEHATAN PEMERINTAH KABUPATEN BUNGO | UPT RSUD KUAMANG KUNING | Tata Usaha,1,0,3203600,5640900,12,0,0,0,12.0
3c48fd24-fa6d-443a-9072-a15bec30aed3,Pemerintah Kab. Bungo,CPNS,UMUM,PENATA KELOLA LAYANAN KESEHATAN,PEMERINTAH KABUPATEN BUNGO | DINAS DI LINGKUNGAN PEMERINTAH KABUPATEN BUNGO | DINAS KESEHATAN PEMERINTAH KABUPATEN BUNGO | UPT DINAS KESEHATAN PUSKESMAS PEMERINTAH KABUPATEN BUNGO | UPTD PUSKESMAS RANTAU IKIL | TATA USAHA UPTD PUSKESMAS RANTAU IKIL,1,0,3203600,5640900,11,0,0,0,11.0
512295a7-cce6-4f74-a92a-5c1e0b9b0453,Pemerintah Kab. Bungo,CPNS,UMUM,PENATA KELOLA LAYANAN KESEHATAN,PEMERINTAH KABUPATEN BUNGO | DINAS DI LINGKUNGAN PEMERINTAH KABUPATEN BUNGO | DINAS KESEHATAN PEMERINTAH KABUPATEN BUNGO | UPT DINAS KESEHATAN PUSKESMAS PEMERINTAH KABUPATEN BUNGO | UPTD PUSKESMAS RANTAU KELOYANG | TATA USAHA UPTD PUSKESMAS RANTAU KELOYANG,1,0,3203600,5289600,29,0,0,0,29.0
5ad238f2-d544-4f10-b202-22418a479a55,Pemerintah Kab. Bungo,CPNS,UMUM,PENATA KELOLA LAYANAN KESEHATAN,PEMERINTAH KABUPATEN BUNGO | DINAS DI LINGKUNGAN PEMERINTAH KABUPATEN BUNGO | DINAS KESEHATAN PEMERINTAH KABUPATEN BUNGO | UPT DINAS KESEHATAN PUSKESMAS PEMERINTAH KABUPATEN BUNGO | UPT PUSKESMAS TANJUNG AGUNG | TATA USAHA UPT PUSKESMAS TANJUNG AGUNG,1,0,3203600,5289600,25,0,0,0,25.0
5cef9b1e-c041-4f35-b978-9bd91fbfb267,Pemerintah Kab. Bungo,CPNS,UMUM,PENATA KELOLA LAYANAN KESEHATAN,PEMERINTAH KABUPATEN BUNGO | DINAS DI LINGKUNGAN PEMERINTAH KABUPATEN BUNGO | DINAS KESEHATAN PEMERINTAH KABUPATEN BUNGO | UPT DINAS KESEHATAN PUSKESMAS PEMERINTAH KABUPATEN BUNGO | UPT PUSKESMAS MUARA BUNGO I | SUB BAGIAN TATA USAHA UPT PUSKESMAS MUARA BUNGO I,1,0,3203600,5289600,44,0,0,0,44.0
65e98045-6061-4e8b-ba54-99f5b6363ace,Pemerintah Kab. Bungo,CPNS,UMUM,PENATA KELOLA LAYANAN KESEHATAN,PEMERINTAH KABUPATEN BUNGO | DINAS DI LINGKUNGAN PEMERINTAH KABUPATEN BUNGO | DINAS KESEHATAN PEMERINTAH KABUPATEN BUNGO | UPT DINAS KESEHATAN PUSKESMAS PEMERINTAH KABUPATEN BUNGO | UPTD PUSKESMAS RANTAU PANDAN | TATA USAHA UPTD PUSKESMAS RANTAU PANDAN,1,0,3203600,5289600,9,0,0,0,9.0
827f6a14-4c70-4135-9381-bc92204e8318,Pemerintah Kab. Bungo,CPNS,UMUM,PENATA KELOLA LAYANAN KESEHATAN,PEMERINTAH KABUPATEN BUNGO | DINAS DI LINGKUNGAN PEMERINTAH KABUPATEN BUNGO | DINAS KESEHATAN PEMERINTAH KABUPATEN BUNGO | UPT DINAS KESEHATAN PUSKESMAS PEMERINTAH KABUPATEN BUNGO | UPTD PUSKESMAS PELAYANG | TATA USAHA UPTD PUSKESMAS BATHIN II PELAYANG,1,0,3203600,5640900,11,0,0,0,11.0
8e2c9a36-82e0-484a-8cc6-01694417ab31,Pemerintah Kab. Bungo,CPNS,UMUM,PENATA KELOLA LAYANAN KESEHATAN,PEMERINTAH KABUPATEN BUNGO | DINAS DI LINGKUNGAN PEMERINTAH KABUPATEN BUNGO | DINAS KESEHATAN PEMERINTAH KABUPATEN BUNGO | UPT DINAS KESEHATAN PUSKESMAS PEMERINTAH KABUPATEN BUNGO | UPT PUSKESMAS MUARA BUNGO II | SUB BAGIAN TATA USAHA UPT PUSKESMAS MUARA BUNGO II,1,0,3203600,5289600,24,0,0,0,24.0
90548538-c9e7-4047-b456-ac4bd9b15981,Pemerintah Kab. Bungo,CPNS,PENYANDANG DISABILITAS,PENATA KELOLA LAYANAN KESEHATAN,PEMERINTAH KABUPATEN BUNGO | DINAS DI LINGKUNGAN PEMERINTAH KABUPATEN BUNGO | DINAS KESEHATAN PEMERINTAH KABUPATEN BUNGO | UPT DINAS KESEHATAN PUSKESMAS PEMERINTAH KABUPATEN BUNGO | UPT PUSKESMAS RIMBO TENGAH | TATA USAHA UPTD PUSKESMAS RIMBO TENGAH,1,1,3203600,5289600,1,0,0,0,1.0
9f37a155-8131-4a13-852e-5ff836051d63,Pemerintah Kab. Bungo,CPNS,UMUM,PENATA KELOLA LAYANAN KESEHATAN,PEMERINTAH KABUPATEN BUNGO | DINAS DI LINGKUNGAN PEMERINTAH KABUPATEN BUNGO | DINAS KESEHATAN PEMERINTAH KABUPATEN BUNGO | UPT DINAS KESEHATAN PUSKESMAS PEMERINTAH KABUPATEN BUNGO | UPT PUSKESMAS AIR GEMURUH | SUB BAGIAN TATA USAHA UPT PUSKESMAS AIR GEMURUH,1,0,3203600,5289600,24,0,0,0,24.0
aed8699e-3f77-4238-9139-d84a0cdab3d0,Pemerintah Kab. Bungo,CPNS,UMUM,PENATA KELOLA LAYANAN KESEHATAN,PEMERINTAH KABUPATEN BUNGO | DINAS DI LINGKUNGAN PEMERINTAH KABUPATEN BUNGO | DINAS KESEHATAN PEMERINTAH KABUPATEN BUNGO | UPT DINAS KESEHATAN PUSKESMAS PEMERINTAH KABUPATEN BUNGO | UPTD PUSKESMAS KUAMANG JAYA | TATA USAHA UPTD PUSKESMAS KUAMANG JAYA,1,0,3203600,5289600,6,0,0,0,6.0
d438efd0-3ead-44eb-9f41-f4d95fe13ef8,Pemerintah Kab. Bungo,CPNS,UMUM,PENATA KELOLA LAYANAN KESEHATAN,PEMERINTAH KABUPATEN BUNGO | DINAS DI LINGKUNGAN PEMERINTAH KABUPATEN BUNGO | DINAS KESEHATAN PEMERINTAH KABUPATEN BUNGO | UPT DINAS KESEHATAN PUSKESMAS PEMERINTAH KABUPATEN BUNGO | UPTD PUSKESMAS BABEKO | TATA USAHA UPTD PUSKESMAS BATHIN II BABEKO,1,0,3203600,5289600,30,0,0,0,30.0
d5839c5e-b866-462f-9ef0-fd10385764f9,Pemerintah Kab. Bungo,CPNS,UMUM,PENATA KELOLA LAYANAN KESEHATAN,PEMERINTAH KABUPATEN BUNGO | DINAS DI LINGKUNGAN PEMERINTAH KABUPATEN BUNGO | DINAS KESEHATAN PEMERINTAH KABUPATEN BUNGO | UPT DINAS KESEHATAN PUSKESMAS PEMERINTAH KABUPATEN BUNGO | UPTD PUSKESMAS KUAMANG KUNING I | TATA USAHA UPTD PUSKESMAS KUAMANG KUNING I,1,0,320600,5289600,12,0,0,0,12.0
e64ea653-fb32-4083-af79-89277b367810,Pemerintah Kab. Bungo,CPNS,UMUM,PENATA KELOLA LAYANAN KESEHATAN,PEMERINTAH KABUPATEN BUNGO | DINAS DI LINGKUNGAN PEMERINTAH KABUPATEN BUNGO | DINAS KESEHATAN PEMERINTAH KABUPATEN BUNGO | UPT DINAS KESEHATAN PUSKESMAS PEMERINTAH KABUPATEN BUNGO | UPTD PUSKESMAS KUAMANG KUNING X | TATA USAHA UPTD PUSKESMAS KUAMANG KUNING X,1,0,3203600,5289600,18,0,0,0,18.0
ef57f51f-9e19-43f0-a97c-0a196e8031f5,Pemerintah Kab. Bungo,CPNS,UMUM,PENATA KELOLA LAYANAN KESEHATAN,PEMERINTAH KABUPATEN BUNGO | DINAS DI LINGKUNGAN PEMERINTAH KABUPATEN BUNGO | DINAS KESEHATAN PEMERINTAH KABUPATEN BUNGO | UPT DINAS KESEHATAN PUSKESMAS PEMERINTAH KABUPATEN BUNGO | UPTD PUSKESMAS JUJUHAN ILIR | TATA USAHA UPTD PUSKESMAS JUJUHAN ILIR,1,0,3203600,5640900,7,0,0,0,7.0
14d352d2-7d67-4b2b-8e97-0732b5bc1a42,Pemerintah Kab. Buru Selatan,CPNS,UMUM,ARSIPARIS AHLI PERTAMA,PEMERINTAH KABUPATEN BURU SELATAN | Sekretariat Daerah | Dinas Perpustakaan dan Arsip Daerah | Bidang Pengelolaan Arsip,1,1,2800000,3500000,15,0,0,0,15.0
3d99a800-8d53-4dfc-bdff-59f8a7f13313,Pemerintah Kab. Cianjur,CPNS,UMUM,PENATA KELOLA LAYANAN KESEHATAN,PEMERINTAH KABUPATEN CIANJUR                                           | DINAS | Dinas Kesehatan | Bidang Sumber Daya Kesehatan,2,1,2228560,5028560,71,0,0,0,35.5
760a2e10-9227-4ddb-8a40-ee3799a36f91,Pemerintah Kab. Cianjur,CPNS,UMUM,PENATA KELOLA LAYANAN KESEHATAN,PEMERINTAH KABUPATEN CIANJUR                                           | DINAS | Dinas Kesehatan | Bidang Kesehatan Masyarakat,1,1,2228560,5028560,24,0,0,0,24.0
d7178704-c1ab-4309-a4db-5f5b2ff410f9,Pemerintah Kab. Cianjur,CPNS,UMUM,PENATA KELOLA LAYANAN KESEHATAN,PEMERINTAH KABUPATEN CIANJUR                                           | DINAS | Dinas Kesehatan | Bidang Pencegahan Dan Pengendalian Penyakit,2,1,2228560,5028560,74,0,0,0,37.0
3d2a779e-e8be-4ad8-a499-3c9cd752111f,Pemerintah Kab. Cilacap,CPNS,UMUM,PENATA KELOLA LAYANAN KESEHATAN,Pemerintah Kabupaten Cilacap | DINAS KESEHATAN PENGENDALIAN PENDUDUK DAN KELUARGA BERENCANA | BIDANG SUMBER DAYA MANUSIA KESEHATAN DAN PEMBERDAYAAN MASYARAKAT,1,1,3200000,3700000,58,0,0,0,58.0
8a0186ce915e61b701915ea1d7120f18,Pemerintah Kab. Cilacap,CPNS,PENYANDANG DISABILITAS,PENGELOLA PENGADAAN BARANG/JASA AHLI PERTAMA,Pemerintah Kabupaten Cilacap | SEKRETARIAT DAERAH | ASISTEN PEREKONOMIAN DAN PEMBANGUNAN | BAGIAN PENGADAAN BARANG DAN JASA,1,1,3200000,3700000,0,0,0,0,0.0
bf9c3647-ef74-487f-bd35-8bfa6c53016a,Pemerintah Kab. Cilacap,CPNS,UMUM,PENGELOLA PENGADAAN BARANG/JASA AHLI PERTAMA,Pemerintah Kabupaten Cilacap | SEKRETARIAT DAERAH | ASISTEN PEREKONOMIAN DAN PEMBANGUNAN | BAGIAN PENGADAAN BARANG DAN JASA,1,1,3200000,3700000,61,0,0,0,61.0
6d6df079-41fe-449f-a651-eccde141a89c,Pemerintah Kab. Cirebon,CPNS,UMUM,PENGELOLA PENGADAAN BARANG/JASA AHLI PERTAMA,PEMERINTAH KABUPATEN CIREBON | SEKRETARIAT DAERAH | ASISTEN PEREKONOMIAN DAN PEMBANGUNAN | BAGIAN PENGADAAN BARANG DAN JASA | SUB BAGIAN PENGELOLAAN PENGADAAN BARANG DAN JASA,7,1,2000000,5000000,3192,0,0,0,456.0
8a018615916e75bd01916ea9859a04f6,Pemerintah Kab. Deiyai,CPNS,ORANG ASLI PAPUA (OAP),PENATA KELOLA LAYANAN KESEHATAN,PEMERINTAH KABUPATEN DEIYAI | DINAS KESEHATAN | PUSKESMAS | PUSKESMAS GAKOKEBO,1,1,2900000,3800000,1,0,0,0,1.0
50d96a32-7778-4213-8c62-16b3c2d14954,Pemerintah Kab. Deiyai,CPNS,ORANG ASLI PAPUA (OAP),PENATA KELOLA LAYANAN KESEHATAN,PEMERINTAH KABUPATEN DEIYAI | DINAS KESEHATAN | PUSKESMAS | PUSKESMAS EDAROTALI,1,1,2900000,3800000,1,0,0,0,1.0
51b53807-d293-4617-a46f-33a5a7c61ac1,Pemerintah Kab. Deiyai,CPNS,ORANG ASLI PAPUA (OAP),PENATA KELOLA LAYANAN KESEHATAN,PEMERINTAH KABUPATEN DEIYAI | RUMAH SAKIT UMUM DAERAH TIGI,1,1,2900000,3200000,2,0,0,0,2.0
9e68b5df-506d-4fe1-8384-717d4736d15a,Pemerintah Kab. Deiyai,CPNS,ORANG ASLI PAPUA (OAP),PENATA KELOLA LAYANAN KESEHATAN,PEMERINTAH KABUPATEN DEIYAI | DINAS KESEHATAN | PUSKESMAS | PUSKESMAS KOKOBAYA,1,1,2900000,3800000,1,0,0,0,1.0
a5f5d898-8418-4f9b-b467-8d972ef0814a,Pemerintah Kab. Deiyai,CPNS,ORANG ASLI PAPUA (OAP),PENATA KELOLA LAYANAN KESEHATAN,PEMERINTAH KABUPATEN DEIYAI | DINAS KESEHATAN | PUSKESMAS | PUSKESMAS AYATEI,1,1,2900000,3800000,1,0,0,0,1.0
7fae9844-db8c-45c1-9851-4bf8142f8c05,Pemerintah Kab. Deli Serdang,CPNS,UMUM,PERENCANA AHLI PERTAMA,Kabupaten Deli Serdang | UPT Rumah Sakit Umum Daerah Drs. H. Amri Tambunan | Wakil Direktur Bagian Administrasi Umum | Bagian Perencanaan,1,1,2785700,5650378,6,0,0,0,6.0
21a62c7b-c3d8-4688-b20d-192e4a64920b,Pemerintah Kab. Fak-Fak,CPNS,ORANG ASLI PAPUA (OAP),PENATA KELOLA LAYANAN KESEHATAN,Pemerintah Kabupaten Fakfak | Dinas Kesehatan Kabupaten Fakfak | Bidang Pelayanan Kesehatan | Seksi Pelayanan Kesehatan Primer,1,0,3200000,4200000,1,0,0,0,1.0
2f4e0991-6a98-4ffa-9372-9b07464c0df0,Pemerintah Kab. Fak-Fak,CPNS,ORANG ASLI PAPUA (OAP),PENATA KELOLA LAYANAN KESEHATAN,"Pemerintah Kabupaten Fakfak | Dinas Kesehatan Kabupaten Fakfak | Bidang Kesehatan Masyarakat | Seksi Kesehatan Lingkungan, Kesehatan Kerja dan Olahraga",1,0,3200000,4200000,2,0,0,0,2.0
352e2f0c-a42f-46e9-b274-5026855cb6c4,Pemerintah Kab. Fak-Fak,CPNS,ORANG ASLI PAPUA (OAP),PENATA KELOLA LAYANAN KESEHATAN,Pemerintah Kabupaten Fakfak | Dinas Kesehatan Kabupaten Fakfak | Rumah Sakit Umum Daerah Fakfak | Bagian Administrasi Umum | Sub Bagian Umum dan Kepegawaian,1,0,3200000,4200000,1,0,0,0,1.0
40cf9380-716d-4d90-aa37-2710a4612b66,Pemerintah Kab. Fak-Fak,CPNS,UMUM (NON OAP),PENATA KELOLA LAYANAN KESEHATAN,Pemerintah Kabupaten Fakfak | Dinas Kesehatan Kabupaten Fakfak | Bidang Pelayanan Kesehatan | Seksi Pelayanan Kesehatan Rujukan,1,0,3200000,4200000,13,0,0,0,13.0
a83296e8-3e41-4a3c-a529-fadb458e36ef,Pemerintah Kab. Fak-Fak,CPNS,ORANG ASLI PAPUA (OAP),PENATA KELOLA LAYANAN KESEHATAN,Pemerintah Kabupaten Fakfak | Dinas Kesehatan Kabupaten Fakfak | Rumah Sakit Umum Daerah Fakfak | Bidang Keperawatan | Seksi Penunjang Keperawatan,1,0,3200000,4200000,0,0,0,0,0.0
e74d4bde-acd4-441d-b8ab-f189eb939250,Pemerintah Kab. Fak-Fak,CPNS,ORANG ASLI PAPUA (OAP),PENATA KELOLA LAYANAN KESEHATAN,Pemerintah Kabupaten Fakfak | Dinas Kesehatan Kabupaten Fakfak | Rumah Sakit Umum Daerah Fakfak | Bidang Medik | Seksi Pelayanan dan Pengembangan Medik,2,0,3200000,4200000,1,0,0,0,0.5
0974a2db-0990-44d7-aaf8-ed7938677cf3,Pemerintah Kab. Flores Timur,CPNS,UMUM,PENATA KELOLA LAYANAN KESEHATAN,Pemerintah Kabupaten Flores Timur | Dinas Kesehatan | Bidang Pelayanan Kesehatan,2,0,3000000,6000000,24,0,0,0,12.0
f71e1f28-91e5-4f28-944c-2a1c0a56b793,Pemerintah Kab. Flores Timur,CPNS,UMUM,PENATA KELOLA LAYANAN KESEHATAN,Pemerintah Kabupaten Flores Timur | Dinas Kesehatan | UPTD RSUD. Adonara Pratama,1,0,3000000,6000000,8,0,0,0,8.0
df054e2b-70c0-4780-9783-3c37e08bdc14,Pemerintah Kab. Garut,CPNS,UMUM,PENATA KELOLA LAYANAN KESEHATAN,PEMERINTAH KABUPATEN GARUT | DINAS KESEHATAN KABUPATEN GARUT | BIDANG PELAYANAN KESEHATAN DINAS KESEHATAN KABUPATEN GARUT,1,0,2812100,4583800,124,0,0,0,124.0
692c6e0e-1c23-4792-9143-b310c4eb2a64,Pemerintah Kab. Gorontalo,CPNS,UMUM,PENATA KELOLA LAYANAN KESEHATAN,PEMERINTAH KABUPATEN GORONTALO                                         | DINAS KESEHATAN | BIDANG KESEHATAN MASYARAKAT,1,1,2785700,4575200,122,0,0,0,122.0
4d208692-f65b-406f-a6cc-f29fa1bd09d0,Pemerintah Kab. Gresik,CPNS,UMUM,PENATA KELOLA LAYANAN KESEHATAN,Pemerintah Kabupaten Gresik | Dinas Kesehatan | Puskesmas Wringinanom di Kecamatan Wringinanom,3,0,2780000,3400000,17,0,0,0,5.666666666666667
871c7be8-9945-4682-989e-53c9c366cb09,Pemerintah Kab. Gunung Mas,CPNS,UMUM,PENATA KELOLA LAYANAN KESEHATAN,Pemerintah Kab. Gunung Mas | DINAS KESEHATAN | UPT RSUD KUALA KURUN | BIDANG KEPERAWATAN | SEKSI ASUHAN KEPERAWATAN PROFESI DAN ETIKA,2,0,3203600,5261500,12,0,0,0,6.0
f6e8390f-4c1d-41fc-b9c0-39486ff2c3b3,Pemerintah Kab. Gunung Mas,CPNS,UMUM,PENATA KELOLA LAYANAN KESEHATAN,Pemerintah Kab. Gunung Mas | DINAS KESEHATAN | BIDANG KESEHATAN MASYARAKAT,8,0,3203600,5261500,102,0,0,0,12.75
d231bef3-ebed-459c-936c-d34d92edaa8c,Pemerintah Kab. Halmahera Utara,CPNS,UMUM,PENATA KELOLA LAYANAN KESEHATAN,PEMERINTAH KABUPATEN HALMAHERA UTARA | DINAS KESEHATAN | BIDANG PENCEGAHAN DAN PENGENDALIAN PENYAKIT,1,1,2785700,4575200,19,0,0,0,19.0
dfbfb2ba-de32-4b12-af18-a89a8b4c9de6,Pemerintah Kab. Halmahera Utara,CPNS,UMUM,PENATA KELOLA LAYANAN KESEHATAN,PEMERINTAH KABUPATEN HALMAHERA UTARA | RUMAH SAKIT UMUM DAERAH TOBELO | BIDANG PENUNJANG MEDIK | SEKSI REKAM MEDIS DAN SIMRS - RUMAH SAKIT UMUM DAERAH TOBELO,1,1,2785700,4575200,18,0,0,0,18.0
96e1806e-2e7d-4435-a544-2f9c1c0b7b7a,Pemerintah Kab. Jayawijaya,CPNS,ORANG ASLI PAPUA (OAP),ANALIS KEBIJAKAN AHLI PERTAMA,Kabupaten Jayawijaya | DINAS KESEHATAN | SEKRETARIAT DINAS KESEHATAN | SUB BAGIAN PERENCANAAN & EVALUASI,1,1,2900000,6500000,1,0,0,0,1.0
5266c809-f493-4e4c-a663-2b0d2a21e091,Pemerintah Kab. Kaimana,CPNS,UMUM (NON OAP),PENATA KELOLA LAYANAN KESEHATAN,PEMERINTAH KABUPATEN KAIMANA | DINAS KESEHATAN | Bidang Pencegahan dan Pengendalian Penyakit | Seksi Pencegahan dan Pengendalian Penyakit Menular,2,0,2500000,2800000,15,0,0,0,7.5
6689bc68-66e0-4647-aa0a-bc0f0c364af3,Pemerintah Kab. Kaimana,CPNS,ORANG ASLI PAPUA (OAP),PENATA KELOLA LAYANAN KESEHATAN,PEMERINTAH KABUPATEN KAIMANA | DINAS KESEHATAN | Bidang Sumber Daya Kesehatan | Seksi Alat Kesehatan dan PKRT,2,0,2500000,2800000,8,0,0,0,4.0
e6cd1327-4786-4a75-b7ac-5884c07f0ac9,Pemerintah Kab. Kaimana,CPNS,UMUM (NON OAP),PENATA KELOLA LAYANAN KESEHATAN,PEMERINTAH KABUPATEN KAIMANA | DINAS KESEHATAN | Bidang Pencegahan dan Pengendalian Penyakit | Seksi Pencegahan dan Pengendalian Penyakit Tidak Menular dan Kesehatan Jiwa,1,1,2500000,2800000,5,0,0,0,5.0
c8877c11-fdda-46d6-997c-9648a7291f12,Pemerintah Kab. Kapuas Hulu,CPNS,UMUM,PENGELOLA PENGADAAN BARANG/JASA AHLI PERTAMA,Pemerintah Kab. Kapuas hulu | Sekretariat Daerah | Asisten Perekonomian dan Pembangunan | Bagian Pengadaan Barang dan Jasa,1,1,2785700,3285700,7,0,0,0,7.0
59167da4-aa8e-4d07-bd55-c68e2468deac,Pemerintah Kab. Kepulauan Meranti,CPNS,UMUM,PENATA KELOLA LAYANAN KESEHATAN,PEMERINTAH KABUPATEN KEPULAUAN MERANTI | DINAS KESEHATAN | UPT PUSKESMAS SUNGAI TOHOR KECAMATAN TEBING TINGGI TIMUR,1,0,3000000,4000000,0,0,0,0,0.0
f06a2642-f841-4127-9045-924716f729b5,Pemerintah Kab. Kepulauan Meranti,CPNS,UMUM,PENATA KELOLA LAYANAN KESEHATAN,PEMERINTAH KABUPATEN KEPULAUAN MERANTI | DINAS KESEHATAN | UPT PUSKESMAS ALAI KECAMATAN TEBING TINGGI BARAT,1,0,3000000,4000000,2,0,0,0,2.0
e4bc3ad0-dd89-49c5-a95f-8247c9d2f646,Pemerintah Kab. Kepulauan Tanimbar,CPNS,UMUM,ANALIS KEBIJAKAN AHLI PERTAMA,KABUPATEN KEPULAUAN TANIMBAR | BADAN PERENCANAAN PEMBANGUNAN  DAERAH | BIDANG PENELITIAN DAN PENGEMBANGAN,1,1,1000000,2785700,0,0,0,0,0.0
0a7d764f-5ea7-4ec3-86df-169cf549cf97,Pemerintah Kab. Kepulauan Tanimbar,CPNS,UMUM,ARSIPARIS AHLI PERTAMA,KABUPATEN KEPULAUAN TANIMBAR | KECAMATAN WUARLABOBAR | Sekretariat | Sub Bagian Umum dan Kepegawaian,1,1,1000000,2785700,9,0,0,0,9.0
185bfecf-6eec-47dd-b178-1a53bcdfcb65,Pemerintah Kab. Kepulauan Tanimbar,CPNS,UMUM,PENATA KELOLA LAYANAN KESEHATAN,KABUPATEN KEPULAUAN TANIMBAR | DINAS KESEHATAN | RSUD dr.PP. MAGRETTY | Subbagian Tata Usaha RSUD dr. PP. Magretty,1,1,1000000,2785700,2,0,0,0,2.0
c640e7a0-89fc-4c32-aee7-6f818ea31c60,Pemerintah Kab. Kerinci,CPNS,UMUM,ARSIPARIS AHLI PERTAMA,"PEMERINTAH KABUPATEN KERINCI | SEKRETARIS DAERAH | DINAS LINGKUNGAN HIDUP | SEKRETARIAT | SUB BAGIAN PERENCANAAN, KEUANGAN DAN PELAPORAN",1,0,2785700,6331513,134,0,0,0,134.0
94363a1e-f4aa-4dac-8ef6-db17721002ec,Pemerintah Kab. Konawe Selatan,CPNS,UMUM,ANALIS KEBIJAKAN AHLI PERTAMA,Pemerintah Kab. Konawe Selatan | Sekretariat Daerah Kab. Konawe Selatan | Dinas Kesehatan | Sekretariat Dinas Kesehatan,1,1,2785700,3585700,15,0,0,0,15.0
0420b159-de6b-4cfa-a4eb-2a2a89c2535a,Pemerintah Kab. Kotabaru,CPNS,UMUM,PENATA KELOLA LAYANAN KESEHATAN,PEMERINTAH KABUPATEN KOTABARU | DINAS KESEHATAN | PUSKESMAS PANTAI,1,1,2785700,7166024,1,0,0,0,1.0
0bb3650d-65f2-4587-951d-32f20dd68476,Pemerintah Kab. Kotabaru,CPNS,UMUM,PENATA KELOLA LAYANAN KESEHATAN,PEMERINTAH KABUPATEN KOTABARU | DINAS KESEHATAN | PUSKESMAS GUNUNG BATU BESAR,1,1,2785700,7166024,0,0,0,0,0.0
144e825b-3ece-4b6f-9915-9a39d46e7008,Pemerintah Kab. Kotabaru,CPNS,UMUM,PENATA KELOLA LAYANAN KESEHATAN,PEMERINTAH KABUPATEN KOTABARU | DINAS KESEHATAN | PUSKESMAS BANIAN,1,1,2785700,7166024,1,0,0,0,1.0
1d86790f-35f0-4220-8565-e888cdeb60a7,Pemerintah Kab. Kotabaru,CPNS,UMUM,PENATA KELOLA LAYANAN KESEHATAN,PEMERINTAH KABUPATEN KOTABARU | DINAS KESEHATAN | PUSKESMAS SUNGAI BALI,1,1,2785700,7166024,2,0,0,0,2.0
28df90d0-ddd8-469f-8ab2-5f01d8aaaba0,Pemerintah Kab. Kotabaru,CPNS,UMUM,PENATA KELOLA LAYANAN KESEHATAN,PEMERINTAH KABUPATEN KOTABARU | DINAS KESEHATAN | PUSKESMAS MARABATUAN,1,1,2785700,7166024,1,0,0,0,1.0
29c5e751-cedc-4920-b350-8c1ff76ba7fc,Pemerintah Kab. Kotabaru,CPNS,UMUM,PENATA KELOLA LAYANAN KESEHATAN,PEMERINTAH KABUPATEN KOTABARU | DINAS KESEHATAN | PUSKESMAS TANJUNG LALAK,1,1,2785700,7166024,1,0,0,0,1.0
2b522773-4824-4289-96d9-e351c4b0d3be,Pemerintah Kab. Kotabaru,CPNS,UMUM,PENATA KELOLA LAYANAN KESEHATAN,PEMERINTAH KABUPATEN KOTABARU | DINAS KESEHATAN | PUSKESMAS KOTABARU,1,1,2785700,7166024,1,0,0,0,1.0
3beba857-7d9e-4488-b88f-c90e6aabf59b,Pemerintah Kab. Kotabaru,CPNS,UMUM,PENATA KELOLA LAYANAN KESEHATAN,PEMERINTAH KABUPATEN KOTABARU | DINAS KESEHATAN | BIDANG KESEHATAN MASYARAKAT,1,1,2785700,7166000,14,0,0,0,14.0
4866dee0-2fbe-4df9-9bb6-d9183efab3ce,Pemerintah Kab. Kotabaru,CPNS,UMUM,PENATA KELOLA LAYANAN KESEHATAN,PEMERINTAH KABUPATEN KOTABARU | DINAS KESEHATAN | PUSKESMAS SUNGAI DURIAN,1,1,2785700,7166024,2,0,0,0,2.0
4de266b7-75f4-4215-9b8f-0ae19c4b1d3a,Pemerintah Kab. Kotabaru,CPNS,UMUM,PENATA KELOLA LAYANAN KESEHATAN,PEMERINTAH KABUPATEN KOTABARU | DINAS KESEHATAN | PUSKESMAS HAMPANG,1,1,2785700,7166024,0,0,0,0,0.0
62ddaae1-cd73-4295-9c45-b850d82bec20,Pemerintah Kab. Kotabaru,CPNS,UMUM,PENATA KELOLA LAYANAN KESEHATAN,PEMERINTAH KABUPATEN KOTABARU | DINAS KESEHATAN | PUSKESMAS TANJUNG BATU,1,1,2785700,7166024,2,0,0,0,2.0
680ed12d-edfe-4b96-88ac-0f947cf60a39,Pemerintah Kab. Kotabaru,CPNS,UMUM,PENATA KELOLA LAYANAN KESEHATAN,PEMERINTAH KABUPATEN KOTABARU | DINAS KESEHATAN | PUSKESMAS SUNGAI KUPANG,1,1,2785700,7166024,3,0,0,0,3.0
717c0305-b1c9-48ca-9b11-700255ffaf93,Pemerintah Kab. Kotabaru,CPNS,UMUM,PENATA KELOLA LAYANAN KESEHATAN,PEMERINTAH KABUPATEN KOTABARU | DINAS KESEHATAN | PUSKESMAS TANJUNG SELAYAR,1,1,2785700,7166024,1,0,0,0,1.0
763ca1e4-303f-4eee-9a4e-fcd07df3eab3,Pemerintah Kab. Kotabaru,CPNS,UMUM,PENATA KELOLA LAYANAN KESEHATAN,"PEMERINTAH KABUPATEN KOTABARU | DINAS KESEHATAN | UPTD RUMAH SAKIT UMUM DAERAH SENGAYAM | SEKSI PELAYANAN MEDIK, PENUNJANG MEDIK DAN KEFARMASIAN",5,1,2785700,7166024,37,0,0,0,7.4
89e6a0a1-5d88-4ff9-b80f-b6b2e6082047,Pemerintah Kab. Kotabaru,CPNS,UMUM,PENATA KELOLA LAYANAN KESEHATAN,PEMERINTAH KABUPATEN KOTABARU | DINAS KESEHATAN | UPTD INSTALASI FARMASI,1,1,2785700,7166024,4,0,0,0,4.0
9387cf59-bb24-4e0b-b971-baf03fbb4815,Pemerintah Kab. Kotabaru,CPNS,UMUM,PENATA KELOLA LAYANAN KESEHATAN,PEMERINTAH KABUPATEN KOTABARU | DINAS KESEHATAN | PUSKESMAS TANJUNG SELOKA,1,1,2785700,7166024,1,0,0,0,1.0
a13cf8d9-2082-4dd5-8b5d-3708c9af4aa1,Pemerintah Kab. Kotabaru,CPNS,UMUM,PENATA KELOLA LAYANAN KESEHATAN,PEMERINTAH KABUPATEN KOTABARU | DINAS KESEHATAN | PUSKESMAS PAMUKAN II,1,1,2785700,7166024,0,0,0,0,0.0
a4c07357-4061-423e-b5e5-90e6a116cf45,Pemerintah Kab. Kotabaru,CPNS,UMUM,PENATA KELOLA LAYANAN KESEHATAN,PEMERINTAH KABUPATEN KOTABARU | DINAS KESEHATAN | PUSKESMAS KELUMPANG F,1,1,2785700,7166024,1,0,0,0,1.0
a7824dfe-3ab0-47ec-ac79-509e71c6e6eb,Pemerintah Kab. Kotabaru,CPNS,UMUM,PENATA KELOLA LAYANAN KESEHATAN,PEMERINTAH KABUPATEN KOTABARU | DINAS KESEHATAN | PUSKESMAS PUDI,1,1,2785700,7166024,3,0,0,0,3.0
a7df7776-ff54-4062-8704-b88730be7e0d,Pemerintah Kab. Kotabaru,CPNS,UMUM,PENATA KELOLA LAYANAN KESEHATAN,PEMERINTAH KABUPATEN KOTABARU | DINAS KESEHATAN | PUSKESMAS SEBATUNG,1,1,2785700,7166024,4,0,0,0,4.0
ae080843-a8f7-4f1f-9ebf-a53ee5a8b4c2,Pemerintah Kab. Kotabaru,CPNS,UMUM,PENATA KELOLA LAYANAN KESEHATAN,PEMERINTAH KABUPATEN KOTABARU | DINAS KESEHATAN | PUSKESMAS SENGAYAM,1,1,2785700,7166024,1,0,0,0,1.0
bf74df29-6533-41c7-8c9f-375486096e64,Pemerintah Kab. Kotabaru,CPNS,UMUM,PENATA KELOLA LAYANAN KESEHATAN,PEMERINTAH KABUPATEN KOTABARU | DINAS KESEHATAN | PUSKESMAS BUNGKUKAN,1,1,2785700,7166024,1,0,0,0,1.0
ce33dc08-1e1b-445e-bd8c-6af2b052d894,Pemerintah Kab. Kotabaru,CPNS,UMUM,PENATA KELOLA LAYANAN KESEHATAN,PEMERINTAH KABUPATEN KOTABARU | DINAS KESEHATAN | PUSKESMAS BERANGAS,1,1,2785700,7166024,2,0,0,0,2.0
ce46af21-98ad-4aed-852e-44c534e9646f,Pemerintah Kab. Kotabaru,CPNS,UMUM,PENATA KELOLA LAYANAN KESEHATAN,PEMERINTAH KABUPATEN KOTABARU | DINAS KESEHATAN | PUSKESMAS LONTAR,1,1,2785700,7166024,0,0,0,0,0.0
d4b0c427-1a9b-4413-a40e-b2139babfdc6,Pemerintah Kab. Kotabaru,CPNS,UMUM,PENATA KELOLA LAYANAN KESEHATAN,PEMERINTAH KABUPATEN KOTABARU | DINAS KESEHATAN | PUSKESMAS BAKAU,1,1,2785700,7166024,2,0,0,0,2.0
da48e491-3d69-4424-a9a6-a5e69aaf6c61,Pemerintah Kab. Kotabaru,CPNS,UMUM,PENATA KELOLA LAYANAN KESEHATAN,PEMERINTAH KABUPATEN KOTABARU | DINAS KESEHATAN | PUSKESMAS TAMIANG GERONGGANG,1,1,2785700,7166024,2,0,0,0,2.0
e3d911e8-4cc5-4b8c-8509-71e31970e75c,Pemerintah Kab. Kotabaru,CPNS,UMUM,PENATA KELOLA LAYANAN KESEHATAN,PEMERINTAH KABUPATEN KOTABARU | DINAS KESEHATAN | PUSKESMAS TANJUNG SAMALANTAKAN,1,1,2785700,7166024,1,0,0,0,1.0
f6050f35-ad2b-4cdb-8787-c866454840c6,Pemerintah Kab. Kotabaru,CPNS,UMUM,PENATA KELOLA LAYANAN KESEHATAN,PEMERINTAH KABUPATEN KOTABARU | DINAS KESEHATAN | PUSKESMAS SAMPANAHAN,1,1,2785700,7166024,1,0,0,0,1.0
fddb832c-94c8-4bd5-ba50-a90101869ac3,Pemerintah Kab. Kotabaru,CPNS,UMUM,PENATA KELOLA LAYANAN KESEHATAN,PEMERINTAH KABUPATEN KOTABARU | DINAS KESEHATAN | PUSKESMAS MEKARPURA,1,1,2785700,7166024,3,0,0,0,3.0
8a0384b491502874019153c15a8d08ab,Pemerintah Kab. Kotawaringin Barat,CPNS,PENYANDANG DISABILITAS,PENATA KELOLA LAYANAN KESEHATAN,PEMERINTAH KABUPATEN KOTAWARINGIN BARAT | DINAS KESEHATAN | BIDANG SUMBER DAYA KESEHATAN,1,1,2700000,2900000,0,0,0,0,0.0
24e44fb0-2bdc-459f-924d-ba4eee28131a,Pemerintah Kab. Kotawaringin Barat,CPNS,UMUM,PENATA KELOLA LAYANAN KESEHATAN,PEMERINTAH KABUPATEN KOTAWARINGIN BARAT | DINAS KESEHATAN | PUSKESMAS | PUSKESMAS KUMAI,1,1,2700000,2900000,5,0,0,0,5.0
3147aa61-5555-4f49-aa5e-dd6365a50b50,Pemerintah Kab. Kotawaringin Barat,CPNS,UMUM,PENATA KELOLA LAYANAN KESEHATAN,PEMERINTAH KABUPATEN KOTAWARINGIN BARAT | DINAS KESEHATAN | PUSKESMAS | PUSKESMAS ARUT SELATAN,1,1,2700000,2900000,4,0,0,0,4.0
37ad46d9-196d-4afd-870c-919f17b5ef1c,Pemerintah Kab. Kotawaringin Barat,CPNS,UMUM,PENATA KELOLA LAYANAN KESEHATAN,PEMERINTAH KABUPATEN KOTAWARINGIN BARAT | DINAS KESEHATAN | PUSKESMAS | PUSKESMAS NATAI PELINGKAU,1,1,2700000,2900000,6,0,0,0,6.0
4015d2f9-2f5b-4881-b25c-2c0ee6fe0828,Pemerintah Kab. Kotawaringin Barat,CPNS,UMUM,PENATA KELOLA LAYANAN KESEHATAN,PEMERINTAH KABUPATEN KOTAWARINGIN BARAT | DINAS KESEHATAN | BIDANG SUMBER DAYA KESEHATAN,1,1,2700000,2900000,8,0,0,0,8.0
41ad29aa-67a5-4a2d-8ce1-61496430459e,Pemerintah Kab. Kotawaringin Barat,CPNS,UMUM,PENATA KELOLA LAYANAN KESEHATAN,PEMERINTAH KABUPATEN KOTAWARINGIN BARAT | DINAS KESEHATAN | PUSKESMAS | PUSKESMAS KOTAWARINGIN LAMA,1,1,2700000,2900000,1,0,0,0,1.0
4c35158a-f85f-4cdd-afd0-5d17cd130ded,Pemerintah Kab. Kotawaringin Barat,CPNS,UMUM,PENATA KELOLA LAYANAN KESEHATAN,PEMERINTAH KABUPATEN KOTAWARINGIN BARAT | RSUD KUTARINGIN | SEKSI PELAYANAN MEDIK DAN KEPERAWATAN,1,1,2700000,2900000,1,0,0,0,1.0
5c02b344-715b-4004-b05a-1d707c1a6c53,Pemerintah Kab. Kotawaringin Barat,CPNS,UMUM,PENATA KELOLA LAYANAN KESEHATAN,PEMERINTAH KABUPATEN KOTAWARINGIN BARAT | DINAS KESEHATAN | PUSKESMAS | PUSKESMAS PANDU SANJAYA,1,1,2700000,2900000,3,0,0,0,3.0
674d2ccd-4074-4e9c-b4db-4dda71bed31a,Pemerintah Kab. Kotawaringin Barat,CPNS,UMUM,PENATA KELOLA LAYANAN KESEHATAN,PEMERINTAH KABUPATEN KOTAWARINGIN BARAT | DINAS KESEHATAN | PUSKESMAS | PUSKESMAS PANGKALAN LADA,1,1,2700000,2900000,2,0,0,0,2.0
67a2562e-935f-49ea-8167-31c5e26147c8,Pemerintah Kab. Kotawaringin Barat,CPNS,UMUM,PENATA KELOLA LAYANAN KESEHATAN,PEMERINTAH KABUPATEN KOTAWARINGIN BARAT | DINAS KESEHATAN | PUSKESMAS | PUSKESMAS KUMPAI BATU ATAS,1,1,2700000,2900000,4,0,0,0,4.0
8895d9ee-6826-4b30-991f-38cb625d0cf6,Pemerintah Kab. Kotawaringin Barat,CPNS,UMUM,PENATA KELOLA LAYANAN KESEHATAN,PEMERINTAH KABUPATEN KOTAWARINGIN BARAT | DINAS KESEHATAN | PUSKESMAS | PUSKESMAS ARUT UTARA,1,1,2700000,2900000,1,0,0,0,1.0
8a080cec-e35a-45da-ab67-c82f52109eb5,Pemerintah Kab. Kotawaringin Barat,CPNS,UMUM,PENATA KELOLA LAYANAN KESEHATAN,PEMERINTAH KABUPATEN KOTAWARINGIN BARAT | DINAS KESEHATAN | PUSKESMAS | PUSKESMAS RIAM DURIAN,1,1,2700000,2900000,3,0,0,0,3.0
8e9c34b3-e27d-41b9-ae07-04ff0c57a1dd,Pemerintah Kab. Kotawaringin Barat,CPNS,UMUM,PENATA KELOLA LAYANAN KESEHATAN,PEMERINTAH KABUPATEN KOTAWARINGIN BARAT | DINAS KESEHATAN | PUSKESMAS | PUSKESMAS MADUREJO,1,1,2700000,2900000,3,0,0,0,3.0
9a9fc91a-3ee8-4969-a2e1-ceb9aa4a0253,Pemerintah Kab. Kotawaringin Barat,CPNS,UMUM,PENATA KELOLA LAYANAN KESEHATAN,PEMERINTAH KABUPATEN KOTAWARINGIN BARAT | DINAS KESEHATAN | PUSKESMAS | PUSKESMAS RUNTU,1,1,2700000,2900000,1,0,0,0,1.0
a8187c4d-8773-4541-9270-5ed5705a6ebc,Pemerintah Kab. Kotawaringin Barat,CPNS,UMUM,PENATA KELOLA LAYANAN KESEHATAN,PEMERINTAH KABUPATEN KOTAWARINGIN BARAT | DINAS KESEHATAN | PUSKESMAS | PUSKESMAS MENDAWAI,1,1,2700000,2900000,2,0,0,0,2.0
af36bdd7-d38a-4b93-a2ee-ca805b180b92,Pemerintah Kab. Kotawaringin Barat,CPNS,UMUM,PENATA KELOLA LAYANAN KESEHATAN,PEMERINTAH KABUPATEN KOTAWARINGIN BARAT | DINAS KESEHATAN | PUSKESMAS | PUSKESMAS TELUK BOGAM,1,1,2700000,2900000,3,0,0,0,3.0
baf36cc7-191f-4528-88db-7533f3a1811d,Pemerintah Kab. Kotawaringin Barat,CPNS,UMUM,PENATA KELOLA LAYANAN KESEHATAN,PEMERINTAH KABUPATEN KOTAWARINGIN BARAT | DINAS KESEHATAN | PUSKESMAS | PUSKESMAS SAMBI,1,1,2700000,2900000,2,0,0,0,2.0
cc886551-f7ad-4d12-bbc1-290e44e7b4bd,Pemerintah Kab. Kotawaringin Barat,CPNS,UMUM,PENATA KELOLA LAYANAN KESEHATAN,PEMERINTAH KABUPATEN KOTAWARINGIN BARAT | DINAS KESEHATAN | PUSKESMAS | PUSKESMAS KARANG MULYA,1,1,2700000,2900000,1,0,0,0,1.0
d7adde29-1d85-4411-8c65-67ffceb70b78,Pemerintah Kab. Kotawaringin Barat,CPNS,UMUM,PENATA KELOLA LAYANAN KESEHATAN,PEMERINTAH KABUPATEN KOTAWARINGIN BARAT | DINAS KESEHATAN | PUSKESMAS | PUSKESMAS SUNGAI RANGIT,1,1,2700000,2900000,2,0,0,0,2.0
f34cc94b-f0da-4b35-86ff-7ea85ebf277e,Pemerintah Kab. Kotawaringin Barat,CPNS,UMUM,PENATA KELOLA LAYANAN KESEHATAN,PEMERINTAH KABUPATEN KOTAWARINGIN BARAT | DINAS KESEHATAN | PUSKESMAS | PUSKESMAS SEMANGGANG,1,1,2700000,2900000,2,0,0,0,2.0
fe453931-70a6-4be5-89e7-fef81dc95523,Pemerintah Kab. Kotawaringin Barat,CPNS,UMUM,PENATA KELOLA LAYANAN KESEHATAN,PEMERINTAH KABUPATEN KOTAWARINGIN BARAT | DINAS KESEHATAN | PUSKESMAS | PUSKESMAS IPUH BANGUN JAYA,1,1,2700000,2900000,1,0,0,0,1.0
25d45e75-fab1-4bd0-945c-9997cc95b619,Pemerintah Kab. Kotawaringin Timur,CPNS,UMUM,PENATA KELOLA LAYANAN KESEHATAN,Pemerintah Kabupaten Kotawaringin Timur | RSUD PARENGGEAN | SUB BAGIAN TATA USAHA,1,0,2785700,3790378,18,0,0,0,18.0
266c11da-a314-44c2-9aa5-b795c16e5d2f,Pemerintah Kab. Kotawaringin Timur,CPNS,UMUM,PENATA KELOLA LAYANAN KESEHATAN,"Pemerintah Kabupaten Kotawaringin Timur | RSUD dr. MURJANI | WAKIL DIREKTUR UMUM, ANGGARAN DAN KEUANGAN | BAGIAN ANGGARAN DAN BARANG MILIK DAERAH | SUB BAGIAN BARANG MILIK DAERAH",1,0,2785700,3790378,20,0,0,0,20.0
bca8d8c9-4169-4b0b-ab00-0a919db18c51,Pemerintah Kab. Kotawaringin Timur,CPNS,UMUM,PENATA KELOLA LAYANAN KESEHATAN,"Pemerintah Kabupaten Kotawaringin Timur | RSUD dr. MURJANI | WAKIL DIREKTUR UMUM, ANGGARAN DAN KEUANGAN | BAGIAN KEUANGAN | SUB BAGIAN AKUNTANSI",1,0,2785700,3790378,7,0,0,0,7.0
d5173608-8d17-44a5-a6ad-cc6786d9dd07,Pemerintah Kab. Kotawaringin Timur,CPNS,UMUM,PENATA KELOLA LAYANAN KESEHATAN,"Pemerintah Kabupaten Kotawaringin Timur | RSUD dr. MURJANI | WAKIL DIREKTUR UMUM, ANGGARAN DAN KEUANGAN | BAGIAN UMUM | SUB BAGIAN TATA USAHA",1,0,2785700,3790378,45,0,0,0,45.0
eb0a11e4-d887-4330-9800-ad64420fb416,Pemerintah Kab. Kotawaringin Timur,CPNS,UMUM,PENATA KELOLA LAYANAN KESEHATAN,Pemerintah Kabupaten Kotawaringin Timur | RSUD PARENGGEAN | SEKSI PELAYANAN PENUNJANG,1,0,2785700,3790378,16,0,0,0,16.0
f554dd9c-98ef-427c-b70e-19989951d4a9,Pemerintah Kab. Kuantan Singingi,CPNS,UMUM,PENATA KELOLA LAYANAN KESEHATAN,PEMERINTAH KABUPATEN KUANTAN SINGINGI | DINAS KESEHATAN | BIDANG KESEHATAN MASYARAKAT,1,0,3203600,5261500,45,0,0,0,45.0
0840de6c-9c2a-4f7c-8e00-a080eb872a41,Pemerintah Kab. Kupang,CPNS,UMUM,PENATA KELOLA LAYANAN KESEHATAN,PEMERINTAH KABUPATEN KUPANG | SEKRETARIAT DAERAH | DINAS KESEHATAN | UPTD PUSKESMAS | UPTD PUSKESMAS OEMASI KECAMATAN NEKAMESE | SUB BAGIAN TATA USAHA UPTD PUSKESMAS OEMASI KEC. NEKAMESE,1,1,2000000,4000000,0,0,0,0,0.0
33168b83-71ec-4f34-9e4e-a1741397913e,Pemerintah Kab. Kupang,CPNS,UMUM,PENATA KELOLA LAYANAN KESEHATAN,PEMERINTAH KABUPATEN KUPANG | SEKRETARIAT DAERAH | DINAS KESEHATAN | UPTD PUSKESMAS | UPTD PUSKESMAS BATAKTE KECAMATAN KUPANG BARAT | SUB BAGIAN TATA USAHA UPTD PUSKESMAS BATAKTE KEC. KUPANG BARAT,1,1,2000000,4000000,0,0,0,0,0.0
3b2b9874-4f7e-44c5-8c44-ed32ee0546b9,Pemerintah Kab. Kupang,CPNS,UMUM,PENATA KELOLA LAYANAN KESEHATAN,PEMERINTAH KABUPATEN KUPANG | SEKRETARIAT DAERAH | DINAS KESEHATAN | UPTD PUSKESMAS | UPTD PUSKESMAS FATUKANUTU KECAMATAN AMABI OEFETO | SUB BAGIAN TATA USAHA UPTD PUSKESMAS FATUKANUTU KEC. AMABI OEFETO,1,1,2000000,4000000,0,0,0,0,0.0
5d15171d-b3eb-4fef-863e-b1d9bbe0c9f8,Pemerintah Kab. Kupang,CPNS,UMUM,PENATA KELOLA LAYANAN KESEHATAN,PEMERINTAH KABUPATEN KUPANG | SEKRETARIAT DAERAH | DINAS KESEHATAN | UPTD PUSKESMAS | UPTD PUSKESMAS AKLE KECAMATAN SEMAU SELATAN | SUB BAGIAN TATA USAHA UPTD PUSKESMAS AKLE KEC. SEMAU SELATAN,1,0,2000000,4000000,0,0,0,0,0.0
6f3aefce-1798-4e18-98f9-df48ac1b3dc2,Pemerintah Kab. Kupang,CPNS,UMUM,PENATA KELOLA LAYANAN KESEHATAN,PEMERINTAH KABUPATEN KUPANG | SEKRETARIAT DAERAH | DINAS KESEHATAN | UPTD PUSKESMAS | UPTD PUSKESMAS OELBITENO KECAMATAN FATULEU TENGAH | SUB BAGIAN TATA USAHA UPTD PUSKESMAS OELBITENO KEC. FATULEU TENGAH,1,1,2000000,4000000,0,0,0,0,0.0
7472c3e7-4a48-4da5-b1c8-f833d7d89ac4,Pemerintah Kab. Kupang,CPNS,UMUM,PENATA KELOLA LAYANAN KESEHATAN,PEMERINTAH KABUPATEN KUPANG | SEKRETARIAT DAERAH | DINAS KESEHATAN | UPTD PUSKESMAS | UPTD PUSKESMAS SULAMU KECAMATAN SULAMU | SUB BAGIAN TATA USAHA UPTD PUSKESMAS SULAMU KEC.SULAMU,1,1,2000000,4000000,0,0,0,0,0.0
99f272f4-45da-46f9-aa41-9ad3a379b978,Pemerintah Kab. Kupang,CPNS,UMUM,PENATA KELOLA LAYANAN KESEHATAN,PEMERINTAH KABUPATEN KUPANG | SEKRETARIAT DAERAH | DINAS KESEHATAN | UPTD PUSKESMAS | UPTD PUSKESMAS TARUS KECAMATAN KUPANG TENGAH | SUB BAGIAN TATA USAHA UPTD PUSKESMAS TARUS KEC. KUPANG TENGAH,1,1,2000000,4000000,0,0,0,0,0.0
9b3660da-2938-42c5-af79-51cf90c20abc,Pemerintah Kab. Kupang,CPNS,UMUM,PENATA KELOLA LAYANAN KESEHATAN,PEMERINTAH KABUPATEN KUPANG | SEKRETARIAT DAERAH | DINAS KESEHATAN | UPTD PUSKESMAS | UPTD PUSKESMAS UITAO KECAMATAN SEMAU | SUB BAGIAN TATA USAHA UPTD PUSKESMAS UITAO KEC. SEMAU,1,0,200000,4000000,0,0,0,0,0.0
bd18f6e7-3fe7-48d6-bad3-7b675360f840,Pemerintah Kab. Kupang,CPNS,UMUM,PENATA KELOLA LAYANAN KESEHATAN,PEMERINTAH KABUPATEN KUPANG | SEKRETARIAT DAERAH | DINAS KESEHATAN | UPTD PUSKESMAS | UPTD PUSKESMAS BAUN KECAMATAN AMARASI BARAT | SUB BAGIAN TATA USAHA UPTD PUSKESMAS BAUN KEC. AMARASI BARAT,1,1,2000000,4000000,0,0,0,0,0.0
daf63610-a075-48da-9f89-dc755be97ac7,Pemerintah Kab. Kupang,CPNS,UMUM,PENATA KELOLA LAYANAN KESEHATAN,PEMERINTAH KABUPATEN KUPANG | SEKRETARIAT DAERAH | DINAS KESEHATAN | UPTD PUSKESMAS | UPTD PUSKESMAS CAMPLONG KECAMATAN FATULEU | SUB BAGIAN TATA USAHA UPTD PUSKESMAS CAMPLONG KEC. FATULEU,1,1,2000000,4000000,0,0,0,0,0.0
de73f2e0-4132-4768-b694-d060576d66ca,Pemerintah Kab. Kupang,CPNS,UMUM,PENATA KELOLA LAYANAN KESEHATAN,PEMERINTAH KABUPATEN KUPANG | SEKRETARIAT DAERAH | RUMAH SAKIT UMUM DAERAH NAIBONAT KELAS C | BIDANG PELAYANAN - RUMAH SAKIT UMUM DAERAH NAIBONAT KELAS C | SEKSI PELAYANAN TINDAK MEDIK DAN KOMPLEMENTER - RUMAH SAKIT UMUM DAERAH NAIBONAT KELAS C,2,1,2000000,4000000,8,0,0,0,4.0
e582f3ae-ca1c-48e1-b8a2-872f7c0f4090,Pemerintah Kab. Kupang,CPNS,UMUM,PENATA KELOLA LAYANAN KESEHATAN,PEMERINTAH KABUPATEN KUPANG | SEKRETARIAT DAERAH | DINAS KESEHATAN | UPTD PUSKESMAS | UPTD PUSKESMAS OENUNTONO KECAMATAN AMABI OEFETO TIMUR | SUB BAGIAN TATA USAHA UPTD PUSKESMAS OENUNTONO KEC. AMABI OEFETO TIMUR,1,0,2000000,4000000,4,0,0,0,4.0
f4c065b8-9887-4e50-b1e0-1780ea342073,Pemerintah Kab. Kupang,CPNS,UMUM,PENATA KELOLA LAYANAN KESEHATAN,PEMERINTAH KABUPATEN KUPANG | SEKRETARIAT DAERAH | DINAS KESEHATAN | UPTD PUSKESMAS | UPTD PUSKESMAS BAUMATA KECAMATAN TAEBENU | SUB BAGIAN TATA USAHA UPTD PUSKESMAS BAUMATA KEC. TAEBENU,1,1,2000000,4000000,0,0,0,0,0.0
5c021861-342a-47f2-9e73-2b10c7e02127,Pemerintah Kab. Kutai Timur,CPNS,UMUM,ARSIPARIS AHLI PERTAMA,PEMERINTAH KABUPATEN KUTAI TIMUR                                       | DINAS PERPUSTAKAAN DAN KEARSIPAN | BIDANG PEMBINAAN DAN PENGAWASAN KEARSIPAN,2,1,2785700,9834489,62,0,0,0,31.0
c43acc65-ed15-4ee7-8ca4-5906190f68e9,Pemerintah Kab. Kutai Timur,CPNS,UMUM,ARSIPARIS AHLI PERTAMA,PEMERINTAH KABUPATEN KUTAI TIMUR                                       | DINAS PERPUSTAKAAN DAN KEARSIPAN | BIDANG PENGELOLAAN KEARSIPAN,2,1,2785700,9834489,79,0,0,0,39.5
e5f9cdd6-652b-421d-9088-453c12b57c6c,Pemerintah Kab. Kutai Timur,CPNS,UMUM,PENGELOLA PENGADAAN BARANG/JASA AHLI PERTAMA,PEMERINTAH KABUPATEN KUTAI TIMUR                                       | SEKRETARIAT DAERAH | ASISTEN PEREKONOMIAN DAN PEMBANGUNAN | BAGIAN PENGADAAN BARANG DAN JASA,5,1,2785700,9834489,269,0,0,0,53.8
e724fabb-7443-461c-989c-f588826f8934,Pemerintah Kab. Lahat,CPNS,UMUM,ANALIS KEBIJAKAN AHLI PERTAMA,PEMERINTAH KABUPATEN LAHAT | DINAS KESEHATAN | BIDANG PELAYANAN KESEHATAN,1,1,2785700,3285700,0,0,0,0,0.0
13597c36-f836-4fdb-a6bf-d4dcddb95cd9,Pemerintah Kab. Lamongan,CPNS,UMUM,PENATA KELOLA LAYANAN KESEHATAN,PEMERINTAH KABUPATEN LAMONGAN | DINAS KESEHATAN | BIDANG PENCEGAHAN DAN PENGENDALIAN PENYAKIT,1,1,3000000,4500000,15,0,0,0,15.0
20b6f02c-bc0a-4b04-b351-d8a12e254186,Pemerintah Kab. Lamongan,CPNS,UMUM,PENATA KELOLA LAYANAN KESEHATAN,PEMERINTAH KABUPATEN LAMONGAN | DINAS KESEHATAN | BIDANG PELAYANAN KESEHATAN,1,1,3000000,4500000,18,0,0,0,18.0
21c3d976-8493-4733-8fa3-ede417d35740,Pemerintah Kab. Lamongan,CPNS,UMUM,PENATA KELOLA LAYANAN KESEHATAN,PEMERINTAH KABUPATEN LAMONGAN | RUMAH SAKIT UMUM DAERAH KARANGKEMBANG | SUB BAGIAN UMUM KEPEGAWAIAN DAN KEUANGAN,1,1,3000000,4500000,7,0,0,0,7.0
82cbf403-8329-4379-bddb-9027b5f41dff,Pemerintah Kab. Lamongan,CPNS,UMUM,PENATA KELOLA LAYANAN KESEHATAN,PEMERINTAH KABUPATEN LAMONGAN | DINAS KESEHATAN | BIDANG KESEHATAN MASYARAKAT,1,1,3000000,4500000,14,0,0,0,14.0
9b355275-598e-41f8-ba18-df7f3fd8a2ba,Pemerintah Kab. Lamongan,CPNS,UMUM,PENATA KELOLA LAYANAN KESEHATAN,PEMERINTAH KABUPATEN LAMONGAN | RUMAH SAKIT UMUM DAERAH DR. SOEGIRI | WAKIL DIREKTUR PELAYANAN DAN PENUNJANG | BIDANG PELAYANAN,1,1,3000000,4500000,12,0,0,0,12.0
b6f5608e-b6b3-40fd-a77f-22c6f617dc94,Pemerintah Kab. Lamongan,CPNS,UMUM,PENATA KELOLA LAYANAN KESEHATAN,PEMERINTAH KABUPATEN LAMONGAN | DINAS KESEHATAN | BIDANG SUMBERDAYA KESEHATAN,1,1,3000000,4500000,7,0,0,0,7.0
cda62113-f66d-4559-8a32-708aac2fec8e,Pemerintah Kab. Lamongan,CPNS,UMUM,PENATA KELOLA LAYANAN KESEHATAN,PEMERINTAH KABUPATEN LAMONGAN | RUMAH SAKIT UMUM DAERAH NGIMBANG | BIDANG PELAYANAN | SEKSI PELAYANAN MEDIK,1,1,3000000,4500000,10,0,0,0,10.0
010721f3-cd0c-45f9-a3aa-ffd2ce560fdb,Pemerintah Kab. Lebong,CPNS,UMUM,PENATA KELOLA LAYANAN KESEHATAN,PEMERINTAH KABUPATEN LEBONG | DINAS KESEHATAN | RSUD Lebong | SUB BAGIAN TATA USAHA,2,1,2785700,4575200,20,0,0,0,10.0
0c1ae1da-82c8-4058-8475-9fa8fc232c95,Pemerintah Kab. Lebong,CPNS,UMUM,PENATA KELOLA LAYANAN KESEHATAN,PEMERINTAH KABUPATEN LEBONG | DINAS KESEHATAN | PUSKESMAS TES | TATA USAHA,1,1,2785700,4575200,0,0,0,0,0.0
1233a755-41cb-4c12-864a-cb2fc60c9c36,Pemerintah Kab. Lebong,CPNS,UMUM,PENATA KELOLA LAYANAN KESEHATAN,PEMERINTAH KABUPATEN LEBONG | DINAS KESEHATAN | PUSKESMAS TAPUS | TATA USAHA,1,1,2785700,4575200,2,0,0,0,2.0
1aa3ecc9-1c38-4f36-88b5-6dc83bbbb533,Pemerintah Kab. Lebong,CPNS,UMUM,PENATA KELOLA LAYANAN KESEHATAN,PEMERINTAH KABUPATEN LEBONG | DINAS KESEHATAN | PUSKESMAS TABA ATAS | TATA USAHA,1,1,2785700,4575200,0,0,0,0,0.0
3a5170cc-50f9-4dde-bf92-a752d7de214f,Pemerintah Kab. Lebong,CPNS,UMUM,PENATA KELOLA LAYANAN KESEHATAN,PEMERINTAH KABUPATEN LEBONG | DINAS KESEHATAN | PUSKESMAS SEMELAKO | TATA USAHA,1,1,2785700,4575200,0,0,0,0,0.0
4551fe21-a1fc-4a69-b0c5-5c1c02b7b35d,Pemerintah Kab. Lebong,CPNS,UMUM,PENATA KELOLA LAYANAN KESEHATAN,PEMERINTAH KABUPATEN LEBONG | DINAS KESEHATAN | PUSKESMAS LIMAUPIT | TATA USAHA,1,1,2785700,4575200,1,0,0,0,1.0
4d575bd0-c9ff-4649-b608-2bf513cb587e,Pemerintah Kab. Lebong,CPNS,UMUM,PENATA KELOLA LAYANAN KESEHATAN,PEMERINTAH KABUPATEN LEBONG | DINAS KESEHATAN | PUSKESMAS MUARA AMAN | TATA USAHA,1,1,2785700,4575200,0,0,0,0,0.0
795105e8-a633-4bf3-bbb9-827fa5dbb695,Pemerintah Kab. Lebong,CPNS,UMUM,PENATA KELOLA LAYANAN KESEHATAN,PEMERINTAH KABUPATEN LEBONG | DINAS KESEHATAN | PUSKESMAS TALANG LEAK | TATA USAHA,1,1,2785700,4575200,0,0,0,0,0.0
896ce015-767d-4036-8892-f798cadc4d4e,Pemerintah Kab. Lebong,CPNS,UMUM,PENATA KELOLA LAYANAN KESEHATAN,PEMERINTAH KABUPATEN LEBONG | DINAS KESEHATAN | PUSKESMAS KETENONG | TATA USAHA,1,1,2785700,4575200,1,0,0,0,1.0
a9eb8b3a-6c71-4086-95af-4efd85358fce,Pemerintah Kab. Lebong,CPNS,UMUM,PENATA KELOLA LAYANAN KESEHATAN,PEMERINTAH KABUPATEN LEBONG | DINAS KESEHATAN | PUSKESMAS SUKA DATANG | TATA USAHA,1,1,2785700,4575200,1,0,0,0,1.0
b019a1f3-2b3e-4b3d-8ac2-d50498564407,Pemerintah Kab. Lebong,CPNS,UMUM,PENATA KELOLA LAYANAN KESEHATAN,PEMERINTAH KABUPATEN LEBONG | DINAS KESEHATAN | PUSKESMAS KOTA DONOK | TATA USAHA,1,1,2785700,4575200,2,0,0,0,2.0
be580f3c-f488-4b1c-a0b3-c80b4b3cfa5c,Pemerintah Kab. Lebong,CPNS,UMUM,PENATA KELOLA LAYANAN KESEHATAN,PEMERINTAH KABUPATEN LEBONG | DINAS KESEHATAN | PUSKESMAS KOTA BARU | TATA USAHA,1,1,2785700,4575200,0,0,0,0,0.0
c8fdf0f1-0f15-49a6-8e02-266113a65a58,Pemerintah Kab. Lebong,CPNS,UMUM,PENATA KELOLA LAYANAN KESEHATAN,PEMERINTAH KABUPATEN LEBONG | DINAS KESEHATAN | PUSKESMAS RIMBO PENGADANG | tata usaha,1,1,2785700,4575200,1,0,0,0,1.0
f7160994-799c-4fe7-b83a-d03a390bba25,Pemerintah Kab. Lebong,CPNS,UMUM,PENATA KELOLA LAYANAN KESEHATAN,PEMERINTAH KABUPATEN LEBONG | DINAS KESEHATAN | PUSKESMAS SUKARAJA | TATA USAHA,1,1,2785700,4575200,1,0,0,0,1.0
8a0384ba915598f4019158bce5951214,Pemerintah Kab. Lembata,CPNS,PENYANDANG DISABILITAS,PENATA KELOLA LAYANAN KESEHATAN,Pemerintah Daerah Kabupaten Lembata | DINAS KESEHATAN KAB. LEMBATA | KEPALA BIDANG KESEHATAN MASYARAKAT,2,1,3000000,3500000,0,0,0,0,0.0
8a0384ba915598f4019158becc2d132d,Pemerintah Kab. Lembata,CPNS,PENYANDANG DISABILITAS,PENATA KELOLA LAYANAN KESEHATAN,Pemerintah Daerah Kabupaten Lembata | DINAS KESEHATAN KAB. LEMBATA | KEPALA BIDANG PELAYANAN KESEHATAN,1,1,2785700,3500000,0,0,0,0,0.0
8a0384ba915598f4019158bfed6613f5,Pemerintah Kab. Lembata,CPNS,PENYANDANG DISABILITAS,PENATA KELOLA LAYANAN KESEHATAN,Pemerintah Daerah Kabupaten Lembata | RSUD Lewoleba | BIDANG PELAYANAN | seksi Pelayanan Keperawatan,1,1,2785700,3500000,0,0,0,0,0.0
8a0384ba915598f4019158c0ffdf1484,Pemerintah Kab. Lembata,CPNS,PENYANDANG DISABILITAS,PENATA KELOLA LAYANAN KESEHATAN,Pemerintah Daerah Kabupaten Lembata | DINAS KESEHATAN KAB. LEMBATA | UPTD Puskesmas Wairiang,1,1,2785700,3200000,0,0,0,0,0.0
8a0384ba915598f4019158c1dd181525,Pemerintah Kab. Lembata,CPNS,PENYANDANG DISABILITAS,PENATA KELOLA LAYANAN KESEHATAN,Pemerintah Daerah Kabupaten Lembata | DINAS KESEHATAN KAB. LEMBATA | PUSKESMAS WAIKNUIT,1,1,2785700,3154400,0,0,0,0,0.0
8a0384ba915598f4019158c440021642,Pemerintah Kab. Lembata,CPNS,PENYANDANG DISABILITAS,PENATA KELOLA LAYANAN KESEHATAN,Pemerintah Daerah Kabupaten Lembata | DINAS KESEHATAN KAB. LEMBATA | PUSKESMAS HADAKEWA,2,1,2785700,3500000,0,0,0,0,0.0
13d0caf0-9052-44f5-aa6c-ae61a324645f,Pemerintah Kab. Lembata,CPNS,UMUM,PENATA KELOLA LAYANAN KESEHATAN,Pemerintah Daerah Kabupaten Lembata | DINAS KESEHATAN KAB. LEMBATA | KEPALA BIDANG PENCEGAHAN DAN PENAGGULANGAN PENYAKIT,2,1,2785700,3500000,0,0,0,0,0.0
14d81c0b-b8ae-44f7-b299-ca5a1fb33d42,Pemerintah Kab. Lembata,CPNS,UMUM,PENATA KELOLA LAYANAN KESEHATAN,Pemerintah Daerah Kabupaten Lembata | DINAS KESEHATAN KAB. LEMBATA | PUSKESMAS LAMAAU,4,1,2000000,3000000,3,0,0,0,0.75
16601961-8615-4226-81d2-7bb4bbf00695,Pemerintah Kab. Lembata,CPNS,UMUM,PENATA KELOLA LAYANAN KESEHATAN,Pemerintah Daerah Kabupaten Lembata | DINAS KESEHATAN KAB. LEMBATA | PUSKESMAS WULANDONI,2,1,2000000,3000000,0,0,0,0,0.0
1b2198d4-30ed-4a0f-8907-2157e0169c05,Pemerintah Kab. Lembata,CPNS,UMUM,PENATA KELOLA LAYANAN KESEHATAN,Pemerintah Daerah Kabupaten Lembata | DINAS KESEHATAN KAB. LEMBATA | KEPALA BIDANG SUMBER DAYA KESEHATAN,2,1,2785700,3000000,0,0,0,0,0.0
1b66b687-58a1-4f40-a5b4-84716c2c75fa,Pemerintah Kab. Lembata,CPNS,UMUM,PENATA KELOLA LAYANAN KESEHATAN,Pemerintah Daerah Kabupaten Lembata | DINAS KESEHATAN KAB. LEMBATA | KEPALA BIDANG KESEHATAN MASYARAKAT,8,1,3000000,3500000,43,0,0,0,5.375
1e767589-626f-4446-b360-895ea97d73b4,Pemerintah Kab. Lembata,CPNS,UMUM,PENATA KELOLA LAYANAN KESEHATAN,Pemerintah Daerah Kabupaten Lembata | DINAS KESEHATAN KAB. LEMBATA | KEPALA BIDANG PELAYANAN KESEHATAN,2,1,2785700,3500000,1,0,0,0,0.5
30214b4e-af35-43fa-bca8-1874140abbef,Pemerintah Kab. Lembata,CPNS,UMUM,PENATA KELOLA LAYANAN KESEHATAN,Pemerintah Daerah Kabupaten Lembata | DINAS KESEHATAN KAB. LEMBATA | SEKRETARIS DINAS KESEHATAN KAB.LEMBATA | KASUBAG UMUM DAN KEPEGAWAIAN DINAS KESEHATAN,2,1,2785700,3000000,1,0,0,0,0.5
5574e4f5-18ec-4335-a632-01b09eb0d99c,Pemerintah Kab. Lembata,CPNS,UMUM,PENATA KELOLA LAYANAN KESEHATAN,Pemerintah Daerah Kabupaten Lembata | RSUD Lewoleba | BIDANG PELAYANAN | seksi Pelayanan Keperawatan,4,1,2785700,3500000,3,0,0,0,0.75
61b1896e-6ea9-4d6b-b28e-421442183d70,Pemerintah Kab. Lembata,CPNS,UMUM,PENATA KELOLA LAYANAN KESEHATAN,Pemerintah Daerah Kabupaten Lembata | DINAS KESEHATAN KAB. LEMBATA | UPTD Puskesmas Wairiang,4,1,2785700,3200000,2,0,0,0,0.5
682d357f-4ce7-4353-bfc4-42221441d2ba,Pemerintah Kab. Lembata,CPNS,UMUM,PENATA KELOLA LAYANAN KESEHATAN,Pemerintah Daerah Kabupaten Lembata | DINAS KESEHATAN KAB. LEMBATA | PUSKESMAS WAIPUKANG,5,1,2785700,3154400,9,0,0,0,1.8
6e5a5c45-7653-4c2c-92f8-b93805760cd5,Pemerintah Kab. Lembata,CPNS,UMUM,PENATA KELOLA LAYANAN KESEHATAN,Pemerintah Daerah Kabupaten Lembata | DINAS KESEHATAN KAB. LEMBATA | PUSKESMAS WAIKNUIT,4,1,2785700,3154400,3,0,0,0,0.75
7cbebb72-2265-4e6a-ab8e-eba7c9d3386a,Pemerintah Kab. Lembata,CPNS,UMUM,PENATA KELOLA LAYANAN KESEHATAN,Pemerintah Daerah Kabupaten Lembata | DINAS KESEHATAN KAB. LEMBATA | PUSKESMAS PADA,1,1,2785700,3500000,0,0,0,0,0.0
916c576b-4904-4853-a821-879cb2ef96dc,Pemerintah Kab. Lembata,CPNS,UMUM,PENATA KELOLA LAYANAN KESEHATAN,Pemerintah Daerah Kabupaten Lembata | DINAS KESEHATAN KAB. LEMBATA | PUSKESMAS BALAURING,1,1,2785900,3000000,0,0,0,0,0.0
a88fa6c4-8cfb-4b94-a334-c8fec1090cca,Pemerintah Kab. Lembata,CPNS,UMUM,PENATA KELOLA LAYANAN KESEHATAN,Pemerintah Daerah Kabupaten Lembata | DINAS KESEHATAN KAB. LEMBATA | PUSKESMAS LOANG,9,1,2785900,3000000,32,0,0,0,3.5555555555555554
c17ada39-8052-4ef0-812c-61403fddb952,Pemerintah Kab. Lembata,CPNS,UMUM,PENATA KELOLA LAYANAN KESEHATAN,Pemerintah Daerah Kabupaten Lembata | DINAS KESEHATAN KAB. LEMBATA | PUSKESMAS AUTAQNAPOQ,2,1,2000000,3000000,1,0,0,0,0.5
c318bad6-9f92-4bdc-a795-f56e24fa9212,Pemerintah Kab. Lembata,CPNS,UMUM,PENATA KELOLA LAYANAN KESEHATAN,Pemerintah Daerah Kabupaten Lembata | DINAS KESEHATAN KAB. LEMBATA | PUSKESMAS HADAKEWA,4,1,2785700,3500000,3,0,0,0,0.75
ca40a980-82c7-4224-8c6d-80af7618e1b4,Pemerintah Kab. Lembata,CPNS,UMUM,PENATA KELOLA LAYANAN KESEHATAN,"Pemerintah Daerah Kabupaten Lembata | Dinas Sosial, Pengendalian Penduduk dan Keluarga Berencana | Bidang Keluarga Berencana, Ketahanan dan Kesejahteraan Keluarga",1,1,3203600,3700000,1,0,0,0,1.0
cbf798f9-58bc-4067-a10f-ed50722cb3bb,Pemerintah Kab. Lembata,CPNS,UMUM,PENATA KELOLA LAYANAN KESEHATAN,Pemerintah Daerah Kabupaten Lembata | DINAS KESEHATAN KAB. LEMBATA | PUSKESMAS LEWOLEBA,3,1,2785700,3500000,1,0,0,0,0.3333333333333333
d742e1b6-cb87-45c8-9281-07b98cd3de7c,Pemerintah Kab. Lembata,CPNS,UMUM,PENATA KELOLA LAYANAN KESEHATAN,Pemerintah Daerah Kabupaten Lembata | DINAS KESEHATAN KAB. LEMBATA | SEKRETARIS DINAS KESEHATAN KAB.LEMBATA | KASUBAG KEUANGAN DAN PERENCANAAN PROGRAM DINAS KESEHATAN,2,1,2000000,3000000,0,0,0,0,0.0
0e80e17e-2816-43a1-9d64-0faae8f6efe9,Pemerintah Kab. Luwu Timur,CPNS,UMUM,ARSIPARIS AHLI PERTAMA,PEMERINTAH KABUPATEN LUWU TIMUR | DINAS PENGENDALIAN PENDUDUK DAN KELUARGA BERENCANA,1,1,3000000,4000000,5,0,0,0,5.0
0233caa5-3438-495f-bffb-d7fb93749871,Pemerintah Kab. Luwu Timur,CPNS,UMUM,PENATA KELOLA LAYANAN KESEHATAN,PEMERINTAH KABUPATEN LUWU TIMUR | DINAS KESEHATAN | PUSKESMAS | UPTD PUSKESMAS NUHA,2,1,3000000,4000000,7,0,0,0,3.5
11879ca0-020f-4e8c-a451-b1d8cd150196,Pemerintah Kab. Luwu Timur,CPNS,UMUM,PENATA KELOLA LAYANAN KESEHATAN,PEMERINTAH KABUPATEN LUWU TIMUR | DINAS KESEHATAN | PUSKESMAS | UPTD PUSKESMAS BANTILANG,3,1,3000000,4000000,10,0,0,0,3.3333333333333335
18d2a263-6e95-4401-aeff-48a623a4e97e,Pemerintah Kab. Luwu Timur,CPNS,UMUM,PENATA KELOLA LAYANAN KESEHATAN,PEMERINTAH KABUPATEN LUWU TIMUR | DINAS KESEHATAN | PUSKESMAS | UPTD PUSKESMAS MANGKUTANA,2,1,3000000,4000000,10,0,0,0,5.0
1a6f619c-6577-427f-afc6-dec03fed5c83,Pemerintah Kab. Luwu Timur,CPNS,UMUM,PENATA KELOLA LAYANAN KESEHATAN,PEMERINTAH KABUPATEN LUWU TIMUR | DINAS KESEHATAN | Sekretaris DINAS | SUB BAGIAN KEUANGAN,2,1,3000000,4000000,4,0,0,0,2.0
1ffa38c5-2f82-4fa1-b430-a884d3c40d81,Pemerintah Kab. Luwu Timur,CPNS,UMUM,PENATA KELOLA LAYANAN KESEHATAN,PEMERINTAH KABUPATEN LUWU TIMUR | DINAS KESEHATAN | Sekretaris DINAS | SUB BAGIAN PERENCANAAN,2,1,3000000,4000000,6,0,0,0,3.0
306dc619-7675-43b0-b09a-bb2d0f2cb673,Pemerintah Kab. Luwu Timur,CPNS,UMUM,PENATA KELOLA LAYANAN KESEHATAN,PEMERINTAH KABUPATEN LUWU TIMUR | DINAS KESEHATAN | PUSKESMAS | UPTD PUSKESMAS BURAU,2,1,3000000,4000000,7,0,0,0,3.5
38fdfbbf-3104-42b4-8bba-5ef7c2bb638f,Pemerintah Kab. Luwu Timur,CPNS,UMUM,PENATA KELOLA LAYANAN KESEHATAN,PEMERINTAH KABUPATEN LUWU TIMUR | DINAS KESEHATAN | PUSKESMAS | UPTD PUSKESMAS PARUMPANAI,4,1,3000000,4000000,43,0,0,0,10.75
3ce125a4-445d-4293-824b-1da80bf7b936,Pemerintah Kab. Luwu Timur,CPNS,UMUM,PENATA KELOLA LAYANAN KESEHATAN,PEMERINTAH KABUPATEN LUWU TIMUR | DINAS KESEHATAN | PUSKESMAS | UPTD PUSKESMAS TOMONI TIMUR,2,1,3000000,4000000,7,0,0,0,3.5
4115894a-90e7-452d-b311-1d7b70647653,Pemerintah Kab. Luwu Timur,CPNS,UMUM,PENATA KELOLA LAYANAN KESEHATAN,PEMERINTAH KABUPATEN LUWU TIMUR | DINAS KESEHATAN | PUSKESMAS | UPTD PUSKESMAS LAKAWALI,2,1,3000000,4000000,5,0,0,0,2.5
4e7cceb5-19b5-473a-8f55-441640d4ee76,Pemerintah Kab. Luwu Timur,CPNS,UMUM,PENATA KELOLA LAYANAN KESEHATAN,PEMERINTAH KABUPATEN LUWU TIMUR | DINAS KESEHATAN | PUSKESMAS | UPTD PUSKESMAS LAMPIA,1,1,3000000,4000000,3,0,0,0,3.0
67ffd0b7-7cc1-4d83-a508-74846a0afdf8,Pemerintah Kab. Luwu Timur,CPNS,UMUM,PENATA KELOLA LAYANAN KESEHATAN,PEMERINTAH KABUPATEN LUWU TIMUR | DINAS KESEHATAN | PUSKESMAS | UPTD PUSKESMAS MALILI,2,1,3000000,4000000,7,0,0,0,3.5
719dcf0f-0454-4bf7-99db-78f895b03971,Pemerintah Kab. Luwu Timur,CPNS,UMUM,PENATA KELOLA LAYANAN KESEHATAN,PEMERINTAH KABUPATEN LUWU TIMUR | DINAS KESEHATAN | PUSKESMAS | UPTD PUSKESMAS WAWONDULA,2,1,3000000,4000000,7,0,0,0,3.5
7a6df867-cf28-40d6-bea6-7d3b6d6b27dd,Pemerintah Kab. Luwu Timur,CPNS,UMUM,PENATA KELOLA LAYANAN KESEHATAN,PEMERINTAH KABUPATEN LUWU TIMUR | DINAS KESEHATAN | PUSKESMAS | UPTD PUSKESMAS TIMAMPU,2,1,3000000,4000000,5,0,0,0,2.5
841248cb-b0c9-4b2a-ad2f-faa7d72f268a,Pemerintah Kab. Luwu Timur,CPNS,UMUM,PENATA KELOLA LAYANAN KESEHATAN,PEMERINTAH KABUPATEN LUWU TIMUR | DINAS KESEHATAN | BIDANG PENCEGAHAN DAN PENGENDALIAN PENYAKIT,2,1,3000000,4000000,5,0,0,0,2.5
8c078ce8-d0fb-4d66-ac28-4c54875727d7,Pemerintah Kab. Luwu Timur,CPNS,UMUM,PENATA KELOLA LAYANAN KESEHATAN,PEMERINTAH KABUPATEN LUWU TIMUR | DINAS KESEHATAN | BIDANG PELAYANAN KESEHATAN,2,1,3000000,4000000,7,0,0,0,3.5
9935d757-f8ac-417b-8db4-7fa768609d0b,Pemerintah Kab. Luwu Timur,CPNS,UMUM,PENATA KELOLA LAYANAN KESEHATAN,PEMERINTAH KABUPATEN LUWU TIMUR | DINAS KESEHATAN | PUSKESMAS | UPTD PUSKESMAS BONEPUTE,3,1,3000000,4000000,22,0,0,0,7.333333333333333
b7888858-b2cc-4563-a707-7f65243a0cfe,Pemerintah Kab. Luwu Timur,CPNS,UMUM,PENATA KELOLA LAYANAN KESEHATAN,PEMERINTAH KABUPATEN LUWU TIMUR | DINAS KESEHATAN | PUSKESMAS | UPTD PUSKESMAS ANGKONA,2,1,3000000,4000000,7,0,0,0,3.5
c7373807-9897-4562-885d-b91ec539ed63,Pemerintah Kab. Luwu Timur,CPNS,UMUM,PENATA KELOLA LAYANAN KESEHATAN,PEMERINTAH KABUPATEN LUWU TIMUR | DINAS KESEHATAN | PUSKESMAS | UPTD PUSKESMAS MAHALONA,4,1,3000000,4000000,47,0,0,0,11.75
d294cc63-5362-40ae-86b5-f873fcb84cf1,Pemerintah Kab. Luwu Timur,CPNS,UMUM,PENATA KELOLA LAYANAN KESEHATAN,PEMERINTAH KABUPATEN LUWU TIMUR | DINAS KESEHATAN | PUSKESMAS | UPTD PUSKESMAS WOTU,3,1,3000000,4000000,25,0,0,0,8.333333333333334
f32784cd-3fc2-404a-b21a-5785e6141cdd,Pemerintah Kab. Luwu Timur,CPNS,UMUM,PENATA KELOLA LAYANAN KESEHATAN,PEMERINTAH KABUPATEN LUWU TIMUR | DINAS KESEHATAN | BIDANG KESEHATAN MASYARAKAT,4,1,3000000,4000000,98,0,0,0,24.5
f33b78d0-7274-47af-85d5-a28818bb3c09,Pemerintah Kab. Luwu Timur,CPNS,UMUM,PENATA KELOLA LAYANAN KESEHATAN,PEMERINTAH KABUPATEN LUWU TIMUR | DINAS KESEHATAN | Sekretaris DINAS | SUB BAGIAN UMUM DAN KEPEGAWAIAN,1,1,3000000,4000000,3,0,0,0,3.0
f626cd9a-1135-49b5-bd20-5e622d695cf7,Pemerintah Kab. Luwu Timur,CPNS,UMUM,PENATA KELOLA LAYANAN KESEHATAN,PEMERINTAH KABUPATEN LUWU TIMUR | DINAS KESEHATAN | PUSKESMAS | UPTD PUSKESMAS KALAENA,1,1,3000000,4000000,3,0,0,0,3.0
37b06cf4-6978-4eea-86e6-3701f72eb680,Pemerintah Kab. Magelang,CPNS,UMUM,ARSIPARIS AHLI PERTAMA,"PEMERINTAH KABUPATEN MAGELANG | BADAN KEPEGAWAIAN, PENDIDIKAN DAN PELATIHAN DAERAH | SEKRETARIAT | SUBBAGIAN UMUM DAN KEPEGAWAIAN",1,1,2500000,2900000,23,0,0,0,23.0
c16c348a-83a9-4ffd-9e0f-4b95da44a6d1,Pemerintah Kab. Magelang,CPNS,UMUM,ARSIPARIS AHLI PERTAMA,PEMERINTAH KABUPATEN MAGELANG | SEKRETARIAT DAERAH | ASISTEN ADMINISTRASI UMUM | BAGIAN UMUM | JABATAN FUNGSIONAL,1,1,2500000,2900000,1393,0,0,0,1393.0
12bcabc9-6d5c-4ad0-ad42-c516ee324032,Pemerintah Kab. Magelang,CPNS,UMUM,PENGELOLA PENGADAAN BARANG/JASA AHLI PERTAMA,PEMERINTAH KABUPATEN MAGELANG | SEKRETARIAT DAERAH | ASISTEN PEREKONOMIAN DAN PEMBANGUNAN | BAGIAN PENGADAAN BARANG DAN JASA,1,1,2500000,2900000,432,0,0,0,432.0
0ca70ded-1452-4531-94bd-9fd9379174c6,Pemerintah Kab. Majalengka,CPNS,UMUM,PENATA KELOLA LAYANAN KESEHATAN,PEMERINTAH KABUPATEN MAJALENGKA | DINAS KESEHATAN | BIDANG PELAYANAN KESEHATAN,2,0,2785700,3175698,43,0,0,0,21.5
14a1c77f-c261-4c3e-a3fb-6774a118b3b4,Pemerintah Kab. Majalengka,CPNS,UMUM,PENATA KELOLA LAYANAN KESEHATAN,PEMERINTAH KABUPATEN MAJALENGKA | DINAS KESEHATAN | BIDANG KESEHATAN MASYARAKAT,3,0,2785700,3175698,159,0,0,0,53.0
259199ef-1f27-4a40-9c8d-e8b5af0ce05e,Pemerintah Kab. Majalengka,CPNS,UMUM,PENATA KELOLA LAYANAN KESEHATAN,PEMERINTAH KABUPATEN MAJALENGKA | RUMAH SAKIT UMUM DAERAH CIDERES | PELAYANAN DAN PENUNJANG PELAYANAN | BIDANG PELAYANAN KEPERAWATAN DAN KEBIDANAN,1,0,2785700,3175698,2,0,0,0,2.0
4cf8f841-ab1f-4472-864a-821603e76a6d,Pemerintah Kab. Majalengka,CPNS,UMUM,PENATA KELOLA LAYANAN KESEHATAN,PEMERINTAH KABUPATEN MAJALENGKA | DINAS KESEHATAN | RUMAH SAKIT UMUM DAERAH MAJALENGKA | BIDANG PELAYANAN NON MEDIS DAN PENUNJANG NON MEDIS | SEKSI PENUNJANG NON MEDIS,4,0,2785700,3175698,85,0,0,0,21.25
592c31ca-55d8-413c-ba65-a6142825151e,Pemerintah Kab. Majalengka,CPNS,UMUM,PENATA KELOLA LAYANAN KESEHATAN,PEMERINTAH KABUPATEN MAJALENGKA | DINAS KESEHATAN | RUMAH SAKIT UMUM DAERAH MAJALENGKA | BIDANG PELAYANAN KEPERAWATAN | SEKSI KEPERAWATAN RAWAT JALAN,4,0,2785700,3175698,64,0,0,0,16.0
7071bd6c-f869-43fd-a60e-5d1f999a6b0e,Pemerintah Kab. Majalengka,CPNS,UMUM,PENATA KELOLA LAYANAN KESEHATAN,PEMERINTAH KABUPATEN MAJALENGKA | DINAS KESEHATAN | BIDANG SUMBER DAYA KESEHATAN,2,0,2785700,3175698,32,0,0,0,16.0
711ff26a-2c89-4796-afc8-3b8dd0ddd590,Pemerintah Kab. Majalengka,CPNS,UMUM,PENATA KELOLA LAYANAN KESEHATAN,PEMERINTAH KABUPATEN MAJALENGKA | RUMAH SAKIT UMUM DAERAH CIDERES | PELAYANAN DAN PENUNJANG PELAYANAN | BIDANG PELAYANAN MEDIK DAN PENUNJANG MEDIK,1,0,2785700,3175698,4,0,0,0,4.0
7e36c3d9-a17b-4c7a-a884-62e7bc2fe863,Pemerintah Kab. Majalengka,CPNS,UMUM,PENATA KELOLA LAYANAN KESEHATAN,PEMERINTAH KABUPATEN MAJALENGKA | DINAS KESEHATAN | RUMAH SAKIT UMUM DAERAH MAJALENGKA | BIDANG PELAYANAN MEDIS DAN PENUNJANG MEDIS | SEKSI PELAYANAN MEDIS,3,0,2785700,3175698,25,0,0,0,8.333333333333334
9c6a3611-a55b-446b-a7fb-46e59e6b6b7d,Pemerintah Kab. Majalengka,CPNS,UMUM,PENATA KELOLA LAYANAN KESEHATAN,PEMERINTAH KABUPATEN MAJALENGKA | RUMAH SAKIT UMUM DAERAH CIDERES | PELAYANAN DAN PENUNJANG PELAYANAN | BIDANG PELAYANAN KEFARMASIAN DAN PENUNJANG NON MEDIK,6,0,2785700,3175698,244,0,0,0,40.666666666666664
b430995e-f4f1-4844-9c5f-650de8bd35a1,Pemerintah Kab. Majalengka,CPNS,UMUM,PENATA KELOLA LAYANAN KESEHATAN,PEMERINTAH KABUPATEN MAJALENGKA | DINAS KESEHATAN | BIDANG PENCEGAHAN DAN PENGENDALIAN PENYAKIT,2,0,2785700,3175698,31,0,0,0,15.5
f547c184-721d-4801-926d-442caed87cac,Pemerintah Kab. Majalengka,CPNS,UMUM,PENATA KELOLA LAYANAN KESEHATAN,PEMERINTAH KABUPATEN MAJALENGKA | DINAS KESEHATAN | RUMAH SAKIT UMUM DAERAH TALAGA | SEKSI PENUNJANG,1,0,2785700,3175698,23,0,0,0,23.0
4202804a-9c3a-43b9-99f4-6ae794b99c9f,Pemerintah Kab. Malaka,CPNS,UMUM,ANALIS KEBIJAKAN AHLI PERTAMA,PEMERINTAH KABUPATEN MALAKA | RUMAH SAKIT UMUM  PENYANGGA PERBATASAN BETUN,2,1,2500000,3500000,0,0,0,0,0.0
bb874d2c-4068-49db-b6a8-154f2b798331,Pemerintah Kab. Malaka,CPNS,UMUM,PERENCANA AHLI PERTAMA,PEMERINTAH KABUPATEN MALAKA | RUMAH SAKIT UMUM  PENYANGGA PERBATASAN BETUN | BAGIAN TATA USAHA | SUB BAGIANPERENCANAAN DAN KEUANGAN,3,1,2500000,3500000,35,0,0,0,11.666666666666666
8a0186cc9159ace501915a261fa84178,Pemerintah Kab. Malinau,CPNS,PENYANDANG DISABILITAS,PENATA KELOLA LAYANAN KESEHATAN,"PEMERINTAH KABUPATEN MALINAU | DINAS KESEHATAN, PENGENDALIAN PENDUDUK DAN KELUARGA BERENCANA",1,1,3203600,5261500,0,0,0,0,0.0
3dc37dca-7c99-453f-99e7-61fbce02ffe4,Pemerintah Kab. Malinau,CPNS,UMUM,PENATA KELOLA LAYANAN KESEHATAN,"PEMERINTAH KABUPATEN MALINAU | DINAS KESEHATAN, PENGENDALIAN PENDUDUK DAN KELUARGA BERENCANA",1,1,3203600,5261500,87,0,0,0,87.0
8a0384be915951ce019159a925393c8a,Pemerintah Kab. Maluku Barat Daya,CPNS,PENYANDANG DISABILITAS,PENATA KELOLA LAYANAN KESEHATAN,PEMERINTAH KABUPATEN MALUKU BARAT DAYA | DINAS KESEHATAN | BIDANG PENCEGAHAN DAN PENGENDALIAN PENYAKIT,1,1,3203600,4321200,0,0,0,0,0.0
4540129e-271c-4379-9ac2-dbc5284cf8f7,Pemerintah Kab. Maluku Barat Daya,CPNS,UMUM,PENATA KELOLA LAYANAN KESEHATAN,PEMERINTAH KABUPATEN MALUKU BARAT DAYA | DINAS KESEHATAN | BIDANG KESEHATAN MASYARAKAT,1,1,3203600,4321200,3,0,0,0,3.0
8c2733ce-d5c1-41da-bbe2-f8eb9fbc3059,Pemerintah Kab. Maluku Barat Daya,CPNS,UMUM,PENATA KELOLA LAYANAN KESEHATAN,PEMERINTAH KABUPATEN MALUKU BARAT DAYA | DINAS KESEHATAN | BIDANG PENCEGAHAN DAN PENGENDALIAN PENYAKIT,7,1,3203600,4321200,20,0,0,0,2.857142857142857
26ec253a-7d7f-497e-9f95-fc72befd659e,Pemerintah Kab. Maluku Tengah,CPNS,UMUM,PENATA KELOLA LAYANAN KESEHATAN,"Pemerintah Kabupaten Maluku Tengah | Sekretariat Daerah | Dinas Kesehatan | RSU MASOHI | Bidang Keperawatan | Seksi Pendidikan, Penyuluhan Dan Pelatihan Kesehatan",2,0,3203600,5261500,28,0,0,0,14.0
d0a2a672-4d1f-40d1-8c32-dd774bc451f0,Pemerintah Kab. Maluku Tengah,CPNS,UMUM,PENATA KELOLA LAYANAN KESEHATAN,Pemerintah Kabupaten Maluku Tengah | Sekretariat Daerah | Dinas Kesehatan | Bidang Kesehatan Masyarakat,2,0,3203600,5261500,54,0,0,0,27.0
dd41c555-d8cf-43d7-ab66-cdafe183d80b,Pemerintah Kab. Maluku Tengah,CPNS,UMUM,PENATA KELOLA LAYANAN KESEHATAN,Pemerintah Kabupaten Maluku Tengah | Sekretariat Daerah | Dinas Kesehatan | RSU MASOHI | Bidang Pelayanan Medis | Seksi Pemantauan Dan Pengawasan Fasilitas Rumah Sakit,2,0,3203600,5261500,40,0,0,0,20.0
5c3215b9-1a40-4d80-9330-637f740ebc1f,Pemerintah Kab. Maluku Tenggara,CPNS,UMUM,ARSIPARIS AHLI PERTAMA,"PEMERINTAH KABUPATEN MALUKU TENGGARA | DINAS PERUMAHAN, KAWASAN PERMUKIMAN DAN PERTANAHAN",1,1,2000000,5000000,1,0,0,0,1.0
7468f362-52a7-44b0-b2f3-138455577e77,Pemerintah Kab. Manggarai,CPNS,UMUM,PENATA KELOLA LAYANAN KESEHATAN,Pemerintah Kabupaten Manggarai | Sekretariat Daerah | Dinas Kesehatan | Bidang Pelayanan Kesehatan,1,1,3000000,4000000,3,0,0,0,3.0
f9f5743e-b4bd-418d-9d2c-b65c5ebfb691,Pemerintah Kab. Manggarai Barat,CPNS,UMUM,PENATA KELOLA LAYANAN KESEHATAN,PEMERINTAH KABUPATEN MANGGARAI BARAT | DINAS KESEHATAN | BIDANG SUMBER DAYA KESEHATAN,2,1,3000000,4000000,22,0,0,0,11.0
302cf250-b041-4d50-a1ab-03ae397b837b,Pemerintah Kab. Manggarai Timur,CPNS,UMUM,PENATA KELOLA LAYANAN KESEHATAN,PEMERINTAH KABUPATEN MANGGARAI TIMUR | DINAS KESEHATAN | BIDANG PELAYANAN KESEHATAN MASYARAKAT,3,1,2785700,3500000,25,0,0,0,8.333333333333334
b6349337-2055-479f-a951-18fa1ab7647c,Pemerintah Kab. Manggarai Timur,CPNS,UMUM,PENATA KELOLA LAYANAN KESEHATAN,PEMERINTAH KABUPATEN MANGGARAI TIMUR | DINAS KESEHATAN | RSUD Borong,5,1,2785700,3500000,74,0,0,0,14.8
f89bb711-fbe9-4bbb-be16-e345c58d2cfd,Pemerintah Kab. Manggarai Timur,CPNS,UMUM,PENATA KELOLA LAYANAN KESEHATAN,PEMERINTAH KABUPATEN MANGGARAI TIMUR | DINAS KESEHATAN | RS Pratama Watunggong,3,1,2785700,3500000,34,0,0,0,11.333333333333334
6e5d2928-2980-412d-a2a2-e048b815d7db,Pemerintah Kab. Manggarai Timur,CPNS,UMUM,PERENCANA AHLI PERTAMA,PEMERINTAH KABUPATEN MANGGARAI TIMUR | DINAS KESEHATAN | SEKRETARIAT DINAS KESEHATAN,3,1,2785700,3500000,13,0,0,0,4.333333333333333
1932e016-c0a3-40b0-954b-ac76ad26dab3,Pemerintah Kab. Manokwari,CPNS,ORANG ASLI PAPUA (OAP),PENATA KELOLA LAYANAN KESEHATAN,Pemerintah Kabupaten Manokwari | Dinas Kesehatan | UPTD Pelayanan Kesehatan | PUSKESMAS PRAFI SP IV,1,0,2500000,5000000,0,0,0,0,0.0
2a3b0576-fdcd-483a-ad8a-0cece7f22a3a,Pemerintah Kab. Manokwari,CPNS,ORANG ASLI PAPUA (OAP),PENATA KELOLA LAYANAN KESEHATAN,Pemerintah Kabupaten Manokwari | Dinas Kesehatan | UPTD Pelayanan Kesehatan | PUSKESMAS SANGGENG,1,0,2500000,5000000,0,0,0,0,0.0
2fa42a03-f521-4a0b-89f1-90baf765dcd9,Pemerintah Kab. Manokwari,CPNS,ORANG ASLI PAPUA (OAP),PENATA KELOLA LAYANAN KESEHATAN,Pemerintah Kabupaten Manokwari | Dinas Kesehatan | UPTD Pelayanan Kesehatan | PUSKESMAS MACUAN PRAFI,1,0,2500000,5000000,0,0,0,0,0.0
3854d39b-ae45-4c46-875b-9e3de044e03c,Pemerintah Kab. Manokwari,CPNS,ORANG ASLI PAPUA (OAP),PENATA KELOLA LAYANAN KESEHATAN,Pemerintah Kabupaten Manokwari | Dinas Kesehatan | UPTD Pelayanan Kesehatan | PUSKESMAS MARIPI,1,0,2500000,5000000,0,0,0,0,0.0
447813f5-10ec-42f5-9a3e-32c83671b22f,Pemerintah Kab. Manokwari,CPNS,ORANG ASLI PAPUA (OAP),PENATA KELOLA LAYANAN KESEHATAN,Pemerintah Kabupaten Manokwari | Dinas Kesehatan | UPTD Pelayanan Kesehatan | PUSKESMAS MOWBJA,1,0,2500000,5000000,0,0,0,0,0.0
4e49ca0f-8d64-4f3d-85b5-764d75b14f1e,Pemerintah Kab. Manokwari,CPNS,ORANG ASLI PAPUA (OAP),PENATA KELOLA LAYANAN KESEHATAN,Pemerintah Kabupaten Manokwari | Dinas Kesehatan | Rumah Sakit Umum Pratama Warmare,1,0,2500000,5000000,0,0,0,0,0.0
69daded0-598a-494f-9a76-0a21edf7a034,Pemerintah Kab. Manokwari,CPNS,UMUM (NON OAP),PENATA KELOLA LAYANAN KESEHATAN,Pemerintah Kabupaten Manokwari | Dinas Kesehatan | UPTD Pelayanan Kesehatan | PUSKESMAS PASIR PUTIH,1,0,2500000,5000000,2,0,0,0,2.0
70f70f7d-bc5c-40f0-8470-cbf180fc84ed,Pemerintah Kab. Manokwari,CPNS,UMUM (NON OAP),PENATA KELOLA LAYANAN KESEHATAN,Pemerintah Kabupaten Manokwari | Dinas Kesehatan | UPTD Pelayanan Kesehatan | PUSKESMAS SIDEY,1,0,2500000,5000000,1,0,0,0,1.0
7f65ea85-5b5d-45e9-a2af-923f4f7b0cf8,Pemerintah Kab. Manokwari,CPNS,ORANG ASLI PAPUA (OAP),PENATA KELOLA LAYANAN KESEHATAN,Pemerintah Kabupaten Manokwari | Dinas Kesehatan | UPTD Pelayanan Kesehatan | PUSKESMAS SOWI IV,1,0,2500000,5000000,1,0,0,0,1.0
829f91ae-c243-4084-8ef9-432654cbbf7f,Pemerintah Kab. Manokwari,CPNS,UMUM (NON OAP),PENATA KELOLA LAYANAN KESEHATAN,Pemerintah Kabupaten Manokwari | Dinas Kesehatan | UPTD Pelayanan Kesehatan | PUSKESMAS MANSINAM,1,0,2500000,5000000,0,0,0,0,0.0
877a815d-b40d-4155-bdc7-9f30546c023a,Pemerintah Kab. Manokwari,CPNS,ORANG ASLI PAPUA (OAP),PENATA KELOLA LAYANAN KESEHATAN,Pemerintah Kabupaten Manokwari | Dinas Kesehatan | UPTD Pelayanan Kesehatan | PUSKESMAS MASNI,1,0,2500000,5000000,0,0,0,0,0.0
cfaba74b-8ac2-4e52-8385-943309c6dff9,Pemerintah Kab. Manokwari,CPNS,ORANG ASLI PAPUA (OAP),PENATA KELOLA LAYANAN KESEHATAN,Pemerintah Kabupaten Manokwari | Dinas Kesehatan | Rumah Sakit Umum Daerah | Bagian Sekretariat | Sub Bagian Keuangan,1,0,2500000,5000000,0,0,0,0,0.0
d144aee0-41ab-4ac9-b63f-e02bee8699a7,Pemerintah Kab. Manokwari,CPNS,ORANG ASLI PAPUA (OAP),PENATA KELOLA LAYANAN KESEHATAN,Pemerintah Kabupaten Manokwari | Dinas Kesehatan | UPTD Pelayanan Kesehatan | PUSKESMAS AMBAN,1,0,2500000,5000000,0,0,0,0,0.0
e9d33782-9d7c-456a-ad1d-beb80efbee5c,Pemerintah Kab. Manokwari,CPNS,ORANG ASLI PAPUA (OAP),PENATA KELOLA LAYANAN KESEHATAN,Pemerintah Kabupaten Manokwari | Dinas Kesehatan | UPTD Pelayanan Kesehatan | PUSKESMAS NUNI,1,0,2500000,5000000,0,0,0,0,0.0
eaaeecd6-c427-4f94-9650-6d39c1ad3b17,Pemerintah Kab. Manokwari,CPNS,ORANG ASLI PAPUA (OAP),PENATA KELOLA LAYANAN KESEHATAN,Pemerintah Kabupaten Manokwari | Dinas Kesehatan | UPTD Pelayanan Kesehatan | PUSKESMAS WARMARE,1,0,2500000,5000000,0,0,0,0,0.0
ecbd1e27-157c-445b-89b1-b6e612203f7f,Pemerintah Kab. Manokwari,CPNS,ORANG ASLI PAPUA (OAP),PENATA KELOLA LAYANAN KESEHATAN,Pemerintah Kabupaten Manokwari | Dinas Kesehatan | UPTD Pelayanan Kesehatan | PUSKESMAS WOSI,1,0,2500000,5000000,0,0,0,0,0.0
ee56676d-0cd7-446b-9755-6eb274e134b7,Pemerintah Kab. Manokwari,CPNS,ORANG ASLI PAPUA (OAP),PENATA KELOLA LAYANAN KESEHATAN,Pemerintah Kabupaten Manokwari | Dinas Kesehatan | UPTD Pelayanan Kesehatan | PUSKESMAS TANAH RUBUH,1,0,2500000,5000000,0,0,0,0,0.0
23a41a8f-b554-4281-8f63-eed5421a766f,Pemerintah Kab. Manokwari Selatan,CPNS,ORANG ASLI PAPUA (OAP),PENATA KELOLA LAYANAN KESEHATAN,PEMERINTAH KAB. MANOKWARI SELATAN | DINAS KESEHATAN | PUSKESMAS MASABUI,2,0,2985700,4575200,2,0,0,0,1.0
392b36d6-104a-4768-b560-05f9c0ec830e,Pemerintah Kab. Manokwari Selatan,CPNS,ORANG ASLI PAPUA (OAP),PENATA KELOLA LAYANAN KESEHATAN,PEMERINTAH KAB. MANOKWARI SELATAN | DINAS KESEHATAN | PUSKESMAS NENEY,1,0,2985700,4575200,1,0,0,0,1.0
849951cd-f333-457d-bbc2-78f4722958a3,Pemerintah Kab. Manokwari Selatan,CPNS,ORANG ASLI PAPUA (OAP),PENATA KELOLA LAYANAN KESEHATAN,PEMERINTAH KAB. MANOKWARI SELATAN | DINAS KESEHATAN | PUSKESMAS ISIM,1,0,2985700,4575200,1,0,0,0,1.0
a67709c3-d084-4a09-8cd6-dd60ac8d89c5,Pemerintah Kab. Manokwari Selatan,CPNS,ORANG ASLI PAPUA (OAP),PENATA KELOLA LAYANAN KESEHATAN,PEMERINTAH KAB. MANOKWARI SELATAN | DINAS KESEHATAN | PUSKESMAS ORANSBARI,2,0,2985700,4575200,2,0,0,0,1.0
c125caca-25a9-47e4-af8b-78f9692bf806,Pemerintah Kab. Manokwari Selatan,CPNS,ORANG ASLI PAPUA (OAP),PENATA KELOLA LAYANAN KESEHATAN,PEMERINTAH KAB. MANOKWARI SELATAN | DINAS KESEHATAN | PUSKESMAS RANSIKI,1,0,2985700,4575200,3,0,0,0,3.0
c21c3f65-1c7a-4639-ab43-fd5f120e1dd2,Pemerintah Kab. Manokwari Selatan,CPNS,ORANG ASLI PAPUA (OAP),PENATA KELOLA LAYANAN KESEHATAN,PEMERINTAH KAB. MANOKWARI SELATAN | DINAS KESEHATAN | PUSKESMAS YAMBOY GUNUNG,1,0,2985700,4575200,1,0,0,0,1.0
075283bf-dca2-4ba8-9433-fde304eec632,Pemerintah Kab. Melawi,CPNS,UMUM,PENATA KELOLA LAYANAN KESEHATAN,KABUPATEN MELAWI | DINAS KESEHATAN | PUSKESMAS KOTA BARU | TATA USAHA UPTD PUSKESMAS KOTA BARU,1,1,2500000,4500000,2,0,0,0,2.0
247724f6-9816-441d-b257-ea2d354536b9,Pemerintah Kab. Melawi,CPNS,UMUM,PENATA KELOLA LAYANAN KESEHATAN,KABUPATEN MELAWI | DINAS KESEHATAN | PUSKESMAS ELLA HILIR | TU UPTD PUSKESMAS ELLA HILIR,1,1,2500000,4500000,2,0,0,0,2.0
45748098-76b0-4b14-ba87-639b0548df88,Pemerintah Kab. Melawi,CPNS,UMUM,PENATA KELOLA LAYANAN KESEHATAN,KABUPATEN MELAWI | DINAS KESEHATAN | PUSKESMAS SOKAN | TATA USAHA UPTD PUSKESMAS SOKAN,1,1,2500000,4500000,6,0,0,0,6.0
4e3f3367-3840-477d-afa9-5e25bf3d9add,Pemerintah Kab. Melawi,CPNS,UMUM,PENATA KELOLA LAYANAN KESEHATAN,KABUPATEN MELAWI | DINAS KESEHATAN | PUSKESMAS PEMUAR | TATA USAHA UPTD PUSKESMAS PEMUAR,1,1,2500000,4500000,9,0,0,0,9.0
6397a347-5db2-43e8-acbe-f37147d3d66f,Pemerintah Kab. Melawi,CPNS,UMUM,PENATA KELOLA LAYANAN KESEHATAN,KABUPATEN MELAWI | DINAS KESEHATAN | PUSKESMAS MENUKUNG | TU UPTD PUSKESMAS MENUKUNG,1,1,2500000,4500000,2,0,0,0,2.0
7792608a-42b3-4b8e-a7f7-e1ac189a1898,Pemerintah Kab. Melawi,CPNS,UMUM,PENATA KELOLA LAYANAN KESEHATAN,KABUPATEN MELAWI | DINAS KESEHATAN | RUMAH SAKIT UMUM DAERAH KABUPATEN MELAWI | BIDANG PELAYANAN DAN PENUNJANG MEDIK | SEKSI PELAYANAN MEDIK,1,1,2500000,4500000,1,0,0,0,1.0
8a29aaa8-7c69-47ff-ac81-aca0a39c8563,Pemerintah Kab. Melawi,CPNS,UMUM,PENATA KELOLA LAYANAN KESEHATAN,KABUPATEN MELAWI | DINAS KESEHATAN | PUSKESMAS ULAK MUID | TATA USAHA UPTD PUSKESMAS ULAK MUID,1,1,2500000,4500000,3,0,0,0,3.0
c113b9e8-7c54-4e60-93bd-ed223f49ff29,Pemerintah Kab. Melawi,CPNS,UMUM,PENATA KELOLA LAYANAN KESEHATAN,KABUPATEN MELAWI | DINAS KESEHATAN | PUSKESMAS MANDING | TATA USAHA UNIT PELAKSANA TEKNIS DAERAH PUSKESMAS MANDING,1,1,2500000,4500000,3,0,0,0,3.0
c3283185-4932-4fd9-843d-fe98e370e094,Pemerintah Kab. Melawi,CPNS,UMUM,PENATA KELOLA LAYANAN KESEHATAN,KABUPATEN MELAWI | DINAS KESEHATAN | PUSKESMAS NANGA PINOH | TATA USAHA UPTD PUSKESMAS NANGA PINOH,1,1,2500000,4500000,6,0,0,0,6.0
ca6a26cc-1f9b-47e1-afe3-4564eb45fbf3,Pemerintah Kab. Melawi,CPNS,UMUM,PENATA KELOLA LAYANAN KESEHATAN,KABUPATEN MELAWI | DINAS KESEHATAN | PUSKESMAS TIONG KERANJIK | TATA USAHA UPTD PUSKESMAS TIONG KERANJIK,1,1,2500000,4500000,5,0,0,0,5.0
e48599a2-daa3-41ca-9201-527a1deaa7e8,Pemerintah Kab. Melawi,CPNS,UMUM,PENATA KELOLA LAYANAN KESEHATAN,KABUPATEN MELAWI | DINAS KESEHATAN | PUSKESMAS SAYAN | TATA USAHA UPTD PUSKESMAS SAYAN,1,1,2500000,4500000,1,0,0,0,1.0
f87c0bc8-96f0-4886-9220-80979bb360f5,Pemerintah Kab. Melawi,CPNS,UMUM,PENATA KELOLA LAYANAN KESEHATAN,KABUPATEN MELAWI | DINAS KESEHATAN | PUSKESMAS MANGGALA | TATA USAHA UPTD PUSKESMAS MANGGALA,1,1,2500000,4500000,4,0,0,0,4.0
369d50e8-e800-405a-84f8-c0648affd2dd,Pemerintah Kab. Minahasa Selatan,CPNS,UMUM,ARSIPARIS AHLI PERTAMA,Pemerintah Kabupaten Minahasa Selatan | Dinas Kesehatan,2,1,2700000,6000000,2,0,0,0,1.0
7aa986bc-737e-4299-a428-7da83682c821,Pemerintah Kab. Minahasa Selatan,CPNS,UMUM,ARSIPARIS AHLI PERTAMA,Pemerintah Kabupaten Minahasa Selatan | Dinas Pemberdayaan Perempuan dan Perlindungan Anak,2,1,2700000,7000000,7,0,0,0,3.5
5503168d-922c-4366-85f3-e4d65fb05e29,Pemerintah Kab. Minahasa Selatan,CPNS,UMUM,PERENCANA AHLI PERTAMA,Pemerintah Kabupaten Minahasa Selatan | Dinas Pemberdayaan Perempuan dan Perlindungan Anak,2,1,2700000,7000000,1,0,0,0,0.5
a9a8b773-064e-4de6-b8fe-c7434437f266,Pemerintah Kab. Minahasa Selatan,CPNS,UMUM,PERENCANA AHLI PERTAMA,Pemerintah Kabupaten Minahasa Selatan | Dinas Kesehatan,2,1,2700000,6000000,4,0,0,0,2.0
ddfebdc0-add5-4b49-96d3-45f6a12fa8b1,Pemerintah Kab. Mukomuko,CPNS,UMUM,ARSIPARIS AHLI PERTAMA,Pemerintah Kabupaten Mukomuko | Dinas Kesehatan | Sekretariat | Sub Bagian Umum dan Kepegawaian,1,1,2000000,4000000,74,0,0,0,74.0
8ce5a5b9-cfaf-4e50-a6da-c7936832eb9d,Pemerintah Kab. Muna Barat,CPNS,UMUM,ANALIS KEBIJAKAN AHLI PERTAMA,PEMERINTAH KABUPATEN MUNA BARAT | DINAS PENANAMAN MODAL DAN PELAYANAN TERPADU SATU PINTU,2,1,3461020,5126784,112,0,0,0,56.0
8a0384ba915598f4019156f95947732f,Pemerintah Kab. Muna Barat,CPNS,PENYANDANG DISABILITAS,ARSIPARIS AHLI PERTAMA,PEMERINTAH KABUPATEN MUNA BARAT | DINAS KEPENDUDUKAN DAN PENCATATAN SIPIL | BIDANG  PENGELOLAAN INFORMASI ADMINISTRASI KEPENDUDUKAN,1,1,3461020,5126784,5,0,0,0,5.0
e82923e7-9ea9-49f4-b1ea-315892137631,Pemerintah Kab. Muna Barat,CPNS,UMUM,ARSIPARIS AHLI PERTAMA,PEMERINTAH KABUPATEN MUNA BARAT | DINAS KEPENDUDUKAN DAN PENCATATAN SIPIL | BIDANG  PENGELOLAAN INFORMASI ADMINISTRASI KEPENDUDUKAN,3,1,3461020,5126784,199,0,0,0,66.33333333333333
5a6b4a6f-969b-4c02-a431-f5a1acd00833,Pemerintah Kab. Musi Rawas Utara,CPNS,UMUM,PENATA KELOLA LAYANAN KESEHATAN,PEMERINTAH KABUPATEN MUSI RAWAS UTARA | DINAS KESEHATAN | BIDANG PELAYANAN DAN SUMBER DAYA MANUSIA KESEHATAN,1,0,2785700,3865698,8,0,0,0,8.0
acabb62e-6500-4d9c-815d-6e26bc3722e1,Pemerintah Kab. Musi Rawas Utara,CPNS,UMUM,PENATA KELOLA LAYANAN KESEHATAN,PEMERINTAH KABUPATEN MUSI RAWAS UTARA | DINAS KESEHATAN | RUMAH SAKIT UMUM DAERAH RUPIT | SEKSI PENUNJANG MEDIS DAN NON MEDIS,2,0,2785700,3865698,29,0,0,0,14.5
04c2a5d6-5012-4b30-9a13-0298f60bff71,Pemerintah Kab. Nagekeo,CPNS,UMUM,PENATA KELOLA LAYANAN KESEHATAN,Pemerintah Kabupaten Nagekeo | Dinas Kesehatan | Puskesmas Kaburea,2,1,2750000,3450000,8,0,0,0,4.0
11e2d112-ed66-4a34-bade-5b50d1dcc2cc,Pemerintah Kab. Nagekeo,CPNS,UMUM,PENATA KELOLA LAYANAN KESEHATAN,Pemerintah Kabupaten Nagekeo | Dinas Kesehatan | Puskesmas Nangaroro,2,1,2750000,3450000,7,0,0,0,3.5
28b93424-3704-4512-9fde-6785056da578,Pemerintah Kab. Nagekeo,CPNS,UMUM,PENATA KELOLA LAYANAN KESEHATAN,Pemerintah Kabupaten Nagekeo | Dinas Kesehatan | Puskesmas Maunori,2,1,2750000,3450000,2,0,0,0,1.0
2a134a39-e23e-4f2c-948a-692a2967683c,Pemerintah Kab. Nagekeo,CPNS,UMUM,PENATA KELOLA LAYANAN KESEHATAN,Pemerintah Kabupaten Nagekeo | Dinas Kesehatan | Puskesmas Maukeli,2,1,2750000,3450000,5,0,0,0,2.5
4fd9ffb6-9c53-4aaf-9a24-0d8aefff9d12,Pemerintah Kab. Nagekeo,CPNS,UMUM,PENATA KELOLA LAYANAN KESEHATAN,Pemerintah Kabupaten Nagekeo | Dinas Kesehatan | Puskesmas Kota,2,1,2750000,3450000,8,0,0,0,4.0
933f89bd-072e-4873-995d-1831f9e74177,Pemerintah Kab. Nagekeo,CPNS,UMUM,PENATA KELOLA LAYANAN KESEHATAN,Pemerintah Kabupaten Nagekeo | Dinas Kesehatan | Puskesmas Boawae,2,1,2750000,3450000,7,0,0,0,3.5
9aedda6e-ce5d-49fe-a97f-7cc12d7110b9,Pemerintah Kab. Nagekeo,CPNS,UMUM,PENATA KELOLA LAYANAN KESEHATAN,Pemerintah Kabupaten Nagekeo | Dinas Kesehatan | Puskesmas Mauponggo,2,1,2750000,3450000,3,0,0,0,1.5
9fb7bc57-84ab-412c-b0a3-db9182a63a20,Pemerintah Kab. Nagekeo,CPNS,UMUM,PENATA KELOLA LAYANAN KESEHATAN,Pemerintah Kabupaten Nagekeo | Dinas Kesehatan | Puskesmas Jawakisa,2,1,2750000,3450000,5,0,0,0,2.5
b4b729f2-a7a6-41d6-82ad-8252e842a63a,Pemerintah Kab. Nagekeo,CPNS,UMUM,PENATA KELOLA LAYANAN KESEHATAN,Pemerintah Kabupaten Nagekeo | Dinas Kesehatan | Puskesmas Utetoto,2,1,2750000,3450000,9,0,0,0,4.5
8a0384979144c5430191456489871e2a,Pemerintah Kab. Nagekeo,CPNS,PENYANDANG DISABILITAS,PENGELOLA PENGADAAN BARANG/JASA AHLI PERTAMA,Pemerintah Kabupaten Nagekeo | Sekretariat Daerah Kabupaten Nagekeo | Asisten Perekonomian dan Pembangunan | Bagian Pengadaan Barang dan Jasa Setda Kabupaten Nagekeo,6,1,2750000,3450000,3,0,0,0,0.5
40e879a1-85ad-407d-978b-136721c7e7dc,Pemerintah Kab. Nagekeo,CPNS,UMUM,PENGELOLA PENGADAAN BARANG/JASA AHLI PERTAMA,Pemerintah Kabupaten Nagekeo | Sekretariat Daerah Kabupaten Nagekeo | Asisten Perekonomian dan Pembangunan | Bagian Pengadaan Barang dan Jasa Setda Kabupaten Nagekeo,4,1,2750000,3450000,251,0,0,0,62.75
8a0186cc9159ace501915a7c653c102c,Pemerintah Kab. Ngada,CPNS,PENYANDANG DISABILITAS,PENATA KELOLA LAYANAN KESEHATAN,PEMERINTAH KABUPATEN NGADA | RUMAH SAKIT UMUM DAERAH BAJAWA | KEPALA BAGIAN TATA USAHA | KEPALA SUB BAGIAN UMUM DAN KEPEGAWAIAN,1,1,3000000,3500000,0,0,0,0,0.0
01c4adf5-0989-4473-8dca-666e03170ec7,Pemerintah Kab. Ngada,CPNS,UMUM,PENATA KELOLA LAYANAN KESEHATAN,PEMERINTAH KABUPATEN NGADA | DINAS KESEHATAN | PUSKESMAS LANGA,1,0,3000000,3500000,2,0,0,0,2.0
01f71dfe-802e-4906-b6a0-7c07dbc585a2,Pemerintah Kab. Ngada,CPNS,UMUM,PENATA KELOLA LAYANAN KESEHATAN,PEMERINTAH KABUPATEN NGADA | DINAS KESEHATAN | PUSKESMAS WATU KAPU,1,0,3000000,3500000,1,0,0,0,1.0
0730b286-a576-471b-a0c4-e50d1b78bf38,Pemerintah Kab. Ngada,CPNS,UMUM,PENATA KELOLA LAYANAN KESEHATAN,PEMERINTAH KABUPATEN NGADA | DINAS KESEHATAN | PUSKESMAS WOLOWIO,2,0,3000000,3500000,6,0,0,0,3.0
11d5e84f-fd1c-4e4c-a34c-2150a2ca0bdb,Pemerintah Kab. Ngada,CPNS,UMUM,PENATA KELOLA LAYANAN KESEHATAN,PEMERINTAH KABUPATEN NGADA | DINAS KESEHATAN | PUSKESMAS LINDI,1,0,3000000,3500000,0,0,0,0,0.0
24211013-ae72-442d-88ef-9b0a2e1743ec,Pemerintah Kab. Ngada,CPNS,UMUM,PENATA KELOLA LAYANAN KESEHATAN,PEMERINTAH KABUPATEN NGADA | DINAS KESEHATAN | PUSKESMAS ULUWAE RAYA,1,0,3000000,3500000,0,0,0,0,0.0
261e25a8-0ec8-4e8a-9955-2a9f3b7fcee2,Pemerintah Kab. Ngada,CPNS,UMUM,PENATA KELOLA LAYANAN KESEHATAN,PEMERINTAH KABUPATEN NGADA | DINAS KESEHATAN | PUSKESMAS RAWANGKALO,1,0,3000000,3500000,2,0,0,0,2.0
2c17c433-2b83-46e7-8a8b-271bb31f0020,Pemerintah Kab. Ngada,CPNS,UMUM,PENATA KELOLA LAYANAN KESEHATAN,PEMERINTAH KABUPATEN NGADA | DINAS KESEHATAN | PUSKESMAS INELIKA RAYA,1,0,3000000,3500000,1,0,0,0,1.0
3a013828-9e19-4e11-ab78-4f8d8c3dcb97,Pemerintah Kab. Ngada,CPNS,UMUM,PENATA KELOLA LAYANAN KESEHATAN,PEMERINTAH KABUPATEN NGADA | DINAS KESEHATAN | PUSKESMAS WATUMANU,1,0,3000000,3500000,1,0,0,0,1.0
4487a745-f575-4cfb-b04d-1c0496509aa8,Pemerintah Kab. Ngada,CPNS,UMUM,PENATA KELOLA LAYANAN KESEHATAN,PEMERINTAH KABUPATEN NGADA | DINAS KESEHATAN | PUSKESMAS SOA,2,0,3000000,3500000,6,0,0,0,3.0
53bb2006-6442-4b3f-83c9-9716ebcd7431,Pemerintah Kab. Ngada,CPNS,UMUM,PENATA KELOLA LAYANAN KESEHATAN,PEMERINTAH KABUPATEN NGADA | DINAS KESEHATAN | PUSKESMAS AIMERE,1,0,3000000,3500000,2,0,0,0,2.0
6b1d2816-c19a-42c3-ac91-75e24d18d297,Pemerintah Kab. Ngada,CPNS,UMUM,PENATA KELOLA LAYANAN KESEHATAN,PEMERINTAH KABUPATEN NGADA | DINAS KESEHATAN | PUSKESMAS RIUNG,1,0,3000000,3500000,2,0,0,0,2.0
81ae92c7-50a0-4653-b106-b5bf4e5ad56a,Pemerintah Kab. Ngada,CPNS,UMUM,PENATA KELOLA LAYANAN KESEHATAN,PEMERINTAH KABUPATEN NGADA | DINAS KESEHATAN | PUSKESMAS LADJA,1,0,3000000,3500000,2,0,0,0,2.0
89f667ca-8dd9-40d5-967d-42787fe9eb81,Pemerintah Kab. Ngada,CPNS,UMUM,PENATA KELOLA LAYANAN KESEHATAN,PEMERINTAH KABUPATEN NGADA | DINAS KESEHATAN | PUSKESMAS MANGULEWA,1,0,3000000,3500000,2,0,0,0,2.0
92dc93ee-88ef-4007-863c-8a61f6ab70ff,Pemerintah Kab. Ngada,CPNS,UMUM,PENATA KELOLA LAYANAN KESEHATAN,PEMERINTAH KABUPATEN NGADA | DINAS KESEHATAN | PUSKESMAS BOBA,1,0,3000000,3500000,2,0,0,0,2.0
9800789d-3c18-4fa9-9ac4-767e05b8ccc3,Pemerintah Kab. Ngada,CPNS,UMUM,PENATA KELOLA LAYANAN KESEHATAN,PEMERINTAH KABUPATEN NGADA | DINAS KESEHATAN | PUSKESMAS LENGKOSAMBI,1,0,3000000,3500000,2,0,0,0,2.0
a58b12fc-a20b-47cf-8f63-c511aff51088,Pemerintah Kab. Ngada,CPNS,UMUM,PENATA KELOLA LAYANAN KESEHATAN,PEMERINTAH KABUPATEN NGADA | DINAS KESEHATAN | PUSKESMAS RADABATA,1,0,3000000,3500000,0,0,0,0,0.0
aac9dc8b-2f99-42a6-a2ed-372755453648,Pemerintah Kab. Ngada,CPNS,UMUM,PENATA KELOLA LAYANAN KESEHATAN,PEMERINTAH KABUPATEN NGADA | DINAS KESEHATAN | PUSKESMAS KOTA,1,0,3000000,3500000,1,0,0,0,1.0
b4c5d174-2b36-49b2-8002-cf442513c19b,Pemerintah Kab. Ngada,CPNS,UMUM,PENATA KELOLA LAYANAN KESEHATAN,PEMERINTAH KABUPATEN NGADA | DINAS KESEHATAN | PUSKESMAS NATA RANDANG,1,0,3000000,3500000,1,0,0,0,1.0
c53880f8-539e-495c-9bf4-8f5c9d889bd6,Pemerintah Kab. Ngada,CPNS,UMUM,PENATA KELOLA LAYANAN KESEHATAN,PEMERINTAH KABUPATEN NGADA | RUMAH SAKIT UMUM DAERAH BAJAWA | KEPALA BAGIAN TATA USAHA | KEPALA SUB BAGIAN UMUM DAN KEPEGAWAIAN,1,0,3000000,3500000,4,0,0,0,4.0
cf49dfeb-9e69-4205-b94f-a496661114b2,Pemerintah Kab. Ngada,CPNS,UMUM,PENATA KELOLA LAYANAN KESEHATAN,PEMERINTAH KABUPATEN NGADA | DINAS KESEHATAN | PUSKESMAS MARONGGELA,1,0,3000000,3500000,1,0,0,0,1.0
cfe09771-5af2-4a87-85f1-b3bc0bd769aa,Pemerintah Kab. Ngada,CPNS,UMUM,PENATA KELOLA LAYANAN KESEHATAN,PEMERINTAH KABUPATEN NGADA | DINAS KESEHATAN | PUSKESMAS DONA,1,0,3000000,3500000,2,0,0,0,2.0
d4660849-78c1-4403-9951-755431ceff1e,Pemerintah Kab. Ngada,CPNS,UMUM,PENATA KELOLA LAYANAN KESEHATAN,PEMERINTAH KABUPATEN NGADA | DINAS KESEHATAN | PUSKESMAS KOELODA,1,0,3000000,3500000,1,0,0,0,1.0
f8487d91-a219-4773-a878-fae3e866e832,Pemerintah Kab. Ngada,CPNS,UMUM,PENATA KELOLA LAYANAN KESEHATAN,PEMERINTAH KABUPATEN NGADA | DINAS KESEHATAN | PUSKESMAS WAEPANA,1,0,3000000,3500000,0,0,0,0,0.0
fdfe8486-a130-4819-822f-5d525eb223a4,Pemerintah Kab. Ngada,CPNS,UMUM,PENATA KELOLA LAYANAN KESEHATAN,PEMERINTAH KABUPATEN NGADA | DINAS KESEHATAN | PUSKESMAS SURISINA,1,0,3000000,3500000,1,0,0,0,1.0
feb5956c-e84d-45c9-8908-ee001a851c91,Pemerintah Kab. Ngada,CPNS,UMUM,PENATA KELOLA LAYANAN KESEHATAN,PEMERINTAH KABUPATEN NGADA | DINAS KESEHATAN | PUSKESMAS INERIE,1,0,3000000,3500000,1,0,0,0,1.0
4f351468-b130-4849-a122-20b475a00514,Pemerintah Kab. Ogan Komering Ulu Timur,CPNS,UMUM,PENATA KELOLA LAYANAN KESEHATAN,Pemerintah Kabupaten Ogan Komering Ulu Timur | Rumah Sakit Umum Daerah OKU Timur | Bidang Penunjang | Seksi Penunjang Non Medik,2,1,2785700,3865698,79,0,0,0,39.5
d0ff1eb6-8087-44ec-b4e6-af108df0d36a,Pemerintah Kab. Ogan Komering Ulu Timur,CPNS,UMUM,PENATA KELOLA LAYANAN KESEHATAN,Pemerintah Kabupaten Ogan Komering Ulu Timur | Dinas Kesehatan | Bidang Pencegahan dan Pengendalian Penyakit | Seksi Surveilans dan Imunisasi,1,1,2785700,3865698,11,0,0,0,11.0
e196d882-0f53-4381-beb0-2813485995b6,Pemerintah Kab. Ogan Komering Ulu Timur,CPNS,UMUM,PENATA KELOLA LAYANAN KESEHATAN,Pemerintah Kabupaten Ogan Komering Ulu Timur | Dinas Kesehatan | Bidang Sumber Daya Kesehatan | Seksi Sumber Daya Manusia Kesehatan,1,1,2785700,3865698,8,0,0,0,8.0
f7440000-ccae-473f-a74e-90d25cbad116,Pemerintah Kab. Ogan Komering Ulu Timur,CPNS,UMUM,PENATA KELOLA LAYANAN KESEHATAN,Pemerintah Kabupaten Ogan Komering Ulu Timur | Dinas Kesehatan | Bidang Pencegahan dan Pengendalian Penyakit | Seksi Pencegahan dan Pengendalian Penyakit Tidak Menular dan Kesehatan Jiwa,2,1,2785700,3865698,80,0,0,0,40.0
79654bac-c618-432e-b8f0-6e845e0fc8b9,Pemerintah Kab. Pandeglang,CPNS,UMUM,PENATA KELOLA LAYANAN KESEHATAN,PEMERINTAH KAB.PANDEGLANG | DINAS KESEHATAN | BIDANG PENCEGAHAN DAN PENGENDALIAN PENYAKIT - DINAS KESEHATAN,1,0,2785700,2785700,1,0,0,0,1.0
59dc594e-c6a7-4091-930d-46c1d7a8667d,Pemerintah Kab. Parigi Moutong,CPNS,UMUM,ANALIS KEBIJAKAN AHLI PERTAMA,BUPATI | DINAS KESEHATAN,2,1,2000000,4000000,11,0,0,0,5.5
3bf7c4e3-6a4d-4da2-95fd-6825c796e24e,Pemerintah Kab. Pegunungan Arfak,CPNS,ORANG ASLI PAPUA (OAP),PENATA KELOLA LAYANAN KESEHATAN,Pemerintah Kabupaten Pegunungan Arfak | Dinas Kesehatan | Bidang Pelayanan Kesehatan dan Sumber Daya Kesehatan | Puskesmas Didohu,1,0,3483500,4483500,1,0,0,0,1.0
55819500-1782-45ff-8a04-b4ab7b22bd66,Pemerintah Kab. Pegunungan Arfak,CPNS,ORANG ASLI PAPUA (OAP),PENATA KELOLA LAYANAN KESEHATAN,Pemerintah Kabupaten Pegunungan Arfak | Dinas Kesehatan | Bidang Pelayanan Kesehatan dan Sumber Daya Kesehatan | Puskesmas Taige,1,0,3483500,4483500,1,0,0,0,1.0
acba4d51-cedd-4b18-8f55-430d287740a7,Pemerintah Kab. Pegunungan Arfak,CPNS,ORANG ASLI PAPUA (OAP),PENATA KELOLA LAYANAN KESEHATAN,Pemerintah Kabupaten Pegunungan Arfak | Dinas Kesehatan | Bidang Pelayanan Kesehatan dan Sumber Daya Kesehatan | Puskesmas Catubouw,2,0,3483500,4483500,2,0,0,0,1.0
bdb018ba-8fcb-4751-be18-33cca787aa3f,Pemerintah Kab. Pegunungan Arfak,CPNS,ORANG ASLI PAPUA (OAP),PENATA KELOLA LAYANAN KESEHATAN,Pemerintah Kabupaten Pegunungan Arfak | Dinas Kesehatan | Bidang Pelayanan Kesehatan dan Sumber Daya Kesehatan | Puskesmas Anggi,2,0,3483500,4483500,2,0,0,0,1.0
d988f1a8-d692-4152-b229-9cdb4c3fab06,Pemerintah Kab. Pegunungan Arfak,CPNS,ORANG ASLI PAPUA (OAP),PENATA KELOLA LAYANAN KESEHATAN,Pemerintah Kabupaten Pegunungan Arfak | Dinas Kesehatan | Bidang Pelayanan Kesehatan dan Sumber Daya Kesehatan | Puskesmas Testega,2,0,3483500,4483500,2,0,0,0,1.0
da203197-6d82-4a83-b1da-f84414b1e78c,Pemerintah Kab. Pegunungan Arfak,CPNS,ORANG ASLI PAPUA (OAP),PENATA KELOLA LAYANAN KESEHATAN,Pemerintah Kabupaten Pegunungan Arfak | Dinas Kesehatan | Bidang Pelayanan Kesehatan dan Sumber Daya Kesehatan | Puskesmas Sururey,1,0,3483500,4483500,1,0,0,0,1.0
e69caf99-2705-41d3-9537-02a3993bec44,Pemerintah Kab. Pegunungan Arfak,CPNS,ORANG ASLI PAPUA (OAP),PENATA KELOLA LAYANAN KESEHATAN,Pemerintah Kabupaten Pegunungan Arfak | Dinas Kesehatan | Bidang Pelayanan Kesehatan dan Sumber Daya Kesehatan | Puskesmas Minyambouw,1,0,3483500,4483500,1,0,0,0,1.0
e9aae5f0-b02e-42e3-ab6d-aa575fa75656,Pemerintah Kab. Pegunungan Arfak,CPNS,ORANG ASLI PAPUA (OAP),PENATA KELOLA LAYANAN KESEHATAN,Pemerintah Kabupaten Pegunungan Arfak | Dinas Kesehatan | Bidang Pelayanan Kesehatan dan Sumber Daya Kesehatan | Puskesmas Hingk,1,0,3483500,4483500,1,0,0,0,1.0
ed5650f7-9965-4f0a-b94f-2d56f77ae4ad,Pemerintah Kab. Pegunungan Arfak,CPNS,ORANG ASLI PAPUA (OAP),PENATA KELOLA LAYANAN KESEHATAN,Pemerintah Kabupaten Pegunungan Arfak | Dinas Kesehatan | Bidang Pelayanan Kesehatan dan Sumber Daya Kesehatan | Puskesmas Anggi Gida,1,0,3483500,4483500,1,0,0,0,1.0
393c1d3b-75e7-4dad-82f3-360b9b289825,Pemerintah Kab. Pegunungan Bintang,CPNS,UMUM (NON OAP),PENATA KELOLA LAYANAN KESEHATAN,PEMERINTAH KAB. PEGUNUNGAN BINTANG | Dinas Kesehatan | Bidang Pelayanan Kesehatan | Sub Bidang Kefarmasian,1,1,2900000,3800000,3,0,0,0,3.0
8a028264916626ca0191682e306b0edc,Pemerintah Kab. Pegunungan Bintang,CPNS,ORANG ASLI PAPUA (OAP),PENGELOLA PENGADAAN BARANG/JASA AHLI PERTAMA,PEMERINTAH KAB. PEGUNUNGAN BINTANG | Sekretariat Daerah | Asisten III Bidang Pengelolaan Aset | Kantor Unit Pelayanan Pengadaan Barang dan Jasa | Sub Bagian Pembinaan dan Advokasi Pengadaan Barang dan Jasa,1,1,2900000,3800000,1,0,0,0,1.0
0fa8724b-aa8f-4f54-b976-5c3b271bfeb6,Pemerintah Kab. Pelalawan,CPNS,UMUM,ARSIPARIS AHLI PERTAMA,PEMERINTAH KABUPATEN PELALAWAN                                         | DINAS KEARSIPAN DAN PERPUSTAKAAN | BIDANG PEMBINAAN ARSIP,1,1,2785700,3600000,586,0,0,0,586.0
d514e736-311b-4ec4-b653-b40f3bbf03da,Pemerintah Kab. Pesisir Barat,CPNS,UMUM,ANALIS KEBIJAKAN AHLI PERTAMA,PEMERINTAH KABUPATEN PESISIR BARAT | DINAS KESEHATAN,2,1,2228560,4132461,62,0,0,0,31.0
b6be21ac-04a4-4f76-8f21-3c6d0844a62a,Pemerintah Kab. Pesisir Barat,CPNS,UMUM,PENATA KELOLA LAYANAN KESEHATAN,PEMERINTAH KABUPATEN PESISIR BARAT | DINAS KESEHATAN | RUMAH SAKIT UMUM DAERAH KH. MUHAMMAD THOHIR | SEKSI PELAYANAN DAN REKAM MEDIS RUMAH SAKIT UMUM DAERAH KH. MUHAMMAD THOHIR,1,1,2228560,4132461,15,0,0,0,15.0
05436bc7-a5a3-47e0-b49a-d7f56b565b39,Pemerintah Kab. Ponorogo,CPNS,UMUM,PENATA KELOLA LAYANAN KESEHATAN,PEMERINTAH KABUPATEN PONOROGO | DINAS KESEHATAN | PUSKESMAS JENANGAN,1,1,2785700,6000000,25,0,0,0,25.0
3e259ef2-9f04-4c1d-827b-fc354e79852e,Pemerintah Kab. Ponorogo,CPNS,UMUM,PENATA KELOLA LAYANAN KESEHATAN,PEMERINTAH KABUPATEN PONOROGO | DINAS KESEHATAN | PUSKESMAS NGRANDU,1,1,2785700,6000000,26,0,0,0,26.0
7d870ca5-43cd-4a60-afb8-d509bf3f8119,Pemerintah Kab. Ponorogo,CPNS,PENYANDANG DISABILITAS,PENATA KELOLA LAYANAN KESEHATAN,PEMERINTAH KABUPATEN PONOROGO | DINAS KESEHATAN | PUSKESMAS JETIS,1,1,2785700,6000000,1,0,0,0,1.0
e2ea8b4f-f517-43ae-ac36-c7443a31a98a,Pemerintah Kab. Ponorogo,CPNS,UMUM,PENATA KELOLA LAYANAN KESEHATAN,PEMERINTAH KABUPATEN PONOROGO | DINAS KESEHATAN | PUSKESMAS PONOROGO UTARA,1,1,2785700,6000000,34,0,0,0,34.0
f206da3d-5fe0-4979-a2a8-8626f82b9869,Pemerintah Kab. Ponorogo,CPNS,UMUM,PENATA KELOLA LAYANAN KESEHATAN,PEMERINTAH KABUPATEN PONOROGO | DINAS KESEHATAN | PUSKESMAS PULUNG,1,1,2785700,6000000,19,0,0,0,19.0
f79f3778-12bd-4563-bbd5-e5290b27b20e,Pemerintah Kab. Ponorogo,CPNS,UMUM,PENATA KELOLA LAYANAN KESEHATAN,PEMERINTAH KABUPATEN PONOROGO | RSUD BANTARANGIN | SUB BAGIAN ADMINISTRASI UMUM DAN KEUANGAN,2,1,2785700,6000000,90,0,0,0,45.0
8a0186ce915e61b701915f4a523048dc,Pemerintah Kab. Raja Ampat,CPNS,UMUM (NON OAP),PENATA KELOLA LAYANAN KESEHATAN,PEMERINTAH KABUPATEN RAJA AMPAT | DINAS KESEHATAN | BIDANG PELAYANAN KESEHATAN | PUSKESMAS KALOBO,3,0,2785700,3400000,3,0,0,0,1.0
8a0186ce915e61b701915f4b112a49cf,Pemerintah Kab. Raja Ampat,CPNS,UMUM (NON OAP),PENATA KELOLA LAYANAN KESEHATAN,PEMERINTAH KABUPATEN RAJA AMPAT | DINAS KESEHATAN | BIDANG PELAYANAN KESEHATAN | PUSKESMAS WEJIM,3,0,2785700,3400000,2,0,0,0,0.6666666666666666
8a0186ce915e61b701915f4c01cd4ab7,Pemerintah Kab. Raja Ampat,CPNS,UMUM (NON OAP),PENATA KELOLA LAYANAN KESEHATAN,PEMERINTAH KABUPATEN RAJA AMPAT | DINAS KESEHATAN | BIDANG PELAYANAN KESEHATAN | PUSKESMAS SUPNIN,3,0,2785700,3400000,3,0,0,0,1.0
8a0186ce915e61b701915f4c5e8d4b39,Pemerintah Kab. Raja Ampat,CPNS,UMUM (NON OAP),PENATA KELOLA LAYANAN KESEHATAN,PEMERINTAH KABUPATEN RAJA AMPAT | DINAS KESEHATAN | BIDANG PELAYANAN KESEHATAN | PUSKESMAS WAIBON,3,0,2785700,3400000,2,0,0,0,0.6666666666666666
8a0186ce915e61b701915f4ecf584dce,Pemerintah Kab. Raja Ampat,CPNS,UMUM (NON OAP),PENATA KELOLA LAYANAN KESEHATAN,PEMERINTAH KABUPATEN RAJA AMPAT | DINAS KESEHATAN | BIDANG PELAYANAN KESEHATAN | PUSKESMAS URBINASOPEN,1,0,2785700,3400000,0,0,0,0,0.0
8a0186ce915e61b701915f4f2ea44e42,Pemerintah Kab. Raja Ampat,CPNS,UMUM (NON OAP),PENATA KELOLA LAYANAN KESEHATAN,PEMERINTAH KABUPATEN RAJA AMPAT | DINAS KESEHATAN | BIDANG PELAYANAN KESEHATAN | PUSKESMAS DEER,1,0,2785700,3400000,0,0,0,0,0.0
8a0186ce915e61b701915f4f88404e9a,Pemerintah Kab. Raja Ampat,CPNS,UMUM (NON OAP),PENATA KELOLA LAYANAN KESEHATAN,PEMERINTAH KABUPATEN RAJA AMPAT | DINAS KESEHATAN | BIDANG PELAYANAN KESEHATAN | PUSKESMAS RENI,1,0,2785700,3400000,0,0,0,0,0.0
8a0186ce915e61b701915f4ff1644f17,Pemerintah Kab. Raja Ampat,CPNS,UMUM (NON OAP),PENATA KELOLA LAYANAN KESEHATAN,PEMERINTAH KABUPATEN RAJA AMPAT | DINAS KESEHATAN | BIDANG PELAYANAN KESEHATAN | PUSKESMAS WAIGAMA,1,0,2785700,3400000,2,0,0,0,2.0
8a0186ce915e61b701915f505e064fb2,Pemerintah Kab. Raja Ampat,CPNS,UMUM (NON OAP),PENATA KELOLA LAYANAN KESEHATAN,PEMERINTAH KABUPATEN RAJA AMPAT | DINAS KESEHATAN | BIDANG PELAYANAN KESEHATAN | PUSKESMAS YENBEKWAN,1,0,2785700,3400000,0,0,0,0,0.0
8a0186ce915e61b701915f50b6744ff7,Pemerintah Kab. Raja Ampat,CPNS,UMUM (NON OAP),PENATA KELOLA LAYANAN KESEHATAN,PEMERINTAH KABUPATEN RAJA AMPAT | DINAS KESEHATAN | BIDANG PELAYANAN KESEHATAN | PUSKESMAS WAISAI,1,0,2785700,3400000,3,0,0,0,3.0
8a0186ce915e61b701915f510ab55038,Pemerintah Kab. Raja Ampat,CPNS,UMUM (NON OAP),PENATA KELOLA LAYANAN KESEHATAN,PEMERINTAH KABUPATEN RAJA AMPAT | DINAS KESEHATAN | BIDANG PELAYANAN KESEHATAN | PUSKESMAS SAMATE,1,0,2785700,3400000,1,0,0,0,1.0
8a0186ce915e61b701915f526f9c510f,Pemerintah Kab. Raja Ampat,CPNS,UMUM (NON OAP),PENATA KELOLA LAYANAN KESEHATAN,PEMERINTAH KABUPATEN RAJA AMPAT | DINAS KESEHATAN | BIDANG PELAYANAN KESEHATAN | PUSKESMAS WARSAMBIN,1,0,2785700,3400000,5,0,0,0,5.0
8a0186ce915e61b701915f52cf91515a,Pemerintah Kab. Raja Ampat,CPNS,UMUM (NON OAP),PENATA KELOLA LAYANAN KESEHATAN,PEMERINTAH KABUPATEN RAJA AMPAT | DINAS KESEHATAN | BIDANG PELAYANAN KESEHATAN | PUSKESMAS DOREHKAR,1,0,2785700,3400000,0,0,0,0,0.0
8a0384ba915598f4019156f04ea870db,Pemerintah Kab. Raja Ampat,CPNS,UMUM (NON OAP),PENATA KELOLA LAYANAN KESEHATAN,PEMERINTAH KABUPATEN RAJA AMPAT | DINAS KESEHATAN | RUMAH SAKIT UMUM DAERAH | SUB BAGIAN TATA USAHA,1,0,2785700,3400000,3,0,0,0,3.0
8a0384ba915598f401915706a666753c,Pemerintah Kab. Raja Ampat,CPNS,UMUM (NON OAP),PENATA KELOLA LAYANAN KESEHATAN,PEMERINTAH KABUPATEN RAJA AMPAT | DINAS KESEHATAN | BIDANG PELAYANAN KESEHATAN | PUSKESMAS WARWANAI,2,0,2785700,3400000,0,0,0,0,0.0
06ae7d7f-49bd-471d-9a3b-c89786417af8,Pemerintah Kab. Raja Ampat,CPNS,ORANG ASLI PAPUA (OAP),PENATA KELOLA LAYANAN KESEHATAN,PEMERINTAH KABUPATEN RAJA AMPAT | DINAS KESEHATAN | BIDANG PELAYANAN KESEHATAN | PUSKESMAS KALOBO,2,0,2785700,3400000,0,0,0,0,0.0
22fe0d47-996a-4c67-aebd-428405df762c,Pemerintah Kab. Raja Ampat,CPNS,ORANG ASLI PAPUA (OAP),PENATA KELOLA LAYANAN KESEHATAN,PEMERINTAH KABUPATEN RAJA AMPAT | DINAS KESEHATAN | BIDANG PELAYANAN KESEHATAN | PUSKESMAS WEJIM,2,0,2785700,3400000,2,0,0,0,1.0
353fdd5f-da40-43a6-a2f9-84392b7558d9,Pemerintah Kab. Raja Ampat,CPNS,ORANG ASLI PAPUA (OAP),PENATA KELOLA LAYANAN KESEHATAN,PEMERINTAH KABUPATEN RAJA AMPAT | DINAS KESEHATAN | BIDANG PELAYANAN KESEHATAN | PUSKESMAS WAISILIP,2,0,2785700,3400000,1,0,0,0,0.5
3775f455-b1f8-43ef-b75e-b4d69bfed13d,Pemerintah Kab. Raja Ampat,CPNS,ORANG ASLI PAPUA (OAP),PENATA KELOLA LAYANAN KESEHATAN,PEMERINTAH KABUPATEN RAJA AMPAT | DINAS KESEHATAN | BIDANG PELAYANAN KESEHATAN | PUSKESMAS MANYAIFUN,2,0,2785700,3400000,1,0,0,0,0.5
4f85ed61-de43-4b26-a18c-d2d21c120630,Pemerintah Kab. Raja Ampat,CPNS,ORANG ASLI PAPUA (OAP),PENATA KELOLA LAYANAN KESEHATAN,PEMERINTAH KABUPATEN RAJA AMPAT | DINAS KESEHATAN | BIDANG PELAYANAN KESEHATAN | PUSKESMAS SAONEK,2,0,2785700,3400000,1,0,0,0,0.5
513e67bf-256e-4dae-ac09-a151ab93d074,Pemerintah Kab. Raja Ampat,CPNS,ORANG ASLI PAPUA (OAP),PENATA KELOLA LAYANAN KESEHATAN,PEMERINTAH KABUPATEN RAJA AMPAT | DINAS KESEHATAN | BIDANG PELAYANAN KESEHATAN | PUSKESMAS YENANAS,5,0,2785700,3400000,1,0,0,0,0.2
51ad0f99-bbf2-48a0-ab6c-af1a1c31bfbb,Pemerintah Kab. Raja Ampat,CPNS,ORANG ASLI PAPUA (OAP),PENATA KELOLA LAYANAN KESEHATAN,PEMERINTAH KABUPATEN RAJA AMPAT | DINAS KESEHATAN | BIDANG PELAYANAN KESEHATAN | PUSKESMAS WARWANAI,3,0,2785700,3400000,0,0,0,0,0.0
5e036314-fff0-41c0-a694-21759f6bd897,Pemerintah Kab. Raja Ampat,CPNS,ORANG ASLI PAPUA (OAP),PENATA KELOLA LAYANAN KESEHATAN,PEMERINTAH KABUPATEN RAJA AMPAT | DINAS KESEHATAN | BIDANG PELAYANAN KESEHATAN | PUSKESMAS DABATAN,5,0,2785700,3400000,1,0,0,0,0.2
6630a930-71fe-4ecf-8232-3e133087e434,Pemerintah Kab. Raja Ampat,CPNS,ORANG ASLI PAPUA (OAP),PENATA KELOLA LAYANAN KESEHATAN,PEMERINTAH KABUPATEN RAJA AMPAT | DINAS KESEHATAN | BIDANG PELAYANAN KESEHATAN | PUSKESMAS SUPNIN,2,0,2785700,3400000,0,0,0,0,0.0
6a6a09a8-8cb6-4a0f-8bbc-47f897db13f6,Pemerintah Kab. Raja Ampat,CPNS,ORANG ASLI PAPUA (OAP),PENATA KELOLA LAYANAN KESEHATAN,PEMERINTAH KABUPATEN RAJA AMPAT | DINAS KESEHATAN | BIDANG PELAYANAN KESEHATAN | PUSKESMAS WAIBON,2,0,2785700,3400000,0,0,0,0,0.0
7f7b4230-9464-44ea-9820-cd83df13a73b,Pemerintah Kab. Raja Ampat,CPNS,ORANG ASLI PAPUA (OAP),PENATA KELOLA LAYANAN KESEHATAN,PEMERINTAH KABUPATEN RAJA AMPAT | DINAS KESEHATAN | BIDANG PELAYANAN KESEHATAN | PUSKESMAS WAIFOI,5,0,2785700,3400000,1,0,0,0,0.2
842301ef-2e32-4de6-8e45-b6325e1d74cc,Pemerintah Kab. Raja Ampat,CPNS,ORANG ASLI PAPUA (OAP),PENATA KELOLA LAYANAN KESEHATAN,PEMERINTAH KABUPATEN RAJA AMPAT | DINAS KESEHATAN | BIDANG PELAYANAN KESEHATAN | PUSKESMAS LILINTA,5,0,2785700,3400000,1,0,0,0,0.2
8664f807-5902-4b74-b63b-bcea0ce2f739,Pemerintah Kab. Raja Ampat,CPNS,ORANG ASLI PAPUA (OAP),PENATA KELOLA LAYANAN KESEHATAN,PEMERINTAH KABUPATEN RAJA AMPAT | DINAS KESEHATAN | BIDANG PELAYANAN KESEHATAN | PUSKESMAS YENSAWAI,5,0,2785700,3400000,3,0,0,0,0.6
963bd519-bdc3-43f6-b125-35adc8f82d94,Pemerintah Kab. Raja Ampat,CPNS,ORANG ASLI PAPUA (OAP),PENATA KELOLA LAYANAN KESEHATAN,PEMERINTAH KABUPATEN RAJA AMPAT | DINAS KESEHATAN | RUMAH SAKIT UMUM DAERAH | SUB BAGIAN TATA USAHA,1,0,2785700,3400000,1,0,0,0,1.0
9b2d0f77-b4aa-4927-8b31-41ac235b3b4e,Pemerintah Kab. Raja Ampat,CPNS,ORANG ASLI PAPUA (OAP),PENATA KELOLA LAYANAN KESEHATAN,PEMERINTAH KABUPATEN RAJA AMPAT | DINAS KESEHATAN | RUMAH SAKIT UMUM DAERAH | SEKSI PELAYANAN DAN PENUNJANG MEDIK,2,0,2785700,3400000,0,0,0,0,0.0
9f9f3046-8a1b-4880-a08a-2517ba4c0531,Pemerintah Kab. Raja Ampat,CPNS,ORANG ASLI PAPUA (OAP),PENATA KELOLA LAYANAN KESEHATAN,PEMERINTAH KABUPATEN RAJA AMPAT | DINAS KESEHATAN | BIDANG PELAYANAN KESEHATAN | PUSKESMAS URBINASOPEN,4,0,2785700,3400000,0,0,0,0,0.0
9ff51d01-b2af-4a2f-b566-d173f5dfc559,Pemerintah Kab. Raja Ampat,CPNS,ORANG ASLI PAPUA (OAP),PENATA KELOLA LAYANAN KESEHATAN,PEMERINTAH KABUPATEN RAJA AMPAT | DINAS KESEHATAN | BIDANG PELAYANAN KESEHATAN | PUSKESMAS DEER,4,0,2785700,3400000,1,0,0,0,0.25
a34d314d-9193-4dab-a351-9097b92ca59c,Pemerintah Kab. Raja Ampat,CPNS,ORANG ASLI PAPUA (OAP),PENATA KELOLA LAYANAN KESEHATAN,PEMERINTAH KABUPATEN RAJA AMPAT | DINAS KESEHATAN | BIDANG PELAYANAN KESEHATAN | PUSKESMAS RENI,4,0,2785700,3400000,0,0,0,0,0.0
a65efb97-cd98-4382-8ad0-d7de67a16104,Pemerintah Kab. Raja Ampat,CPNS,ORANG ASLI PAPUA (OAP),PENATA KELOLA LAYANAN KESEHATAN,PEMERINTAH KABUPATEN RAJA AMPAT | DINAS KESEHATAN | BIDANG PELAYANAN KESEHATAN | PUSKESMAS WAIGAMA,4,0,2785700,3400000,0,0,0,0,0.0
a696d71f-f325-4ca1-9184-e67c75a95418,Pemerintah Kab. Raja Ampat,CPNS,ORANG ASLI PAPUA (OAP),PENATA KELOLA LAYANAN KESEHATAN,PEMERINTAH KABUPATEN RAJA AMPAT | DINAS KESEHATAN | BIDANG PELAYANAN KESEHATAN | PUSKESMAS KABARE,2,0,2785700,3400000,1,0,0,0,0.5
a9e43e0b-6ebd-4bfe-9ff3-de5e0c4672f3,Pemerintah Kab. Raja Ampat,CPNS,ORANG ASLI PAPUA (OAP),PENATA KELOLA LAYANAN KESEHATAN,PEMERINTAH KABUPATEN RAJA AMPAT | DINAS KESEHATAN | BIDANG PELAYANAN KESEHATAN | PUSKESMAS YENBEKWAN,4,0,2785700,3400000,0,0,0,0,0.0
abd128cb-71f3-403c-a7dd-9def8c8855a1,Pemerintah Kab. Raja Ampat,CPNS,ORANG ASLI PAPUA (OAP),PENATA KELOLA LAYANAN KESEHATAN,PEMERINTAH KABUPATEN RAJA AMPAT | DINAS KESEHATAN | BIDANG PELAYANAN KESEHATAN | PUSKESMAS WAISAI,4,0,2785700,3400000,2,0,0,0,0.5
b07cdfd1-b86d-4558-aa06-3ae0e9737806,Pemerintah Kab. Raja Ampat,CPNS,ORANG ASLI PAPUA (OAP),PENATA KELOLA LAYANAN KESEHATAN,PEMERINTAH KABUPATEN RAJA AMPAT | DINAS KESEHATAN | BIDANG PELAYANAN KESEHATAN | PUSKESMAS SAMATE,4,0,2785700,3400000,1,0,0,0,0.25
c5438d47-acb1-49d5-a14e-56e1b128bdc4,Pemerintah Kab. Raja Ampat,CPNS,ORANG ASLI PAPUA (OAP),PENATA KELOLA LAYANAN KESEHATAN,PEMERINTAH KABUPATEN RAJA AMPAT | DINAS KESEHATAN | BIDANG PELAYANAN KESEHATAN | PUSKESMAS FOLLEY,5,0,2785700,3400000,1,0,0,0,0.2
c9b01414-6a16-4cd3-a022-a9710521d729,Pemerintah Kab. Raja Ampat,CPNS,ORANG ASLI PAPUA (OAP),PENATA KELOLA LAYANAN KESEHATAN,PEMERINTAH KABUPATEN RAJA AMPAT | DINAS KESEHATAN | BIDANG PELAYANAN KESEHATAN | PUSKESMAS WARSAMBIN,4,0,2785700,3400000,0,0,0,0,0.0
f2f7324a-d82c-4d4e-8534-ee77c6c59856,Pemerintah Kab. Raja Ampat,CPNS,ORANG ASLI PAPUA (OAP),PENATA KELOLA LAYANAN KESEHATAN,PEMERINTAH KABUPATEN RAJA AMPAT | DINAS KESEHATAN | BIDANG PELAYANAN KESEHATAN | PUSKESMAS DOREHKAR,4,0,2785700,3400000,1,0,0,0,0.25
2d7f232e-6f22-4268-a3bf-f49f073f67bd,Pemerintah Kab. Rote Ndao,CPNS,UMUM,PENATA KELOLA LAYANAN KESEHATAN,PEMERINTAH KABUPATEN ROTE NDAO | DINAS KESEHATAN | UPTD PUSKESMAS NDAO | Tata Usaha,3,1,3000000,5000000,3,0,0,0,1.0
7dcb959c-f0ac-4819-9d78-58dc24daeb4a,Pemerintah Kab. Rote Ndao,CPNS,UMUM,PENATA KELOLA LAYANAN KESEHATAN,PEMERINTAH KABUPATEN ROTE NDAO | DINAS KESEHATAN | UPTD PUSKESMAS FEAPOPI | Tata Usaha,2,1,2000000,3000000,2,0,0,0,1.0
96969ca2-059b-4f79-9276-12e5c9e6fe83,Pemerintah Kab. Rote Ndao,CPNS,UMUM,PENATA KELOLA LAYANAN KESEHATAN,PEMERINTAH KABUPATEN ROTE NDAO | DINAS KESEHATAN | UPTD PUSKESMAS BATUTUA | Tata Usaha,2,1,2000000,3000000,1,0,0,0,0.5
a471c578-b94f-491a-8780-51c8d2d8cae9,Pemerintah Kab. Rote Ndao,CPNS,UMUM,PENATA KELOLA LAYANAN KESEHATAN,PEMERINTAH KABUPATEN ROTE NDAO | DINAS KESEHATAN | UPTD Puskesmas Korbafo | TATA USAHA,1,1,2000000,3000000,0,0,0,0,0.0
acf25cbe-9827-45b5-9957-2d02db274651,Pemerintah Kab. Rote Ndao,CPNS,UMUM,PENATA KELOLA LAYANAN KESEHATAN,PEMERINTAH KABUPATEN ROTE NDAO | DINAS KESEHATAN | UPTD Puskesmas Eahun | TATA USAHA,4,1,2000000,3000000,11,0,0,0,2.75
b86b1244-0e3a-4e22-a6e2-302abb0016cb,Pemerintah Kab. Rote Ndao,CPNS,UMUM,PENATA KELOLA LAYANAN KESEHATAN,PEMERINTAH KABUPATEN ROTE NDAO | DINAS KESEHATAN | UPTD PUSKESMAS DELHA | Tata Usaha,3,1,2000000,3000000,3,0,0,0,1.0
f66ffa35-1823-495d-a6ae-09c78e4ab9ac,Pemerintah Kab. Rote Ndao,CPNS,UMUM,PENATA KELOLA LAYANAN KESEHATAN,PEMERINTAH KABUPATEN ROTE NDAO | DINAS KESEHATAN | UPTD Puskesmas Sotimori | TATA USAHA,2,1,2000000,3000000,1,0,0,0,0.5
38075054-feca-4b71-ba75-fa428995e88d,Pemerintah Kab. Sambas,CPNS,UMUM,PENATA KELOLA LAYANAN KESEHATAN,Pemerintah Kabupaten Sambas | Dinas Kesehatan | RSUD Teluk Keramat | Kasi Pelayanan Kesehatan,1,1,3000000,8000000,22,0,0,0,22.0
3f516c11-b670-4064-86e6-31ad777d5761,Pemerintah Kab. Sambas,CPNS,UMUM,PENATA KELOLA LAYANAN KESEHATAN,Pemerintah Kabupaten Sambas | Dinas Kesehatan | RSUD Pemangkat | Bidang Pelayanan Medis,1,1,2500000,7000000,21,0,0,0,21.0
764b21dc-1a0f-4c1d-92dd-0e403861f49d,Pemerintah Kab. Sambas,CPNS,UMUM,PENATA KELOLA LAYANAN KESEHATAN,Pemerintah Kabupaten Sambas | Dinas Kesehatan | RSUD Sambas | DIREKTUR | BIDANG PELAYANAN MEDIS,1,1,2500000,7000000,6,0,0,0,6.0
a3197ec5-baeb-4e8d-a626-4db18fc662c1,Pemerintah Kab. Sanggau,CPNS,UMUM,PENATA KELOLA LAYANAN KESEHATAN,PEMERINTAH KABUPATEN SANGGAU | DINAS KESEHATAN KAB. SANGGAU | RS. TEMENGGUNG GERGAJI | SUBBAGIAN TATA USAHA,1,1,3500000,4500000,19,0,0,0,19.0
02d898ec-f772-4e19-8351-1e47df2cbb42,Pemerintah Kab. Sanggau,CPNS,UMUM,PERENCANA AHLI PERTAMA,PEMERINTAH KABUPATEN SANGGAU | DINAS KESEHATAN KAB. SANGGAU | RSUD M.TH. DJAMAN KAB. SANGGAU | BIDANG BINA PERENCANA DAN KEUANGAN | SEKSI PERENCANAAN DAN PENDAPATAN,1,1,3500000,4500000,4,0,0,0,4.0
ed130706-4a54-47cb-9d66-9ce31230fc36,Pemerintah Kab. Seruyan,CPNS,UMUM,PERENCANA AHLI PERTAMA,PEMERINTAH KAB. SERUYAN | DINAS KESEHATAN,1,1,4000000,6000000,7,0,0,0,7.0
0f6a82c2-3cb0-4a11-8528-cc45026814b2,Pemerintah Kab. Sijunjung,CPNS,UMUM,PENATA KELOLA LAYANAN KESEHATAN,PEMERINTAH KABUPATEN SIJUNJUNG | DINAS KESEHATAN | UPTD PUSKESMAS KAMANG | SUB BAGIAN TATA USAHA UPTD PUSKESMAS KAMANG BARU,4,1,1500000,3000000,39,0,0,0,9.75
2f0d9169-9f36-4f3f-8914-1c449d7a6123,Pemerintah Kab. Sikka,CPNS,UMUM,PENATA KELOLA LAYANAN KESEHATAN,PEMERINTAH KABUPATEN SIKKA | DINAS KESEHATAN KABUPATEN SIKKA | UPT PUSKESMAS KOPETA,2,0,2785700,4575200,7,0,0,0,3.5
05a5907c-49ef-45c8-99ea-5b8189ef0f79,Pemerintah Kab. Simalungun,CPNS,UMUM,PENATA KELOLA LAYANAN KESEHATAN,PEMERINTAH KABUPATEN SIMALUNGUN | DINAS KESEHATAN | BIDANG KESEHATAN MASYARAKAT,14,1,2785700,6000000,305,0,0,0,21.785714285714285
e5bc5997-1316-45f9-9be9-5ad128eb5d8d,Pemerintah Kab. Simalungun,CPNS,UMUM,PENATA KELOLA LAYANAN KESEHATAN,PEMERINTAH KABUPATEN SIMALUNGUN | DINAS KESEHATAN | BIDANG PENCEGAHAN DAN PENGENDALIAN PENYAKIT,12,1,2785700,6000000,88,0,0,0,7.333333333333333
a0e022f3-637e-4b0c-a27d-cbddbba87aca,Pemerintah Kab. Sintang,CPNS,UMUM,PENATA KELOLA LAYANAN KESEHATAN,PEMERINTAH KABUPATEN SINTANG | RUMAH SAKIT UMUM DAERAH ADE MUHAMMAD DJOEN SINTANG | BIDANG PELAYANAN | SEKSI PELAYANAN KEPERAWATAN,1,0,2787700,4575200,23,0,0,0,23.0
b7d145ec-6c47-45b6-a21c-93528b4e95f2,Pemerintah Kab. Sintang,CPNS,UMUM,PENATA KELOLA LAYANAN KESEHATAN,PEMERINTAH KABUPATEN SINTANG | DINAS KESEHATAN KAB. SINTANG | BIDANG PELAYANAN KESEHATAN,1,0,2787700,4575200,19,0,0,0,19.0
20ba9599-cf8a-4fc5-965b-ea8cc6c39069,Pemerintah Kab. Sorong Selatan,CPNS,ORANG ASLI PAPUA (OAP),PENATA KELOLA LAYANAN KESEHATAN,PEMERINTAH KABUPATEN SORONG SELATAN | DINAS KESEHATAN | PUSKESMAS MOSWAREN,1,0,3483500,4483500,1,0,0,0,1.0
24c8827b-84ae-464e-91f9-0f892d524e05,Pemerintah Kab. Sorong Selatan,CPNS,ORANG ASLI PAPUA (OAP),PENATA KELOLA LAYANAN KESEHATAN,PEMERINTAH KABUPATEN SORONG SELATAN | DINAS KESEHATAN | PUSKESMAS KAIS DARAT,1,0,3483500,4483500,0,0,0,0,0.0
25ce646e-b931-4091-87e9-9a9759a88399,Pemerintah Kab. Sorong Selatan,CPNS,ORANG ASLI PAPUA (OAP),PENATA KELOLA LAYANAN KESEHATAN,PEMERINTAH KABUPATEN SORONG SELATAN | DINAS KESEHATAN | PUSKESMAS SAWIAT,1,0,3483500,4483500,0,0,0,0,0.0
26c03ab4-1c4f-4e39-87df-1c07483917f6,Pemerintah Kab. Sorong Selatan,CPNS,ORANG ASLI PAPUA (OAP),PENATA KELOLA LAYANAN KESEHATAN,PEMERINTAH KABUPATEN SORONG SELATAN | DINAS KESEHATAN | PUSKESMAS WERNAS,1,0,3483500,4483500,0,0,0,0,0.0
5c229eea-5d7a-4487-b615-b17d900e2a9b,Pemerintah Kab. Sorong Selatan,CPNS,ORANG ASLI PAPUA (OAP),PENATA KELOLA LAYANAN KESEHATAN,PEMERINTAH KABUPATEN SORONG SELATAN | DINAS KESEHATAN | PUSKESMAS KAIS DINAS KESEHATAN,1,0,3483500,4483500,0,0,0,0,0.0
75ae856b-7be5-4fe0-bc69-e369568ba699,Pemerintah Kab. Sorong Selatan,CPNS,ORANG ASLI PAPUA (OAP),PENATA KELOLA LAYANAN KESEHATAN,PEMERINTAH KABUPATEN SORONG SELATAN | DINAS KESEHATAN | PUSKESMAS SEREMUK,1,0,3483500,4483500,1,0,0,0,1.0
94e36a6b-1c54-4623-b265-824551fc8d66,Pemerintah Kab. Sorong Selatan,CPNS,UMUM (NON OAP),PENATA KELOLA LAYANAN KESEHATAN,PEMERINTAH KABUPATEN SORONG SELATAN | DINAS KESEHATAN | PUSKESMAS KOKODA,1,0,3483500,4483500,0,0,0,0,0.0
b1b7d478-8dfe-4738-b087-8132ca1eaf40,Pemerintah Kab. Sorong Selatan,CPNS,ORANG ASLI PAPUA (OAP),PENATA KELOLA LAYANAN KESEHATAN,PEMERINTAH KABUPATEN SORONG SELATAN | DINAS KESEHATAN | PUSKESMAS KOKODA UTARA,1,0,3483500,4483500,1,0,0,0,1.0
c234770c-9ddb-47c9-96ec-eb0623c9bfc0,Pemerintah Kab. Sorong Selatan,CPNS,ORANG ASLI PAPUA (OAP),PENATA KELOLA LAYANAN KESEHATAN,PEMERINTAH KABUPATEN SORONG SELATAN | DINAS KESEHATAN | PUSKESMAS WAYER,1,0,3483500,4483500,1,0,0,0,1.0
d1f2d4ed-9185-48c2-a412-77c63146b3cb,Pemerintah Kab. Sorong Selatan,CPNS,UMUM (NON OAP),PENATA KELOLA LAYANAN KESEHATAN,PEMERINTAH KABUPATEN SORONG SELATAN | DINAS KESEHATAN | PUSKESMAS INANWATAN,1,0,3483500,4483500,2,0,0,0,2.0
ea1894b0-e468-49b9-83b8-a2b1fa6b897a,Pemerintah Kab. Sorong Selatan,CPNS,ORANG ASLI PAPUA (OAP),PENATA KELOLA LAYANAN KESEHATAN,PEMERINTAH KABUPATEN SORONG SELATAN | DINAS KESEHATAN | PUSKESMA SALKMA,1,0,3483500,4483500,0,0,0,0,0.0
eba909b0-bb2d-4edf-b550-17956aeda39f,Pemerintah Kab. Sorong Selatan,CPNS,ORANG ASLI PAPUA (OAP),PENATA KELOLA LAYANAN KESEHATAN,PEMERINTAH KABUPATEN SORONG SELATAN | DINAS KESEHATAN | PUSKESMAS FKOUR,1,0,3483500,4483500,0,0,0,0,0.0
ececc91f-c2ca-4d23-9a2f-e983395fee1a,Pemerintah Kab. Sorong Selatan,CPNS,ORANG ASLI PAPUA (OAP),PENATA KELOLA LAYANAN KESEHATAN,PEMERINTAH KABUPATEN SORONG SELATAN | DINAS KESEHATAN | PUSKESMAS KONDA,1,0,3483500,4483500,0,0,0,0,0.0
f23679fd-0fc8-47d9-9f74-41b1a1bd7b08,Pemerintah Kab. Sorong Selatan,CPNS,ORANG ASLI PAPUA (OAP),PENATA KELOLA LAYANAN KESEHATAN,PEMERINTAH KABUPATEN SORONG SELATAN | DINAS KESEHATAN | PUSKESMAS METEMANI,1,0,3483500,4483500,0,0,0,0,0.0
f9214342-60b2-4077-bffd-9d627c8faf71,Pemerintah Kab. Sorong Selatan,CPNS,ORANG ASLI PAPUA (OAP),PENATA KELOLA LAYANAN KESEHATAN,PEMERINTAH KABUPATEN SORONG SELATAN | DINAS KESEHATAN | PUSKESMAS TEMINABUAN,1,0,3483500,4483500,0,0,0,0,0.0
fa2d4c1c-c0a6-4625-bbbd-a0cc0c1b4463,Pemerintah Kab. Sorong Selatan,CPNS,ORANG ASLI PAPUA (OAP),PENATA KELOLA LAYANAN KESEHATAN,PEMERINTAH KABUPATEN SORONG SELATAN | DINAS KESEHATAN | PUSKESMAS SAIFI,1,0,3483500,4483500,0,0,0,0,0.0
f8b9239a-ea07-4a55-b02a-296d09cb02bc,Pemerintah Kab. Sukabumi,CPNS,UMUM,PENATA KELOLA LAYANAN KESEHATAN,PEMERINTAH KABUPATEN SUKABUMI                                          | DINAS KESEHATAN | BIDANG UPAYA DAN PEMBIAYAAN KESEHATAN,1,1,2007820,3672317,70,0,0,0,70.0
b6d248c9-68bf-4b73-8733-299addcd5156,Pemerintah Kab. Sumba Barat Daya,CPNS,UMUM,ANALIS KEBIJAKAN AHLI PERTAMA,PEMERINTAH KABUPATEN SUMBA BARAT DAYA | Dinas Kesehatan | Sekretariat,1,0,3300000,5000000,3,0,0,0,3.0
719139a2-a5d1-4dc3-9636-6dc0f3bf5f18,Pemerintah Kab. Sumba Barat Daya,CPNS,UMUM,PERENCANA AHLI PERTAMA,PEMERINTAH KABUPATEN SUMBA BARAT DAYA | Dinas Kesehatan | Sekretariat,1,0,3300000,5000000,4,0,0,0,4.0
8a0186cc9159ace501915a3061ed4923,Pemerintah Kab. Tangerang,CPNS,PENYANDANG DISABILITAS,PENATA KELOLA LAYANAN KESEHATAN,"PEMERINTAH KAB. TANGERANG | DINAS KESEHATAN | UNIT PELAKSANA TEKNIS DAERAH | UPTD RUMAH SAKIT UMUM DAERAH BALARAJA | WAKIL DIREKTUR PELAYANAN MEDIK, KEPERAWATAN, DAN PENUNJANG UPTD RUMAH SAKIT UMUM DAERAH BALARAJA | BIDANG PELAYANAN PENUNJANG UPTD RUMAH SAKIT UMUM DAERAH BALARAJA",1,1,2857700,10912725,0,0,0,0,0.0
4cdcd6d2-4479-43db-a19d-bb2bb41aa7dc,Pemerintah Kab. Tangerang,CPNS,UMUM,PENATA KELOLA LAYANAN KESEHATAN,PEMERINTAH KAB. TANGERANG | DINAS KESEHATAN | UNIT PELAKSANA TEKNIS DAERAH | UPTD RUMAH SAKIT UMUM DAERAH KABUPATEN TANGERANG | WAKIL DIREKTUR PELAYANAN PENUNJANG UPTD RUMAH SAKIT UMUM DAERAH KABUPATEN TANGERANG | BIDANG PELAYANAN PENUNJANG MEDIK UPTD RUMAH SAKIT UMUM DAERAH KABUPATEN TANGERANG,1,1,2857700,10912725,16,0,0,0,16.0
4faa2ed9-2fd7-477f-b640-920086b6b727,Pemerintah Kab. Tangerang,CPNS,UMUM,PENATA KELOLA LAYANAN KESEHATAN,"PEMERINTAH KAB. TANGERANG | DINAS KESEHATAN | UNIT PELAKSANA TEKNIS DAERAH | UPTD RUMAH SAKIT UMUM DAERAH PAKUHAJI | BIDANG PELAYANAN PENUNJANG UPTD RUMAH SAKIT UMUM DAERAH PAKUHAJI | SEKSI PROMOSI, DIKLAT DAN LITBANG UPTD RUMAH SAKIT UMUM DAERAH PAKUHAJI",1,1,2857700,10912725,15,0,0,0,15.0
6e69c5a0-64de-4102-95e9-a22c545cc41e,Pemerintah Kab. Tangerang,CPNS,UMUM,PENATA KELOLA LAYANAN KESEHATAN,PEMERINTAH KAB. TANGERANG | DINAS KESEHATAN | UNIT PELAKSANA TEKNIS DAERAH | UPTD RUMAH SAKIT UMUM DAERAH KABUPATEN TANGERANG | WAKIL DIREKTUR PELAYANAN UPTD RUMAH SAKIT UMUM DAERAH KABUPATEN TANGERANG | BIDANG PELAYANAN MEDIK UPTD RUMAH SAKIT UMUM DAERAH KABUPATEN TANGERANG,1,1,2857700,10912725,14,0,0,0,14.0
79004a58-364c-4985-8b99-bc6dffc4ea38,Pemerintah Kab. Tangerang,CPNS,UMUM,PENATA KELOLA LAYANAN KESEHATAN,"PEMERINTAH KAB. TANGERANG | DINAS KESEHATAN | BIDANG PENCEGAHAN, PENGENDALIAN PENYAKIT, SERTA PENYEHATAN  LINGKUNGAN",1,1,2857700,10912725,59,0,0,0,59.0
86de4626-5486-43ec-afc3-67a138803191,Pemerintah Kab. Tangerang,CPNS,UMUM,PENATA KELOLA LAYANAN KESEHATAN,PEMERINTAH KAB. TANGERANG | DINAS KESEHATAN | UNIT PELAKSANA TEKNIS DAERAH | UPTD RUMAH SAKIT UMUM DAERAH TIGARAKSA | BIDANG PELAYANAN PENUNJANG UPTD RUMAH SAKIT UMUM DAERAH TIGARAKSA | SEKSI PELAYANAN PENUNJANG NONMEDIK,1,1,2857700,10912725,14,0,0,0,14.0
a46ba0ac-f9fe-4714-8491-134e604d9912,Pemerintah Kab. Tangerang,CPNS,UMUM,PENATA KELOLA LAYANAN KESEHATAN,"PEMERINTAH KAB. TANGERANG | DINAS KESEHATAN | UNIT PELAKSANA TEKNIS DAERAH | UPTD RUMAH SAKIT UMUM DAERAH BALARAJA | WAKIL DIREKTUR PELAYANAN MEDIK, KEPERAWATAN, DAN PENUNJANG UPTD RUMAH SAKIT UMUM DAERAH BALARAJA | BIDANG PELAYANAN PENUNJANG UPTD RUMAH SAKIT UMUM DAERAH BALARAJA",1,1,2857700,10912725,76,0,0,0,76.0
f2f02152-348f-49a4-bf83-29b529336b1f,Pemerintah Kab. Tangerang,CPNS,UMUM,PENATA KELOLA LAYANAN KESEHATAN,PEMERINTAH KAB. TANGERANG | DINAS KESEHATAN | UNIT PELAKSANA TEKNIS DAERAH | UPTD RUMAH SAKIT UMUM DAERAH KABUPATEN TANGERANG | WAKIL DIREKTUR ADMINISTRASI DAN KEUANGAN UPTD RUMAH SAKIT UMUM DAERAH KABUPATEN TANGERANG | BAGIAN SEKRETARIAT UPTD RUMAH SAKIT UMUM DAERAH KABUPATEN TANGERANG,1,1,2857700,10912725,18,0,0,0,18.0
1fefdcc3-c26f-46cb-b0fd-7860cb1e4ffb,Pemerintah Kab. Tanjung Jabung Timur,CPNS,UMUM,PENGELOLA PENGADAAN BARANG/JASA AHLI PERTAMA,PEMERINTAH KABUPATEN TANJUNG JABUNG TIMUR | SEKRETARIAT DAERAH | ASISTEN PEREKONOMIAN DAN PEMBANGUNAN | BAGIAN PENGADAAN BARANG DAN JASA,1,0,2000000,5000000,141,0,0,0,141.0
8a02826391606efe019165959d6a1cc6,Pemerintah Kab. Tapanuli Selatan,CPNS,PENYANDANG DISABILITAS,ARSIPARIS AHLI PERTAMA,Pemerintah Kabupaten Tapanuli Selatan | DINAS PARIWISATA DAERAH | SEKRETARIAT,1,1,2785700,5180700,1,0,0,0,1.0
1e67faf2-da1d-42c7-b528-419278d902db,Pemerintah Kab. Tapanuli Selatan,CPNS,UMUM,ARSIPARIS AHLI PERTAMA,Pemerintah Kabupaten Tapanuli Selatan | DINAS PARIWISATA DAERAH | BIDANG PARIWISATA,1,1,2745700,5180700,16,0,0,0,16.0
e1f574c0-4795-46bb-a361-99382b6fd7dd,Pemerintah Kab. Tapanuli Selatan,CPNS,UMUM,ARSIPARIS AHLI PERTAMA,Pemerintah Kabupaten Tapanuli Selatan | DINAS PARIWISATA DAERAH | SEKRETARIAT,1,1,2785700,5180700,8,0,0,0,8.0
eba16a5c-50b9-43bf-8c41-2bf76846edcc,Pemerintah Kab. Tapanuli Selatan,CPNS,UMUM,PENATA KELOLA LAYANAN KESEHATAN,Pemerintah Kabupaten Tapanuli Selatan | DINAS KESEHATAN DAERAH | BIDANG KESEHATAN MASYARAKAT,1,1,2785700,5261500,39,0,0,0,39.0
7113f9a3-5994-4342-9f72-f74af9e89aba,Pemerintah Kab. Tapin,CPNS,UMUM,PENATA KELOLA LAYANAN KESEHATAN,PEMERINTAH KABUPATEN TAPIN | RUMAH SAKIT UMUM DAERAH DATU SANGGUL | BIDANG PELAYANAN | SEKSI KEPERAWATAN,1,1,2800000,4300000,22,0,0,0,22.0
8a03849a9149c64e01914a8e57a34fef,Pemerintah Kab. Tebo,CPNS,PENYANDANG DISABILITAS,ARSIPARIS AHLI PERTAMA,Pemerintah Kabupaten Tebo | Dinas Perpustakaan dan Kearsipan | Bidang Penyelenggaraan Kearsipan,1,1,2578700,3465700,2,0,0,0,2.0
461dd4c6-015d-4e3b-925e-e11c74c9e24a,Pemerintah Kab. Tebo,CPNS,UMUM,ARSIPARIS AHLI PERTAMA,Pemerintah Kabupaten Tebo | Dinas Perpustakaan dan Kearsipan | Bidang Penyelenggaraan Kearsipan,1,1,2578700,3465700,140,0,0,0,140.0
8a038450919cdb3c01919d16332d00c1,Pemerintah Kab. Teluk Bintuni,CPNS,UMUM (NON OAP),PENATA KELOLA LAYANAN KESEHATAN,Pemerintah Kabupaten Teluk Bintuni | Dinas Kesehatan | UPTD | PUSKESMAS TANAH MERAH,1,0,3483500,4483500,16,0,0,0,16.0
171f2c0e-b101-476a-8f81-27cbe0026595,Pemerintah Kab. Teluk Bintuni,CPNS,ORANG ASLI PAPUA (OAP),PENATA KELOLA LAYANAN KESEHATAN,Pemerintah Kabupaten Teluk Bintuni | Dinas Kesehatan | UPTD | PUSKESMAS WERIAGAR,2,0,3483500,4483500,1,0,0,0,0.5
23afb201-bca0-4f85-8443-0f449d795be7,Pemerintah Kab. Teluk Bintuni,CPNS,ORANG ASLI PAPUA (OAP),PENATA KELOLA LAYANAN KESEHATAN,Pemerintah Kabupaten Teluk Bintuni | Dinas Kesehatan | UPTD | PUSKESMAS KALITAMI,2,0,3483500,4483500,1,0,0,0,0.5
32a65129-ba79-4611-b315-37237ecd25f8,Pemerintah Kab. Teluk Bintuni,CPNS,ORANG ASLI PAPUA (OAP),PENATA KELOLA LAYANAN KESEHATAN,Pemerintah Kabupaten Teluk Bintuni | Dinas Kesehatan | UPTD | PUSKESMAS IDOOR,2,0,3483500,4483500,1,0,0,0,0.5
358531fe-651a-4c8f-a206-848f52cbd30b,Pemerintah Kab. Teluk Bintuni,CPNS,ORANG ASLI PAPUA (OAP),PENATA KELOLA LAYANAN KESEHATAN,Pemerintah Kabupaten Teluk Bintuni | Dinas Kesehatan | UPTD | PUSKESMAS BABO,2,0,3483500,4483500,1,0,0,0,0.5
4e366f66-eaac-40b2-ab6c-fa0470320682,Pemerintah Kab. Teluk Bintuni,CPNS,ORANG ASLI PAPUA (OAP),PENATA KELOLA LAYANAN KESEHATAN,Pemerintah Kabupaten Teluk Bintuni | Dinas Kesehatan | UPTD | PUSKESMAS MANIMERI,2,0,3483500,4483500,2,0,0,0,1.0
51680d28-9bcf-40bc-836c-2bc872a609bb,Pemerintah Kab. Teluk Bintuni,CPNS,ORANG ASLI PAPUA (OAP),PENATA KELOLA LAYANAN KESEHATAN,Pemerintah Kabupaten Teluk Bintuni | Dinas Kesehatan | UPTD | PUSKESMAS MERDEY,2,0,3483500,4483500,0,0,0,0,0.0
58ace839-cfb0-46f8-8258-48d3af8b34d9,Pemerintah Kab. Teluk Bintuni,CPNS,ORANG ASLI PAPUA (OAP),PENATA KELOLA LAYANAN KESEHATAN,Pemerintah Kabupaten Teluk Bintuni | Dinas Kesehatan | UPTD | PUSKESMAS ARANDAY,2,0,3483500,4483500,0,0,0,0,0.0
79ae2812-0d96-4152-9f88-de4fc2b052ee,Pemerintah Kab. Teluk Bintuni,CPNS,ORANG ASLI PAPUA (OAP),PENATA KELOLA LAYANAN KESEHATAN,Pemerintah Kabupaten Teluk Bintuni | Dinas Kesehatan | UPTD | PUSKESMAS FAFURWAR,2,0,3483500,4483500,0,0,0,0,0.0
80a1d7e1-4016-42fa-8438-0d5387f02d55,Pemerintah Kab. Teluk Bintuni,CPNS,ORANG ASLI PAPUA (OAP),PENATA KELOLA LAYANAN KESEHATAN,Pemerintah Kabupaten Teluk Bintuni | Dinas Kesehatan | UPTD | PUSKESMAS TEMBUNI,2,0,3483500,4483500,0,0,0,0,0.0
8bd68733-c4eb-4f09-8552-ed2160bd4c5c,Pemerintah Kab. Teluk Bintuni,CPNS,ORANG ASLI PAPUA (OAP),PENATA KELOLA LAYANAN KESEHATAN,Pemerintah Kabupaten Teluk Bintuni | Dinas Kesehatan | UPTD | PUSKESMAS KURI,2,0,3483500,4483500,0,0,0,0,0.0
8e0d5a60-cfae-4cfe-ae46-6b127a3d50d9,Pemerintah Kab. Teluk Bintuni,CPNS,ORANG ASLI PAPUA (OAP),PENATA KELOLA LAYANAN KESEHATAN,Pemerintah Kabupaten Teluk Bintuni | Dinas Kesehatan | UPTD | PUSKESMAS MOSKONA SELATAN,2,0,3483500,4483500,1,0,0,0,0.5
9cc990fd-4b07-4dec-8748-dee9b5b7b528,Pemerintah Kab. Teluk Bintuni,CPNS,ORANG ASLI PAPUA (OAP),PENATA KELOLA LAYANAN KESEHATAN,Pemerintah Kabupaten Teluk Bintuni | Dinas Kesehatan | UPTD | PUSKESMAS KAITARO,2,0,3483500,4483500,1,0,0,0,0.5
a264a5d9-43a8-4363-8644-742be05f981e,Pemerintah Kab. Teluk Bintuni,CPNS,ORANG ASLI PAPUA (OAP),PENATA KELOLA LAYANAN KESEHATAN,Pemerintah Kabupaten Teluk Bintuni | Dinas Kesehatan | UPTD | PUSKESMAS DATARAN BEIMES,2,0,3483500,4483500,0,0,0,0,0.0
ad999da0-ce57-421a-9c28-9364d9fc7ab0,Pemerintah Kab. Teluk Bintuni,CPNS,ORANG ASLI PAPUA (OAP),PENATA KELOLA LAYANAN KESEHATAN,Pemerintah Kabupaten Teluk Bintuni | Dinas Kesehatan | UPTD | PUSKESMAS TANAH MERAH,1,0,3483500,4483500,0,0,0,0,0.0
bc8a3c3c-8b3d-4705-8279-3ed2e7c42ebb,Pemerintah Kab. Teluk Bintuni,CPNS,ORANG ASLI PAPUA (OAP),PENATA KELOLA LAYANAN KESEHATAN,Pemerintah Kabupaten Teluk Bintuni | Dinas Kesehatan | UPTD | PUSKESMAS MEYERGA,2,0,3483500,4483500,1,0,0,0,0.5
c28796c1-77e4-49d7-bc62-45fe2a8e4f2e,Pemerintah Kab. Teluk Bintuni,CPNS,ORANG ASLI PAPUA (OAP),PENATA KELOLA LAYANAN KESEHATAN,Pemerintah Kabupaten Teluk Bintuni | Dinas Kesehatan | UPTD | PUSKESMAS MOSKONA UTARA,2,0,3483500,4483500,2,0,0,0,1.0
d2cc73e1-b909-4d3f-bb60-f28e73264d13,Pemerintah Kab. Teluk Bintuni,CPNS,ORANG ASLI PAPUA (OAP),PENATA KELOLA LAYANAN KESEHATAN,Pemerintah Kabupaten Teluk Bintuni | Dinas Kesehatan | UPTD | PUSKESMAS MEYADO,2,0,3483500,4483500,1,0,0,0,0.5
de411d98-4b88-42d8-93a1-33067c078d46,Pemerintah Kab. Teluk Bintuni,CPNS,ORANG ASLI PAPUA (OAP),PENATA KELOLA LAYANAN KESEHATAN,Pemerintah Kabupaten Teluk Bintuni | Dinas Kesehatan | UPTD | PUSKESMAS TOFOI,2,0,3483500,4483500,1,0,0,0,0.5
e104108b-8fb5-4bf5-8113-4aeab89b903e,Pemerintah Kab. Teluk Bintuni,CPNS,ORANG ASLI PAPUA (OAP),PENATA KELOLA LAYANAN KESEHATAN,Pemerintah Kabupaten Teluk Bintuni | Dinas Kesehatan | UPTD | PUSKESMAS TUHIBA,2,0,3483500,4483500,0,0,0,0,0.0
eb3fc684-2883-4ee4-a512-e34fc9c7cfb9,Pemerintah Kab. Teluk Bintuni,CPNS,ORANG ASLI PAPUA (OAP),PENATA KELOLA LAYANAN KESEHATAN,Pemerintah Kabupaten Teluk Bintuni | Dinas Kesehatan | UPTD | PUSKESMAS BINTUNI,2,0,3483500,4483500,2,0,0,0,1.0
320d559f-0840-4868-a997-4dc934d2ab18,Pemerintah Kab. Timor Tengah Selatan,CPNS,UMUM,PENATA KELOLA LAYANAN KESEHATAN,PEMERINTAH KABUPATEN TIMOR TENGAH SELATAN | DINAS PENGENDALIAN PENDUDUK DAN KELUARGA BERENCANA | BIDANG KETAHANAN DAN KESEJAHTERAAN KELUARGA,1,1,2700000,3200000,4,0,0,0,4.0
62bc9781-7316-478e-95ab-7e7478b7ee69,Pemerintah Kab. Timor Tengah Utara,CPNS,UMUM,PENATA KELOLA LAYANAN KESEHATAN,PEMERINTAH KABUPATEN TIMOR TENGAH UTARA | DINAS KESEHATAN | UPT RUMAH SAKIT PRATAMA PONU | SEKSI PELAYANAN MEDIS,2,0,2789000,5000000,5,0,0,0,2.5
a8ea6311-533f-4af6-bb6f-bcbd7cf7d005,Pemerintah Kab. Timor Tengah Utara,CPNS,UMUM,PENATA KELOLA LAYANAN KESEHATAN,PEMERINTAH KABUPATEN TIMOR TENGAH UTARA | RUMAH SAKIT UMUM DAERAH KEFAMENANU | BIDANG PELAYANAN PENUNJANG | SEKSI PENUNJANG MEDIK DAN REKAM MEDIK,3,0,2789000,5000000,21,0,0,0,7.0
f16f1a37-4521-454e-aa2c-fbe013fd804d,Pemerintah Kab. Timor Tengah Utara,CPNS,UMUM,PENATA KELOLA LAYANAN KESEHATAN,PEMERINTAH KABUPATEN TIMOR TENGAH UTARA | DINAS KESEHATAN | BIDANG KESEHATAN MASYARAKAT,1,0,2789000,5000000,8,0,0,0,8.0
3a90f1a0-97ea-4717-930d-23605db64018,Pemerintah Kab. Toraja Utara,CPNS,UMUM,PENATA KELOLA LAYANAN KESEHATAN,PEMERINTAH KABUPATEN TORAJA UTARA | DINAS KESEHATAN | BIDANG PELAYANAN KESEHATAN,1,1,2785700,3043200,29,0,0,0,29.0
b9492551-3f17-4de6-afc0-3080f7ba3afb,Pemerintah Kab. Wakatobi,CPNS,UMUM,ARSIPARIS AHLI PERTAMA,PEMERINTAH KABUPATEN WAKATOBI | BADAN KEPEGAWAIAN DAN PENGEMBANGAN SUMBER DAYA MANUSIA,1,1,2785700,4575200,109,0,0,0,109.0
fd6275c9-7322-45fc-b997-6639cb9594b1,Pemerintah Kab. Wakatobi,CPNS,UMUM,ARSIPARIS AHLI PERTAMA,"PEMERINTAH KABUPATEN WAKATOBI | BADAN PERENCANAAN, PENELITIAN DAN PENGEMBANGAN DAERAH",1,1,2785700,4575200,67,0,0,0,67.0
8a02826391606efe019165dd39fe2c20,Pemerintah Kab. Wakatobi,CPNS,PENYANDANG DISABILITAS,PENGELOLA PENGADAAN BARANG/JASA AHLI PERTAMA,PEMERINTAH KABUPATEN WAKATOBI | SEKRETARIAT DAERAH | ASISTEN PEREKONOMIAN DAN PEMBANGUNAN | BAGIAN PENGADAAN BARANG/JASA,1,1,2785700,4575200,2,0,0,0,2.0
c40bb39f-559c-47f3-8b52-b10eb9e588ef,Pemerintah Kab. Wakatobi,CPNS,UMUM,PENGELOLA PENGADAAN BARANG/JASA AHLI PERTAMA,PEMERINTAH KABUPATEN WAKATOBI | SEKRETARIAT DAERAH | ASISTEN PEREKONOMIAN DAN PEMBANGUNAN | BAGIAN PENGADAAN BARANG/JASA,3,1,2785700,4575200,357,0,0,0,119.0
9b38bdfc-7409-444e-887e-5f92002dbfe4,Pemerintah Kab. Waropen,CPNS,ORANG ASLI PAPUA (OAP),PENATA KELOLA LAYANAN KESEHATAN,PEMERINTAH KAB. WAROPEN | DINAS KESEHATAN,2,0,2000000,4000000,4,0,0,0,2.0
4eb18e86-09c3-4413-9409-8fd3d76405b1,Pemerintah Kota Banjarmasin,CPNS,UMUM,ARSIPARIS AHLI PERTAMA,PEMERINTAH KOTA BANJARMASIN | DINAS KESEHATAN | RUMAH SAKIT UMUM DAERAH SULTAN SURIANSYAH,1,1,2785800,7805421,58,0,0,0,58.0
8a0384b491502874019153e2aca01a3b,Pemerintah Kota Bima,CPNS,PENYANDANG DISABILITAS,PENATA KELOLA LAYANAN KESEHATAN,Walikota Bima | Dinas Kesehatan | Bidang Kesehatan Masyarakat,1,1,3200000,5000000,0,0,0,0,0.0
a7d7b21a-ef1d-41bd-a0fa-66f3def5a59c,Pemerintah Kota Bima,CPNS,UMUM,PENATA KELOLA LAYANAN KESEHATAN,Walikota Bima | Dinas Kesehatan | Bidang Kesehatan Masyarakat,1,1,3200000,5000000,16,0,0,0,16.0
a85de7b5-b75f-4bca-b8ba-18e62b101042,Pemerintah Kota Bima,CPNS,UMUM,PENATA KELOLA LAYANAN KESEHATAN,"Walikota Bima | Dinas Kesehatan | Bidang Pencegahan, Pengendalian Penyakit dan Penyehatan Lingkungan",2,1,3200000,5000000,65,0,0,0,32.5
1fddf26c-32a9-40c5-b76b-4d459ad591a7,Pemerintah Kota Cimahi,CPNS,UMUM,PENATA KELOLA LAYANAN KESEHATAN,PEMERINTAH DAERAH KOTA CIMAHI | Dinas Kesehatan | Bidang Kesehatan Masyarakat,1,1,2785700,4575200,71,0,0,0,71.0
ba1ad931-ebcd-4578-b630-b433a122e0ff,Pemerintah Kota Cimahi,CPNS,UMUM,PENATA KELOLA LAYANAN KESEHATAN,PEMERINTAH DAERAH KOTA CIMAHI | Dinas Kesehatan | Bidang Pencegahan dan Pengendalian Penyakit,1,1,2785700,4575200,19,0,0,0,19.0
39006e5d-bf49-413f-a3ac-c740f1448d87,Pemerintah Kota Dumai,CPNS,UMUM,PENGELOLA PENGADAAN BARANG/JASA AHLI PERTAMA,Pemerintah Kota Dumai | Sekretariat Daerah | Asisten Perekonomian dan Pembangunan Sekretariat Daerah | Bagian Pengadaan Barang dan Jasa Sekretariat Daerah,2,1,3500000,3500000,135,0,0,0,67.5
6f487421-6dbf-4521-ab24-94777c0784df,Pemerintah Kota Lhokseumawe,CPNS,UMUM,PENATA KELOLA LAYANAN KESEHATAN,"Pemerintah Kota Lhokseumawe | DINAS PENANAMAN MODAL, PELAYANAN TERPADU SATU PINTU DAN TENAGA KERJA | SEKRETARIAT DINAS PENANAMAN MODAL, PELAYANAN TERPADU SATU PINTU DAN TENAGA KERJA",4,0,3203600,5261500,83,0,0,0,20.75
87f86b83-efdb-44be-b73d-99376361458e,Pemerintah Kota Lhokseumawe,CPNS,UMUM,PENATA KELOLA LAYANAN KESEHATAN,Pemerintah Kota Lhokseumawe | DINAS KESEHATAN | PUSKESMAS MON GEUDONG,3,0,2785700,4575200,396,0,0,0,132.0
b514099c-27d2-4fd3-9724-b712204d02ad,Pemerintah Kota Lhokseumawe,CPNS,UMUM,PENATA KELOLA LAYANAN KESEHATAN,Pemerintah Kota Lhokseumawe | DINAS KESEHATAN | PUSKESMAS BANDA SAKTI,1,0,3203600,5261500,10,0,0,0,10.0
45f9dc42-9cec-4bc6-a1ef-07b51add0108,Pemerintah Kota Palopo,CPNS,UMUM,PENATA KELOLA LAYANAN KESEHATAN,Pemerintah Kota Palopo | Sekretariat Daerah | Dinas Kesehatan | Bidang Pelayanan dan Sumber Daya Kesehatan,1,1,2785700,4313870,62,0,0,0,62.0
2a2d9ff0-3390-4ef1-a890-7b27550c2ca4,Pemerintah Kota Pekanbaru,CPNS,UMUM,ARSIPARIS AHLI PERTAMA,PEMERINTAH KOTA PEKANBARU | DINAS KESEHATAN | SEKRETARIAT,1,0,2500000,3500000,1,0,0,0,1.0
46adcc7c-9808-4445-94cd-6e28ef96a25e,Pemerintah Kota Pekanbaru,CPNS,UMUM,ARSIPARIS AHLI PERTAMA,PEMERINTAH KOTA PEKANBARU | DINAS KESEHATAN | RUMAH SAKIT DAERAH MADANI | BAGIAN TATA USAHA,1,0,2500000,3500000,13,0,0,0,13.0
8a028492914fb63b01914fc963a017d6,Pemerintah Kota Sorong,CPNS,ORANG ASLI PAPUA (OAP),ANALIS KEBIJAKAN AHLI PERTAMA,PEMERINTAH KOTA SORONG | DINAS KESEHATAN | BIDANG SUMBER DAYA KESEHATAN | SEKSI SUMBER DAYA MANUSIA KESEHATAN,2,1,2785700,4575200,0,0,0,0,0.0
14060ce4-2702-4773-bf70-c1878e04e140,Pemerintah Kota Sorong,CPNS,UMUM (NON OAP),ANALIS KEBIJAKAN AHLI PERTAMA,PEMERINTAH KOTA SORONG | DINAS KESEHATAN | BIDANG SUMBER DAYA KESEHATAN | SEKSI SUMBER DAYA MANUSIA KESEHATAN,1,1,2785700,4575200,4,0,0,0,4.0
8a028490914aa6ad01914ab03f9c0482,Pemerintah Provinsi Daerah Khusus Ibukota Jakarta,CPNS,PENYANDANG DISABILITAS,PENATA KELOLA LAYANAN KESEHATAN,PEMERINTAH PROVINSI DKI JAKARTA | DINAS KESEHATAN PROVINSI DKI JAKARTA | PUSKESMAS KEBAYORAN LAMA | SUBBAGIAN TATA USAHA PUSKESMAS KEBAYORAN LAMA,1,1,7088560,18085700,0,0,0,0,0.0
8a028490914aa6ad01914ab1bad105b4,Pemerintah Provinsi Daerah Khusus Ibukota Jakarta,CPNS,PENYANDANG DISABILITAS,PENATA KELOLA LAYANAN KESEHATAN,PEMERINTAH PROVINSI DKI JAKARTA | DINAS KESEHATAN PROVINSI DKI JAKARTA | PUSKESMAS MAMPANG PRAPATAN | SUBBAGIAN TATA USAHA PUSKESMAS MAMPANG PRAPATAN,1,1,7088560,18085700,0,0,0,0,0.0
8a028490914aa6ad01914ab2a192065b,Pemerintah Provinsi Daerah Khusus Ibukota Jakarta,CPNS,PENYANDANG DISABILITAS,PENATA KELOLA LAYANAN KESEHATAN,PEMERINTAH PROVINSI DKI JAKARTA | DINAS KESEHATAN PROVINSI DKI JAKARTA | PUSKESMAS PASAR MINGGU | SUBBAGIAN TATA USAHA PUSKESMAS PASAR MINGGU,1,1,7088560,18085700,0,0,0,0,0.0
8a028490914aa6ad01914ab344ef0702,Pemerintah Provinsi Daerah Khusus Ibukota Jakarta,CPNS,PENYANDANG DISABILITAS,PENATA KELOLA LAYANAN KESEHATAN,PEMERINTAH PROVINSI DKI JAKARTA | DINAS KESEHATAN PROVINSI DKI JAKARTA | PUSKESMAS PASAR REBO | SUBBAGIAN TATA USAHA PUSKESMAS PASAR REBO,1,1,7088560,18085700,0,0,0,0,0.0
8a028490914aa6ad01914ac88d181a9a,Pemerintah Provinsi Daerah Khusus Ibukota Jakarta,CPNS,PENYANDANG DISABILITAS,PENATA KELOLA LAYANAN KESEHATAN,PEMERINTAH PROVINSI DKI JAKARTA | DINAS KESEHATAN PROVINSI DKI JAKARTA | RUMAH SAKIT UMUM DAERAH JAGAKARSA | SUBBAGIAN TATA USAHA RUMAH SAKIT UMUM DAERAH JAGAKARSA | SATUAN PELAKSANA PERENCANAAN DAN KEUANGAN,1,1,7088560,18085700,0,0,0,0,0.0
0a502df8-a8d8-4682-8d82-0356423fe46d,Pemerintah Provinsi Daerah Khusus Ibukota Jakarta,CPNS,UMUM,PENATA KELOLA LAYANAN KESEHATAN,PEMERINTAH PROVINSI DKI JAKARTA | DINAS KESEHATAN PROVINSI DKI JAKARTA | SUKU DINAS KESEHATAN KABUPATEN ADM. KEPULAUAN SERIBU | SUBBAGIAN TATA USAHA SUDIN KESEHATAN KABUPATEN ADM. KEPULAUAN SERIBU,1,1,7088560,18085700,7,0,0,0,7.0
0cc7ad83-02a2-461f-857f-06fcc5e1049a,Pemerintah Provinsi Daerah Khusus Ibukota Jakarta,CPNS,UMUM,PENATA KELOLA LAYANAN KESEHATAN,PEMERINTAH PROVINSI DKI JAKARTA | DINAS KESEHATAN PROVINSI DKI JAKARTA | PUSKESMAS DUREN SAWIT | SUBBAGIAN TATA USAHA PUSKESMAS DUREN SAWIT,2,1,7088560,18085700,23,0,0,0,11.5
1496dae7-b0bf-450f-a779-779eaa417679,Pemerintah Provinsi Daerah Khusus Ibukota Jakarta,CPNS,UMUM,PENATA KELOLA LAYANAN KESEHATAN,PEMERINTAH PROVINSI DKI JAKARTA | DINAS KESEHATAN PROVINSI DKI JAKARTA | PUSKESMAS CENGKARENG | SUBBAGIAN TATA USAHA PUSKESMAS CENGKARENG,2,1,7088560,18085700,16,0,0,0,8.0
180a5a06-5bda-476e-8e44-0de2d9a3b826,Pemerintah Provinsi Daerah Khusus Ibukota Jakarta,CPNS,UMUM,PENATA KELOLA LAYANAN KESEHATAN,PEMERINTAH PROVINSI DKI JAKARTA | DINAS KESEHATAN PROVINSI DKI JAKARTA | PUSKESMAS KALIDERES | SUBBAGIAN TATA USAHA PUSKESMAS KALIDERES,1,1,7088560,18085700,4,0,0,0,4.0
24bca49c-d92c-46e4-98e4-52abf3b58de1,Pemerintah Provinsi Daerah Khusus Ibukota Jakarta,CPNS,UMUM,PENATA KELOLA LAYANAN KESEHATAN,PEMERINTAH PROVINSI DKI JAKARTA | DINAS KESEHATAN PROVINSI DKI JAKARTA | PUSKESMAS CILANDAK | SUBBAGIAN TATA USAHA PUSKESMAS CILANDAK,1,1,7088560,18085700,3,0,0,0,3.0
27993f4a-f6c6-458c-bcd0-dee919c6670d,Pemerintah Provinsi Daerah Khusus Ibukota Jakarta,CPNS,UMUM,PENATA KELOLA LAYANAN KESEHATAN,PEMERINTAH PROVINSI DKI JAKARTA | DINAS KESEHATAN PROVINSI DKI JAKARTA | PUSKESMAS CEMPAKA PUTIH | SUBBAGIAN TATA USAHA PUSKESMAS CEMPAKA PUTIH,1,1,7088560,18085700,2,0,0,0,2.0
28a8e130-1a68-4b3a-a66f-3e1342e569e3,Pemerintah Provinsi Daerah Khusus Ibukota Jakarta,CPNS,UMUM,PENATA KELOLA LAYANAN KESEHATAN,PEMERINTAH PROVINSI DKI JAKARTA | DINAS KESEHATAN PROVINSI DKI JAKARTA | RUMAH SAKIT UMUM DAERAH PESANGGRAHAN | BAGIAN ADMINISTRASI UMUM DAN KEUANGAN RUMAH SAKIT UMUM DAERAH PESANGGRAHAN | SATUAN PELAKSANA PERENCANAAN DAN KEUANGAN,1,1,7088560,18085700,6,0,0,0,6.0
29aada90-29e5-4c63-915c-399f7701f36f,Pemerintah Provinsi Daerah Khusus Ibukota Jakarta,CPNS,UMUM,PENATA KELOLA LAYANAN KESEHATAN,PEMERINTAH PROVINSI DKI JAKARTA | DINAS KESEHATAN PROVINSI DKI JAKARTA | PUSKESMAS PASAR REBO | SUBBAGIAN TATA USAHA PUSKESMAS PASAR REBO,2,1,7088560,18085700,19,0,0,0,9.5
333d2e9d-860d-4979-a771-ac34b9cc45b7,Pemerintah Provinsi Daerah Khusus Ibukota Jakarta,CPNS,UMUM,PENATA KELOLA LAYANAN KESEHATAN,PEMERINTAH PROVINSI DKI JAKARTA | DINAS KESEHATAN PROVINSI DKI JAKARTA | PUSKESMAS JAGAKARSA | SUBBAGIAN TATA USAHA PUSKESMAS JAGAKARSA,1,1,7088560,18085700,9,0,0,0,9.0
35aec776-3f6b-4d4d-96a8-5361a28e17ac,Pemerintah Provinsi Daerah Khusus Ibukota Jakarta,CPNS,UMUM,PENATA KELOLA LAYANAN KESEHATAN,PEMERINTAH PROVINSI DKI JAKARTA | DINAS KESEHATAN PROVINSI DKI JAKARTA | PUSKESMAS TANAH ABANG | SUBBAGIAN TATA USAHA PUSKESMAS TANAH ABANG,1,1,7088560,18085700,10,0,0,0,10.0
44e5aa52-aae2-45db-81fd-d39062e0e8be,Pemerintah Provinsi Daerah Khusus Ibukota Jakarta,CPNS,UMUM,PENATA KELOLA LAYANAN KESEHATAN,PEMERINTAH PROVINSI DKI JAKARTA | DINAS KESEHATAN PROVINSI DKI JAKARTA | RUMAH SAKIT UMUM DAERAH TAMAN SARI | SUBBAGIAN TATA USAHA RUMAH SAKIT UMUM DAERAH TAMAN SARI | SATUAN PELAKSANA PERENCANAAN DAN KEUANGAN,1,1,7088560,18085700,2,0,0,0,2.0
4c4cdaa4-5f17-4f35-91d2-7db30e1dbf70,Pemerintah Provinsi Daerah Khusus Ibukota Jakarta,CPNS,UMUM,PENATA KELOLA LAYANAN KESEHATAN,PEMERINTAH PROVINSI DKI JAKARTA | DINAS KESEHATAN PROVINSI DKI JAKARTA | PUSKESMAS PULO GADUNG | SUBBAGIAN TATA USAHA PUSKESMAS PULO GADUNG,1,1,7088560,18085700,9,0,0,0,9.0
5fc20ee3-e7e1-418f-b081-462abbb7871d,Pemerintah Provinsi Daerah Khusus Ibukota Jakarta,CPNS,UMUM,PENATA KELOLA LAYANAN KESEHATAN,PEMERINTAH PROVINSI DKI JAKARTA | DINAS KESEHATAN PROVINSI DKI JAKARTA | RUMAH SAKIT UMUM DAERAH JAGAKARSA | SUBBAGIAN TATA USAHA RUMAH SAKIT UMUM DAERAH JAGAKARSA | SATUAN PELAKSANA PERENCANAAN DAN KEUANGAN,2,1,7088560,18085700,14,0,0,0,7.0
62c15a34-136b-4d2e-9009-fca01edc940b,Pemerintah Provinsi Daerah Khusus Ibukota Jakarta,CPNS,UMUM,PENATA KELOLA LAYANAN KESEHATAN,PEMERINTAH PROVINSI DKI JAKARTA | DINAS KESEHATAN PROVINSI DKI JAKARTA | PUSKESMAS KEBAYORAN LAMA | SUBBAGIAN TATA USAHA PUSKESMAS KEBAYORAN LAMA,2,1,7088560,18085700,14,0,0,0,7.0
64e45a10-ef64-4762-8384-145586f4709f,Pemerintah Provinsi Daerah Khusus Ibukota Jakarta,CPNS,UMUM,PENATA KELOLA LAYANAN KESEHATAN,PEMERINTAH PROVINSI DKI JAKARTA | DINAS KESEHATAN PROVINSI DKI JAKARTA | PUSKESMAS MAKASAR | SUBBAGIAN TATA USAHA PUSKESMAS MAKASAR,1,1,7088560,18085700,3,0,0,0,3.0
67f701c9-0fdc-496a-a193-340190b72bbd,Pemerintah Provinsi Daerah Khusus Ibukota Jakarta,CPNS,UMUM,PENATA KELOLA LAYANAN KESEHATAN,PEMERINTAH PROVINSI DKI JAKARTA | DINAS KESEHATAN PROVINSI DKI JAKARTA | PUSKESMAS SETIABUDI | SUBBAGIAN TATA USAHA PUSKESMAS SETIABUDI,2,1,7088560,18085700,5,0,0,0,2.5
6eecdc7c-f2b1-49a9-bbb9-1111aa1aa455,Pemerintah Provinsi Daerah Khusus Ibukota Jakarta,CPNS,UMUM,PENATA KELOLA LAYANAN KESEHATAN,PEMERINTAH PROVINSI DKI JAKARTA | DINAS KESEHATAN PROVINSI DKI JAKARTA | RUMAH SAKIT UMUM DAERAH SAWAH BESAR | SUBBAGIAN TATA USAHA RUMAH SAKIT UMUM DAERAH SAWAH BESAR | SATUAN PELAYANAN KEUANGAN DAN PERENCANAAN,2,1,7088560,18085700,7,0,0,0,3.5
766bb78e-b204-4979-a38b-02bfb0e8a825,Pemerintah Provinsi Daerah Khusus Ibukota Jakarta,CPNS,UMUM,PENATA KELOLA LAYANAN KESEHATAN,PEMERINTAH PROVINSI DKI JAKARTA | DINAS KESEHATAN PROVINSI DKI JAKARTA | SUKU DINAS KESEHATAN KOTA ADM. JAKARTA SELATAN | SUBBAGIAN TATA USAHA SUDIN KESEHATAN KOTA ADM. JAKARTA SELATAN,1,1,7088560,18085700,25,0,0,0,25.0
82138c1f-2b1c-4b4d-9838-577042d57d4a,Pemerintah Provinsi Daerah Khusus Ibukota Jakarta,CPNS,UMUM,PENATA KELOLA LAYANAN KESEHATAN,PEMERINTAH PROVINSI DKI JAKARTA | DINAS KESEHATAN PROVINSI DKI JAKARTA | PUSKESMAS PASAR MINGGU | SUBBAGIAN TATA USAHA PUSKESMAS PASAR MINGGU,2,1,7088560,18085700,10,0,0,0,5.0
8c8a06b7-4eb4-4f4d-ab16-41a5251044bd,Pemerintah Provinsi Daerah Khusus Ibukota Jakarta,CPNS,UMUM,PENATA KELOLA LAYANAN KESEHATAN,PEMERINTAH PROVINSI DKI JAKARTA | DINAS KESEHATAN PROVINSI DKI JAKARTA | PUSKESMAS TAMAN SARI | SUBBAGIAN TATA USAHA PUSKESMAS TAMAN SARI,1,1,7088560,18085700,2,0,0,0,2.0
94b34dab-8caf-4c75-abe4-fc239cb47617,Pemerintah Provinsi Daerah Khusus Ibukota Jakarta,CPNS,UMUM,PENATA KELOLA LAYANAN KESEHATAN,PEMERINTAH PROVINSI DKI JAKARTA | DINAS KESEHATAN PROVINSI DKI JAKARTA | PUSKESMAS TANJUNG PRIOK | SUBBAGIAN TATA USAHA PUSKESMAS TANJUNG PRIOK,1,1,7088560,18085700,1,0,0,0,1.0
9d14c792-20a7-4df9-9647-86bffc098011,Pemerintah Provinsi Daerah Khusus Ibukota Jakarta,CPNS,UMUM,PENATA KELOLA LAYANAN KESEHATAN,PEMERINTAH PROVINSI DKI JAKARTA | DINAS KESEHATAN PROVINSI DKI JAKARTA | PUSAT PELAYANAN KESEHATAN PEGAWAI | SUBBAGIAN TATA USAHA DAN KEUANGAN PUSAT PELAYANAN KESEHATAN PEGAWAI,1,1,7088560,18085700,2,0,0,0,2.0
c1a5c46c-e8b4-4c3a-91ed-396a3fbe33fb,Pemerintah Provinsi Daerah Khusus Ibukota Jakarta,CPNS,UMUM,PENATA KELOLA LAYANAN KESEHATAN,PEMERINTAH PROVINSI DKI JAKARTA | DINAS KESEHATAN PROVINSI DKI JAKARTA | PUSKESMAS KEBAYORAN BARU | SUBBAGIAN TATA USAHA PUSKESMAS KEBAYORAN BARU,2,1,7088560,18085700,12,0,0,0,6.0
c4a5e628-e1c9-4a25-9c36-0595c616034b,Pemerintah Provinsi Daerah Khusus Ibukota Jakarta,CPNS,UMUM,PENATA KELOLA LAYANAN KESEHATAN,PEMERINTAH PROVINSI DKI JAKARTA | DINAS KESEHATAN PROVINSI DKI JAKARTA | PUSKESMAS MAMPANG PRAPATAN | SUBBAGIAN TATA USAHA PUSKESMAS MAMPANG PRAPATAN,2,1,7088560,18085700,3,0,0,0,1.5
cb3adce9-04f2-4bd2-9df1-68f3342bce04,Pemerintah Provinsi Daerah Khusus Ibukota Jakarta,CPNS,UMUM,PENATA KELOLA LAYANAN KESEHATAN,PEMERINTAH PROVINSI DKI JAKARTA | DINAS KESEHATAN PROVINSI DKI JAKARTA | PUSKESMAS TEBET | SUBBAGIAN TATA USAHA PUSKESMAS TEBET,1,1,7088560,18085700,1,0,0,0,1.0
e5c6121f-156a-409b-888c-682627f7fa25,Pemerintah Provinsi Daerah Khusus Ibukota Jakarta,CPNS,UMUM,PENATA KELOLA LAYANAN KESEHATAN,PEMERINTAH PROVINSI DKI JAKARTA | DINAS KESEHATAN PROVINSI DKI JAKARTA | PUSKESMAS KEPULAUAN SERIBU SELATAN | SUBBAGIAN TATA USAHA PUSKESMAS KEPULAUAN SERIBU SELATAN,2,1,7088560,18085700,5,0,0,0,2.5
ee024ebe-9d24-4633-8403-ef86e2bdbe06,Pemerintah Provinsi Daerah Khusus Ibukota Jakarta,CPNS,UMUM,PENATA KELOLA LAYANAN KESEHATAN,PEMERINTAH PROVINSI DKI JAKARTA | DINAS KESEHATAN PROVINSI DKI JAKARTA | RUMAH SAKIT UMUM DAERAH CILINCING | BAGIAN ADMINISTRASI UMUM DAN KEUANGAN RUMAH SAKIT UMUM DAERAH CILINCING | Satuan Pelaksana Perencanaan dan Keuangan,1,1,7088560,18085700,3,0,0,0,3.0
f5779791-d7f9-4c3b-8843-e084f8d7911b,Pemerintah Provinsi Daerah Khusus Ibukota Jakarta,CPNS,UMUM,PENATA KELOLA LAYANAN KESEHATAN,PEMERINTAH PROVINSI DKI JAKARTA | DINAS KESEHATAN PROVINSI DKI JAKARTA | RUMAH SAKIT UMUM DAERAH KEBAYORAN BARU | SUBBAGIAN TATA USAHA RUMAH SAKIT UMUM DAERAH KEBAYORAN BARU | SATUAN PELAKSANA PERENCANAAN DAN KEUANGAN,1,1,7088560,18085700,3,0,0,0,3.0
f582642f-7c20-40fc-915b-e9b7105e983d,Pemerintah Provinsi Daerah Khusus Ibukota Jakarta,CPNS,UMUM,PENATA KELOLA LAYANAN KESEHATAN,PEMERINTAH PROVINSI DKI JAKARTA | DINAS KESEHATAN PROVINSI DKI JAKARTA | RUMAH SAKIT UMUM DAERAH JOHAR BARU | SUBBAGIAN TATA USAHA RUMAH SAKIT UMUM DAERAH JOHAR BARU | SATUAN PELAKSANA PERENCANAAN DAN KEUANGAN,1,1,7088560,18085700,1,0,0,0,1.0
f85e54cd-6714-40fa-a05a-b1fcef61e8f9,Pemerintah Provinsi Daerah Khusus Ibukota Jakarta,CPNS,UMUM,PENATA KELOLA LAYANAN KESEHATAN,PEMERINTAH PROVINSI DKI JAKARTA | DINAS KESEHATAN PROVINSI DKI JAKARTA | PUSKESMAS PADEMANGAN | SUBBAGIAN TATA USAHA PUSKESMAS PADEMANGAN,1,1,7088560,18085700,5,0,0,0,5.0
f9a38fbe-79ce-4a09-ab57-0e4a913e045f,Pemerintah Provinsi Daerah Khusus Ibukota Jakarta,CPNS,UMUM,PENATA KELOLA LAYANAN KESEHATAN,PEMERINTAH PROVINSI DKI JAKARTA | DINAS KESEHATAN PROVINSI DKI JAKARTA | RUMAH SAKIT UMUM DAERAH KABUPATEN ADM KEP SERIBU | SUBBAGIAN TATA USAHA RUMAH SAKIT UMUM DAERAH KABUPATEN ADM KEP SERIBU | SATUAN PELAKSANA PERENCANAAN DAN KEUANGAN,1,1,7088560,18085700,2,0,0,0,2.0
fd753567-8053-475a-9d75-3f329f5d315e,Pemerintah Provinsi Daerah Khusus Ibukota Jakarta,CPNS,UMUM,PENATA KELOLA LAYANAN KESEHATAN,PEMERINTAH PROVINSI DKI JAKARTA | DINAS KESEHATAN PROVINSI DKI JAKARTA | RUMAH SAKIT UMUM DAERAH KRAMAT JATI | BAGIAN ADMINISTRASI UMUM DAN KEUANGAN RUMAH SAKIT UMUM DAERAH KRAMAT JATI | SATUAN PELAKSANA PERENCANAAN DAN KEUANGAN,2,1,7088560,18085700,8,0,0,0,4.0
bad4d3a7-8126-4527-9029-1339806ee73d,Pemerintah Provinsi Jawa Barat,CPNS,UMUM,PENATA KELOLA LAYANAN KESEHATAN,PEMERINTAH DAERAH PROVINSI JAWA BARAT | DINAS KESEHATAN | BIDANG PELAYANAN KESEHATAN,4,0,3000000,5000000,438,0,0,0,109.5
a8feacee-cd33-4ed9-81a7-311f609c8906,Pemerintah Provinsi Jawa Timur,CPNS,UMUM,PENATA KELOLA LAYANAN KESEHATAN,Pemerintah Provinsi Jawa Timur | RSUD Dr. Saiful Anwar Provinsi Jawa Timur | BIDANG PENGENDALIAN MUTU DAN UPAYA KESEHATAN MASYARAKAT,1,0,5215700,13275700,24,0,0,0,24.0
c0d6f562-a43e-4a0d-b8a7-d60352c6505e,Pemerintah Provinsi Jawa Timur,CPNS,UMUM,PENATA KELOLA LAYANAN KESEHATAN,Pemerintah Provinsi Jawa Timur | RSUD Dr. Saiful Anwar Provinsi Jawa Timur | BIDANG PENUNJANG SARANA DAN TEKNOLOGI,1,0,5215700,13275700,4,0,0,0,4.0
ff34108b-30f6-489f-b032-9c92902b7842,Pemerintah Provinsi Jawa Timur,CPNS,UMUM,PENATA KELOLA LAYANAN KESEHATAN,Pemerintah Provinsi Jawa Timur | RSUD Dr. Saiful Anwar Provinsi Jawa Timur | BIDANG PELAYANAN MEDIK,1,0,5215700,13275700,11,0,0,0,11.0
9b430835-cedf-47e4-abbf-175d4becc34d,Pemerintah Provinsi Kalimantan Selatan,CPNS,UMUM,ARSIPARIS AHLI PERTAMA,PEMERINTAH PROVINSI KALIMANTAN SELATAN | DINAS KESEHATAN | BALAI KESEHATAN OLAHRAGA MASYARAKAT | SUB BAGIAN TATA USAHA BALAI KESEHATAN OLAHRAGA MASYARAKAT,1,1,2785700,5000000,28,0,0,0,28.0
bef2359f-0331-4583-a30f-4b99aa5ce53d,Pemerintah Provinsi Kalimantan Selatan,CPNS,UMUM,ARSIPARIS AHLI PERTAMA,PEMERINTAH PROVINSI KALIMANTAN SELATAN | DINAS SOSIAL | SEKRETARIAT DINAS SOSIAL | SUB BAGIAN UMUM DAN KEPEGAWAIAN SEKRETARIAT DINAS SOSIAL,1,1,2785700,5000000,47,0,0,0,47.0
7873f374-544a-4b86-aa7f-dd2ae6e8d626,Pemerintah Provinsi Kalimantan Selatan,CPNS,UMUM,PERENCANA AHLI PERTAMA,"PEMERINTAH PROVINSI KALIMANTAN SELATAN | BADAN PERENCANAAN PEMBANGUNAN DAERAH | BIDANG PERENCANAAN, PENGENDALIAN DAN EVALUASI PEMBANGUNAN DAERAH",2,1,2785700,5000000,293,0,0,0,146.5
5793acbc-7a60-4086-adb6-e6e6186655be,Pemerintah Provinsi Kalimantan Timur,CPNS,UMUM,PENGELOLA PENGADAAN BARANG/JASA AHLI PERTAMA,PEMERINTAH PROPINSI KALIMANTAN TIMUR | SEKRETARIAT DAERAH | ASISTEN PEREKONOMIAN DAN PEMBANGUNAN | BIRO PENGADAAN BARANG DAN JASA | BAGIAN  PENGELOLAAN PENGADAAN BARANG DAN JASA,4,1,10000000,20000000,1760,0,0,0,440.0
170ef802-601e-407c-b1cb-ea933f65facd,Pemerintah Provinsi Kalimantan Utara,CPNS,UMUM,PENATA KELOLA LAYANAN KESEHATAN,PEMERINTAH PROVINSI KALIMANTAN UTARA | DINAS KESEHATAN | BIDANG PELAYANAN DAN SUMBER DAYA KESEHATAN,1,1,2700000,6000000,47,0,0,0,47.0
8a02826391606efe019160f9b1124543,Pemerintah Provinsi Papua Pegunungan,CPNS,ORANG ASLI PAPUA (OAP),ANALIS KEBIJAKAN AHLI PERTAMA,"Pemerintah Provinsi Papua Pegunungan | DINAS KESEHATAN, PENGENDALIAN PENDUDUK DAN KELUARGA BERENCANA",4,0,2785700,8500000,8,0,0,0,2.0
90fd2ba8-c7b9-477f-9616-4e766af00be1,Pemerintah Provinsi Papua Pegunungan,CPNS,UMUM (NON OAP),ANALIS KEBIJAKAN AHLI PERTAMA,"Pemerintah Provinsi Papua Pegunungan | DINAS KESEHATAN, PENGENDALIAN PENDUDUK DAN KELUARGA BERENCANA",1,0,2785700,8500000,1,0,0,0,1.0
8a02826391606efe0191617c28ca6609,Pemerintah Provinsi Papua Pegunungan,CPNS,ORANG ASLI PAPUA (OAP),PERENCANA AHLI PERTAMA,"Pemerintah Provinsi Papua Pegunungan | DINAS KESEHATAN, PENGENDALIAN PENDUDUK DAN KELUARGA BERENCANA",2,0,2785700,8500000,9,0,0,0,4.5
9292a290-4edf-44f1-a50d-df1eb5d1009a,Pemerintah Provinsi Papua Pegunungan,CPNS,UMUM (NON OAP),PERENCANA AHLI PERTAMA,"Pemerintah Provinsi Papua Pegunungan | DINAS KESEHATAN, PENGENDALIAN PENDUDUK DAN KELUARGA BERENCANA",1,0,2785700,8500000,1,0,0,0,1.0
79cade35-82ed-43d7-bbc9-220aa1ef56d2,Pemerintah Provinsi Sulawesi Tengah,CPNS,UMUM,PENATA KELOLA LAYANAN KESEHATAN,"PEMERINTAH PROVINSI SULAWESI TENGAH | SEKRETARIAT DAERAH | DINAS KESEHATAN PROVINSI | UPT RUMAH SAKIT UMUM DAERAH UNDATA | WAKIL DIREKTUR PROGRAM, PENDIDIKAN, LATIHAN DAN PENELITIAN | BIDANG REKAM MEDIK DAN INFORMASI",5,1,2785700,4575200,116,0,0,0,23.2
b1e8315a-a20b-497b-8ba4-0f09725caec3,Pemerintah Provinsi Sulawesi Tengah,CPNS,UMUM,PENATA KELOLA LAYANAN KESEHATAN,PEMERINTAH PROVINSI SULAWESI TENGAH | SEKRETARIAT DAERAH | DINAS KESEHATAN PROVINSI | UPT RUMAH SAKIT UMUM DAERAH UNDATA | WAKIL DIREKTUR PELAYANAN | BIDANG PELAYANAN MEDIK,5,1,2785700,4575200,17,0,0,0,3.4
8a02826391606efe019164f0a2790c02,Pemerintah Provinsi Sulawesi Tenggara,CPNS,PENYANDANG DISABILITAS,PENATA KELOLA LAYANAN KESEHATAN,"Pemerintah Sulawesi Tenggara | Sekretariat Daerah | Dinas Kesehatan | UPTD Balai Pengelola Farmasi dan Perbekalan Kesehatan | Seksi Pendistribusian, Pengamanan dan Evaluasi",1,1,3000000,5000000,1,0,0,0,1.0
1f748b99-8e0a-411b-8903-ffaff8b1a04f,Pemerintah Provinsi Sulawesi Tenggara,CPNS,UMUM,PENATA KELOLA LAYANAN KESEHATAN,"Pemerintah Sulawesi Tenggara | Sekretariat Daerah | Dinas Kesehatan | UPTD Balai Pengelola Farmasi dan Perbekalan Kesehatan | Seksi Pendistribusian, Pengamanan dan Evaluasi",5,1,3000000,5000000,56,0,0,0,11.2
7c16e7b5-d61d-4bcb-a10d-c2e02c4c8caa,Pemerintah Provinsi Sulawesi Tenggara,CPNS,UMUM,PENATA KELOLA LAYANAN KESEHATAN,Pemerintah Sulawesi Tenggara | Sekretariat Daerah | Dinas Kesehatan | Bidang Bina Pencegahan dan Penanggulangan Penyakit | Seksi Bimdal Pengendalian Penyakit Menular Langsung,7,1,3000000,5000000,114,0,0,0,16.285714285714285
a241d072-b757-4c22-bb99-e8f563ce6e2d,Pemerintah Provinsi Sulawesi Tenggara,CPNS,UMUM,PENATA KELOLA LAYANAN KESEHATAN,Pemerintah Sulawesi Tenggara | Sekretariat Daerah | Dinas Kesehatan | Bidang Bina Pengembangan Program dan SDK | Seksi Bimdal Perencanaan Program dan Anggaran,7,1,3000000,5000000,162,0,0,0,23.142857142857142
a3771dcc-6f91-418a-8699-53c028a2c652,Pemerintah Provinsi Sulawesi Tenggara,CPNS,UMUM,PENATA KELOLA LAYANAN KESEHATAN,Pemerintah Sulawesi Tenggara | Sekretariat Daerah | Dinas Kesehatan | Bidang Bina Kesehatan Masyarakat | Seksi Bimdal Pelayanan Kesehatan Keluarga,6,1,3000000,5000000,88,0,0,0,14.666666666666666
d339274b-08c7-4fe4-ada7-fd6ce22936e3,Pemerintah Provinsi Sulawesi Tenggara,CPNS,UMUM,PENATA KELOLA LAYANAN KESEHATAN,Pemerintah Sulawesi Tenggara | Sekretariat Daerah | Dinas Kesehatan | Bidang Bina Kesehatan Masyarakat | Seksi Bimdal Promkes dan Kesling,6,1,3000000,5000000,88,0,0,0,14.666666666666666
c71ff7ac-61cd-4fb3-8461-941efc73285e,Pemerintah Provinsi Sumatera Utara,CPNS,UMUM,PERENCANA AHLI PERTAMA,PEMERINTAH PROVINSI SUMATERA UTARA | DINAS KESEHATAN | UNIT PELAKSANA TEKNIS DAERAH KHUSUS RUMAH SAKIT UMUM HAJI MEDAN | WAKIL DIREKTUR PERENCANAAN DAN KEUANGAN. | BAGIAN PERENCANAAN DAN EVALUASI | SUBBAGIAN PERENCANAAN PROGRAM,2,1,2228560,2451416,11,0,0,0,5.5
cb076460-f33c-42ec-833e-17df845f0afa,Pemerintah Provinsi Sumatera Utara,CPNS,UMUM,PERENCANA AHLI PERTAMA,PEMERINTAH PROVINSI SUMATERA UTARA | DINAS KESEHATAN | UNIT PELAKSANA TEKNIS DAERAH KHUSUS RUMAH SAKIT UMUM HAJI MEDAN | WAKIL DIREKTUR PERENCANAAN DAN KEUANGAN. | BAGIAN PERENCANAAN DAN EVALUASI | SUBBAGIAN EVALUASI DAN PELAPORAN.,1,1,2228560,2451416,4,0,0,0,4.0
1a962597-89bf-4b63-a891-9e472c6ade13,Sekretariat Jenderal Komisi Yudisial,CPNS,UMUM,PENATA KELOLA LAYANAN KESEHATAN,KOMISI YUDISIAL | Sekretariat Jenderal Komisi Yudisial | Biro Umum | Bagian Perlengkapan dan Rumah Tangga | Subbagian Rumah Tangga | Klinik Pratama Komisi Yudisial,1,1,7000000,9000000,25,0,0,0,25.0
