formasi_id,ins_nm,jp_nama,formasi_nm,jabatan_nm,lokasi_nm,jumlah_formasi,disable,gaji_min,gaji_max,jumlah_ms,jumlah_submit_t2,jumlah_ms_t2,is_periode_daftar
8a018692915486670191554a679703ca,Kementerian Kesehatan,CPNS,PENYANDANG DISABILITAS,PRANATA LABORATORIUM KESEHATAN AHLI PERTAMA,Kementerian Kesehatan | Direktorat Jenderal Pelayanan Kesehatan | Rumah Sakit Umum Pusat Nasional Dr. Cipto Mangunkusumo Jakarta | Direktorat Medik dan Keperawatan | Instalasi Pelayanan Laboratorium Terpadu,1,1,5067381,9646000,0,0,0,0
8a018692915486670191554ac48d0576,Kementerian Kesehatan,CPNS,PENYANDANG DISABILITAS,PRANATA LABORATORIUM KESEHATAN AHLI PERTAMA,Kementerian Kesehatan | Direktorat Jenderal Pelayanan Kesehatan | Rumah Sakit Umum Pusat Fatmawati Jakarta | DIREKTORAT MEDIK DAN KEPERAWATAN | INSTALASI LABORATORIUM,1,1,5000000,7000000,0,0,0,0
8a018692915486670191554b11480710,Kementerian Kesehatan,CPNS,PENYANDANG DISABILITAS,PRANATA LABORATORIUM KESEHATAN AHLI PERTAMA,Kementerian Kesehatan | Direktorat Jenderal Pelayanan Kesehatan | Rumah Sakit Umum Pusat Dr. Sardjito Yogyakarta | Direktorat Medik dan Keperawatan | Instalasi Laboratorium Terpadu,1,1,4000000,8000000,0,0,0,0
8a018692915486670191554b6774089b,Kementerian Kesehatan,CPNS,PENYANDANG DISABILITAS,PRANATA LABORATORIUM KESEHATAN AHLI PERTAMA,Kementerian Kesehatan | Direktorat Jenderal Pelayanan Kesehatan | Rumah Sakit Jantung dan Pembuluh Darah Harapan Kita Jakarta | Direktorat Medik dan Keperawatan | Instalasi Patologi Klinik dan Bank Darah,1,1,5501465,10098045,0,0,0,0
8a018692915486670191555817a91dd9,Kementerian Kesehatan,CPNS,PENYANDANG DISABILITAS,PRANATA LABORATORIUM KESEHATAN AHLI PERTAMA,Kementerian Kesehatan | Direktorat Jenderal Pelayanan Kesehatan | Sekretariat Direktorat Jenderal Pelayanan Kesehatan | Rumah Sakit Makassar | Direktorat Medik dan Keperawatan | Instalasi Laboratorium,1,1,3503600,8098750,0,0,0,0
8a0186929154866701915569df4b2e77,Kementerian Kesehatan,CPNS,PENYANDANG DISABILITAS,PRANATA LABORATORIUM KESEHATAN AHLI PERTAMA,Kementerian Kesehatan | Direktorat Jenderal Pelayanan Kesehatan | Rumah Sakit Umum Pusat Dr. Soeradji Tirtonegoro Klaten | Direktorat Medik dan Keperawatan | Instalasi Laboratorium,2,1,5711192,10643402,0,0,0,0
8a018692915486670191556cdec53045,Kementerian Kesehatan,CPNS,PENYANDANG DISABILITAS,PRANATA LABORATORIUM KESEHATAN AHLI PERTAMA,Kementerian Kesehatan | Direktorat Jenderal Pelayanan Kesehatan | Sekretariat Direktorat Jenderal Pelayanan Kesehatan | Rumah Sakit Jayapura | DIREKTORAT MEDIK DAN KEPERAWATAN | INSTALASI LABORATORIUM,2,1,3085700,7798750,0,0,0,0
039ba8d2-ef26-4744-8942-7a7db4942077,Kementerian Kesehatan,CPNS,UMUM,PRANATA LABORATORIUM KESEHATAN AHLI PERTAMA,Kementerian Kesehatan | Direktorat Jenderal Pencegahan dan Pengendalian Penyakit | Balai Besar Kekarantinaan Kesehatan Surabaya,1,1,5000000,8000000,7,0,0,0
05375bb7-e754-4aea-a6c5-caf953f91dc7,Kementerian Kesehatan,CPNS,UMUM,PRANATA LABORATORIUM KESEHATAN AHLI PERTAMA,Kementerian Kesehatan | Direktorat Jenderal Pelayanan Kesehatan | Sekretariat Direktorat Jenderal Pelayanan Kesehatan | Rumah Sakit Jayapura | DIREKTORAT MEDIK DAN KEPERAWATAN | INSTALASI LABORATORIUM,10,1,3085700,7798750,44,0,0,0
0d78f615-2787-44fa-9f88-f0adb0884610,Kementerian Kesehatan,CPNS,UMUM,PRANATA LABORATORIUM KESEHATAN AHLI PERTAMA,Kementerian Kesehatan | Direktorat Jenderal Pelayanan Kesehatan | Rumah Sakit Umum Pusat Dr. Hasan Sadikin Bandung | Direktorat Medik dan Keperawatan | Instalasi Laboratorium Klinik,2,1,3085700,9664528,45,0,0,0
14ffb919-18ee-48da-bcad-e4d3963e071f,Kementerian Kesehatan,CPNS,UMUM,PRANATA LABORATORIUM KESEHATAN AHLI PERTAMA,Kementerian Kesehatan | Direktorat Jenderal Pelayanan Kesehatan | Sekretariat Direktorat Jenderal Pelayanan Kesehatan | Rumah Sakit Makassar | Direktorat Medik dan Keperawatan | Instalasi Laboratorium,7,1,3503600,8098750,114,0,0,0
1f9514b5-80cc-4d17-a692-abad4cf6ec1a,Kementerian Kesehatan,CPNS,UMUM,PRANATA LABORATORIUM KESEHATAN AHLI PERTAMA,Kementerian Kesehatan | Direktorat Jenderal Kefarmasian dan Alat Kesehatan | Balai Pengamanan Alat dan Fasilitas Kesehatan Makassar,2,1,2785700,7680850,20,0,0,0
28e51629-313f-40e9-b225-a07ebbfbca8e,Kementerian Kesehatan,CPNS,UMUM,PRANATA LABORATORIUM KESEHATAN AHLI PERTAMA,Kementerian Kesehatan | Direktorat Jenderal Pelayanan Kesehatan | Rumah Sakit Umum Pusat Dr. M. Djamil Padang | Direktorat Medik dan Keperawatan | Instalasi Laboratorium Sentral,1,1,3050000,3500000,9,0,0,0
2d116cf6-2c33-45ac-afd5-c4edc6508acb,Kementerian Kesehatan,CPNS,UMUM,PRANATA LABORATORIUM KESEHATAN AHLI PERTAMA,Kementerian Kesehatan | Direktorat Jenderal Pelayanan Kesehatan | Balai Besar Biomedis dan Genomika Kesehatan | Instalasi Laboratorium Sekuensing,2,1,3158120,9851787,40,0,0,0
3aaae59b-36cc-40f9-9072-461da597fd86,Kementerian Kesehatan,CPNS,UMUM,PRANATA LABORATORIUM KESEHATAN AHLI PERTAMA,Kementerian Kesehatan | Direktorat Jenderal Pelayanan Kesehatan | Rumah Sakit Umum Pusat Fatmawati Jakarta | DIREKTORAT MEDIK DAN KEPERAWATAN | INSTALASI LABORATORIUM,4,1,5000000,7000000,38,0,0,0
4152936f-4ac1-4c8f-8bb7-471ebe353022,Kementerian Kesehatan,CPNS,UMUM,PRANATA LABORATORIUM KESEHATAN AHLI PERTAMA,Kementerian Kesehatan | Direktorat Jenderal Kesehatan Masyarakat | Balai Laboratorium Kesehatan Masyarakat Ambon,2,1,5000000,7000000,6,0,0,0
4c6d1866-1e17-4d0a-9630-5d4235e04cf1,Kementerian Kesehatan,CPNS,UMUM,PRANATA LABORATORIUM KESEHATAN AHLI PERTAMA,Kementerian Kesehatan | Direktorat Jenderal Pelayanan Kesehatan | Rumah Sakit Umum Pusat Surakarta | Direktorat Medik dan Keperawatan | Instalasi Laboratorium,1,1,5000000,7000000,5,0,0,0
50e6cc50-691a-472f-bc01-a822eb550fa1,Kementerian Kesehatan,CPNS,UMUM,PRANATA LABORATORIUM KESEHATAN AHLI PERTAMA,Kementerian Kesehatan | Direktorat Jenderal Pelayanan Kesehatan | Rumah Sakit Umum Pusat Dr. Wahidin Sudirohusodo Makassar | Direktorat Medik dan Keperawatan | Instalasi Laboratorium,2,1,5000000,7000000,9,0,0,0
6580c441-e9cb-4040-a653-08ef3ce31bf1,Kementerian Kesehatan,CPNS,UMUM,PRANATA LABORATORIUM KESEHATAN AHLI PERTAMA,Kementerian Kesehatan | Direktorat Jenderal Kesehatan Masyarakat | Balai Laboratorium Kesehatan Masyarakat Papua,3,1,2785700,4000000,4,0,0,0
6982e092-bbbc-41c3-93c5-31327e57c626,Kementerian Kesehatan,CPNS,UMUM,PRANATA LABORATORIUM KESEHATAN AHLI PERTAMA,Kementerian Kesehatan | Direktorat Jenderal Kesehatan Masyarakat | Balai Laboratorium Kesehatan Masyarakat Manado,1,1,5000000,7000000,6,0,0,0
709d81ad-89b6-48a0-8d41-d6821e08e3a5,Kementerian Kesehatan,CPNS,UMUM,PRANATA LABORATORIUM KESEHATAN AHLI PERTAMA,Kementerian Kesehatan | Direktorat Jenderal Kesehatan Masyarakat | Balai Laboratorium Kesehatan Masyarakat Banda Aceh,1,1,5000000,7000000,7,0,0,0
761724a3-96b1-4cad-8ee7-e7f806d70e51,Kementerian Kesehatan,CPNS,UMUM,PRANATA LABORATORIUM KESEHATAN AHLI PERTAMA,Kementerian Kesehatan | Direktorat Jenderal Pelayanan Kesehatan | Rumah Sakit Ortopedi Prof. Dr. R. Soeharso Surakarta | Direktorat Medik dan Keperawatan | Instalasi Laboratorium,1,1,2873500,7500000,9,0,0,0
7ed9a138-dc7a-4322-8193-77f656c824ba,Kementerian Kesehatan,CPNS,UMUM,PRANATA LABORATORIUM KESEHATAN AHLI PERTAMA,"Kementerian Kesehatan | Direktorat Jenderal Pelayanan Kesehatan | Rumah Sakit Jantung dan Pembuluh Darah Harapan Kita Jakarta | Direktorat Sumber Daya Manusia, Pendidikan, dan Penelitian | Instalasi Clinical Research Unit (CRU)",2,1,5501465,10098045,21,0,0,0
808b9db6-1993-4e67-bbb7-d66b275eb843,Kementerian Kesehatan,CPNS,UMUM,PRANATA LABORATORIUM KESEHATAN AHLI PERTAMA,Kementerian Kesehatan | Direktorat Jenderal Pelayanan Kesehatan | Rumah Sakit Umum Pusat Dr. Sardjito Yogyakarta | Direktorat Medik dan Keperawatan | Instalasi Laboratorium Terpadu,6,1,4000000,8000000,68,0,0,0
829df256-6c4f-4686-8046-6cebd379acf9,Kementerian Kesehatan,CPNS,UMUM,PRANATA LABORATORIUM KESEHATAN AHLI PERTAMA,Kementerian Kesehatan | Direktorat Jenderal Pelayanan Kesehatan | Rumah Sakit Pusat Otak Nasional Prof. Dr. dr. Mahar Mardjono Jakarta | Direktorat Medik dan Keperawatan | Instalasi Laboratorium dan Bank Darah,2,1,4059955,8703654,13,0,0,0
83524797-2120-4e88-a01a-8b52680d2e02,Kementerian Kesehatan,CPNS,UMUM,PRANATA LABORATORIUM KESEHATAN AHLI PERTAMA,Kementerian Kesehatan | Direktorat Jenderal Kesehatan Masyarakat | Balai Laboratorium Kesehatan Masyarakat Magelang,2,1,5000000,7000000,21,0,0,0
90c3a2e8-25e3-4bb8-9b22-e8d2d0199add,Kementerian Kesehatan,CPNS,UMUM,PRANATA LABORATORIUM KESEHATAN AHLI PERTAMA,Kementerian Kesehatan | Direktorat Jenderal Pelayanan Kesehatan | Rumah Sakit Jantung dan Pembuluh Darah Harapan Kita Jakarta | Direktorat Medik dan Keperawatan | Instalasi Patologi Klinik dan Bank Darah,4,1,5501465,10098045,71,0,0,0
adeb5fe9-72ac-42a1-86f2-4e1cca40fa14,Kementerian Kesehatan,CPNS,UMUM,PRANATA LABORATORIUM KESEHATAN AHLI PERTAMA,Kementerian Kesehatan | Direktorat Jenderal Pelayanan Kesehatan | Rumah Sakit Umum Pusat Dr. Soeradji Tirtonegoro Klaten | Direktorat Medik dan Keperawatan | Instalasi Laboratorium,8,1,5711192,10643402,186,0,0,0
af42cceb-d071-4891-85c3-6c6ccd6ea459,Kementerian Kesehatan,CPNS,UMUM,PRANATA LABORATORIUM KESEHATAN AHLI PERTAMA,Kementerian Kesehatan | Direktorat Jenderal Pelayanan Kesehatan | Rumah Sakit Umum Pusat Dr. Kariadi Semarang | Direktorat Medik dan Keperawatan | Instalasi Laboratorium Terpadu,2,1,3085700,9997202,16,0,0,0
c2b01db2-3331-4a9a-9607-000f8b6fde6b,Kementerian Kesehatan,CPNS,UMUM,PRANATA LABORATORIUM KESEHATAN AHLI PERTAMA,Kementerian Kesehatan | Direktorat Jenderal Kesehatan Masyarakat | Loka Laboratorium Kesehatan Masyarakat Waikabubak,2,1,5000000,7000000,8,0,0,0
c59426fc-264a-40a0-a77d-b83125b94a33,Kementerian Kesehatan,CPNS,UMUM,PRANATA LABORATORIUM KESEHATAN AHLI PERTAMA,Kementerian Kesehatan | Direktorat Jenderal Kesehatan Masyarakat | Loka Laboratorium Kesehatan Masyarakat Pangandaran,2,1,5000000,7000000,7,0,0,0
d3e0823e-3ff1-4f0b-979a-36d94acbac2c,Kementerian Kesehatan,CPNS,UMUM,PRANATA LABORATORIUM KESEHATAN AHLI PERTAMA,Kementerian Kesehatan | Direktorat Jenderal Pelayanan Kesehatan | Rumah Sakit Umum Pusat Nasional Dr. Cipto Mangunkusumo Jakarta | Direktorat Perencanaan dan Pengembangan Strategi Layanan | Instalasi Teknologi Kedokteran Sel Punca,3,1,5067381,9646000,25,0,0,0
dd79501c-bad0-4215-a1d7-20dfd44aeb1a,Kementerian Kesehatan,CPNS,UMUM,PRANATA LABORATORIUM KESEHATAN AHLI PERTAMA,Kementerian Kesehatan | Direktorat Jenderal Kefarmasian dan Alat Kesehatan | Balai Pengamanan Alat dan Fasilitas Kesehatan Jakarta,1,1,9000000,10000000,12,0,0,0
eff12760-1e66-4e7f-954d-5087026eff8f,Kementerian Kesehatan,CPNS,UMUM,PRANATA LABORATORIUM KESEHATAN AHLI PERTAMA,Kementerian Kesehatan | Direktorat Jenderal Pencegahan dan Pengendalian Penyakit | Loka Kekarantinaan Kesehatan Labuan Bajo,1,1,5000000,8000000,5,0,0,0
effe540c-831e-4e2c-934c-2b468b4ec69f,Kementerian Kesehatan,CPNS,UMUM,PRANATA LABORATORIUM KESEHATAN AHLI PERTAMA,Kementerian Kesehatan | Direktorat Jenderal Pelayanan Kesehatan | Rumah Sakit Umum Pusat Nasional Dr. Cipto Mangunkusumo Jakarta | Direktorat Medik dan Keperawatan | Instalasi Pelayanan Laboratorium Terpadu,4,1,5067381,9646000,50,0,0,0
f0f52f03-1e8d-4482-882c-77f4256efd10,Kementerian Kesehatan,CPNS,UMUM,PRANATA LABORATORIUM KESEHATAN AHLI PERTAMA,Kementerian Kesehatan | Direktorat Jenderal Kesehatan Masyarakat | Balai Laboratorium Kesehatan Masyarakat Batam,1,1,5000000,7000000,21,0,0,0
f16e9af5-0416-48fb-8b7c-5198b2534da8,Kementerian Kesehatan,CPNS,UMUM,PRANATA LABORATORIUM KESEHATAN AHLI PERTAMA,Kementerian Kesehatan | Direktorat Jenderal Pelayanan Kesehatan | Rumah Sakit Ketergantungan Obat Jakarta | Direktorat Medik dan Keperawatan | Instalasi Laboratorium,1,1,3085700,5985700,6,0,0,0
f4ed514b-e687-41ff-865a-f76f0feac01f,Kementerian Kesehatan,CPNS,UMUM,PRANATA LABORATORIUM KESEHATAN AHLI PERTAMA,Kementerian Kesehatan | Direktorat Jenderal Kesehatan Masyarakat | Balai Besar Laboratorium Kesehatan Masyarakat Jakarta,1,1,5000000,7000000,15,0,0,0
fcceed02-c6da-429f-826d-cbbfefe34624,Kementerian Kesehatan,CPNS,UMUM,PRANATA LABORATORIUM KESEHATAN AHLI PERTAMA,Kementerian Kesehatan | Direktorat Jenderal Kesehatan Masyarakat | Balai Besar Laboratorium Kesehatan Lingkungan,3,1,5000000,7000000,17,0,0,0
fe3a65c1-e906-4d26-a4b8-91bc48b80894,Kementerian Kesehatan,CPNS,UMUM,PRANATA LABORATORIUM KESEHATAN AHLI PERTAMA,Kementerian Kesehatan | Direktorat Jenderal Pelayanan Kesehatan | Sekretariat Direktorat Jenderal Pelayanan Kesehatan | Rumah Sakit Surabaya | Direktorat Medik dan Keperawatan | Instalasi Laboratorium,6,1,3203600,7798750,106,0,0,0
f570a1ed-07e4-4137-a194-2e0a1ef07860,Pemerintah Daerah Daerah Istimewa Yogyakarta,CPNS,UMUM,PRANATA LABORATORIUM KESEHATAN AHLI PERTAMA,PEMERINTAH DAERAH DAERAH ISTIMEWA YOGYAKARTA | PEMERINTAH DAERAH DAERAH ISTIMEWA YOGYAKARTA | SEKRETARIAT DAERAH | Dinas Kesehatan | BALAI LABORATORIUM KESEHATAN DAN KALIBRASI,6,1,3203600,4203600,113,0,0,0
88b7905a-14dd-4cee-a987-523dce7ed39d,Pemerintah Kab. Aceh Barat,CPNS,UMUM,PRANATA LABORATORIUM KESEHATAN AHLI PERTAMA,Pemerintah Kabupaten Aceh Barat | UPTD Rumah Sakit Umum Daerah Cut Nyak Dhien Meulaboh | Wakil Direktur Pelayanan | Bidang Penunjang Medik,1,0,2800000,3400000,26,0,0,0
3c7392a2-3313-4145-afe6-406257a5f3ca,Pemerintah Kab. Alor,CPNS,UMUM,PRANATA LABORATORIUM KESEHATAN AHLI PERTAMA,Pemerintah Kabupaten Alor | Dinas Kesehatan | Unit Pelaksana Teknis Dinas Puskesmas Lawahing,1,1,2785700,3500000,9,0,0,0
7abfc4f4-473c-46ba-bbe6-9b80a40407a5,Pemerintah Kab. Alor,CPNS,UMUM,PRANATA LABORATORIUM KESEHATAN AHLI PERTAMA,Pemerintah Kabupaten Alor | Dinas Kesehatan | Unit Pelaksana Teknis Dinas Puskesmas Ternate,1,1,2785700,3500000,4,0,0,0
8dce075c-95a9-47cb-8519-9129161d3094,Pemerintah Kab. Alor,CPNS,UMUM,PRANATA LABORATORIUM KESEHATAN AHLI PERTAMA,Pemerintah Kabupaten Alor | Dinas Kesehatan | Unit Pelaksana Teknis Dinas Puskesmas Tamalabang,1,1,2785700,3500000,2,0,0,0
da96fe81-3d4e-4811-a32f-f56fb11218d1,Pemerintah Kab. Alor,CPNS,UMUM,PRANATA LABORATORIUM KESEHATAN AHLI PERTAMA,Pemerintah Kabupaten Alor | Dinas Kesehatan | Unit Pelaksana Teknis Dinas Puskesmas Baranusa,1,1,2785700,3500000,3,0,0,0
f1f2269c-a760-4fee-98d0-5137bfaf1abd,Pemerintah Kab. Alor,CPNS,UMUM,PRANATA LABORATORIUM KESEHATAN AHLI PERTAMA,Pemerintah Kabupaten Alor | Dinas Kesehatan | UPTD Puskesmas Padang Alang,1,1,2785700,3500000,4,0,0,0
f247239b-f8d2-46f3-8e22-423585e0b0c4,Pemerintah Kab. Alor,CPNS,UMUM,PRANATA LABORATORIUM KESEHATAN AHLI PERTAMA,Pemerintah Kabupaten Alor | Dinas Kesehatan | UPTD Puskesmas Lembur,1,1,2785700,3500000,14,0,0,0
0617c0bd-5ca3-42b6-80c4-c750df8d034e,Pemerintah Kab. Asahan,CPNS,UMUM,PRANATA LABORATORIUM KESEHATAN AHLI PERTAMA,Pemerintah Kabupaten Asahan | DINAS KESEHATAN | UPTD RSUD HAJI ABDUL MANAN SIMATUPANG | KEPALA BIDANG PENUNJANG UPTD RUMAH SAKIT UMUM DAERAH HAJI ABDUL MANAN SIMATUPANG,2,0,3000000,4500000,35,0,0,0
2723f6a2-a80a-4c3d-af43-cde18af0ae67,Pemerintah Kab. Badung,CPNS,UMUM,PRANATA LABORATORIUM KESEHATAN AHLI PERTAMA,PEMERINTAH KABUPATEN BADUNG                                            | RUMAH SAKIT UMUM DAERAH GIRI ASIH | BIDANG PENUNJANG | SEKSI PENUNJANG MEDIK,4,1,3276020,14304522,29,0,0,0
29dacd0e-c57f-40d7-a534-409b0de2188a,Pemerintah Kab. Badung,CPNS,UMUM,PRANATA LABORATORIUM KESEHATAN AHLI PERTAMA,PEMERINTAH KABUPATEN BADUNG                                            | DINAS KESEHATAN | UPTD PUSKESMAS PETANG I,1,1,3276020,14304522,1,0,0,0
6519d734-1fd9-4e6a-9e2e-dc0d7e385856,Pemerintah Kab. Badung,CPNS,UMUM,PRANATA LABORATORIUM KESEHATAN AHLI PERTAMA,PEMERINTAH KABUPATEN BADUNG                                            | DINAS KESEHATAN | UPTD PUSKESMAS PETANG II,1,1,3276020,14304522,1,0,0,0
c286656d-5237-44d4-8544-5267a8b3f401,Pemerintah Kab. Badung,CPNS,UMUM,PRANATA LABORATORIUM KESEHATAN AHLI PERTAMA,PEMERINTAH KABUPATEN BADUNG                                            | RUMAH SAKIT DAERAH MANGUSADA,4,1,2858120,17994176,18,0,0,0
db86bd70-f92e-4dcd-a137-19737d0fb280,Pemerintah Kab. Badung,CPNS,UMUM,PRANATA LABORATORIUM KESEHATAN AHLI PERTAMA,PEMERINTAH KABUPATEN BADUNG                                            | RUMAH SAKIT UMUM DAERAH SUWITI | Seksi Penunjang,1,1,3276020,14304522,1,0,0,0
c8f0a20e-20bc-4caf-bfda-0d92ea57860e,Pemerintah Kab. Banggai,CPNS,UMUM,PRANATA LABORATORIUM KESEHATAN AHLI PERTAMA,Pemerintah Kabupaten Banggai | UPT Rumah Sakit Umum Daerah Kabupaten Banggai | Wakil Direktur Pelayanan | Bidang Penunjang Pelayanan Kesehatan,1,1,3203600,5261500,14,0,0,0
0a5cdb83-3f36-4de4-a649-beede1cd8eff,Pemerintah Kab. Banggai Kepulauan,CPNS,UMUM,PRANATA LABORATORIUM KESEHATAN AHLI PERTAMA,Pemerintah Kabupaten Banggai Kepulauan | Dinas Kesehatan | UPT Dinas Kesehatan Puskesmas Patukuki Kec. Peling Tengah,1,1,2785700,4575200,8,0,0,0
3164ec7d-f3f7-45b7-b8c3-a4fe235dfc4b,Pemerintah Kab. Banggai Kepulauan,CPNS,UMUM,PRANATA LABORATORIUM KESEHATAN AHLI PERTAMA,Pemerintah Kabupaten Banggai Kepulauan | Dinas Kesehatan | UPT Dinas Kesehatan Puskesmas Saleati Kec. Liang,1,1,2400000,3900000,6,0,0,0
5a2c507b-f232-436f-9b96-054b69f13f85,Pemerintah Kab. Banggai Kepulauan,CPNS,UMUM,PRANATA LABORATORIUM KESEHATAN AHLI PERTAMA,Pemerintah Kabupaten Banggai Kepulauan | Dinas Kesehatan | UPT Dinas Kesehatan Puskesmas Totikum Kec. Totikum,1,1,2785200,4575200,9,0,0,0
3e6e2b9b-68cd-4871-b8e8-1b689aff678c,Pemerintah Kab. Banggai Laut,CPNS,UMUM,PRANATA LABORATORIUM KESEHATAN AHLI PERTAMA,"PEMERINTAH KAB. BANGGAI LAUT | DINAS KESEHATAN, PENGENDALIAN PENDUDUK DAN KELUARGA BERENCANA | PUSKESMAS LANTIBUNG",1,0,3000000,4500000,4,0,0,0
035cb713-03c1-4523-aef0-3a7cd4a4a22d,Pemerintah Kab. Banyuwangi,CPNS,UMUM,PRANATA LABORATORIUM KESEHATAN AHLI PERTAMA,PEMERINTAH KABUPATEN BANYUWANGI | Dinas Kesehatan | UPT Laboratorium Kesehatan Daerah | TENAGA KESEHATAN,1,0,2750000,3000000,32,0,0,0
0085cc9e-15fc-4377-864c-f9bed2ea8840,Pemerintah Kab. Barito Utara,CPNS,UMUM,PRANATA LABORATORIUM KESEHATAN AHLI PERTAMA,PEMERINTAH KABUPATEN BARITO UTARA | DINAS KESEHATAN | PUSKESMAS LAMPEONG,1,1,3200000,5300000,1,0,0,0
00f2b37f-b739-4780-aa0b-ec2b34ef6f52,Pemerintah Kab. Barito Utara,CPNS,UMUM,PRANATA LABORATORIUM KESEHATAN AHLI PERTAMA,PEMERINTAH KABUPATEN BARITO UTARA | DINAS KESEHATAN | PUSKESMAS SIKUI,1,1,3200000,5300000,3,0,0,0
651ce119-d1f5-49c1-84e5-c353a30724c8,Pemerintah Kab. Barito Utara,CPNS,UMUM,PRANATA LABORATORIUM KESEHATAN AHLI PERTAMA,PEMERINTAH KABUPATEN BARITO UTARA | DINAS KESEHATAN | PUSKESMAS SEI RAHAYU,1,1,3200000,5300000,1,0,0,0
de3ae8b4-e16e-46de-8616-1b460d168f17,Pemerintah Kab. Barito Utara,CPNS,UMUM,PRANATA LABORATORIUM KESEHATAN AHLI PERTAMA,PEMERINTAH KABUPATEN BARITO UTARA | DINAS KESEHATAN | PUSKESMAS KETAPANG,1,1,3200000,5300000,1,0,0,0
e265d380-8b12-4217-a8ee-fc84b60bc1de,Pemerintah Kab. Barito Utara,CPNS,UMUM,PRANATA LABORATORIUM KESEHATAN AHLI PERTAMA,PEMERINTAH KABUPATEN BARITO UTARA | DINAS KESEHATAN | LABORATORIUM KESEHATAN,2,1,3200000,5300000,8,0,0,0
e342724c-836d-4427-a944-2f60bbcc48ce,Pemerintah Kab. Barito Utara,CPNS,UMUM,PRANATA LABORATORIUM KESEHATAN AHLI PERTAMA,PEMERINTAH KABUPATEN BARITO UTARA | DINAS KESEHATAN | PUSKESMAS TUMPUNG LAUNG,1,1,3200000,5300000,2,0,0,0
e64ff79e-f585-4551-98df-7d2a2b29e456,Pemerintah Kab. Barito Utara,CPNS,UMUM,PRANATA LABORATORIUM KESEHATAN AHLI PERTAMA,PEMERINTAH KABUPATEN BARITO UTARA | DINAS KESEHATAN | RUMAH SAKIT UMUM DAERAH MUARA TEWEH,2,1,3200000,5300000,6,0,0,0
ef65bd54-d245-493f-937d-2e2a57f6a556,Pemerintah Kab. Barito Utara,CPNS,UMUM,PRANATA LABORATORIUM KESEHATAN AHLI PERTAMA,PEMERINTAH KABUPATEN BARITO UTARA | DINAS KESEHATAN | PUSKESMAS MAMPUAK,1,1,3200000,5300000,1,0,0,0
a8021bbe-53c4-47d9-bc1d-284567e284f2,Pemerintah Kab. Bengkayang,CPNS,UMUM,PRANATA LABORATORIUM KESEHATAN AHLI PERTAMA,"Pemerintah Kabupaten Bengkayang | Dinas Kesehatan, Pengendalian Penduduk dan Keluarga Berencana | RSUD Pratama Kecamatan Jagoi Babang",3,1,2000000,5000000,29,0,0,0
8bb3ca20-1a70-4a05-b89b-baedcaa89580,Pemerintah Kab. Bengkulu Tengah,CPNS,UMUM,PRANATA LABORATORIUM KESEHATAN AHLI PERTAMA,Pemerintah Kabupaten Bengkulu Tengah | Dinas Kesehatan | Dinas Kesehatan | UPT Dinkes | Pusat Kesehatan Masyarakat | Puskesmas Kembang Seri,1,1,2000000,4500000,17,0,0,0
a099055d-19cf-47a8-a6c3-e4fd9b0cdc7a,Pemerintah Kab. Bengkulu Tengah,CPNS,UMUM,PRANATA LABORATORIUM KESEHATAN AHLI PERTAMA,Pemerintah Kabupaten Bengkulu Tengah | Dinas Kesehatan | Dinas Kesehatan | UPT Dinkes | Rumah Sakit Umum Daerah,1,1,2000000,4500000,3,0,0,0
022ed2bb-77c9-4589-afa1-8f4c1697e120,Pemerintah Kab. Berau,CPNS,UMUM,PRANATA LABORATORIUM KESEHATAN AHLI PERTAMA,PEMERINTAH KABUPATEN BERAU | DINAS KESEHATAN | UPT LABORATORIUM KESEHATAN DAERAH,1,0,2785700,4575200,12,0,0,0
385121f1-78a3-457a-9daa-42cd06fd9107,Pemerintah Kab. Berau,CPNS,UMUM,PRANATA LABORATORIUM KESEHATAN AHLI PERTAMA,PEMERINTAH KABUPATEN BERAU | DINAS KESEHATAN | UPT PUSKESMAS SUARAN,1,0,2785700,4575200,5,0,0,0
2d1c28fa-b774-4f46-84ae-aae32f9a500b,Pemerintah Kab. Biak Numfor,CPNS,UMUM (NON OAP),PRANATA LABORATORIUM KESEHATAN AHLI PERTAMA,Pemerintah Kabupaten Biak Numfor | UPTD Rumah Sakit Umum Daerah | Kelompok Jabatan Fungsional | SEKSI PENUNJANG MEDIS | INSTALASI LABORATORIUM,1,0,3000000,4000000,3,0,0,0
d1c800c9-0744-4caa-9b73-75c3f51b7d2f,Pemerintah Kab. Bima,CPNS,UMUM,PRANATA LABORATORIUM KESEHATAN AHLI PERTAMA,PEMERINTAH KABUPATEN BIMA | RUMAH SAKIT UMUM DAERAH SONDOSIA | INSTALASI LABORATORIUM,1,1,2745700,4575200,12,0,0,0
5739b364-a465-46c3-9365-fddbb3eb56f0,Pemerintah Kab. Bireuen,CPNS,UMUM,PRANATA LABORATORIUM KESEHATAN AHLI PERTAMA,KABUPATEN BIREUEN | Dinas Kesehatan | UPTD PUSAT KESEHATAN MASYARAKAT | PUSKESMAS JULI-2,1,0,2750000,3000000,19,0,0,0
72673252-c2b8-4db0-a13a-ed03fdf494ac,Pemerintah Kab. Bogor,CPNS,UMUM,PRANATA LABORATORIUM KESEHATAN AHLI PERTAMA,Pemerintah Kabupaten Bogor | Dinas Kesehatan | UPT Laboratorium Kesehatan Kelas A Dinas Kesehatan,1,1,2785700,5000000,27,0,0,0
e425e11f-bd9c-487b-bbf3-ee731818202b,Pemerintah Kab. Bogor,CPNS,UMUM,PRANATA LABORATORIUM KESEHATAN AHLI PERTAMA,Pemerintah Kabupaten Bogor | Rumah Sakit Umum Daerah Ciawi,1,1,2579400,7070586,9,0,0,0
bfbcc8ac-7a9a-4a21-8892-ab35f83cdcff,Pemerintah Kab. Bolaang Mongondow Timur,CPNS,UMUM,PRANATA LABORATORIUM KESEHATAN AHLI PERTAMA,PEMERINTAH KABUPATEN BOLAANG MONGONDOW TIMUR | DINAS KESEHATAN | UPTD RSUD BOLAANG MONGONDOW TIMUR,1,0,3203600,5265000,9,0,0,0
5a566ea3-aeaf-45d7-9773-85fcb3e3a2f6,Pemerintah Kab. Bolaang Mongondow Utara,CPNS,UMUM,PRANATA LABORATORIUM KESEHATAN AHLI PERTAMA,Pemerintah Kabupaten Bolaang Mongondow Utara | Dinas Kesehatan | Pusat Kesehatan Masyarakat Buko,1,1,2785700,3038700,1,0,0,0
67136dee-acba-4892-82ba-49e08ed5c654,Pemerintah Kab. Bolaang Mongondow Utara,CPNS,UMUM,PRANATA LABORATORIUM KESEHATAN AHLI PERTAMA,Pemerintah Kabupaten Bolaang Mongondow Utara | Dinas Kesehatan | Pusat Kesehatan Masyarakat Sangkub,1,1,2785700,3038700,2,0,0,0
f47b7459-1894-48d7-b18c-dbcee17018e3,Pemerintah Kab. Bolaang Mongondow Utara,CPNS,UMUM,PRANATA LABORATORIUM KESEHATAN AHLI PERTAMA,Pemerintah Kabupaten Bolaang Mongondow Utara | Dinas Kesehatan | Pusat Kesehatan Masyarakat Bolangitang,1,1,2785700,3038700,1,0,0,0
1583470c-a83d-4063-bab0-d67efbaf3633,Pemerintah Kab. Bombana,CPNS,UMUM,PRANATA LABORATORIUM KESEHATAN AHLI PERTAMA,Pemerintah Kabupaten Bombana | Dinas Kesehatan | UPTD Laboratorium Kesehatan Daerah | LABORATORIUM KESEHATAN,1,1,3500000,3700000,8,0,0,0
3590da2c-5983-4b84-8f5c-ccbc5eda4e9e,Pemerintah Kab. Boven Digoel,CPNS,ORANG ASLI PAPUA (OAP),PRANATA LABORATORIUM KESEHATAN AHLI PERTAMA,PEMERINTAH KABUPATEN BOVEN DIGOEL | DINAS KESEHATAN | PUSKESMAS UPTD PUSKESMAS KOMBAY | KOMBAY,1,0,2000000,3000000,0,0,0,0
3cb3252e-f526-4562-9aba-61fa2c35995b,Pemerintah Kab. Boven Digoel,CPNS,ORANG ASLI PAPUA (OAP),PRANATA LABORATORIUM KESEHATAN AHLI PERTAMA,PEMERINTAH KABUPATEN BOVEN DIGOEL | DINAS KESEHATAN | PUSKESMAS UPTD PUSKESMAS BOMAKIA | BOMAKIA,1,0,2000000,3000000,0,0,0,0
6126f352-936f-4587-a181-29b21c9e9365,Pemerintah Kab. Boven Digoel,CPNS,ORANG ASLI PAPUA (OAP),PRANATA LABORATORIUM KESEHATAN AHLI PERTAMA,PEMERINTAH KABUPATEN BOVEN DIGOEL | DINAS KESEHATAN | PUSKESMAS UPTD PUSKESMAS KAWAGIT | KAWAGIT,1,0,2000000,3000000,0,0,0,0
859d3b7b-c171-4e00-95c8-4a25cbcf429a,Pemerintah Kab. Boven Digoel,CPNS,UMUM (NON OAP),PRANATA LABORATORIUM KESEHATAN AHLI PERTAMA,PEMERINTAH KABUPATEN BOVEN DIGOEL | DINAS KESEHATAN | PUSKESMAS UPTD PUSKESMAS MANGGELUM | MANGGELUM,1,0,2000000,3000000,2,0,0,0
93048a14-8d27-42b4-a1f3-eef641393133,Pemerintah Kab. Boven Digoel,CPNS,ORANG ASLI PAPUA (OAP),PRANATA LABORATORIUM KESEHATAN AHLI PERTAMA,PEMERINTAH KABUPATEN BOVEN DIGOEL | DINAS KESEHATAN | PUSKESMAS UPTD PUSKESMAS FOFI | FOFI,1,0,2000000,3000000,0,0,0,0
9a823fc8-256f-4e39-b4d6-f7c33f1ffb60,Pemerintah Kab. Boven Digoel,CPNS,UMUM (NON OAP),PRANATA LABORATORIUM KESEHATAN AHLI PERTAMA,PEMERINTAH KABUPATEN BOVEN DIGOEL | DINAS KESEHATAN | PUSKESMAS UPTD PUSKESMAS INIYANDIT | INIYANDIT,1,0,2000000,3000000,5,0,0,0
f6ffa20b-0001-40bc-9c54-33fe39fec921,Pemerintah Kab. Boven Digoel,CPNS,ORANG ASLI PAPUA (OAP),PRANATA LABORATORIUM KESEHATAN AHLI PERTAMA,PEMERINTAH KABUPATEN BOVEN DIGOEL | DINAS KESEHATAN | PUSKESMAS UPTD PUSKESMAS SUBUR | SUBUR,1,1,2000000,3000000,1,0,0,0
f820f1bc-b279-4866-9c66-39e0b93b6792,Pemerintah Kab. Boven Digoel,CPNS,ORANG ASLI PAPUA (OAP),PRANATA LABORATORIUM KESEHATAN AHLI PERTAMA,PEMERINTAH KABUPATEN BOVEN DIGOEL | DINAS KESEHATAN | PUSKESMAS UPTD PUSKESMAS KOUH | KOUH,1,0,2000000,3000000,0,0,0,0
308d5ccc-2c0c-4f80-83b3-7e8abebff6e7,Pemerintah Kab. Buru Selatan,CPNS,UMUM,PRANATA LABORATORIUM KESEHATAN AHLI PERTAMA,"PEMERINTAH KABUPATEN BURU SELATAN | Sekretariat Daerah | Dinas Kesehatan,pengendalian penduduk dan keluarga berencana | PUSKESMAS WAETAWA",1,1,3000000,4000000,1,0,0,0
3d0a83c6-ec4f-4ece-91c3-16a0e16636b3,Pemerintah Kab. Buru Selatan,CPNS,UMUM,PRANATA LABORATORIUM KESEHATAN AHLI PERTAMA,"PEMERINTAH KABUPATEN BURU SELATAN | Sekretariat Daerah | Dinas Kesehatan,pengendalian penduduk dan keluarga berencana | Bidang pelayanan kesehatan dan sumber daya kesehatan",1,1,2800000,3500000,2,0,0,0
3d1add60-afa3-435e-bd87-93e116ac75e1,Pemerintah Kab. Buru Selatan,CPNS,UMUM,PRANATA LABORATORIUM KESEHATAN AHLI PERTAMA,"PEMERINTAH KABUPATEN BURU SELATAN | Sekretariat Daerah | Dinas Kesehatan,pengendalian penduduk dan keluarga berencana | PUSKESMAS WAEMULANG",1,1,2800000,3500000,1,0,0,0
3e40cfd9-e4bd-47ec-970f-333c3e7ae92b,Pemerintah Kab. Buru Selatan,CPNS,UMUM,PRANATA LABORATORIUM KESEHATAN AHLI PERTAMA,"PEMERINTAH KABUPATEN BURU SELATAN | Sekretariat Daerah | Dinas Kesehatan,pengendalian penduduk dan keluarga berencana | PUSKESMAS OKI BARU",1,1,2800000,3500000,4,0,0,0
3ec4c788-7436-4cc9-a281-95fe511317f5,Pemerintah Kab. Buru Selatan,CPNS,UMUM,PRANATA LABORATORIUM KESEHATAN AHLI PERTAMA,"PEMERINTAH KABUPATEN BURU SELATAN | Sekretariat Daerah | Dinas Kesehatan,pengendalian penduduk dan keluarga berencana | PUSKESMAS WALBELE",1,1,2800000,3500000,1,0,0,0
5c85e0ed-0340-487f-a384-7a97621a785c,Pemerintah Kab. Buru Selatan,CPNS,UMUM,PRANATA LABORATORIUM KESEHATAN AHLI PERTAMA,"PEMERINTAH KABUPATEN BURU SELATAN | Sekretariat Daerah | Dinas Kesehatan,pengendalian penduduk dan keluarga berencana | PUSKESMAS WAEKATIN",1,1,2800000,3500000,1,0,0,0
b1d8c9ec-ecfc-4cc1-a69f-83d8b355314b,Pemerintah Kab. Buru Selatan,CPNS,UMUM,PRANATA LABORATORIUM KESEHATAN AHLI PERTAMA,"PEMERINTAH KABUPATEN BURU SELATAN | Sekretariat Daerah | Dinas Kesehatan,pengendalian penduduk dan keluarga berencana | PUSKESMAS WAELUA",1,1,2800000,3500000,0,0,0,0
c82758b3-cf9a-44db-a38a-44a5bb7c1c4b,Pemerintah Kab. Buru Selatan,CPNS,UMUM,PRANATA LABORATORIUM KESEHATAN AHLI PERTAMA,"PEMERINTAH KABUPATEN BURU SELATAN | Sekretariat Daerah | Dinas Kesehatan,pengendalian penduduk dan keluarga berencana | PUSKESMAS EWIRI",1,1,2800000,3500000,3,0,0,0
d01a6faa-952e-46cc-863c-cc7f9c9ee373,Pemerintah Kab. Buru Selatan,CPNS,UMUM,PRANATA LABORATORIUM KESEHATAN AHLI PERTAMA,"PEMERINTAH KABUPATEN BURU SELATAN | Sekretariat Daerah | Dinas Kesehatan,pengendalian penduduk dan keluarga berencana | PUSKESMAS WAEPANDAN",1,1,2800000,3500000,1,0,0,0
e3b2d5cf-5b05-4b18-8222-9c4e55c44ceb,Pemerintah Kab. Buru Selatan,CPNS,UMUM,PRANATA LABORATORIUM KESEHATAN AHLI PERTAMA,"PEMERINTAH KABUPATEN BURU SELATAN | Sekretariat Daerah | Dinas Kesehatan,pengendalian penduduk dan keluarga berencana | Rumah Sakit Pratama Raja Latubau Soel Fogi | Sub Bagian Tata Usaha",1,1,2800000,3500000,1,0,0,0
5c5e0860-2c0c-48b2-8ddb-7cba5a362b50,Pemerintah Kab. Buton,CPNS,UMUM,PRANATA LABORATORIUM KESEHATAN AHLI PERTAMA,PEMERINTAH KABUPATEN BUTON | PEMERINTAH KABUPATEN BUTON | DINAS KESEHATAN | UPTD KESEHATAN | UPTD LABORATORIUM KESEHATAN | LABORATORIUM KESEHATAN DAERAH KAB. BUTON,1,1,2785700,3526800,13,0,0,0
b83f1a74-8f16-40da-a5b1-ae4cd8b7da52,Pemerintah Kab. Buton,CPNS,UMUM,PRANATA LABORATORIUM KESEHATAN AHLI PERTAMA,PEMERINTAH KABUPATEN BUTON | PEMERINTAH KABUPATEN BUTON | DINAS KESEHATAN | UPTD KESEHATAN | RSUD PASARWAJO | BIDANG PENUNJANG MEDIK | SEKSI LABORATORIUM FARMASI DAN RADIOLOGI | UNIT LABORATORIUM,1,1,2785700,3526800,4,0,0,0
d9e19dbb-6fd9-4b7a-a1b6-ee6138672d66,Pemerintah Kab. Buton,CPNS,UMUM,PRANATA LABORATORIUM KESEHATAN AHLI PERTAMA,PEMERINTAH KABUPATEN BUTON | PEMERINTAH KABUPATEN BUTON | DINAS KESEHATAN | UPTD KESEHATAN | UPTD PUSKESMAS WAJAH JAYA KECAMATAN LASALIMU SELATAN,1,1,2785700,3550400,10,0,0,0
eb935ec7-300f-4dff-820f-e7de81072431,Pemerintah Kab. Buton,CPNS,UMUM,PRANATA LABORATORIUM KESEHATAN AHLI PERTAMA,PEMERINTAH KABUPATEN BUTON | PEMERINTAH KABUPATEN BUTON | DINAS KESEHATAN | UPTD KESEHATAN | UPTD PUSKESMAS LAWELE KECAMATAN LASALIMU,1,1,2785700,3550400,15,0,0,0
8c2afd52-2bee-4834-acbc-0ecb3e005bf8,Pemerintah Kab. Deiyai,CPNS,ORANG ASLI PAPUA (OAP),PRANATA LABORATORIUM KESEHATAN AHLI PERTAMA,PEMERINTAH KABUPATEN DEIYAI | DINAS KESEHATAN | PUSKESMAS | PUSKESMAS EDAROTALI,1,1,2900000,3800000,1,0,0,0
43ca6963-e411-4a0d-b8d6-1d79f406416a,Pemerintah Kab. Dharmasraya,CPNS,UMUM,PRANATA LABORATORIUM KESEHATAN AHLI PERTAMA,PEMERINTAH KABUPATEN DHARMASRAYA | DINAS KESEHATAN | UPT RSUD SUNGAI RUMBAI,1,0,2531558,2856018,9,0,0,0
f3b95afb-6062-453d-9329-a4f44822d975,Pemerintah Kab. Dharmasraya,CPNS,UMUM,PRANATA LABORATORIUM KESEHATAN AHLI PERTAMA,PEMERINTAH KABUPATEN DHARMASRAYA | DINAS KESEHATAN | UPTD LABKESDA,2,0,2531558,2856018,18,0,0,0
def07951-506d-4978-9ac4-f448dd2de0d4,Pemerintah Kab. Dompu,CPNS,UMUM,PRANATA LABORATORIUM KESEHATAN AHLI PERTAMA,BUPATI DOMPU | Sekretariat Daerah | Dinas Kesehatan | Laboratorium Kesehatan Daerah,1,1,1000000,5000000,22,0,0,0
5d5e5d81-8cdd-40f6-8378-13ef18fa642a,Pemerintah Kab. Donggala,CPNS,UMUM,PRANATA LABORATORIUM KESEHATAN AHLI PERTAMA,Pemerintah Kabupaten Donggala | RUMAH SAKIT UMUM DAERAH PENDAU TAMBU,2,0,2500000,4000000,19,0,0,0
2aaf7410-bdec-48c5-9d2c-6a45f41ee3d0,Pemerintah Kab. Fak-Fak,CPNS,UMUM (NON OAP),PRANATA LABORATORIUM KESEHATAN AHLI PERTAMA,Pemerintah Kabupaten Fakfak | Dinas Kesehatan Kabupaten Fakfak | PUSKESMAS WERI,1,0,3200000,4200000,6,0,0,0
78bb7b62-5e7f-4e29-a87c-a91174619dcf,Pemerintah Kab. Gorontalo,CPNS,UMUM,PRANATA LABORATORIUM KESEHATAN AHLI PERTAMA,PEMERINTAH KABUPATEN GORONTALO                                         | DINAS KESEHATAN | UPTD LABORATORIUM KUALITAS AIR | BAGIAN LAB.KIMIA/FISIK,1,1,2785700,4575200,26,0,0,0
c44546d7-ff4b-431f-8af5-6cea26b0ea1e,Pemerintah Kab. Gresik,CPNS,UMUM,PRANATA LABORATORIUM KESEHATAN AHLI PERTAMA,Pemerintah Kabupaten Gresik | Dinas Kesehatan | UPT Laboratorium Kesehatan Daerah | KEPALA UPT LABKESDA,1,0,2780000,3400000,9,0,0,0
0cbcb6c0-14f3-4456-8c25-644ee1fbf39c,Pemerintah Kab. Gunung Kidul,CPNS,UMUM,PRANATA LABORATORIUM KESEHATAN AHLI PERTAMA,PEMERINTAH KABUPATEN GUNUNG KIDUL | SEKRETARIAT DAERAH | DINAS KESEHATAN | UPT LABORATORIUM KESEHATAN | SUBBAGIAN TATA USAHA UPT LABORATORIUM KESEHATAN,1,1,2785700,4200000,14,0,0,0
4e13d0ca-c248-405d-9257-f9a93147e50d,Pemerintah Kab. Gunung Mas,CPNS,UMUM,PRANATA LABORATORIUM KESEHATAN AHLI PERTAMA,Pemerintah Kab. Gunung Mas | DINAS KESEHATAN | UPT RUMAH SAKIT PRATAMA TUMBANG TALAKEN | SEKSI PELAYANAN PENUNJANG,1,0,2785700,4575200,3,0,0,0
6c63a970-7204-43f8-a910-3905c721bb4d,Pemerintah Kab. Halmahera Selatan,CPNS,UMUM,PRANATA LABORATORIUM KESEHATAN AHLI PERTAMA,PEMERINTAH KAB. HALMAHERA SELATAN | DINAS KESEHATAN | UPTD PUSKESMAS & RS | RUMAH SAKIT PRATAMA BISUI | INSTALASI LABORATORIUM,1,1,2785700,6373200,4,0,0,0
1b3c0d09-e998-4e5b-a6f1-e8f31a500630,Pemerintah Kab. Halmahera Timur,CPNS,UMUM,PRANATA LABORATORIUM KESEHATAN AHLI PERTAMA,PEMERINTAH KAB. HALMAHERA TIMUR | RSUD MABA | RSUD Maba | INSTALASI LABORATORIUM,1,1,2785700,4575200,3,0,0,0
f401f00d-5625-492f-aaa9-af78ca12e7a8,Pemerintah Kab. Halmahera Timur,CPNS,UMUM,PRANATA LABORATORIUM KESEHATAN AHLI PERTAMA,PEMERINTAH KAB. HALMAHERA TIMUR | DINAS KESEHATAN | PUSKESMAS | PUSKESMAS NUSA JAYA,1,1,1000000,1500000,2,0,0,0
157993b2-4025-4097-83ec-36ae51b4e6a7,Pemerintah Kab. Intan Jaya,CPNS,ORANG ASLI PAPUA (OAP),PRANATA LABORATORIUM KESEHATAN AHLI PERTAMA,PEMERINTAH KABUPATEN INTAN JAYA | DINAS KESEHATAN | RUMAH SAKIT UMUM DAERAH,1,0,1000000,5000000,1,0,0,0
54c1bf6d-ee67-44ee-82d2-8a529460a89b,Pemerintah Kab. Intan Jaya,CPNS,UMUM (NON OAP),PRANATA LABORATORIUM KESEHATAN AHLI PERTAMA,PEMERINTAH KABUPATEN INTAN JAYA | DINAS KESEHATAN | PUSKESMAS MBIANDOGA,1,0,1000000,5000000,1,0,0,0
6a0f1d79-34fa-4b94-8c89-0d990303eed6,Pemerintah Kab. Jayapura,CPNS,ORANG ASLI PAPUA (OAP),PRANATA LABORATORIUM KESEHATAN AHLI PERTAMA,PEMERINTAH KABUPATEN JAYAPURA | DINAS-DINAS | DINAS KESEHATAN | RSUD YOWARI | KELOMPOK JABATAN FUNGSIONAL TERTENTU | RUANGAN LABORATORIUM,2,0,2870000,3870000,0,0,0,0
8a0384b4915028740191516b557440d2,Pemerintah Kab. Jayawijaya,CPNS,UMUM (NON OAP),PRANATA LABORATORIUM KESEHATAN AHLI PERTAMA,Kabupaten Jayawijaya | RUMAH SAKIT UMUM DAERAH WAMENA | BIDANG PENUNJANG RUMAH SAKIT UMUM DAERAH WAMENA | SEKSI PENUNJANG MEDIS,2,1,2900000,6500000,7,0,0,0
35e7a722-75c6-43b3-b716-84a1f457f966,Pemerintah Kab. Jayawijaya,CPNS,ORANG ASLI PAPUA (OAP),PRANATA LABORATORIUM KESEHATAN AHLI PERTAMA,Kabupaten Jayawijaya | RUMAH SAKIT UMUM DAERAH WAMENA | BIDANG PENUNJANG RUMAH SAKIT UMUM DAERAH WAMENA | SEKSI PENUNJANG MEDIS,4,1,2900000,6500000,4,0,0,0
f655aaf5-d07a-4c08-96eb-c9549d836de7,Pemerintah Kab. Jepara,CPNS,UMUM,PRANATA LABORATORIUM KESEHATAN AHLI PERTAMA,PEMERINTAH KABUPATEN JEPARA | DINAS KESEHATAN | UPTD LABORATORIUM KESEHATAN | LABKES KABUPATEN JEPARA,1,0,2000000,6000000,61,0,0,0
c21d94b5-9d9e-4bec-a4df-48631f5b3736,Pemerintah Kab. Kampar,CPNS,UMUM,PRANATA LABORATORIUM KESEHATAN AHLI PERTAMA,PEMERINTAH KABUPATEN KAMPAR | DINAS KESEHATAN | UPT LABORATORIUM KESEHATAN DAERAH,1,0,3000000,3500000,10,0,0,0
ef7f1f2e-f127-4385-a9f3-068a08e4649d,Pemerintah Kab. Kampar,CPNS,UMUM,PRANATA LABORATORIUM KESEHATAN AHLI PERTAMA,PEMERINTAH KABUPATEN KAMPAR | RUMAH SAKIT UMUM DAERAH BANGKINANG | BIDANG PELAYANAN | SEKSI PELAYANAN MEDIK DAN PENUNJANG MEDIK,1,0,3000000,3500000,8,0,0,0
27d71d4f-2c5f-49f0-839a-54d0639b20ad,Pemerintah Kab. Kapuas,CPNS,UMUM,PRANATA LABORATORIUM KESEHATAN AHLI PERTAMA,PEMERINTAH KABUPATEN KAPUAS | Dinas Kesehatan | UPT | UPT Puskesmas Pujon,1,1,2000000,5000000,3,0,0,0
386a1a70-d0d5-4182-91dc-6a9cc28387b8,Pemerintah Kab. Kapuas,CPNS,UMUM,PRANATA LABORATORIUM KESEHATAN AHLI PERTAMA,PEMERINTAH KABUPATEN KAPUAS | Dinas Kesehatan | UPT | UPT Puskesmas Mantangai,1,1,2000000,5000000,2,0,0,0
6e80f194-9e82-433f-810d-a058f948f31d,Pemerintah Kab. Kapuas,CPNS,UMUM,PRANATA LABORATORIUM KESEHATAN AHLI PERTAMA,PEMERINTAH KABUPATEN KAPUAS | Dinas Kesehatan | UPT | Laboratorium Kesehatan Daerah Kabupaten Kapuas,2,1,2000000,5000000,40,0,0,0
877d321e-9266-4b7c-b143-75062c29fdff,Pemerintah Kab. Karangasem,CPNS,UMUM,PRANATA LABORATORIUM KESEHATAN AHLI PERTAMA,PEMERINTAH KABUPATEN KARANGASEM | DINAS KESEHATAN KAB. KARANG ASEM | KELOMPOK UPT DINAS KESEHATAN | UPTD LABORATORIUM KESEHATAN KAB. KARANG ASEM | KEPALA UPTD LABOARTORIUM KESEHATAN,1,1,3500000,4000000,2,0,0,0
29e54f92-f2b5-412b-9a89-890ae6e2d421,Pemerintah Kab. Kaur,CPNS,UMUM,PRANATA LABORATORIUM KESEHATAN AHLI PERTAMA,PEMERINTAH KABUPATEN KAUR | DINAS KESEHATAN | PUSKESMAS PADANG GUCI HILIR,1,1,2785700,5000000,3,0,0,0
44caaa4b-aae5-4c10-a2b1-c1d59f10d2b8,Pemerintah Kab. Kaur,CPNS,UMUM,PRANATA LABORATORIUM KESEHATAN AHLI PERTAMA,PEMERINTAH KABUPATEN KAUR | DINAS KESEHATAN | PUSKESMAS BERIANG TINGGI,1,1,2785700,5000000,6,0,0,0
7d42bc8a-03af-4d35-af9b-2b21d0ef36e6,Pemerintah Kab. Kaur,CPNS,UMUM,PRANATA LABORATORIUM KESEHATAN AHLI PERTAMA,PEMERINTAH KABUPATEN KAUR | DINAS KESEHATAN | PUSKESMAS KELAM TENGAH,1,1,2785700,5000000,2,0,0,0
37737d26-7131-47ff-8c21-e0dc39d2a6fc,Pemerintah Kab. Kendal,CPNS,UMUM,PRANATA LABORATORIUM KESEHATAN AHLI PERTAMA,PEMERINTAH KABUPATEN KENDAL | DINAS KESEHATAN | LABORATORIUM KESEHATAN MASYARAKAT,2,1,3000000,3700000,56,0,0,0
5165f278-6be2-48d6-b3e7-8ee654940352,Pemerintah Kab. Kepulauan Anambas,CPNS,UMUM,PRANATA LABORATORIUM KESEHATAN AHLI PERTAMA,"PEMERINTAH KABUPATEN KEPULAUAN ANAMBAS | DINAS KESEHATAN, PENGENDALIAN PENDUDUK DAN KELUARGA BERENCANA | RSUD TAREMPA",1,1,2785700,7685700,18,0,0,0
d38e483c-1bf6-4fff-8262-5637d0838c31,Pemerintah Kab. Kepulauan Aru,CPNS,UMUM,PRANATA LABORATORIUM KESEHATAN AHLI PERTAMA,Pemerintah Kabupaten Kepulauan Aru | Dinas Kesehatan | UPTD RSUD Cenderawasih Kelas C,2,1,2700000,4500000,4,0,0,0
b5289daa-113d-433d-9f7a-a0c9235c2842,Pemerintah Kab. Kepulauan Siau Tagulandang Biaro,CPNS,UMUM,PRANATA LABORATORIUM KESEHATAN AHLI PERTAMA,PEMERINTAH KABUPATEN KEPULAUAN SIAU TAGULANDANG BIARO | DINAS KESEHATAN | RUMAH SAKIT UMUM DAERAH LAPANGAN SAWANG,1,1,2785700,5765378,1,0,0,0
b4cb5ad2-4c47-46e5-ae0e-ff99a68796a8,Pemerintah Kab. Kepulauan Sula,CPNS,UMUM,PRANATA LABORATORIUM KESEHATAN AHLI PERTAMA,Pemerintah Kab. Kepulauan Sula | DINAS KESEHATAN | PUSKESMAS SANANA KECAMATAN SANANA,1,1,2785700,3200000,3,0,0,0
eabae7ad-4bba-4a6d-b916-8477b497c099,Pemerintah Kab. Kepulauan Sula,CPNS,UMUM,PRANATA LABORATORIUM KESEHATAN AHLI PERTAMA,Pemerintah Kab. Kepulauan Sula | DINAS KESEHATAN | PUSKESMAS DOFA KECAMATAN MANGOLI BARAT,1,1,2785700,3200000,3,0,0,0
662e3a00-52d6-4210-8471-bf7bd33bf324,Pemerintah Kab. Kepulauan Tanimbar,CPNS,UMUM,PRANATA LABORATORIUM KESEHATAN AHLI PERTAMA,KABUPATEN KEPULAUAN TANIMBAR | DINAS KESEHATAN | RSUD dr. D. Anaktototy Larat | Seksi Keperawatan,1,1,2785700,4000000,7,0,0,0
d5ba99b0-74e3-4d9e-9d94-176cf530207c,Pemerintah Kab. Kepulauan Tanimbar,CPNS,UMUM,PRANATA LABORATORIUM KESEHATAN AHLI PERTAMA,KABUPATEN KEPULAUAN TANIMBAR | DINAS KESEHATAN | PUSKESMAS TUTUKEMBONG | Subbagian Tata Usaha  Puskesmas Tutukembong,1,1,2785700,4000000,6,0,0,0
3b5e4e45-85e0-435b-87a4-46ce20c2c59d,Pemerintah Kab. Kerinci,CPNS,UMUM,PRANATA LABORATORIUM KESEHATAN AHLI PERTAMA,PEMERINTAH KABUPATEN KERINCI | SEKRETARIS DAERAH | DINAS KESEHATAN | PUSKESMAS GUNUNG LABU,1,0,2785700,6331513,10,0,0,0
3bd7b38e-1cbf-445a-be97-a6d38e0f51da,Pemerintah Kab. Kerinci,CPNS,UMUM,PRANATA LABORATORIUM KESEHATAN AHLI PERTAMA,PEMERINTAH KABUPATEN KERINCI | SEKRETARIS DAERAH | DINAS KESEHATAN | PUSKESMAS SANGGARAN AGUNG,1,0,2785700,6331513,7,0,0,0
4d6d5650-d6ae-4f6c-9379-6e019d9430dc,Pemerintah Kab. Kerinci,CPNS,UMUM,PRANATA LABORATORIUM KESEHATAN AHLI PERTAMA,PEMERINTAH KABUPATEN KERINCI | SEKRETARIS DAERAH | DINAS KESEHATAN | PUSKESMAS JUJUN,1,0,2785700,6331513,6,0,0,0
6442f26b-f7c5-4e3e-b796-8926965d752a,Pemerintah Kab. Kerinci,CPNS,UMUM,PRANATA LABORATORIUM KESEHATAN AHLI PERTAMA,PEMERINTAH KABUPATEN KERINCI | SEKRETARIS DAERAH | DINAS KESEHATAN | PUSKESMAS SEMERAP,1,0,2785700,6331513,13,0,0,0
72b8ba18-c428-4b28-a9d1-0187eafe7503,Pemerintah Kab. Kerinci,CPNS,UMUM,PRANATA LABORATORIUM KESEHATAN AHLI PERTAMA,PEMERINTAH KABUPATEN KERINCI | SEKRETARIS DAERAH | DINAS KESEHATAN | PUSKESMAS TAMIAI,1,0,2785700,6331513,10,0,0,0
94cbb836-d0ed-4070-a8b2-63c2ded5957d,Pemerintah Kab. Kerinci,CPNS,UMUM,PRANATA LABORATORIUM KESEHATAN AHLI PERTAMA,PEMERINTAH KABUPATEN KERINCI | SEKRETARIS DAERAH | DINAS KESEHATAN | LAB. KES DAERAH KAB. KERINCI | KEPALA LABKESDA ,1,0,2785700,6331513,6,0,0,0
f7decba0-0c04-4f1f-a0a7-ae2cad750f80,Pemerintah Kab. Kerinci,CPNS,UMUM,PRANATA LABORATORIUM KESEHATAN AHLI PERTAMA,PEMERINTAH KABUPATEN KERINCI | SEKRETARIS DAERAH | DINAS KESEHATAN | PUSKESMAS LOLO,1,0,2785700,6331513,6,0,0,0
5458b18a-0309-4506-9b51-01f3dd0ba8af,Pemerintah Kab. Klungkung,CPNS,UMUM,PRANATA LABORATORIUM KESEHATAN AHLI PERTAMA,PEMERINTAH KABUPATEN KLUNGKUNG                                         | DINAS KESEHATAN | UPTD. PUSAT KESEHATAN MASYARAKAT DAWAN II,1,0,2785700,7125700,4,0,0,0
ade66d45-7637-4df4-b837-5d5f5790e485,Pemerintah Kab. Kolaka Timur,CPNS,UMUM,PRANATA LABORATORIUM KESEHATAN AHLI PERTAMA,PEMERINTAH KAB. KOLAKA TIMUR | RSUD Kabupaten Kolaka Timur | KELOMPOK JABATAN FUNGSIONAL,1,0,3000000,4000000,8,0,0,0
01b6cab2-28ab-4001-87e3-f8bbbe1d7864,Pemerintah Kab. Kotabaru,CPNS,UMUM,PRANATA LABORATORIUM KESEHATAN AHLI PERTAMA,PEMERINTAH KABUPATEN KOTABARU | DINAS KESEHATAN | PUSKESMAS MEKARPURA,1,1,2785700,8313249,5,0,0,0
114ae6da-3722-4f97-961d-6266103b42d0,Pemerintah Kab. Kotabaru,CPNS,UMUM,PRANATA LABORATORIUM KESEHATAN AHLI PERTAMA,PEMERINTAH KABUPATEN KOTABARU | DINAS KESEHATAN | PUSKESMAS SUNGAI DURIAN,1,1,2785700,8313249,2,0,0,0
13d226e6-a057-4d01-a292-24a605fcb620,Pemerintah Kab. Kotabaru,CPNS,UMUM,PRANATA LABORATORIUM KESEHATAN AHLI PERTAMA,PEMERINTAH KABUPATEN KOTABARU | DINAS KESEHATAN | PUSKESMAS SEBATUNG,1,1,2785700,8313249,8,0,0,0
538e7c4a-e819-436b-a566-7ca2cfbb8b41,Pemerintah Kab. Kotabaru,CPNS,UMUM,PRANATA LABORATORIUM KESEHATAN AHLI PERTAMA,PEMERINTAH KABUPATEN KOTABARU | DINAS KESEHATAN | PUSKESMAS SUNGAI BALI,1,1,2785700,8313249,1,0,0,0
7b38c701-d0b4-493d-a351-d8b3b0b1e8b0,Pemerintah Kab. Kotabaru,CPNS,UMUM,PRANATA LABORATORIUM KESEHATAN AHLI PERTAMA,PEMERINTAH KABUPATEN KOTABARU | DINAS KESEHATAN | PUSKESMAS PANTAI,1,1,2785700,2785700,6,0,0,0
8e0c2416-151c-4e06-96a0-b2da0734cdbb,Pemerintah Kab. Kotabaru,CPNS,UMUM,PRANATA LABORATORIUM KESEHATAN AHLI PERTAMA,PEMERINTAH KABUPATEN KOTABARU | DINAS KESEHATAN | UPTD RUMAH SAKIT UMUM DAERAH SENGAYAM,1,1,2785700,8313249,3,0,0,0
ac2af989-3f9c-42a9-9dc6-42d349e0e74e,Pemerintah Kab. Kotabaru,CPNS,UMUM,PRANATA LABORATORIUM KESEHATAN AHLI PERTAMA,PEMERINTAH KABUPATEN KOTABARU | DINAS KESEHATAN | PUSKESMAS TANJUNG SELAYAR,1,1,2785700,8313249,5,0,0,0
b4eb82fd-483c-4510-bb6c-89d19b10c4c2,Pemerintah Kab. Kotabaru,CPNS,UMUM,PRANATA LABORATORIUM KESEHATAN AHLI PERTAMA,PEMERINTAH KABUPATEN KOTABARU | DINAS KESEHATAN | PUSKESMAS SAMPANAHAN,1,1,2785700,8313249,2,0,0,0
e09486e6-81af-4f75-8f43-8bffa1b79b8f,Pemerintah Kab. Kotabaru,CPNS,UMUM,PRANATA LABORATORIUM KESEHATAN AHLI PERTAMA,PEMERINTAH KABUPATEN KOTABARU | DINAS KESEHATAN | PUSKESMAS SENGAYAM,1,1,2785700,8313249,3,0,0,0
b659a7b6-c39d-4db7-b1bd-91436e03157e,Pemerintah Kab. Kotawaringin Timur,CPNS,UMUM,PRANATA LABORATORIUM KESEHATAN AHLI PERTAMA,Pemerintah Kabupaten Kotawaringin Timur | DINAS KESEHATAN | UPTD LABORATORIUM KESEHATAN DAERAH,1,0,2785700,3765378,10,0,0,0
bbcf29c2-be38-4e76-9ea5-c04a38a1c572,Pemerintah Kab. Kupang,CPNS,UMUM,PRANATA LABORATORIUM KESEHATAN AHLI PERTAMA,PEMERINTAH KABUPATEN KUPANG | SEKRETARIAT DAERAH | DINAS KESEHATAN | UPTD PUSKESMAS | UPTD PUSKESMAS NAIBONAT KECAMATAN KUPANG TIMUR,1,1,2000000,4000000,2,0,0,0
01877b70-b777-47e1-9487-537a2aad43fb,Pemerintah Kab. Labuhanbatu Utara,CPNS,UMUM,PRANATA LABORATORIUM KESEHATAN AHLI PERTAMA,PEMERINTAH KABUPATEN LABUHANBATU UTARA | DINAS KESEHATAN KAB. LABUHAN BATU UTARA | PUSKESMAS KAMPUNG MASJID,1,1,2785700,5261500,1,0,0,0
2846f889-ca5a-49f4-b8e0-f53b77fc8529,Pemerintah Kab. Labuhanbatu Utara,CPNS,UMUM,PRANATA LABORATORIUM KESEHATAN AHLI PERTAMA,PEMERINTAH KABUPATEN LABUHANBATU UTARA | DINAS KESEHATAN KAB. LABUHAN BATU UTARA | RSUD AEK KANOPAN | LABORATORIUM,1,1,2785700,5261500,1,0,0,0
3f6ab30a-5a39-4ea3-b5c5-deccefa8144d,Pemerintah Kab. Lahat,CPNS,UMUM,PRANATA LABORATORIUM KESEHATAN AHLI PERTAMA,PEMERINTAH KABUPATEN LAHAT | DINAS KESEHATAN | UPT PUSKESMAS LAHAT SELATAN KEC. LAHAT SELATAN,1,1,2785700,3285700,2,0,0,0
d862894d-8d33-4f28-8772-5bde9aac574c,Pemerintah Kab. Lahat,CPNS,UMUM,PRANATA LABORATORIUM KESEHATAN AHLI PERTAMA,PEMERINTAH KABUPATEN LAHAT | DINAS KESEHATAN | UPTD LABORATORIUM KESEHATAN,2,1,2785700,3285700,13,0,0,0
f6918831-5860-46e6-b1b4-890a2f420404,Pemerintah Kab. Lahat,CPNS,UMUM,PRANATA LABORATORIUM KESEHATAN AHLI PERTAMA,PEMERINTAH KABUPATEN LAHAT | DINAS KESEHATAN | UPTD RUMAH SAKIT UMUM DAERAH TIPE D KEC. TANJUNG TEBAT,2,1,2785700,3285700,15,0,0,0
9ebf364c-bdbc-4477-bd62-97651b925caf,Pemerintah Kab. Lamandau,CPNS,UMUM,PRANATA LABORATORIUM KESEHATAN AHLI PERTAMA,Pemerintah Kabupaten Lamandau | Dinas Kesehatan | Unit Pelaksana Teknis Rumah Sakit Umum Daerah Lamandau,1,1,2785700,4575200,1,0,0,0
a24a5b19-3034-4605-89a6-262950dd8c9a,Pemerintah Kab. Lamandau,CPNS,UMUM,PRANATA LABORATORIUM KESEHATAN AHLI PERTAMA,Pemerintah Kabupaten Lamandau | Dinas Kesehatan | UPTD Labkesda,2,1,2785700,4575200,16,0,0,0
3d57b279-f8e8-4749-b4ca-d605d271f929,Pemerintah Kab. Landak,CPNS,UMUM,PRANATA LABORATORIUM KESEHATAN AHLI PERTAMA,Pemerintah Kabupaten Landak | Dinas Kesehatan Kabupaten Landak | Puskesmas Meranti,1,1,3000000,5000000,4,0,0,0
4d7b329f-6af0-406b-97c4-8cbc441b189a,Pemerintah Kab. Landak,CPNS,UMUM,PRANATA LABORATORIUM KESEHATAN AHLI PERTAMA,Pemerintah Kabupaten Landak | Dinas Kesehatan Kabupaten Landak | Puskesmas Sidas,1,1,3000000,5000000,5,0,0,0
7353b1e0-a6a7-4345-8d59-6f55b4b19181,Pemerintah Kab. Landak,CPNS,UMUM,PRANATA LABORATORIUM KESEHATAN AHLI PERTAMA,Pemerintah Kabupaten Landak | Dinas Kesehatan Kabupaten Landak | Puskesmas Mandor,1,1,3000000,5000000,18,0,0,0
bd0b48a6-ecc2-46a2-8dcf-38ff56c7e17d,Pemerintah Kab. Landak,CPNS,UMUM,PRANATA LABORATORIUM KESEHATAN AHLI PERTAMA,Pemerintah Kabupaten Landak | Rumah Sakit Umum Daerah Landak | Bidang Pelayanan Medik dan Penunjang Medik | Seksi Penunjang Medik,3,1,3000000,5000000,59,0,0,0
8a0282659168528c019169a52027448b,Pemerintah Kab. Lanny Jaya,CPNS,ORANG ASLI PAPUA (OAP),PRANATA LABORATORIUM KESEHATAN AHLI PERTAMA,Pemerintah Kabupaten Lanny Jaya | Dinas Kesehatan | RSUD TIOM | SEKSI PELAYANAN MEDIK,1,0,2900000,3800000,1,0,0,0
cc410f66-12c8-4f64-baab-69e95878ddef,Pemerintah Kab. Lembata,CPNS,UMUM,PRANATA LABORATORIUM KESEHATAN AHLI PERTAMA,Pemerintah Daerah Kabupaten Lembata | RSUD Lewoleba | BIDANG PENUNJANG | Seksi Penunjang Medik | RUANG LABORATORIUM,1,1,2700000,3500000,3,0,0,0
49070421-ad43-4473-a584-5cb00d30ee23,Pemerintah Kab. Limapuluh Kota,CPNS,UMUM,PRANATA LABORATORIUM KESEHATAN AHLI PERTAMA,PEMERINTAH KABUPATEN LIMA PULUH KOTA | RSUD DR. ACHMAD DARWIS,2,1,3000000,5000000,20,0,0,0
8b9292ac-8f73-40c6-987d-fc1812cd7f61,Pemerintah Kab. Lombok Timur,CPNS,UMUM,PRANATA LABORATORIUM KESEHATAN AHLI PERTAMA,PEMERINTAH KABUPATEN LOMBOK TIMUR | RSUD Dr. R. SOEDJONO SELONG | DIREKTUR PELAYANAN | BIDANG PENUNJANG MEDIK DAN NON MEDIK,1,0,2785700,4575200,26,0,0,0
f3d60d85-6806-41ce-a62e-3b11e6055aae,Pemerintah Kab. Luwu,CPNS,UMUM,PRANATA LABORATORIUM KESEHATAN AHLI PERTAMA,PEMERINTAH KABUPATEN LUWU | DINAS KESEHATAN | UPT PUSKESMAS LAROMPONG SELATAN,1,1,3370300,4049200,18,0,0,0
6e500064-a505-4cc5-b2b2-7c802544be12,Pemerintah Kab. Luwu Timur,CPNS,UMUM,PRANATA LABORATORIUM KESEHATAN AHLI PERTAMA,PEMERINTAH KABUPATEN LUWU TIMUR | DINAS KESEHATAN | PUSKESMAS | UPTD PUSKESMAS WASUPONDA,1,1,3000000,4000000,6,0,0,0
741382e9-1d9c-4869-9e2c-9c21732facf3,Pemerintah Kab. Luwu Timur,CPNS,UMUM,PRANATA LABORATORIUM KESEHATAN AHLI PERTAMA,PEMERINTAH KABUPATEN LUWU TIMUR | DINAS KESEHATAN | PUSKESMAS | UPTD PUSKESMAS WOTU,1,1,3000000,4000000,9,0,0,0
bb054150-cf5a-405e-99c9-d322b14d4c3f,Pemerintah Kab. Luwu Timur,CPNS,UMUM,PRANATA LABORATORIUM KESEHATAN AHLI PERTAMA,PEMERINTAH KABUPATEN LUWU TIMUR | DINAS KESEHATAN | PUSKESMAS | UPTD PUSKESMAS MANGKUTANA,1,1,3000000,4000000,9,0,0,0
c7aad727-cf2c-425e-bdeb-b2348a8bc232,Pemerintah Kab. Luwu Timur,CPNS,UMUM,PRANATA LABORATORIUM KESEHATAN AHLI PERTAMA,PEMERINTAH KABUPATEN LUWU TIMUR | DINAS KESEHATAN | PUSKESMAS | UPTD PUSKESMAS ANGKONA,1,1,3000000,4000000,7,0,0,0
db6c1b64-9598-4ca7-a190-7040f7426f7c,Pemerintah Kab. Luwu Timur,CPNS,UMUM,PRANATA LABORATORIUM KESEHATAN AHLI PERTAMA,PEMERINTAH KABUPATEN LUWU TIMUR | DINAS KESEHATAN | PUSKESMAS | UPTD PUSKESMAS TOMONI,1,1,3000000,4000000,9,0,0,0
485161c4-030f-4e5f-afb9-c8d530f326fc,Pemerintah Kab. Majalengka,CPNS,UMUM,PRANATA LABORATORIUM KESEHATAN AHLI PERTAMA,PEMERINTAH KABUPATEN MAJALENGKA | DINAS KESEHATAN | UPTD LABORATORIUM KESEHATAN DAERAH,1,0,2785700,3175698,50,0,0,0
4b67bfbc-198d-4382-b88c-458581d4b434,Pemerintah Kab. Malaka,CPNS,UMUM,PRANATA LABORATORIUM KESEHATAN AHLI PERTAMA,PEMERINTAH KABUPATEN MALAKA | RUMAH SAKIT UMUM  PENYANGGA PERBATASAN BETUN,2,1,2500000,3500000,5,0,0,0
6395c26f-0194-428d-bea0-08d49659cd03,Pemerintah Kab. Maluku Barat Daya,CPNS,UMUM,PRANATA LABORATORIUM KESEHATAN AHLI PERTAMA,PEMERINTAH KABUPATEN MALUKU BARAT DAYA | DINAS KESEHATAN | PUSKESMAS LELANG,1,1,3203600,4319717,0,0,0,0
ae1b4660-0275-4366-a390-1faba97eb1db,Pemerintah Kab. Maluku Barat Daya,CPNS,UMUM,PRANATA LABORATORIUM KESEHATAN AHLI PERTAMA,PEMERINTAH KABUPATEN MALUKU BARAT DAYA | DINAS KESEHATAN | PUSKESMAS MAHALETA,1,1,3203600,4319717,4,0,0,0
0b76aa5b-0476-4daf-b3c3-ba4aa9e93eb9,Pemerintah Kab. Maluku Tengah,CPNS,UMUM,PRANATA LABORATORIUM KESEHATAN AHLI PERTAMA,Pemerintah Kabupaten Maluku Tengah | Sekretariat Daerah | Dinas Kesehatan | RSU SAPARUA | LABORATORIUM,1,1,3203600,5261500,8,0,0,0
b465bfc6-eceb-4763-9ec7-d44efa028b46,Pemerintah Kab. Maluku Tengah,CPNS,UMUM,PRANATA LABORATORIUM KESEHATAN AHLI PERTAMA,Pemerintah Kabupaten Maluku Tengah | Sekretariat Daerah | Dinas Kesehatan | Puskesmas Masohi,1,1,3203600,5261500,19,0,0,0
45ec09d4-2508-4fb2-8cba-9dcd43dd4e55,Pemerintah Kab. Maluku Tenggara,CPNS,UMUM,PRANATA LABORATORIUM KESEHATAN AHLI PERTAMA,PEMERINTAH KABUPATEN MALUKU TENGGARA | RSUD KAREL SADSUITUBUN LANGGUR | RSU Karel Sadsuitubun Langgur | PELAYANAN MEDIS | UNIT TANSFUSI DARAH,2,1,3000000,5000000,3,0,0,0
9403a8a9-0513-48ff-a3b0-8fd7169d9cf9,Pemerintah Kab. Maluku Tenggara,CPNS,UMUM,PRANATA LABORATORIUM KESEHATAN AHLI PERTAMA,PEMERINTAH KABUPATEN MALUKU TENGGARA | DINAS KESEHATAN | BIDANG KESEHATAN MASYARAKAT | PUSKESMAS WAIN,1,1,2000000,5000000,1,0,0,0
9b4f7fc7-ace1-4f00-8bfd-5dc83066cd75,Pemerintah Kab. Maluku Tenggara,CPNS,UMUM,PRANATA LABORATORIUM KESEHATAN AHLI PERTAMA,PEMERINTAH KABUPATEN MALUKU TENGGARA | RSUD KAREL SADSUITUBUN LANGGUR | RSU Karel Sadsuitubun Langgur | PELAYANAN MEDIS | INSTALASI LABORATORIUM KLINIK,2,1,2000000,4000000,5,0,0,0
453a0210-af92-41fa-a648-8ea260c5bd78,Pemerintah Kab. Mamberamo Raya,CPNS,ORANG ASLI PAPUA (OAP),PRANATA LABORATORIUM KESEHATAN AHLI PERTAMA,Pemerintah Kabupaten Mamberamo Raya | DINAS KESEHATAN | PUSKESMAS | PUSKESMAS ROUFAER,1,0,2000000,3000000,1,0,0,0
65aa1bf5-5062-4e74-b9cb-b230f93fca72,Pemerintah Kab. Mamberamo Raya,CPNS,ORANG ASLI PAPUA (OAP),PRANATA LABORATORIUM KESEHATAN AHLI PERTAMA,Pemerintah Kabupaten Mamberamo Raya | DINAS KESEHATAN | PUSKESMAS | PUSKESMAS TRIMURIS,2,0,2000000,3000000,2,0,0,0
88eab4ff-ff05-4c73-a35b-70a1becea806,Pemerintah Kab. Mamberamo Raya,CPNS,ORANG ASLI PAPUA (OAP),PRANATA LABORATORIUM KESEHATAN AHLI PERTAMA,Pemerintah Kabupaten Mamberamo Raya | DINAS KESEHATAN | PUSKESMAS | PUSKESMAS DABRA,2,0,2000000,3000000,2,0,0,0
fe52af01-239a-46dc-bcb3-d39e65912fd2,Pemerintah Kab. Mamberamo Raya,CPNS,ORANG ASLI PAPUA (OAP),PRANATA LABORATORIUM KESEHATAN AHLI PERTAMA,Pemerintah Kabupaten Mamberamo Raya | DINAS KESEHATAN | PUSKESMAS | PUSKESMAS BATAVIA,2,0,2000000,3000000,2,0,0,0
90c4c066-ada5-4d49-9c83-21d31f346763,Pemerintah Kab. Mamuju Tengah,CPNS,UMUM,PRANATA LABORATORIUM KESEHATAN AHLI PERTAMA,PEMERINTAH KAB. MAMUJU TENGAH | RUMAH SAKIT UMUM DAERAH | INSTALASI PENUNJANG MEDIK | LABORATORIUM,1,0,1000000,5000000,12,0,0,0
88bb54c1-016b-4ad3-b0f7-4cfd98ca7e64,Pemerintah Kab. Mandailing Natal,CPNS,UMUM,PRANATA LABORATORIUM KESEHATAN AHLI PERTAMA,Kabupaten Mandailing Natal | PEMERINTAH KABUPATEN MANDAILING NATAL | SEKRETARIAT DAERAH | RUMAH SAKIT UMUM DAERAH PANYABUNGAN,1,1,2785700,2785700,7,0,0,0
2c0072b5-3c58-40ec-9aa9-b2eff705e275,Pemerintah Kab. Manggarai,CPNS,UMUM,PRANATA LABORATORIUM KESEHATAN AHLI PERTAMA,Pemerintah Kabupaten Manggarai | Sekretariat Daerah | Dinas Kesehatan | UPTD PUSKESMAS LEMARANG | PUSKESMAS PUSKESMAS LEMARANG,1,1,3000000,3000000,4,0,0,0
4223c4fd-f356-46b8-b7eb-b8f70e4f1d15,Pemerintah Kab. Manggarai,CPNS,UMUM,PRANATA LABORATORIUM KESEHATAN AHLI PERTAMA,Pemerintah Kabupaten Manggarai | Sekretariat Daerah | Dinas Kesehatan | UPTD Puskesmas Wae Mbeleng | PUSKESMAS WAEMBELENG,1,1,3000000,4000000,2,0,0,0
86c0af4c-7e51-4427-887e-89cb9fa0daa9,Pemerintah Kab. Manggarai,CPNS,UMUM,PRANATA LABORATORIUM KESEHATAN AHLI PERTAMA,Pemerintah Kabupaten Manggarai | Sekretariat Daerah | Dinas Kesehatan | UPTD Puskesmas Todo | PUSKESMAS TODO,1,1,3000000,4000000,1,0,0,0
938abac0-cb68-4eb6-8e09-623975b2925e,Pemerintah Kab. Manggarai,CPNS,UMUM,PRANATA LABORATORIUM KESEHATAN AHLI PERTAMA,Pemerintah Kabupaten Manggarai | Sekretariat Daerah | Dinas Kesehatan | UPTD Puskesmas Bangka Kenda | PUSKESMAS BANGKA KENDA,1,1,3000000,4000000,3,0,0,0
df4df518-3751-42ee-bab3-fd190619c008,Pemerintah Kab. Manggarai,CPNS,UMUM,PRANATA LABORATORIUM KESEHATAN AHLI PERTAMA,Pemerintah Kabupaten Manggarai | Sekretariat Daerah | Dinas Kesehatan | UPTD Puskesmas Reo | PUSKESMAS REO,1,1,3000000,4000000,2,0,0,0
f79fd21f-266e-456f-b2ee-59598ccc05d9,Pemerintah Kab. Manggarai Barat,CPNS,UMUM,PRANATA LABORATORIUM KESEHATAN AHLI PERTAMA,PEMERINTAH KABUPATEN MANGGARAI BARAT | DINAS KESEHATAN | UPTD PUSKESMAS LABUAN BAJO,4,1,3000000,4000000,24,0,0,0
3e3eb714-2ebb-4028-a632-f3d6c8d06817,Pemerintah Kab. Mesuji,CPNS,UMUM,PRANATA LABORATORIUM KESEHATAN AHLI PERTAMA,PEMERINTAH KABUPATEN MESUJI | DINAS KESEHATAN | RUMAH SAKIT UMUM DAERAH RAGAB BEGAWE CARAM | BIDANG PENUNJANG MEDIK DAN NON MEDIK RUMAH SAKIT UMUM DAERAH RAGAB BEGAWE CARAM | SEKSI PENUNJANG MEDIK DAN NON MEDIK RUMAH SAKIT UMUM DAERAH RAGAB BEGAWE CARAM,1,1,2785700,2785700,14,0,0,0
1e30835c-9023-4251-a823-8760aa03090b,Pemerintah Kab. Mimika,CPNS,ORANG ASLI PAPUA (OAP),PRANATA LABORATORIUM KESEHATAN AHLI PERTAMA,Pemerintah Kabupaten Mimika | Dinas Kesehatan | PUSKESMAS KWAMKI,1,0,5000000,7000000,1,0,0,0
1f5cda96-a619-4fdb-9676-b9a16e766727,Pemerintah Kab. Mimika,CPNS,ORANG ASLI PAPUA (OAP),PRANATA LABORATORIUM KESEHATAN AHLI PERTAMA,Pemerintah Kabupaten Mimika | Dinas Kesehatan | PUSKESMAS MANASARI,1,0,5000000,7000000,0,0,0,0
37223191-a790-4ffa-8dcd-fe9bb4aa9102,Pemerintah Kab. Mimika,CPNS,ORANG ASLI PAPUA (OAP),PRANATA LABORATORIUM KESEHATAN AHLI PERTAMA,Pemerintah Kabupaten Mimika | Dinas Kesehatan | PUSKESMAS IPAYA,1,0,5000000,7000000,0,0,0,0
5bc9ec55-afed-47e4-892d-a898e4fe8c4f,Pemerintah Kab. Mimika,CPNS,ORANG ASLI PAPUA (OAP),PRANATA LABORATORIUM KESEHATAN AHLI PERTAMA,Pemerintah Kabupaten Mimika | Dinas Kesehatan | PUSKESMAS ARWANOP,1,0,5000000,7000000,0,0,0,0
630225e6-c18c-4b77-98bd-2ef51d2240ae,Pemerintah Kab. Mimika,CPNS,ORANG ASLI PAPUA (OAP),PRANATA LABORATORIUM KESEHATAN AHLI PERTAMA,Pemerintah Kabupaten Mimika | Dinas Kesehatan | PUSKESMAS MAPAR,1,0,5000000,7000000,1,0,0,0
d97955b3-b256-48e6-825c-348262e4d91d,Pemerintah Kab. Minahasa Selatan,CPNS,UMUM,PRANATA LABORATORIUM KESEHATAN AHLI PERTAMA,Pemerintah Kabupaten Minahasa Selatan | Dinas Kesehatan | PUSKESMAS | PUSKESMAS TOMPASOBARU,1,1,2700000,7000000,1,0,0,0
12ad5d73-6027-43eb-8882-087da5f5cd4e,Pemerintah Kab. Minahasa Tenggara,CPNS,UMUM,PRANATA LABORATORIUM KESEHATAN AHLI PERTAMA,KABUPATEN MINAHASA TENGGARA | DINAS KESEHATAN | PUSKESMAS RATATOTOK,1,1,2785700,5000000,0,0,0,0
58320598-f8fe-4a08-86a6-ba765ff95b71,Pemerintah Kab. Minahasa Tenggara,CPNS,UMUM,PRANATA LABORATORIUM KESEHATAN AHLI PERTAMA,KABUPATEN MINAHASA TENGGARA | DINAS KESEHATAN | PUSKESMAS TOULUAAN,1,1,2785700,5000000,0,0,0,0
70c4bdf7-2337-4943-8009-36349ac77cc2,Pemerintah Kab. Minahasa Tenggara,CPNS,UMUM,PRANATA LABORATORIUM KESEHATAN AHLI PERTAMA,KABUPATEN MINAHASA TENGGARA | DINAS KESEHATAN | PUSKESMAS TOMBATU,1,1,2785700,5000000,0,0,0,0
9f1ecd74-e5b4-41e0-8f63-af1464c83c87,Pemerintah Kab. Minahasa Tenggara,CPNS,UMUM,PRANATA LABORATORIUM KESEHATAN AHLI PERTAMA,KABUPATEN MINAHASA TENGGARA | DINAS KESEHATAN | PUSKESMAS BASAAN,1,1,2785700,5000000,1,0,0,0
bd54cabb-576b-4339-8aba-863580f2e684,Pemerintah Kab. Minahasa Tenggara,CPNS,UMUM,PRANATA LABORATORIUM KESEHATAN AHLI PERTAMA,KABUPATEN MINAHASA TENGGARA | DINAS KESEHATAN | PUSKESMAS MOLOMPAR BELANG,1,1,2785700,5000000,0,0,0,0
cb3c854b-c881-4dcb-91d9-fc693397e020,Pemerintah Kab. Minahasa Tenggara,CPNS,UMUM,PRANATA LABORATORIUM KESEHATAN AHLI PERTAMA,KABUPATEN MINAHASA TENGGARA | DINAS KESEHATAN | PUSKESMAS RATAHAN TIMUR,1,1,2785700,5000000,2,0,0,0
ff335855-678f-4f3e-b32a-fbdd844cb5b9,Pemerintah Kab. Minahasa Tenggara,CPNS,UMUM,PRANATA LABORATORIUM KESEHATAN AHLI PERTAMA,KABUPATEN MINAHASA TENGGARA | DINAS KESEHATAN | PUSKESMAS RATAHAN | RATAHAN,1,1,2785700,5000000,3,0,0,0
247405aa-2ae1-4fb1-aa90-98cf94712fe4,Pemerintah Kab. Mojokerto,CPNS,UMUM,PRANATA LABORATORIUM KESEHATAN AHLI PERTAMA,PEMERINTAH DAERAH KABUPATEN MOJOKERTO | RSUD Prof. Dr. SOEKANDAR | WAKIL DIREKTUR PELAYANAN | BIDANG PENUNJANG,1,0,6500000,7500000,68,0,0,0
174e18a2-b59e-4a1a-93e1-8960736590ab,Pemerintah Kab. Morowali,CPNS,UMUM,PRANATA LABORATORIUM KESEHATAN AHLI PERTAMA,"PEMERINTAH KABUPATEN MOROWALI | DINAS KESEHATAN, PENGENDALIAN PENDUDUK DAN KELUARGA BERENCANA DAERAH | UPTD PUSKESMAS FONUASINGKO | JABATAN FUNGSIONAL UPTD PUSKESMAS FONUASINGKO",1,1,2785700,3000000,11,0,0,0
55748888-2b64-4614-a533-969609f5f374,Pemerintah Kab. Morowali,CPNS,UMUM,PRANATA LABORATORIUM KESEHATAN AHLI PERTAMA,"PEMERINTAH KABUPATEN MOROWALI | DINAS KESEHATAN, PENGENDALIAN PENDUDUK DAN KELUARGA BERENCANA DAERAH | UPTD PUSKESMAS ULUNAMBO | JABATAN FUNGSIONAL UPTD PUSKESMAS ULUNAMBO",1,1,2785700,3000000,1,0,0,0
cb1edea8-ccf8-4922-a60e-e0f6bc701c58,Pemerintah Kab. Morowali,CPNS,UMUM,PRANATA LABORATORIUM KESEHATAN AHLI PERTAMA,"PEMERINTAH KABUPATEN MOROWALI | DINAS KESEHATAN, PENGENDALIAN PENDUDUK DAN KELUARGA BERENCANA DAERAH | UPTD PUSKESMAS LAFEU | JABATAN FUNGSIONAL UPTD PUSKESMAS LAFEU",1,1,2785700,3000000,4,0,0,0
cc939fa1-b072-40e8-9100-831f2aeec6e2,Pemerintah Kab. Morowali,CPNS,UMUM,PRANATA LABORATORIUM KESEHATAN AHLI PERTAMA,"PEMERINTAH KABUPATEN MOROWALI | DINAS KESEHATAN, PENGENDALIAN PENDUDUK DAN KELUARGA BERENCANA DAERAH | RSUD SALABANGKAPAKU | SEKSI PENUNJANG KLINIK DAN NON KLINIK RSUD SALABANGKA PAKU | PRANATA LABORATORIUM KESEHATAN",1,1,2785700,3000000,4,0,0,0
33ee10fc-19dc-49ff-bbcb-7e1b60364876,Pemerintah Kab. Morowali Utara,CPNS,UMUM,PRANATA LABORATORIUM KESEHATAN AHLI PERTAMA,PEMERINTAH DAERAH KABUPATEN MOROWALI UTARA | PEMDA KAB. MOROWALI UTARA | DINAS KESEHATAN DAERAH | UPT PUSKESMAS TAMBAYOLI KEC. SOYO JAYA,1,0,2785700,2785700,4,0,0,0
42a1fd2c-de95-44be-83e1-11f6d18da802,Pemerintah Kab. Morowali Utara,CPNS,UMUM,PRANATA LABORATORIUM KESEHATAN AHLI PERTAMA,PEMERINTAH DAERAH KABUPATEN MOROWALI UTARA | PEMDA KAB. MOROWALI UTARA | DINAS KESEHATAN DAERAH | UPT PUSKESMAS PANDAUKE KEC. MAMOSALATO,1,0,2785700,2785700,7,0,0,0
473c43e9-261c-47c7-a0dc-ed612406120c,Pemerintah Kab. Morowali Utara,CPNS,UMUM,PRANATA LABORATORIUM KESEHATAN AHLI PERTAMA,PEMERINTAH DAERAH KABUPATEN MOROWALI UTARA | PEMDA KAB. MOROWALI UTARA | RUMAH SAKIT UMUM DAERAH KOLONODALE | BIDANG PENUNJANG MEDIK DAN NON MEDIK | SEKSI PENUNJANG MEDIK,1,0,2785700,2785700,18,0,0,0
52e27f21-8da0-4de5-a932-349771f3ae63,Pemerintah Kab. Morowali Utara,CPNS,UMUM,PRANATA LABORATORIUM KESEHATAN AHLI PERTAMA,PEMERINTAH DAERAH KABUPATEN MOROWALI UTARA | PEMDA KAB. MOROWALI UTARA | DINAS KESEHATAN DAERAH | UPT PUSKESMAS LE'E KEC. MORI ATAS,1,0,2785700,2785700,7,0,0,0
a5a78e97-acdf-4e75-acb2-8a413b5ec6d1,Pemerintah Kab. Morowali Utara,CPNS,UMUM,PRANATA LABORATORIUM KESEHATAN AHLI PERTAMA,PEMERINTAH DAERAH KABUPATEN MOROWALI UTARA | PEMDA KAB. MOROWALI UTARA | DINAS KESEHATAN DAERAH | UPT PUSKESMAS BATURUBE KEC. BUNGKU UTARA,1,0,2785700,2785700,6,0,0,0
065aed92-97a3-42f8-8519-cc11658c2b12,Pemerintah Kab. Muara Enim,CPNS,UMUM,PRANATA LABORATORIUM KESEHATAN AHLI PERTAMA,PEMERINTAH KABUPATEN MUARA ENIM | DINAS KESEHATAN | RUMAH SAKIT UMUM DAERAH LUBAI ULU,1,1,2785700,3175698,4,0,0,0
3fbb033d-4b5e-4f40-9a9c-447171ab366f,Pemerintah Kab. Muara Enim,CPNS,UMUM,PRANATA LABORATORIUM KESEHATAN AHLI PERTAMA,PEMERINTAH KABUPATEN MUARA ENIM | DINAS KESEHATAN | UPTD PUSKESMAS TEBAT AGUNG,1,1,2785700,3175698,6,0,0,0
47054331-c028-4f0f-800a-ef2401ac4581,Pemerintah Kab. Muara Enim,CPNS,UMUM,PRANATA LABORATORIUM KESEHATAN AHLI PERTAMA,PEMERINTAH KABUPATEN MUARA ENIM | DINAS KESEHATAN | UPTD PUSKESMAS GELUMBANG,1,1,2785700,3175698,8,0,0,0
82fd2cf6-be69-483f-b214-4e916f68955d,Pemerintah Kab. Muara Enim,CPNS,UMUM,PRANATA LABORATORIUM KESEHATAN AHLI PERTAMA,PEMERINTAH KABUPATEN MUARA ENIM | RSUD DR. H. M. RABAIN,1,1,2785700,3175698,5,0,0,0
90204d16-59a3-47ac-ac6a-f95b8bdcfe4d,Pemerintah Kab. Muara Enim,CPNS,UMUM,PRANATA LABORATORIUM KESEHATAN AHLI PERTAMA,PEMERINTAH KABUPATEN MUARA ENIM | DINAS KESEHATAN | UPTD PUSKESMAS TANJUNG ENIM,1,1,2785700,3175698,12,0,0,0
b4338e58-dbe2-4ddb-be49-9916167e9177,Pemerintah Kab. Muara Enim,CPNS,UMUM,PRANATA LABORATORIUM KESEHATAN AHLI PERTAMA,PEMERINTAH KABUPATEN MUARA ENIM | DINAS KESEHATAN | UPTD PUSKESMAS KELEKAR,1,1,2785700,3175698,7,0,0,0
d0730062-5c32-4ec5-a341-121c2e9ca406,Pemerintah Kab. Muna Barat,CPNS,UMUM,PRANATA LABORATORIUM KESEHATAN AHLI PERTAMA,PEMERINTAH KABUPATEN MUNA BARAT | RUMAH SAKIT UMUM DAERAH,2,1,3461020,5126784,20,0,0,0
a91b2d58-66c2-43bd-b6e9-c15dd013eae7,Pemerintah Kab. Nagekeo,CPNS,UMUM,PRANATA LABORATORIUM KESEHATAN AHLI PERTAMA,Pemerintah Kabupaten Nagekeo | Dinas Kesehatan | RSUD Aeramo | Bidang Pelayanan Medik dan Penunjang Medik | SEKSI PELAYANAN PENUNJANG MEDIK,2,1,2750000,3450000,7,0,0,0
8a02826391606efe019160e57ebc3bd0,Pemerintah Kab. Nduga,CPNS,ORANG ASLI PAPUA (OAP),PRANATA LABORATORIUM KESEHATAN AHLI PERTAMA,PEMERINTAH KABUPATEN NDUGA | DINAS KESEHATAN | PUSKESMAS KAB NDUGA | RSUD ELVRIDA SARA | Bidang Pelayana | Seksi Pelayanan Medis,2,1,2900000,3800000,3,0,0,0
411277c0-58f1-453a-971b-514327d7746a,Pemerintah Kab. Nduga,CPNS,UMUM (NON OAP),PRANATA LABORATORIUM KESEHATAN AHLI PERTAMA,PEMERINTAH KABUPATEN NDUGA | DINAS KESEHATAN | PUSKESMAS KAB NDUGA | RSUD ELVRIDA SARA | Bidang Pelayana | Seksi Pelayanan Medis,1,1,2900000,3800000,4,0,0,0
160cc851-7061-47b7-87e6-7dfb11342c21,Pemerintah Kab. Ngada,CPNS,UMUM,PRANATA LABORATORIUM KESEHATAN AHLI PERTAMA,PEMERINTAH KABUPATEN NGADA | DINAS KESEHATAN | PUSKESMAS RADABATA,1,0,3000000,3500000,2,0,0,0
69122ed7-dc1d-44bc-8693-06c94f936003,Pemerintah Kab. Ngada,CPNS,UMUM,PRANATA LABORATORIUM KESEHATAN AHLI PERTAMA,PEMERINTAH KABUPATEN NGADA | DINAS KESEHATAN | PUSKESMAS AIMERE,1,0,3000000,3500000,1,0,0,0
96e3a2ba-9a94-45c7-ae9c-9c26d8044469,Pemerintah Kab. Ngada,CPNS,UMUM,PRANATA LABORATORIUM KESEHATAN AHLI PERTAMA,PEMERINTAH KABUPATEN NGADA | DINAS KESEHATAN | PUSKESMAS LENGKOSAMBI,1,0,3000000,3500000,1,0,0,0
af71c8b4-4f97-40bc-bf3c-88c6fda25dcd,Pemerintah Kab. Ngada,CPNS,UMUM,PRANATA LABORATORIUM KESEHATAN AHLI PERTAMA,PEMERINTAH KABUPATEN NGADA | DINAS KESEHATAN | PUSKESMAS ULUWAE RAYA,1,0,3000000,3500000,1,0,0,0
c8eee8c2-63b7-4371-b07e-96dc15f09670,Pemerintah Kab. Ngada,CPNS,UMUM,PRANATA LABORATORIUM KESEHATAN AHLI PERTAMA,PEMERINTAH KABUPATEN NGADA | DINAS KESEHATAN | PUSKESMAS RAWANGKALO,1,0,3000000,3500000,2,0,0,0
4e769c3f-bed4-4095-9657-3760c2bb7f10,Pemerintah Kab. Ngawi,CPNS,UMUM,PRANATA LABORATORIUM KESEHATAN AHLI PERTAMA,Kabupaten Ngawi | DINAS KESEHATAN KAB. NGAWI | LAB. KES DAERAH KAB. NGAWI | LABORATORIUM KESEHATAN MASYARAKAT,1,1,2785700,5180700,34,0,0,0
07417585-8b2f-4e2f-8429-51a40a1bf268,Pemerintah Kab. Nias,CPNS,UMUM,PRANATA LABORATORIUM KESEHATAN AHLI PERTAMA,"PEMERINTAH KABUPATEN NIAS | DINAS KESEHATAN, PENGENDALIAN PENDUDUK DAN KELUARGA BERENCANA | UPTD PUSKESMAS SOMOLO-MOLO KECAMATAN SOMOLO-MOLO",1,1,1685700,6373200,7,0,0,0
ff741529-1c8e-4e1d-a7f3-4976758b78b5,Pemerintah Kab. Nias,CPNS,UMUM,PRANATA LABORATORIUM KESEHATAN AHLI PERTAMA,"PEMERINTAH KABUPATEN NIAS | DINAS KESEHATAN, PENGENDALIAN PENDUDUK DAN KELUARGA BERENCANA | UPTD RSUD dr. M. THOMSEN NIAS",1,1,1685700,6373200,6,0,0,0
2a623ea8-5fba-4f2f-b065-bee5fd34b172,Pemerintah Kab. Ogan Ilir,CPNS,UMUM,PRANATA LABORATORIUM KESEHATAN AHLI PERTAMA,Pemerintah Kabupaten Ogan Ilir | Dinas Kesehatan | UPTD Laboratorium Kesehatan Daerah,1,0,3354617,3961875,12,0,0,0
1286d30a-8ee6-4db7-8556-662795105f6a,Pemerintah Kab. Ogan Komering Ulu Timur,CPNS,UMUM,PRANATA LABORATORIUM KESEHATAN AHLI PERTAMA,Pemerintah Kabupaten Ogan Komering Ulu Timur | Dinas Kesehatan | Puskesmas Taraman,1,1,2785700,3865698,19,0,0,0
74321e95-5823-4cb6-b605-bc64d79ca359,Pemerintah Kab. Ogan Komering Ulu Timur,CPNS,UMUM,PRANATA LABORATORIUM KESEHATAN AHLI PERTAMA,Pemerintah Kabupaten Ogan Komering Ulu Timur | Dinas Kesehatan | UPTD Laboratorium Kesehatan Daerah,2,1,2785700,3865698,23,0,0,0
bbc59f7b-9e13-4fbb-a498-0c6788c509e0,Pemerintah Kab. Ogan Komering Ulu Timur,CPNS,UMUM,PRANATA LABORATORIUM KESEHATAN AHLI PERTAMA,Pemerintah Kabupaten Ogan Komering Ulu Timur | Dinas Kesehatan | Puskesmas Cempaka,1,1,2785700,3865698,5,0,0,0
48947ffb-16eb-49a3-a0ea-a16e96da6627,Pemerintah Kab. Paniai,CPNS,ORANG ASLI PAPUA (OAP),PRANATA LABORATORIUM KESEHATAN AHLI PERTAMA,Pemerintah Kabupaten Paniai | DINAS KESEHATAN | RUMAH SAKIT UMUM DAERAH,1,1,2900000,3800000,1,0,0,0
e02104c6-f21e-4dc2-8d9f-dc79839b30a8,Pemerintah Kab. Paniai,CPNS,ORANG ASLI PAPUA (OAP),PRANATA LABORATORIUM KESEHATAN AHLI PERTAMA,Pemerintah Kabupaten Paniai | DINAS KESEHATAN | PUSKESMAS. | PUSKESMAS DUMA DAMA,1,1,2900000,3800000,1,0,0,0
ce830732-8109-42de-a50f-618638bfa8db,Pemerintah Kab. Paser,CPNS,UMUM,PRANATA LABORATORIUM KESEHATAN AHLI PERTAMA,PEMERINTAH KABUPATEN PASER | RSUD PANGLIMA SEBAYA | Wakil Direktur Pelayanan | Bidang Pelayanan Penunjang | INSTALASI LABORATORIUM | LABORATORIUM BIOMOLEKULER,1,1,2400000,6000000,18,0,0,0
0c6a04a1-8142-4cfd-932c-dabc81e34cd3,Pemerintah Kab. Pegunungan Bintang,CPNS,ORANG ASLI PAPUA (OAP),PRANATA LABORATORIUM KESEHATAN AHLI PERTAMA,PEMERINTAH KAB. PEGUNUNGAN BINTANG | Dinas Kesehatan | Rumah Sakit Umum Daerah Oksibil | Seksi Pelayanan Medis,1,1,2900000,3800000,4,0,0,0
52abf104-2886-4def-bb64-f122df4541c3,Pemerintah Kab. Pegunungan Bintang,CPNS,ORANG ASLI PAPUA (OAP),PRANATA LABORATORIUM KESEHATAN AHLI PERTAMA,PEMERINTAH KAB. PEGUNUNGAN BINTANG | Dinas Kesehatan | Puskesmas | Puskesmas Abmisibil,1,1,2900000,3800000,3,0,0,0
ee2aa4e9-f510-4dce-af1b-b8f80b96f3d6,Pemerintah Kab. Penajam Paser Utara,CPNS,UMUM,PRANATA LABORATORIUM KESEHATAN AHLI PERTAMA,KABUPATEN PENAJAM PASER UTARA | DINAS KESEHATAN | UPT. PUSKESMAS MARIDAN,1,1,2785700,5000000,10,0,0,0
a4724ddf-ff62-48f7-ab0a-417b3c309d98,Pemerintah Kab. Pulau Morotai,CPNS,UMUM,PRANATA LABORATORIUM KESEHATAN AHLI PERTAMA,PEMERINTAH KABUPATEN PULAU MOROTAI | RSUD Kab. Pulau Morotai | INSTALASI LABORATORIUM,1,1,2785700,4575500,1,0,0,0
40ba88b7-bf23-4d3f-a82e-450eb6122244,Pemerintah Kab. Puncak,CPNS,UMUM (NON OAP),PRANATA LABORATORIUM KESEHATAN AHLI PERTAMA,PEMERINTAH KABUPATEN PUNCAK | PUSKESMAS | PUSKESMAS  GOME,1,0,3000000,5000000,1,0,0,0
94aebfb8-5e22-4495-835b-28b7e1bd653b,Pemerintah Kab. Puncak,CPNS,UMUM (NON OAP),PRANATA LABORATORIUM KESEHATAN AHLI PERTAMA,PEMERINTAH KABUPATEN PUNCAK | PUSKESMAS | PUSKESMAS  SINAK,1,0,3000000,5000000,0,0,0,0
95bf2da3-cd0d-4ce6-bbbe-dca57de6b566,Pemerintah Kab. Puncak,CPNS,UMUM (NON OAP),PRANATA LABORATORIUM KESEHATAN AHLI PERTAMA,PEMERINTAH KABUPATEN PUNCAK | PUSKESMAS | PUSKESMAS  ILAGA,1,0,3000000,5000000,2,0,0,0
9bd6d283-5242-4945-932e-f2e54b4f321c,Pemerintah Kab. Rokan Hilir,CPNS,UMUM,PRANATA LABORATORIUM KESEHATAN AHLI PERTAMA,PEMERINTAH KABUPATEN ROKAN HILIR | DINAS KESEHATAN | PUSKESMAS RANTAU PANJANG KIRI,1,0,3000000,3500000,7,0,0,0
e98ddc10-2b28-41c5-b819-1835a6b1f7da,Pemerintah Kab. Rokan Hilir,CPNS,UMUM,PRANATA LABORATORIUM KESEHATAN AHLI PERTAMA,PEMERINTAH KABUPATEN ROKAN HILIR | DINAS KESEHATAN | LABORATORIUM KESEHATAN DAERAH,2,0,3000000,3500000,57,0,0,0
0d986cd8-dbfb-46c5-bbd7-2bc4fead9979,Pemerintah Kab. Rote Ndao,CPNS,UMUM,PRANATA LABORATORIUM KESEHATAN AHLI PERTAMA,PEMERINTAH KABUPATEN ROTE NDAO | DINAS KESEHATAN | UPTD Puskesmas Oelaba | Laboratorium,1,1,2000000,3000000,3,0,0,0
54c63adf-b2dc-465c-9524-f476fb180ece,Pemerintah Kab. Rote Ndao,CPNS,UMUM,PRANATA LABORATORIUM KESEHATAN AHLI PERTAMA,PEMERINTAH KABUPATEN ROTE NDAO | DINAS KESEHATAN | UPTD PUSKESMAS DELHA | Laboratorium,2,1,2000000,3000000,7,0,0,0
5b7d37c7-d880-4cc8-be12-6db65448e773,Pemerintah Kab. Rote Ndao,CPNS,UMUM,PRANATA LABORATORIUM KESEHATAN AHLI PERTAMA,PEMERINTAH KABUPATEN ROTE NDAO | DINAS KESEHATAN | RUMAH SAKIT UMUM DAERAH KABUPATEN ROTE NDAO | BIDANG PELAYANAN MEDIK DAN PENUNJANG MEDIK | JABATAN FUNGSIONAL TERTENTU,3,1,2000000,3000000,8,0,0,0
72936b76-43ed-424a-806c-899c1c1ba4c4,Pemerintah Kab. Rote Ndao,CPNS,UMUM,PRANATA LABORATORIUM KESEHATAN AHLI PERTAMA,PEMERINTAH KABUPATEN ROTE NDAO | DINAS KESEHATAN | UPTD PUSKESMAS BUSALANGGA | Laboratorium,1,1,2000000,3000000,3,0,0,0
c65cee53-805b-4f4c-b93d-d3098749bce7,Pemerintah Kab. Rote Ndao,CPNS,UMUM,PRANATA LABORATORIUM KESEHATAN AHLI PERTAMA,PEMERINTAH KABUPATEN ROTE NDAO | DINAS KESEHATAN | UPTD PUSKESMAS FEAPOPI | Laboratorium,1,1,3000000,5000000,3,0,0,0
2eaa67c6-eb15-4022-b3ef-d4d6fb2c7e3e,Pemerintah Kab. Sekadau,CPNS,UMUM,PRANATA LABORATORIUM KESEHATAN AHLI PERTAMA,"Pemerintah Kabupaten Sekadau | Dinas Kesehatan, Pengendalian Penduduk dan Keluarga Berencana Kabupaten Sekadau. | Puskesmas Sekadau",1,1,3000000,5000000,8,0,0,0
bff5fa6a-0fb9-4703-9843-08d88a240c35,Pemerintah Kab. Sekadau,CPNS,UMUM,PRANATA LABORATORIUM KESEHATAN AHLI PERTAMA,"Pemerintah Kabupaten Sekadau | Dinas Kesehatan, Pengendalian Penduduk dan Keluarga Berencana Kabupaten Sekadau. | Rumah Sakit Umum Daerah Sekadau | Bidang Pelayanan Medik dan Penunjang Medik | Seksi Penunjang Medik",2,1,3000000,5500000,27,0,0,0
6e9c876f-3b86-46bb-8c21-5c260da0c4b0,Pemerintah Kab. Seram Bagian Timur,CPNS,UMUM,PRANATA LABORATORIUM KESEHATAN AHLI PERTAMA,PEMERINTAH KABUPATEN SERAM BAGIAN TIMUR | RSUD GORAN RIUN,1,1,2500000,4000000,2,0,0,0
c63fc200-cbe6-4296-8376-0032cffbf465,Pemerintah Kab. Sidenreng Rappang,CPNS,UMUM,PRANATA LABORATORIUM KESEHATAN AHLI PERTAMA,"Pemerintah Kabupaten Sidenreng Rappang | Dinas Kesehatan, Pengendalian Penduduk dan Keluarga Berencana | UPT Laboratorium Kesehatan Daerah | Tata Usaha Laboratorium Kesehatan Daerah",2,0,3043200,3650400,48,0,0,0
08ea518d-e518-4846-93ec-0a09c0542c8e,Pemerintah Kab. Sigi,CPNS,UMUM,PRANATA LABORATORIUM KESEHATAN AHLI PERTAMA,PEMERINTAH KABUPATEN SIGI | SEKRETARIAT DAERAH | DINAS KESEHATAN | PUSKESMAS KANTEWU,1,1,3000000,4000000,5,0,0,0
616d5771-0a7c-488b-af86-c03582e8fcd2,Pemerintah Kab. Sijunjung,CPNS,UMUM,PRANATA LABORATORIUM KESEHATAN AHLI PERTAMA,PEMERINTAH KABUPATEN SIJUNJUNG | RUMAH SAKIT UMUM DAERAH | BIDANG PENUNJANG | SEKSI PENUNJANG MEDIS,2,1,1500000,3000000,13,0,0,0
88df6b23-bf10-4605-b941-02d55e9373e9,Pemerintah Kab. Sijunjung,CPNS,UMUM,PRANATA LABORATORIUM KESEHATAN AHLI PERTAMA,PEMERINTAH KABUPATEN SIJUNJUNG | DINAS KESEHATAN | UPTD PUSKESMAS AIR AMO,1,1,1500000,3000000,4,0,0,0
927e99f2-1c52-4225-afc6-e5ac93d02198,Pemerintah Kab. Sikka,CPNS,UMUM,PRANATA LABORATORIUM KESEHATAN AHLI PERTAMA,PEMERINTAH KABUPATEN SIKKA | DINAS KESEHATAN KABUPATEN SIKKA | UPT LABORATORIUM KESEHATAN | LABORATORIUM KLINIK,1,0,2785700,4575200,10,0,0,0
ac404eec-dd67-4830-88db-1cb350df29b5,Pemerintah Kab. Sintang,CPNS,UMUM,PRANATA LABORATORIUM KESEHATAN AHLI PERTAMA,PEMERINTAH KABUPATEN SINTANG | RUMAH SAKIT UMUM DAERAH ADE MUHAMMAD DJOEN SINTANG | BIDANG PENUNJANG | SEKSI PENUNJANG MEDIS,1,0,2787700,4575200,14,0,0,0
14bc5485-d0aa-4f22-a4d9-e1efaab19f52,Pemerintah Kab. Solok Selatan,CPNS,UMUM,PRANATA LABORATORIUM KESEHATAN AHLI PERTAMA,Pemerintah Kabupaten Solok Selatan | Dinas Kesehatan | UPT Rumah Sakit Umum Daerah Batang Sangir Solok Selatan | Seksi Penunjang,1,1,3000000,5000000,11,0,0,0
b73c6e97-c0ac-4029-bbf6-74c03e860cb5,Pemerintah Kab. Sorong,CPNS,ORANG ASLI PAPUA (OAP),PRANATA LABORATORIUM KESEHATAN AHLI PERTAMA,PEMERINTAH DAERAH KABUPATEN SORONG | RUMAH SAKIT UMUM DAERAH | INSTALASI LABORATORIUM MIKROBIOLOGI,2,0,2785700,4285104,1,0,0,0
1d1c24b9-0198-420c-81da-b28536092d5f,Pemerintah Kab. Sorong Selatan,CPNS,ORANG ASLI PAPUA (OAP),PRANATA LABORATORIUM KESEHATAN AHLI PERTAMA,PEMERINTAH KABUPATEN SORONG SELATAN | DINAS KESEHATAN | PUSKESMAS SAIFI,1,0,2785700,4483500,1,0,0,0
3096af1a-96ae-4d24-89c5-e3e463ed9cc1,Pemerintah Kab. Sorong Selatan,CPNS,ORANG ASLI PAPUA (OAP),PRANATA LABORATORIUM KESEHATAN AHLI PERTAMA,PEMERINTAH KABUPATEN SORONG SELATAN | DINAS KESEHATAN | PUSKESMAS SEREMUK,1,0,2785700,4483500,3,0,0,0
4d9c8ca6-00fa-446d-83c0-6cfacad09aa1,Pemerintah Kab. Sorong Selatan,CPNS,ORANG ASLI PAPUA (OAP),PRANATA LABORATORIUM KESEHATAN AHLI PERTAMA,PEMERINTAH KABUPATEN SORONG SELATAN | DINAS KESEHATAN | PUSKESMAS KAIS DARAT,1,0,2785700,4483500,2,0,0,0
6c719cb2-6760-4e8e-9a4f-7e52b8c85866,Pemerintah Kab. Sorong Selatan,CPNS,ORANG ASLI PAPUA (OAP),PRANATA LABORATORIUM KESEHATAN AHLI PERTAMA,PEMERINTAH KABUPATEN SORONG SELATAN | DINAS KESEHATAN | PUSKESMAS KOKODA,1,0,2785700,4483500,2,0,0,0
e2a479be-ca87-4ebd-8252-e20cb4faae42,Pemerintah Kab. Sorong Selatan,CPNS,ORANG ASLI PAPUA (OAP),PRANATA LABORATORIUM KESEHATAN AHLI PERTAMA,PEMERINTAH KABUPATEN SORONG SELATAN | DINAS KESEHATAN | PUSKESMAS KONDA,1,0,2785700,4483500,1,0,0,0
f1713183-82b3-4c3c-931d-af7fb5644723,Pemerintah Kab. Sorong Selatan,CPNS,UMUM (NON OAP),PRANATA LABORATORIUM KESEHATAN AHLI PERTAMA,PEMERINTAH KABUPATEN SORONG SELATAN | DINAS KESEHATAN | PUSKESMAS INANWATAN,1,0,2785700,4483500,3,0,0,0
f1f7fb45-bca6-4ef9-9783-dbcaacad45a4,Pemerintah Kab. Sukamara,CPNS,UMUM,PRANATA LABORATORIUM KESEHATAN AHLI PERTAMA,Pemerintah Kab. Sukamara | Dinas Kesehatan,1,1,2000000,5000000,5,0,0,0
bfc7fffe-41a9-4680-aebb-525cdf4934f7,Pemerintah Kab. Sukoharjo,CPNS,UMUM,PRANATA LABORATORIUM KESEHATAN AHLI PERTAMA,PEMERINTAH KABUPATEN SUKOHARJO | DINAS KESEHATAN | RUMAH SAKIT UMUM DAERAH Ir. SOEKARNO | WAKIL DIREKTUR PELAYANAN | BIDANG PELAYANAN PENUNJANG | SEKSI PELAYANAN PENUNJANG MEDIS,1,1,3500000,4000000,22,0,0,0
25b2fa2e-304d-4935-8fa4-54029e0be6dc,Pemerintah Kab. Sumba Barat,CPNS,UMUM,PRANATA LABORATORIUM KESEHATAN AHLI PERTAMA,PEMERINTAH KABUPATEN SUMBA BARAT | DINAS KESEHATAN | PUSKESMAS KABUKARUDI,1,0,2785700,4575200,3,0,0,0
70a1d1ef-3d25-4855-adb7-32ad191f24b7,Pemerintah Kab. Sumba Barat,CPNS,UMUM,PRANATA LABORATORIUM KESEHATAN AHLI PERTAMA,PEMERINTAH KABUPATEN SUMBA BARAT | DINAS KESEHATAN | PUSKESMAS PADEDEWATU,1,0,2785700,4575200,4,0,0,0
932e1373-e09e-4ece-aa81-adf77e5d69b5,Pemerintah Kab. Sumba Barat,CPNS,UMUM,PRANATA LABORATORIUM KESEHATAN AHLI PERTAMA,PEMERINTAH KABUPATEN SUMBA BARAT | DINAS KESEHATAN | PUSKESMAS LOLO WANO,1,0,2785700,4575200,1,0,0,0
96ab20ac-d4b2-4a77-9e00-f993bfb3d56d,Pemerintah Kab. Sumba Barat,CPNS,UMUM,PRANATA LABORATORIUM KESEHATAN AHLI PERTAMA,PEMERINTAH KABUPATEN SUMBA BARAT | DINAS KESEHATAN | PUSKESMAS GAURA,1,0,2785700,4575200,1,0,0,0
d185cbb5-3bc0-45d2-8b79-1a6376f13841,Pemerintah Kab. Sumba Barat,CPNS,UMUM,PRANATA LABORATORIUM KESEHATAN AHLI PERTAMA,PEMERINTAH KABUPATEN SUMBA BARAT | DINAS KESEHATAN | UPTD RUMAH SAKIT KELAS D PRATAMA HOBA KALLA | SEKSI PELAYANAN PENUNJANG,3,0,2785700,4575200,7,0,0,0
53408c2a-91c6-42f2-a07e-de6f51f21832,Pemerintah Kab. Sumba Timur,CPNS,UMUM,PRANATA LABORATORIUM KESEHATAN AHLI PERTAMA,PEMERINTAH KABUPATEN SUMBA TIMUR | DINAS KESEHATAN | PUSKESMAS MANGILI,1,0,2700000,4500000,4,0,0,0
54262584-dd0d-44cc-9dff-e4005486b956,Pemerintah Kab. Sumba Timur,CPNS,UMUM,PRANATA LABORATORIUM KESEHATAN AHLI PERTAMA,PEMERINTAH KABUPATEN SUMBA TIMUR | DINAS KESEHATAN | PUSKESMAS BANGGAWATU,1,0,2700000,4500000,2,0,0,0
f8d118d4-8c76-4b77-985c-916e988db87e,Pemerintah Kab. Sumbawa,CPNS,UMUM,PRANATA LABORATORIUM KESEHATAN AHLI PERTAMA,Pemerintah Kabupaten Sumbawa | Dinas Kesehatan | UPT Puskesmas Kecamatan Sumbawa Unit I,1,0,2000000,4000000,32,0,0,0
84c28c3d-70d0-4d1f-9be9-48cd1b75cfee,Pemerintah Kab. Takalar,CPNS,UMUM,PRANATA LABORATORIUM KESEHATAN AHLI PERTAMA,PEMERINTAH KABUPATEN TAKALAR | DINAS KESEHATAN | UPT | PUSKESMAS BULUKUNYI KECAMATAN POLONGBANGKENG SELATAN,1,1,2228560,5000000,32,0,0,0
874880d6-e59b-4989-9b84-37fbf12f79c3,Pemerintah Kab. Tana Toraja,CPNS,UMUM,PRANATA LABORATORIUM KESEHATAN AHLI PERTAMA,Pemerintah Kabupaten Tana Toraja | Dinas Kesehatan | UPT Laboratorium Kesehatan Daerah,3,1,2785700,3600000,37,0,0,0
d3d5635a-851f-4fa9-a303-6e7d855a068c,Pemerintah Kab. Tana Toraja,CPNS,UMUM,PRANATA LABORATORIUM KESEHATAN AHLI PERTAMA,Pemerintah Kabupaten Tana Toraja | Dinas Kesehatan | UPT Puskesmas Lekke,1,1,2785700,3600000,5,0,0,0
08ea47cc-ac24-4441-b5f8-89e7ed2d257a,Pemerintah Kab. Tangerang,CPNS,UMUM,PRANATA LABORATORIUM KESEHATAN AHLI PERTAMA,PEMERINTAH KAB. TANGERANG | DINAS KESEHATAN | UNIT PELAKSANA TEKNIS DAERAH | UPTD RUMAH SAKIT UMUM DAERAH PAKUHAJI,4,1,2792900,9253602,52,0,0,0
a0601d68-ba0b-4c2a-92b3-f00a6a050eec,Pemerintah Kab. Tangerang,CPNS,UMUM,PRANATA LABORATORIUM KESEHATAN AHLI PERTAMA,PEMERINTAH KAB. TANGERANG | DINAS KESEHATAN | UPTD LABORATORIUM KESEHATAN DAERAH,2,1,2792900,9253602,35,0,0,0
cc079771-83d6-48c8-ade2-b9ef9e23a055,Pemerintah Kab. Tangerang,CPNS,UMUM,PRANATA LABORATORIUM KESEHATAN AHLI PERTAMA,PEMERINTAH KAB. TANGERANG | DINAS KESEHATAN | UNIT PELAKSANA TEKNIS DAERAH | UPTD RUMAH SAKIT UMUM DAERAH TIGARAKSA,2,1,2792900,9253602,17,0,0,0
329926af-41d7-4939-a8d5-ce81748ab14c,Pemerintah Kab. Tanjung Jabung Barat,CPNS,UMUM,PRANATA LABORATORIUM KESEHATAN AHLI PERTAMA,PEMERINTAH KABUPATEN TANJUNG JABUNG BARAT | DINAS KESEHATAN KAB. TANJAB BARAT | RUMAH SAKIT UMUM DAERAH SURYAH KHAIRUDDIN | SEKSI PELAYANAN | INSTALASI LABORATORIUM,1,1,2000000,5000000,12,0,0,0
f0a747ea-cdcd-45d1-a8ec-390c3c68535d,Pemerintah Kab. Timor Tengah Utara,CPNS,UMUM,PRANATA LABORATORIUM KESEHATAN AHLI PERTAMA,PEMERINTAH KABUPATEN TIMOR TENGAH UTARA | DINAS KESEHATAN | UPT RUMAH SAKIT PRATAMA PONU,1,0,2789000,5000000,4,0,0,0
8a0186cc9159ace5019159dd92831945,Pemerintah Kab. Tolikara,CPNS,ORANG ASLI PAPUA (OAP),PRANATA LABORATORIUM KESEHATAN AHLI PERTAMA,Pemerintah Kabupaten Tolikara | DINAS KESEHATAN | PUSKESMAS NUNGGAWI,1,1,3000000,3900000,0,0,0,0
0a55f583-99df-4028-8b42-eac12e7f6806,Pemerintah Kab. Tolikara,CPNS,ORANG ASLI PAPUA (OAP),PRANATA LABORATORIUM KESEHATAN AHLI PERTAMA,Pemerintah Kabupaten Tolikara | DINAS KESEHATAN | PUSKESMAS NABUNAGE,1,1,3000000,3900000,0,0,0,0
0fa1bfab-5976-4604-8f95-8621e8ea6fb5,Pemerintah Kab. Tolikara,CPNS,ORANG ASLI PAPUA (OAP),PRANATA LABORATORIUM KESEHATAN AHLI PERTAMA,Pemerintah Kabupaten Tolikara | DINAS KESEHATAN | PUSKESMAS MAMIT,1,1,3000000,3900000,0,0,0,0
11054811-dac2-474c-a9e2-7a5cc2074a19,Pemerintah Kab. Tolikara,CPNS,ORANG ASLI PAPUA (OAP),PRANATA LABORATORIUM KESEHATAN AHLI PERTAMA,Pemerintah Kabupaten Tolikara | DINAS KESEHATAN | PUSKESMAS TAIYEVE II,1,1,3000000,3900000,0,0,0,0
179260b2-c8a5-4c09-97b1-9f33aee1e976,Pemerintah Kab. Tolikara,CPNS,UMUM (NON OAP),PRANATA LABORATORIUM KESEHATAN AHLI PERTAMA,Pemerintah Kabupaten Tolikara | DINAS KESEHATAN | PUSKESMAS WINA,1,1,3000000,3900000,0,0,0,0
289bb595-adf1-4fae-ac3f-4c5a7648a2f0,Pemerintah Kab. Tolikara,CPNS,ORANG ASLI PAPUA (OAP),PRANATA LABORATORIUM KESEHATAN AHLI PERTAMA,Pemerintah Kabupaten Tolikara | DINAS KESEHATAN | PUSKESMAS KUBU,1,1,3000000,3900000,0,0,0,0
32d479a1-1670-4dea-b614-d5838be6c117,Pemerintah Kab. Tolikara,CPNS,ORANG ASLI PAPUA (OAP),PRANATA LABORATORIUM KESEHATAN AHLI PERTAMA,Pemerintah Kabupaten Tolikara | DINAS KESEHATAN | PUSKESMAS KANERO,1,1,3000000,3900000,0,0,0,0
371939d9-9a39-4049-8140-07613462a35d,Pemerintah Kab. Tolikara,CPNS,ORANG ASLI PAPUA (OAP),PRANATA LABORATORIUM KESEHATAN AHLI PERTAMA,Pemerintah Kabupaten Tolikara | DINAS KESEHATAN | PUSKESMAS YUNERI,1,1,3000000,3900000,0,0,0,0
38405aff-3826-449a-8757-34a915f791f8,Pemerintah Kab. Tolikara,CPNS,ORANG ASLI PAPUA (OAP),PRANATA LABORATORIUM KESEHATAN AHLI PERTAMA,Pemerintah Kabupaten Tolikara | DINAS KESEHATAN | PUSKESMAS GILUBANDU,1,1,3000000,3900000,0,0,0,0
3c347c1c-9b28-4a27-8f3b-f629ae857897,Pemerintah Kab. Tolikara,CPNS,ORANG ASLI PAPUA (OAP),PRANATA LABORATORIUM KESEHATAN AHLI PERTAMA,Pemerintah Kabupaten Tolikara | DINAS KESEHATAN | PUSKESMAS NUMBA,2,1,3000000,3900000,0,0,0,0
3f8923ed-5c7a-48d8-963c-f434d7f2f210,Pemerintah Kab. Tolikara,CPNS,ORANG ASLI PAPUA (OAP),PRANATA LABORATORIUM KESEHATAN AHLI PERTAMA,Pemerintah Kabupaten Tolikara | DINAS KESEHATAN | PUSKESMAS WUNIN,1,1,3000000,3900000,0,0,0,0
417f6fe6-0b3a-4d2c-8bb3-f62791c56069,Pemerintah Kab. Tolikara,CPNS,ORANG ASLI PAPUA (OAP),PRANATA LABORATORIUM KESEHATAN AHLI PERTAMA,Pemerintah Kabupaten Tolikara | DINAS KESEHATAN | PUSKESMAS KARUBAGA,1,1,3000000,3900000,0,0,0,0
4a20352f-c6b3-4b04-a668-6e9628433a08,Pemerintah Kab. Tolikara,CPNS,UMUM (NON OAP),PRANATA LABORATORIUM KESEHATAN AHLI PERTAMA,Pemerintah Kabupaten Tolikara | DINAS KESEHATAN | PUSKESMAS UMAGI,1,1,3000000,3900000,1,0,0,0
519f0343-94af-411a-a51c-3fc18a999bdc,Pemerintah Kab. Tolikara,CPNS,UMUM (NON OAP),PRANATA LABORATORIUM KESEHATAN AHLI PERTAMA,Pemerintah Kabupaten Tolikara | DINAS KESEHATAN | PUSKESMAS DUNDU,1,1,2700000,3900000,0,0,0,0
5aeb39b5-fb57-4e24-affc-72e947515cfb,Pemerintah Kab. Tolikara,CPNS,UMUM (NON OAP),PRANATA LABORATORIUM KESEHATAN AHLI PERTAMA,Pemerintah Kabupaten Tolikara | DINAS KESEHATAN | PUSKESMAS KUTIME,1,1,3000000,3900000,2,0,0,0
6a8db092-dc44-4ce5-abfc-2b2802e7639a,Pemerintah Kab. Tolikara,CPNS,UMUM (NON OAP),PRANATA LABORATORIUM KESEHATAN AHLI PERTAMA,Pemerintah Kabupaten Tolikara | DINAS KESEHATAN | PUSKESMAS NUNGGAWI,1,1,3000000,3900000,0,0,0,0
9371d089-7aee-4de1-9e7f-9fcb71f69f94,Pemerintah Kab. Tolikara,CPNS,UMUM (NON OAP),PRANATA LABORATORIUM KESEHATAN AHLI PERTAMA,Pemerintah Kabupaten Tolikara | DINAS KESEHATAN | PUSKESMAS KANGGIME,1,1,3000000,3900000,1,0,0,0
b316556b-81c3-49c1-91a3-5deee67eddbf,Pemerintah Kab. Tolikara,CPNS,UMUM (NON OAP),PRANATA LABORATORIUM KESEHATAN AHLI PERTAMA,Pemerintah Kabupaten Tolikara | DINAS KESEHATAN | PUSKESMAS EGIAM,1,1,3000000,3900000,1,0,0,0
b64bf518-ab7e-417f-99a9-a61bcd1165c0,Pemerintah Kab. Tolikara,CPNS,UMUM (NON OAP),PRANATA LABORATORIUM KESEHATAN AHLI PERTAMA,Pemerintah Kabupaten Tolikara | DINAS KESEHATAN | RSUD Karubaga | INSTALASI LABORATORIUM,1,1,3000000,3900000,1,0,0,0
dec05de1-fb1e-40d5-9d5b-5f358dbad9b4,Pemerintah Kab. Tolikara,CPNS,UMUM (NON OAP),PRANATA LABORATORIUM KESEHATAN AHLI PERTAMA,Pemerintah Kabupaten Tolikara | DINAS KESEHATAN | PUSKESMAS PANAGA,1,1,3000000,3900000,0,0,0,0
dfff729b-fbf1-4930-b02d-0f2403087132,Pemerintah Kab. Tolikara,CPNS,UMUM (NON OAP),PRANATA LABORATORIUM KESEHATAN AHLI PERTAMA,Pemerintah Kabupaten Tolikara | DINAS KESEHATAN | PUSKESMAS KUARI,1,1,3000000,3900000,0,0,0,0
e3233779-605c-46df-81f1-79dbca74ebeb,Pemerintah Kab. Tolikara,CPNS,UMUM (NON OAP),PRANATA LABORATORIUM KESEHATAN AHLI PERTAMA,Pemerintah Kabupaten Tolikara | DINAS KESEHATAN | PUSKESMAS WONIKI,1,1,3000000,3900000,1,0,0,0
e5fb3613-bbb1-427a-ad6d-48834e75ec7a,Pemerintah Kab. Tolikara,CPNS,ORANG ASLI PAPUA (OAP),PRANATA LABORATORIUM KESEHATAN AHLI PERTAMA,Pemerintah Kabupaten Tolikara | DINAS KESEHATAN | PUSKESMAS GOYAGE,1,1,3000000,3900000,0,0,0,0
f252d6fe-a8ec-445f-a1b9-b72239e58c6a,Pemerintah Kab. Tolikara,CPNS,UMUM (NON OAP),PRANATA LABORATORIUM KESEHATAN AHLI PERTAMA,Pemerintah Kabupaten Tolikara | DINAS KESEHATAN | PUSKESMAS YILUK,1,1,3000000,3900000,0,0,0,0
fb526f07-900a-43e2-9405-d21ffd871558,Pemerintah Kab. Tolikara,CPNS,UMUM (NON OAP),PRANATA LABORATORIUM KESEHATAN AHLI PERTAMA,Pemerintah Kabupaten Tolikara | DINAS KESEHATAN | PUSKESMAS BOLUBUR,1,1,3000000,3900000,0,0,0,0
fcd92840-f8f7-40d5-8c81-496f2245f538,Pemerintah Kab. Tolikara,CPNS,UMUM (NON OAP),PRANATA LABORATORIUM KESEHATAN AHLI PERTAMA,Pemerintah Kabupaten Tolikara | DINAS KESEHATAN | PUSKESMAS BOKONDINI,1,1,3000000,3900000,1,0,0,0
fd0bd101-e78f-4876-8c48-e73acac4cae1,Pemerintah Kab. Tolikara,CPNS,UMUM (NON OAP),PRANATA LABORATORIUM KESEHATAN AHLI PERTAMA,Pemerintah Kabupaten Tolikara | DINAS KESEHATAN | PUSKESMAS POGANERI,1,1,3000000,3900000,0,0,0,0
4cab02e0-f3dd-4897-945f-035bde7aacbe,Pemerintah Kab. Wakatobi,CPNS,UMUM,PRANATA LABORATORIUM KESEHATAN AHLI PERTAMA,PEMERINTAH KABUPATEN WAKATOBI | DINAS KESEHATAN | UPTD PUSKESMAS | UPTD PUSKESMAS TOMIA | PUSKESMAS WAITII,1,1,2785700,4575200,4,0,0,0
742b5485-16f7-41a0-8b5e-aac42c0ee735,Pemerintah Kab. Wakatobi,CPNS,UMUM,PRANATA LABORATORIUM KESEHATAN AHLI PERTAMA,PEMERINTAH KABUPATEN WAKATOBI | DINAS KESEHATAN | UPTD PUSKESMAS | UPTD PUSKESMAS BINONGKO | PUSKESMAS WALI,1,1,2785700,4575200,4,0,0,0
6c368f1a-bd8b-48ba-9fe7-cdeec2368525,Pemerintah Kab. Wonosobo,CPNS,UMUM,PRANATA LABORATORIUM KESEHATAN AHLI PERTAMA,PEMERINTAH KABUPATEN WONOSOBO | Dinas Kesehatan | UPTD Laboratorium Kesehatan Daerah,1,0,2228560,3085700,18,0,0,0
01a33968-f2df-4249-bac2-c4e78edb59dc,Pemerintah Kab. Yalimo,CPNS,ORANG ASLI PAPUA (OAP),PRANATA LABORATORIUM KESEHATAN AHLI PERTAMA,PEMERINTAH KABUPATEN YALIMO | RUMAH SAKIT UMUM DAERAH ER DABI | SEKSI PELAYANAN MEDIS,1,0,3000000,5000000,1,0,0,0
fc4005d6-e7e0-4f87-9ef5-472d02b247ef,Pemerintah Kab. Yalimo,CPNS,ORANG ASLI PAPUA (OAP),PRANATA LABORATORIUM KESEHATAN AHLI PERTAMA,PEMERINTAH KABUPATEN YALIMO | RUMAH SAKIT UMUM DAERAH ER DABI | SEKSI PENUNJANG MEDIS DAN NON MEDIS | RUANGAN LABORATORIUM,2,0,3000000,5000000,2,0,0,0
05b27c9a-b2a8-40cd-8e9f-a61a59aec518,Pemerintah Kota Ambon,CPNS,UMUM,PRANATA LABORATORIUM KESEHATAN AHLI PERTAMA,PEMERINTAH KOTA AMBON                                                  | DINAS KESEHATAN | UPTD PUSKESMAS HUTUMURI,2,1,2785700,4575200,11,0,0,0
c25e5c27-8d05-4ff6-bb3b-25a4dc0991a3,Pemerintah Kota Ambon,CPNS,UMUM,PRANATA LABORATORIUM KESEHATAN AHLI PERTAMA,PEMERINTAH KOTA AMBON                                                  | DINAS KESEHATAN | UPTD PUSKESMAS RIJALI,1,1,2785700,4575200,6,0,0,0
61d6b2a1-cb6f-463f-b725-6248fb108b76,Pemerintah Kota Banjar,CPNS,UMUM,PRANATA LABORATORIUM KESEHATAN AHLI PERTAMA,PEMERINTAH DAERAH KOTA BANJAR | DINAS KESEHATAN | UPTD LABORATORIUM KESEHATAN DAERAH,2,0,3203600,3500000,18,0,0,0
b4b61a73-f6d0-4ee2-8e62-207a28a56d30,Pemerintah Kota Depok,CPNS,UMUM,PRANATA LABORATORIUM KESEHATAN AHLI PERTAMA,PEMERINTAH KOTA DEPOK | DINAS KESEHATAN | UNIT PELAKSANA TEKNIS DINAS LABORATORIUM KESEHATAN DAERAH | SUB BAGIAN TATA USAHA UPTD LABORATORIUM KESEHATAN DAERAH,1,0,2785700,9825700,29,0,0,0
3b1b3ed4-4300-4fe3-a0ef-e1fedca74121,Pemerintah Kota Kendari,CPNS,UMUM,PRANATA LABORATORIUM KESEHATAN AHLI PERTAMA,Pemerintah Kota Kendari | Dinas Kesehatan | UPTD Puskesmas Benu-benua | BENU-BENUA,1,1,3500000,5000000,7,0,0,0
420b25ef-d44b-4149-9fc5-c8400b1e6cc0,Pemerintah Kota Kendari,CPNS,UMUM,PRANATA LABORATORIUM KESEHATAN AHLI PERTAMA,Pemerintah Kota Kendari | Dinas Kesehatan | RSUD Antero Hamra Kota Kendari | PELAYANAN MEDIS DAN KEPERAWATAN | PENUNJANG PELAYANAN MEDIK,1,1,3500000,5000000,5,0,0,0
da818057-a368-4ca8-9483-c0294c69891e,Pemerintah Kota Kendari,CPNS,UMUM,PRANATA LABORATORIUM KESEHATAN AHLI PERTAMA,Pemerintah Kota Kendari | Rumah Sakit Umum Daerah Kota Kendari | BIDANG PELAYANAN MEDIK | LABORATORIUM,1,1,3500000,5000000,3,0,0,0
1290190f-9ce8-48c1-b6c7-cea4b9945177,Pemerintah Kota Kupang,CPNS,UMUM,PRANATA LABORATORIUM KESEHATAN AHLI PERTAMA,PEMERINTAH KOTA KUPANG | Dinas Kesehatan Kota Kupang | UPTD LABORATORIUM KESEHATAN DAERAH KOTA KUPANG | KEPALA UPTD LABORATORIUM KESEHATAN,1,1,2000000,4500000,12,0,0,0
10a9c902-5faa-461f-8ec4-0131a38bd872,Pemerintah Kota Manado,CPNS,UMUM,PRANATA LABORATORIUM KESEHATAN AHLI PERTAMA,WALI KOTA MANADO | SEKRETARIAT DAERAH | DINAS KESEHATAN | PUSKESMAS BAILANG,1,1,3200000,4000000,3,0,0,0
225eb41f-d186-401d-8a01-f974c20ab35a,Pemerintah Kota Manado,CPNS,UMUM,PRANATA LABORATORIUM KESEHATAN AHLI PERTAMA,WALI KOTA MANADO | SEKRETARIAT DAERAH | DINAS KESEHATAN | PUSKESMAS RANOMUUT,1,1,3200000,4000000,3,0,0,0
26374436-d65f-4f5f-adbd-138ed4237354,Pemerintah Kota Manado,CPNS,UMUM,PRANATA LABORATORIUM KESEHATAN AHLI PERTAMA,WALI KOTA MANADO | SEKRETARIAT DAERAH | DINAS KESEHATAN | PUSKESMAS MINANGA,1,1,3200000,4000000,1,0,0,0
5488de2e-85c4-4511-9407-b7299caa9061,Pemerintah Kota Manado,CPNS,UMUM,PRANATA LABORATORIUM KESEHATAN AHLI PERTAMA,WALI KOTA MANADO | SEKRETARIAT DAERAH | DINAS KESEHATAN | PUSKESMAS BENGKOL,1,1,3200000,4000000,3,0,0,0
673ed020-0987-4e87-97a6-e8ce0033237f,Pemerintah Kota Manado,CPNS,UMUM,PRANATA LABORATORIUM KESEHATAN AHLI PERTAMA,WALI KOTA MANADO | SEKRETARIAT DAERAH | DINAS KESEHATAN | PUSKESMAS TONGKAINA,1,1,3200000,4000000,1,0,0,0
71312027-caf9-413e-b396-ee7fb2df7f11,Pemerintah Kota Manado,CPNS,UMUM,PRANATA LABORATORIUM KESEHATAN AHLI PERTAMA,WALI KOTA MANADO | SEKRETARIAT DAERAH | DINAS KESEHATAN | PUSKESMAS BUNAKEN,1,1,3200000,4000000,2,0,0,0
88ebdc85-d9b9-4c0b-969e-c1a088000f02,Pemerintah Kota Manado,CPNS,UMUM,PRANATA LABORATORIUM KESEHATAN AHLI PERTAMA,WALI KOTA MANADO | SEKRETARIAT DAERAH | DINAS KESEHATAN | PUSKESMAS KOMBOS,1,1,3200000,4000000,2,0,0,0
526a4359-0417-4b8f-9528-56ee9b09c17c,Pemerintah Kota Metro,CPNS,UMUM,PRANATA LABORATORIUM KESEHATAN AHLI PERTAMA,PEMERINTAH KOTA METRO | DINAS KESEHATAN KOTA METRO | RSUD SUMBERSARI BANTUL | JABATAN FUNGSIONAL TERTENTU | PRANATA LAB,1,1,2785700,4575200,39,0,0,0
92ed61a0-9fd2-4ba4-946c-d3374012df60,Pemerintah Kota Pagar Alam,CPNS,UMUM,PRANATA LABORATORIUM KESEHATAN AHLI PERTAMA,PEMERINTAH KOTA PAGAR ALAM/ | DINAS KESEHATAN | UPTD PUSKESMAS BANDAR DINAS KESEHATAN,1,1,2966500,6000000,6,0,0,0
9e6b06ae-45b0-4dde-90a9-86a6765a4e30,Pemerintah Kota Pagar Alam,CPNS,UMUM,PRANATA LABORATORIUM KESEHATAN AHLI PERTAMA,PEMERINTAH KOTA PAGAR ALAM/ | DINAS KESEHATAN | UPTD LABKESDA DINAS KESEHATAN,1,1,2966500,6000000,10,0,0,0
bfcf0f74-d9bb-48b2-b9d0-691569701681,Pemerintah Kota Palangka Raya,CPNS,UMUM,PRANATA LABORATORIUM KESEHATAN AHLI PERTAMA,PEMERINTAH KOTA PALANGKA RAYA | DINAS KESEHATAN | UPTD LABORATORIUM KESEHATAN DAN KALIBRASI DINAS KESEHATAN,3,1,2785700,6158700,48,0,0,0
0a67a0aa-010b-4289-b587-9383b0a302d2,Pemerintah Kota Palembang,CPNS,UMUM,PRANATA LABORATORIUM KESEHATAN AHLI PERTAMA,PEMERINTAH KOTA PALEMBANG | RSUD GANDUS | Seksi Penunjang Medis dan Non Medis,1,1,3576020,3941784,13,0,0,0
90f78027-4c18-4a8e-be9d-db1e472b117c,Pemerintah Kota Palopo,CPNS,UMUM,PRANATA LABORATORIUM KESEHATAN AHLI PERTAMA,Pemerintah Kota Palopo | Sekretariat Daerah | Dinas Kesehatan | UPT Laboratorium Kesehatan Daerah,2,1,2785700,4313870,33,0,0,0
755d17d7-747d-4930-a7fb-764852516023,Pemerintah Kota Parepare,CPNS,UMUM,PRANATA LABORATORIUM KESEHATAN AHLI PERTAMA,PEMERINTAH KOTA PAREPARE | DINAS KESEHATAN | UPTD LABORATORIUM KESEHATAN DAERAH | UPTD LABKESDA KOTA PAREPARE,1,0,2228560,2785700,18,0,0,0
131b6f0b-b8e6-4fac-8306-2006de97cd97,Pemerintah Kota Pematangsiantar,CPNS,UMUM,PRANATA LABORATORIUM KESEHATAN AHLI PERTAMA,PEMERINTAH KOTA PEMATANGSIANTAR | Dinas Kesehatan | Puskesmas Bah Biak,1,1,3000000,5000000,8,0,0,0
6db98b43-5391-4651-a03b-3df3fb9e3b3d,Pemerintah Kota Pematangsiantar,CPNS,UMUM,PRANATA LABORATORIUM KESEHATAN AHLI PERTAMA,PEMERINTAH KOTA PEMATANGSIANTAR | Dinas Kesehatan | UPTD PUSKESMAS RAMI,1,1,3000000,5000000,15,0,0,0
91c88d7d-97e8-4de0-b3af-87190ae2e507,Pemerintah Kota Pematangsiantar,CPNS,UMUM,PRANATA LABORATORIUM KESEHATAN AHLI PERTAMA,PEMERINTAH KOTA PEMATANGSIANTAR | Dinas Kesehatan | UPTD PUSKESMAS BP. NAULI,1,1,3000000,5000000,5,0,0,0
59e9f94d-7676-44db-bd25-4ef7574045f6,Pemerintah Kota Semarang,CPNS,UMUM,PRANATA LABORATORIUM KESEHATAN AHLI PERTAMA,Pemerintah Kota Semarang | Rumah Sakit Daerah K.R.M.T. Wongsonegoro | Wakil Direktorat Pelayanan - RSD K.R.M.T. Wongsonegoro | Bidang Pelayanan Medik dan Penunjang Medik - RSD K.R.M.T. Wongsonegoro,1,0,4200000,8700000,50,0,0,0
a440d3a1-d645-4598-a39e-14c831d3b667,Pemerintah Kota Sibolga,CPNS,UMUM,PRANATA LABORATORIUM KESEHATAN AHLI PERTAMA,Walikota Sibolga | Rumah Sakit Umum Dr.ferdinand Lumban Tobing,1,0,2800000,4600000,7,0,0,0
14dce4b9-47e2-4294-977d-29b3d08178dc,Pemerintah Kota Surabaya,CPNS,UMUM,PRANATA LABORATORIUM KESEHATAN AHLI PERTAMA,"PEMERINTAH KOTA SURABAYA | DINAS KESEHATAN | RSUD SURABAYA TIMUR | BIDANG PELAYANAN MEDIK, KEPERAWATAN DAN KEBIDANAN",2,1,2785700,2785700,101,0,0,0
877f7382-5a83-4773-984f-9a97fd1b2010,Pemerintah Kota Tebing Tinggi,CPNS,UMUM,PRANATA LABORATORIUM KESEHATAN AHLI PERTAMA,Pemerintah Kota Tebing Tinggi | Dinas Kesehatan | UPTD Puskesmas Satria,1,0,2785700,4575200,9,0,0,0
c92489aa-8a78-426a-b769-66f8234cd322,Pemerintah Kota Tegal,CPNS,UMUM,PRANATA LABORATORIUM KESEHATAN AHLI PERTAMA,Pemerintah Kota Tegal | Dinas Kesehatan | UPTD Laboratorium Kesehatan Dinkes,2,0,2858150,5518500,52,0,0,0
598c8512-9199-499c-a389-87c20fde404f,Pemerintah Kota Tidore Kepulauan,CPNS,UMUM,PRANATA LABORATORIUM KESEHATAN AHLI PERTAMA,Pemerintah Kota Tidore Kepulauan | Dinas Kesehatan | PUSKESMAS SOA SIO,1,0,2000000,4000000,9,0,0,0
25917bf2-24b9-472c-bfd3-0fbaa518b215,Pemerintah Kota Tual,CPNS,UMUM,PRANATA LABORATORIUM KESEHATAN AHLI PERTAMA,WALIKOTA TUAL | SEKRETARIAT DAERAH KOTA TUAL | DINAS KESEHATAN | PUSKESMAS NGADI,1,0,2000000,5000000,1,0,0,0
bad242ad-01d1-41d6-b88a-5f34b6f3c2ff,Pemerintah Kota Tual,CPNS,UMUM,PRANATA LABORATORIUM KESEHATAN AHLI PERTAMA,WALIKOTA TUAL | SEKRETARIAT DAERAH KOTA TUAL | DINAS KESEHATAN | PUSKESMAS UN,1,0,2000000,5000000,2,0,0,0
bfe91110-c088-472e-8a38-29647ecc9a1d,Pemerintah Kota Tual,CPNS,UMUM,PRANATA LABORATORIUM KESEHATAN AHLI PERTAMA,WALIKOTA TUAL | SEKRETARIAT DAERAH KOTA TUAL | DINAS KESEHATAN | UPTD LABORATORIUM KESEHATAN DAERAH,1,0,2000000,5000000,2,0,0,0
98f7d83b-7734-4a86-8b70-08dcf1f74b64,Pemerintah Provinsi Bali,CPNS,UMUM,PRANATA LABORATORIUM KESEHATAN AHLI PERTAMA,Pemerintah Provinsi Bali | DINAS KESEHATAN | UPTD BALAI LABORATORIUM KESEHATAN KERTHI BALI SADHAJIWA | JABATAN FUNGSIONAL,3,0,2800000,8300000,44,0,0,0
c9138533-8f0e-447a-8cd1-8a27e611a83f,Pemerintah Provinsi Bengkulu,CPNS,UMUM,PRANATA LABORATORIUM KESEHATAN AHLI PERTAMA,PEMERINTAH PROVINSI BENGKULU | UPTD Khusus Rumah Sakit Umum Daerah Dr. M. Yunus | DIREKTUR,1,0,2000000,3000000,13,0,0,0
78ee5ffe-5a41-4e43-a288-fea1d63df678,Pemerintah Provinsi Daerah Khusus Ibukota Jakarta,CPNS,UMUM,PRANATA LABORATORIUM KESEHATAN AHLI PERTAMA,PEMERINTAH PROVINSI DKI JAKARTA | DINAS KESEHATAN PROVINSI DKI JAKARTA | RUMAH SAKIT UMUM  DAERAH TARAKAN | WAKIL DIREKTUR PELAYANAN MEDIS RUMAH SAKIT UMUM DAERAH TARAKAN | BIDANG PELAYANAN PENUNJANG RUMAH SAKIT UMUM DAERAH TARAKAN,1,0,7088560,21505700,10,0,0,0
a1c26e36-a976-4f56-ad48-35f33a3526c6,Pemerintah Provinsi Daerah Khusus Ibukota Jakarta,CPNS,UMUM,PRANATA LABORATORIUM KESEHATAN AHLI PERTAMA,PEMERINTAH PROVINSI DKI JAKARTA | DINAS KESEHATAN PROVINSI DKI JAKARTA | RUMAH SAKIT UMUM DAERAH KOJA | WAKIL DIREKTUR PELAYANAN RUMAH SAKIT UMUM DAERAH KOJA | BIDANG PELAYANAN PENUNJANG MEDIS RUMAH SAKIT UMUM DAERAH KOJA,2,0,7088560,21505700,17,0,0,0
29d840f5-0af4-4c20-ac09-402c8572c71a,Pemerintah Provinsi Jawa Tengah,CPNS,UMUM,PRANATA LABORATORIUM KESEHATAN AHLI PERTAMA,PEMERINTAH PROVINSI JAWA TENGAH | SEKRETARIAT DAERAH | DINAS KESEHATAN | BALAI LABORATORIUM KESEHATAN DAN PENGUJIAN ALAT KESEHATAN,1,0,2228560,8078500,43,0,0,0
903fca7e-881a-41ff-adc4-6f30e0742023,Pemerintah Provinsi Jawa Timur,CPNS,UMUM,PRANATA LABORATORIUM KESEHATAN AHLI PERTAMA,Pemerintah Provinsi Jawa Timur | Dinas Kesehatan | UPT Laboratorium Gizi | SEKSI PELAYANAN LABORATORIUM GIZI,2,0,5215700,13275700,23,0,0,0
dbd1145b-08db-4382-b20d-c96b86efa844,Pemerintah Provinsi Jawa Timur,CPNS,UMUM,PRANATA LABORATORIUM KESEHATAN AHLI PERTAMA,Pemerintah Provinsi Jawa Timur | RSUD Dr. Soetomo Provinsi Jawa Timur | KELOMPOK JABATAN FUNGSIONAL,5,0,5678600,14773599,135,0,0,0
73daae57-7662-43d5-9667-30f571469e89,Pemerintah Provinsi Kalimantan Tengah,CPNS,UMUM,PRANATA LABORATORIUM KESEHATAN AHLI PERTAMA,Pemerintah Provinsi Kalimantan Tengah | DINAS KESEHATAN | UPT RUMAH SAKIT UMUM DAERAH DR.DORIS SYLVANUS,1,0,2785700,4575200,6,0,0,0
78d9cde6-e603-4754-83cb-2f692a4e3ff5,Pemerintah Provinsi Lampung,CPNS,UMUM,PRANATA LABORATORIUM KESEHATAN AHLI PERTAMA,PEMERINTAH PROVINSI LAMPUNG | RUMAH SAKIT UMUM DAERAH BANDAR NEGARA HUSADA,1,1,2228560,4228560,18,0,0,0
cd65a658-9e78-4067-9c04-c3327c68e808,Pemerintah Provinsi Lampung,CPNS,UMUM,PRANATA LABORATORIUM KESEHATAN AHLI PERTAMA,PEMERINTAH PROVINSI LAMPUNG | DINAS KESEHATAN | UPTD BALAI LABORATORIUM KESEHATAN,2,1,2228560,4228560,78,0,0,0
184b40e8-ace5-4fa9-aeb3-bd3d0ed0026c,Pemerintah Provinsi Maluku,CPNS,UMUM,PRANATA LABORATORIUM KESEHATAN AHLI PERTAMA,PROVINSI MALUKU | Sekretariat Daerah | Rumah Sakit Umum Daerah Dr. H. Ishak Umarella,1,1,3300000,4000000,5,0,0,0
34496952-7033-4660-b247-c45b20cf0a37,Pemerintah Provinsi Maluku,CPNS,UMUM,PRANATA LABORATORIUM KESEHATAN AHLI PERTAMA,PROVINSI MALUKU | Sekretariat Daerah | Dinas Kesehatan | UPTD Balai Kesehatan Paru Masyarakat Kelas A,1,1,3300000,4000000,3,0,0,0
7f89eb4d-60ed-42bb-9f13-e8f51a70b81d,Pemerintah Provinsi Maluku,CPNS,UMUM,PRANATA LABORATORIUM KESEHATAN AHLI PERTAMA,PROVINSI MALUKU | Sekretariat Daerah | Dinas Kesehatan | UPTD Balai Laboratorium Kesehatan Dan Kalibrasi Alat Kesehatan Kelas A,2,1,3300000,4000000,8,0,0,0
44bcc4e6-d0d9-43c1-9b0f-e2b0c1bb5a1d,Pemerintah Provinsi Maluku Utara,CPNS,UMUM,PRANATA LABORATORIUM KESEHATAN AHLI PERTAMA,"Pemerintah Provinsi Maluku Utara | Sekretariat Daerah | Dinas Kesehatan | UPTD Rumah Sakit Umum Sofifi | PELAYANAN RAWAT INAP, RUJUKAN, KURATIF & PELAYANAN REHABILITATIF | UNIT LABORATORIUM",2,1,3000000,4000000,9,0,0,0
9f256eb1-9683-424e-95c3-de4b47a7ed71,Pemerintah Provinsi Maluku Utara,CPNS,UMUM,PRANATA LABORATORIUM KESEHATAN AHLI PERTAMA,"Pemerintah Provinsi Maluku Utara | Sekretariat Daerah | Dinas Kesehatan | UPTD Rumah Sakit Jiwa Sofifi | PELAYANAN RAWAT JALAN, REHABILITASI DAN KESEHATAN JIWA MASYARAKAT | LABORATORIUM",1,1,3000000,4000000,1,0,0,0
af2f15e9-92a7-4c71-b948-c142c75e6bb2,Pemerintah Provinsi Maluku Utara,CPNS,UMUM,PRANATA LABORATORIUM KESEHATAN AHLI PERTAMA,Pemerintah Provinsi Maluku Utara | Sekretariat Daerah | Dinas Kesehatan | UPTD Laboratorium Kesehatan Daerah Prov Maluku Utara | SEKSI PENGENDALIAN MUTU,3,1,3000000,4000000,20,0,0,0
8a03849f914ed85101914ee45fd70a6d,Pemerintah Provinsi Nusa Tenggara Barat,CPNS,LULUSAN TERBAIK,PRANATA LABORATORIUM KESEHATAN AHLI PERTAMA,PEMERINTAH PROVINSI NUSA TENGGARA BARAT | DINAS KESEHATAN | UPTD BALAI LABORATORIUM KESEHATAN PENGUJIAN DAN KALIBRASI,1,0,3000000,6000000,1,0,0,0
1ea78812-2e1d-44ab-8fe4-79444c35dcac,Pemerintah Provinsi Nusa Tenggara Barat,CPNS,UMUM,PRANATA LABORATORIUM KESEHATAN AHLI PERTAMA,PEMERINTAH PROVINSI NUSA TENGGARA BARAT | DINAS KESEHATAN | RUMAH SAKIT MATA NUSA TENGGARA BARAT,1,0,3000000,6000000,14,0,0,0
464a37ed-d645-4a8a-8b7f-3247f75941ec,Pemerintah Provinsi Nusa Tenggara Barat,CPNS,UMUM,PRANATA LABORATORIUM KESEHATAN AHLI PERTAMA,PEMERINTAH PROVINSI NUSA TENGGARA BARAT | DINAS KESEHATAN | UPTD BALAI LABORATORIUM KESEHATAN PENGUJIAN DAN KALIBRASI,4,0,3000000,6000000,185,0,0,0
f98d4405-d1f7-4a91-8492-ae141a4d692b,Pemerintah Provinsi Riau,CPNS,UMUM,PRANATA LABORATORIUM KESEHATAN AHLI PERTAMA,PEMERINTAH PROVINSI RIAU | DINAS KESEHATAN | UNIT PELAKSANA TEKNIS | UPT LABORATORIUM KESEHATAN DAN LINGKUNGAN | SEKSI PELAYANAN KLINIS UPT LABORATORIUM KESEHATAN DAN LINGKUNGAN,2,1,11592237,12292237,50,0,0,0
759caf05-90b7-4d4c-8e77-b080012b421d,Pemerintah Provinsi Sulawesi Tengah,CPNS,UMUM,PRANATA LABORATORIUM KESEHATAN AHLI PERTAMA,PEMERINTAH PROVINSI SULAWESI TENGAH | SEKRETARIAT DAERAH | DINAS KESEHATAN PROVINSI | UPT RUMAH SAKIT UMUM DAERAH UNDATA | WAKIL DIREKTUR PELAYANAN | BIDANG PENUNJANG MEDIK,1,1,2785700,5261500,22,0,0,0
59946736-e282-4dde-9dc2-b08562a3f6d0,Pemerintah Provinsi Sulawesi Tenggara,CPNS,UMUM,PRANATA LABORATORIUM KESEHATAN AHLI PERTAMA,Pemerintah Sulawesi Tenggara | Sekretariat Daerah | Rumah Sakit Jiwa | Bidang Pelayanan Medis | Sub. Bidang Medis Umum,10,1,3000000,5000000,148,0,0,0
a2af2e3e-3c67-49ca-bffb-07501d666cdf,Pemerintah Provinsi Sulawesi Tenggara,CPNS,UMUM,PRANATA LABORATORIUM KESEHATAN AHLI PERTAMA,Pemerintah Sulawesi Tenggara | Sekretariat Daerah | Dinas Kesehatan | UPTD Balai Laboratoruim Kesehatan | Seksi Mikrobiologi dan Imunoserologi,1,1,3000000,5000000,3,0,0,0
c8e8ef0f-d992-4c30-b624-09795b77c65c,Pemerintah Provinsi Sulawesi Tenggara,CPNS,UMUM,PRANATA LABORATORIUM KESEHATAN AHLI PERTAMA,Pemerintah Sulawesi Tenggara | Sekretariat Daerah | Dinas Kesehatan | UPTD Balai Laboratoruim Kesehatan | Seksi Kimia dan Patologi,1,1,3000000,5000000,4,0,0,0
d99af542-e332-4eaa-8f34-14984f5de5e9,Pemerintah Provinsi Sulawesi Tenggara,CPNS,UMUM,PRANATA LABORATORIUM KESEHATAN AHLI PERTAMA,"Pemerintah Sulawesi Tenggara | Sekretariat Daerah | Rumah Sakit Jantung, Pembuluh Darah dan Otak Oputa Yi Koo",4,1,3000000,5000000,24,0,0,0
a358e961-db85-457d-99f1-abf3d8897b72,Pemerintah Provinsi Sumatera Barat,CPNS,UMUM,PRANATA LABORATORIUM KESEHATAN AHLI PERTAMA,PEMERINTAH PROVINSI SUMATERA BARAT | RSUD MOHAMMAD NATSIR | WAKIL DIREKTUR PELAYANAN | BIDANG PELAYANAN PENUNJANG MEDIS,2,0,2785700,3085700,23,0,0,0
d75236d1-f0e9-422b-9fba-aecef4b851c7,Pemerintah Provinsi Sumatera Barat,CPNS,UMUM,PRANATA LABORATORIUM KESEHATAN AHLI PERTAMA,PEMERINTAH PROVINSI SUMATERA BARAT | RSUD PARIAMAN | WAKIL DIREKTUR PELAYANAN | KEPALA BIDANG PELAYANAN PENUNJANG MEDIS,2,0,2785700,3085700,36,0,0,0
aac5ef6d-f28f-4bde-b468-d7b9b4a70616,Pemerintah Provinsi Sumatera Selatan,CPNS,UMUM,PRANATA LABORATORIUM KESEHATAN AHLI PERTAMA,PEMERINTAH PROVINSI SUMATERA SELATAN | UPTD RSUD SITI FATIMAH | JABATAN FUNGSIONAL |   - PRANATA LABORATORIUM KESEHATAN,1,0,2250000,5800000,40,0,0,0
6b9bbda1-53b2-442c-a898-43c8e202b3a6,Pemerintah Provinsi Sumatera Utara,CPNS,UMUM,PRANATA LABORATORIUM KESEHATAN AHLI PERTAMA,PEMERINTAH PROVINSI SUMATERA UTARA | DINAS KESEHATAN | UNIT PELAKSANA TEKNIS DAERAH LABORATORIUM KESEHATAN | SEKSI LABORATORIUM KESEHATAN MASYARAKAT.,5,1,2228560,2451416,51,0,0,0
d37b5d82-9d94-480e-a829-d26e7c048a2a,Setjen Dewan Perwakilan Daerah,CPNS,UMUM,PRANATA LABORATORIUM KESEHATAN AHLI PERTAMA,"Sekretariat Jenderal DPD RI | Deputi Bidang Administrasi | Biro Organisasi, Keanggotaan dan Kepegawaian | Klinik Pratama DPD RI",1,1,10106880,12633600,3,0,0,0
